course,course_code,lecturer_name,rating,comment,labels,tokens,bio_tags
Data Science,CSC412,Dr Faith,4,"Replies on the discussion forum within a day, also simplifies difficult concepts well.","[('Availability', 'positive'), ('Clarity of Instruction', 'positive')]","['replies', 'on', 'the', 'discussion', 'forum', 'within', 'a', 'day', ',', 'also', 'simplifies', 'difficult', 'concepts', 'well', '.']","['B-AVAILABILITY', 'I-AVAILABILITY', 'I-AVAILABILITY', 'I-AVAILABILITY', 'I-AVAILABILITY', 'I-AVAILABILITY', 'I-AVAILABILITY', 'I-AVAILABILITY', 'O', 'O', 'B-CLARITY_OF_INSTRUCTION', 'I-CLARITY_OF_INSTRUCTION', 'I-CLARITY_OF_INSTRUCTION', 'I-CLARITY_OF_INSTRUCTION', 'O']"
Special Computing,CSC412,Dr Pomele,2,Hard to follow his explanations.,"[('Clarity of Instruction', 'negative')]","['hard', 'to', 'follow', 'his', 'explanations', '.']","['B-CLARITY_OF_INSTRUCTION', 'I-CLARITY_OF_INSTRUCTION', 'I-CLARITY_OF_INSTRUCTION', 'I-CLARITY_OF_INSTRUCTION', 'I-CLARITY_OF_INSTRUCTION', 'O']"
Special Computing,CSC406,Dr Okafor,3,"Simplifies difficult concepts well, but his grasp of the subject feels shaky.","[('Clarity of Instruction', 'positive'), ('Subject Knowledge', 'negative')]","['simplifies', 'difficult', 'concepts', 'well', ',', 'but', 'his', 'grasp', 'of', 'the', 'subject', 'feels', 'shaky', '.']","['B-CLARITY_OF_INSTRUCTION', 'I-CLARITY_OF_INSTRUCTION', 'I-CLARITY_OF_INSTRUCTION', 'I-CLARITY_OF_INSTRUCTION', 'O', 'O', 'B-SUBJECT_KNOWLEDGE', 'I-SUBJECT_KNOWLEDGE', 'I-SUBJECT_KNOWLEDGE', 'I-SUBJECT_KNOWLEDGE', 'I-SUBJECT_KNOWLEDGE', 'I-SUBJECT_KNOWLEDGE', 'I-SUBJECT_KNOWLEDGE', 'O']"
Special Computing,CSC408,Dr Pomele,4,Grading feels transparent and well-justified.,"[('Assessment', 'positive')]","['grading', 'feels', 'transparent', 'and', 'well-justified', '.']","['B-ASSESSMENT', 'I-ASSESSMENT', 'I-ASSESSMENT', 'I-ASSESSMENT', 'I-ASSESSMENT', 'O']"
Special Computing,CSC101,Dr Adeyemi,1,I couldn't get a response before the deadline.,"[('Availability', 'negative')]","['i', 'could', ""n't"", 'get', 'a', 'response', 'before', 'the', 'deadline', '.']","['B-AVAILABILITY', 'I-AVAILABILITY', 'I-AVAILABILITY', 'I-AVAILABILITY', 'I-AVAILABILITY', 'I-AVAILABILITY', 'I-AVAILABILITY', 'I-AVAILABILITY', 'I-AVAILABILITY', 'O']"
Cloud Computing,CSC406,Dr Pomele,2,"Hard to schedule any one-on-one time, also comments on assignments are unhelpful or missing, although the way he breaks down ideas makes sense.","[('Availability', 'negative'), ('Assessment', 'negative'), ('Clarity of Instruction', 'positive')]","['hard', 'to', 'schedule', 'any', 'one-on-one', 'time', ',', 'also', 'comments', 'on', 'assignments', 'are', 'unhelpful', 'or', 'missing', ',', 'although', 'the', 'way', 'he', 'breaks', 'down', 'ideas', 'makes', 'sense', '.']","['B-AVAILABILITY', 'I-AVAILABILITY', 'I-AVAILABILITY', 'I-AVAILABILITY', 'I-AVAILABILITY', 'I-AVAILABILITY', 'O', 'O', 'B-ASSESSMENT', 'I-ASSESSMENT', 'I-ASSESSMENT', 'I-ASSESSMENT', 'I-ASSESSMENT', 'I-ASSESSMENT', 'I-ASSESSMENT', 'O', 'O', 'B-CLARITY_OF_INSTRUCTION', 'I-CLARITY_OF_INSTRUCTION', 'I-CLARITY_OF_INSTRUCTION', 'I-CLARITY_OF_INSTRUCTION', 'I-CLARITY_OF_INSTRUCTION', 'I-CLARITY_OF_INSTRUCTION', 'I-CLARITY_OF_INSTRUCTION', 'I-CLARITY_OF_INSTRUCTION', 'O']"
Special Computing,CSC412,Dr Faith,2,Hard to stay interested in this class.,"[('Engagement', 'negative')]","['hard', 'to', 'stay', 'interested', 'in', 'this', 'class', '.']","['B-ENGAGEMENT', 'I-ENGAGEMENT', 'I-ENGAGEMENT', 'I-ENGAGEMENT', 'I-ENGAGEMENT', 'I-ENGAGEMENT', 'I-ENGAGEMENT', 'O']"
Machine Learning,CSC406,Dr Okafor,1,Feels like a one-way monologue every time.,"[('Engagement', 'negative')]","['feels', 'like', 'a', 'one-way', 'monologue', 'every', 'time', '.']","['B-ENGAGEMENT', 'I-ENGAGEMENT', 'I-ENGAGEMENT', 'I-ENGAGEMENT', 'I-ENGAGEMENT', 'I-ENGAGEMENT', 'I-ENGAGEMENT', 'O']"
Introduction to Computing,CSC101,Dr Okafor,5,"Keeps everyone engaged the whole session, also you can tell he's mastered this field.","[('Engagement', 'positive'), ('Subject Knowledge', 'positive')]","['keeps', 'everyone', 'engaged', 'the', 'whole', 'session', ',', 'also', 'you', 'can', 'tell', 'he', ""'s"", 'mastered', 'this', 'field', '.']","['B-ENGAGEMENT', 'I-ENGAGEMENT', 'I-ENGAGEMENT', 'I-ENGAGEMENT', 'I-ENGAGEMENT', 'I-ENGAGEMENT', 'O', 'O', 'B-SUBJECT_KNOWLEDGE', 'I-SUBJECT_KNOWLEDGE', 'I-SUBJECT_KNOWLEDGE', 'I-SUBJECT_KNOWLEDGE', 'I-SUBJECT_KNOWLEDGE', 'I-SUBJECT_KNOWLEDGE', 'I-SUBJECT_KNOWLEDGE', 'I-SUBJECT_KNOWLEDGE', 'O']"
Introduction to Computing,CSC101,Dr Pomele,4,"Turns dry topics into lively discussions, and you can tell he's mastered this field, although never holds actual office hours.","[('Engagement', 'positive'), ('Subject Knowledge', 'positive'), ('Availability', 'negative')]","['turns', 'dry', 'topics', 'into', 'lively', 'discussions', ',', 'and', 'you', 'can', 'tell', 'he', ""'s"", 'mastered', 'this', 'field', ',', 'although', 'never', 'holds', 'actual', 'office', 'hours', '.']","['B-ENGAGEMENT', 'I-ENGAGEMENT', 'I-ENGAGEMENT', 'I-ENGAGEMENT', 'I-ENGAGEMENT', 'I-ENGAGEMENT', 'O', 'O', 'B-SUBJECT_KNOWLEDGE', 'I-SUBJECT_KNOWLEDGE', 'I-SUBJECT_KNOWLEDGE', 'I-SUBJECT_KNOWLEDGE', 'I-SUBJECT_KNOWLEDGE', 'I-SUBJECT_KNOWLEDGE', 'I-SUBJECT_KNOWLEDGE', 'I-SUBJECT_KNOWLEDGE', 'O', 'O', 'B-AVAILABILITY', 'I-AVAILABILITY', 'I-AVAILABILITY', 'I-AVAILABILITY', 'I-AVAILABILITY', 'O']"
Cloud Computing,CSC406,Dr Faith,2,"Feels like a one-way monologue every time, and can't connect concepts to real applications.","[('Engagement', 'negative'), ('Subject Knowledge', 'negative')]","['feels', 'like', 'a', 'one-way', 'monologue', 'every', 'time', ',', 'and', 'ca', ""n't"", 'connect', 'concepts', 'to', 'real', 'applications', '.']","['B-ENGAGEMENT', 'I-ENGAGEMENT', 'I-ENGAGEMENT', 'I-ENGAGEMENT', 'I-ENGAGEMENT', 'I-ENGAGEMENT', 'I-ENGAGEMENT', 'O', 'O', 'B-SUBJECT_KNOWLEDGE', 'I-SUBJECT_KNOWLEDGE', 'I-SUBJECT_KNOWLEDGE', 'I-SUBJECT_KNOWLEDGE', 'I-SUBJECT_KNOWLEDGE', 'I-SUBJECT_KNOWLEDGE', 'I-SUBJECT_KNOWLEDGE', 'O']"
Data Science,CSC101,Dr Martins,2,"grades inconsistently between students, also is nearly impossible to reach outside class.","[('Assessment', 'negative'), ('Availability', 'negative')]","['grades', 'inconsistently', 'between', 'students', ',', 'also', 'is', 'nearly', 'impossible', 'to', 'reach', 'outside', 'class', '.']","['B-ASSESSMENT', 'I-ASSESSMENT', 'I-ASSESSMENT', 'I-ASSESSMENT', 'O', 'O', 'B-AVAILABILITY', 'I-AVAILABILITY', 'I-AVAILABILITY', 'I-AVAILABILITY', 'I-AVAILABILITY', 'I-AVAILABILITY', 'I-AVAILABILITY', 'O']"
Special Computing,CSC406,Dr Faith,5,Backs up explanations with real-world examples from experience.,"[('Subject Knowledge', 'positive')]","['backs', 'up', 'explanations', 'with', 'real-world', 'examples', 'from', 'experience', '.']","['B-SUBJECT_KNOWLEDGE', 'I-SUBJECT_KNOWLEDGE', 'I-SUBJECT_KNOWLEDGE', 'I-SUBJECT_KNOWLEDGE', 'I-SUBJECT_KNOWLEDGE', 'I-SUBJECT_KNOWLEDGE', 'I-SUBJECT_KNOWLEDGE', 'I-SUBJECT_KNOWLEDGE', 'O']"
Cloud Computing,CSC101,Dr Pomele,3,"His energy makes the lecture fly by, but struggles to answer basic questions.","[('Engagement', 'positive'), ('Subject Knowledge', 'negative')]","['his', 'energy', 'makes', 'the', 'lecture', 'fly', 'by', ',', 'but', 'struggles', 'to', 'answer', 'basic', 'questions', '.']","['B-ENGAGEMENT', 'I-ENGAGEMENT', 'I-ENGAGEMENT', 'I-ENGAGEMENT', 'I-ENGAGEMENT', 'I-ENGAGEMENT', 'I-ENGAGEMENT', 'O', 'O', 'B-SUBJECT_KNOWLEDGE', 'I-SUBJECT_KNOWLEDGE', 'I-SUBJECT_KNOWLEDGE', 'I-SUBJECT_KNOWLEDGE', 'I-SUBJECT_KNOWLEDGE', 'O']"
Cloud Computing,CSC408,Dr Martins,3,"Rushes through explanations, and grading seems arbitrary from one submission to the next.","[('Clarity of Instruction', 'negative'), ('Assessment', 'negative')]","['rushes', 'through', 'explanations', ',', 'and', 'grading', 'seems', 'arbitrary', 'from', 'one', 'submission', 'to', 'the', 'next', '.']","['B-CLARITY_OF_INSTRUCTION', 'I-CLARITY_OF_INSTRUCTION', 'I-CLARITY_OF_INSTRUCTION', 'O', 'O', 'B-ASSESSMENT', 'I-ASSESSMENT', 'I-ASSESSMENT', 'I-ASSESSMENT', 'I-ASSESSMENT', 'I-ASSESSMENT', 'I-ASSESSMENT', 'I-ASSESSMENT', 'I-ASSESSMENT', 'O']"
Data Science,CSC412,Dr Pomele,3,"Rarely interacts with students during lectures, although the way he breaks down ideas makes sense.","[('Engagement', 'negative'), ('Clarity of Instruction', 'positive')]","['rarely', 'interacts', 'with', 'students', 'during', 'lectures', ',', 'although', 'the', 'way', 'he', 'breaks', 'down', 'ideas', 'makes', 'sense', '.']","['B-ENGAGEMENT', 'I-ENGAGEMENT', 'I-ENGAGEMENT', 'I-ENGAGEMENT', 'I-ENGAGEMENT', 'I-ENGAGEMENT', 'O', 'O', 'B-CLARITY_OF_INSTRUCTION', 'I-CLARITY_OF_INSTRUCTION', 'I-CLARITY_OF_INSTRUCTION', 'I-CLARITY_OF_INSTRUCTION', 'I-CLARITY_OF_INSTRUCTION', 'I-CLARITY_OF_INSTRUCTION', 'I-CLARITY_OF_INSTRUCTION', 'I-CLARITY_OF_INSTRUCTION', 'O']"
Data Science,CSC410,Dr Martins,5,"Replies on the discussion forum within a day, also never seems caught off guard by a question.","[('Availability', 'positive'), ('Subject Knowledge', 'positive')]","['replies', 'on', 'the', 'discussion', 'forum', 'within', 'a', 'day', ',', 'also', 'never', 'seems', 'caught', 'off', 'guard', 'by', 'a', 'question', '.']","['B-AVAILABILITY', 'I-AVAILABILITY', 'I-AVAILABILITY', 'I-AVAILABILITY', 'I-AVAILABILITY', 'I-AVAILABILITY', 'I-AVAILABILITY', 'I-AVAILABILITY', 'O', 'O', 'B-SUBJECT_KNOWLEDGE', 'I-SUBJECT_KNOWLEDGE', 'I-SUBJECT_KNOWLEDGE', 'I-SUBJECT_KNOWLEDGE', 'I-SUBJECT_KNOWLEDGE', 'I-SUBJECT_KNOWLEDGE', 'I-SUBJECT_KNOWLEDGE', 'I-SUBJECT_KNOWLEDGE', 'O']"
Data Science,CSC406,Dr Martins,3,"Rubrics are clear before submitting work, however seems to be reading straight from slides.","[('Assessment', 'positive'), ('Subject Knowledge', 'negative')]","['rubrics', 'are', 'clear', 'before', 'submitting', 'work', ',', 'however', 'seems', 'to', 'be', 'reading', 'straight', 'from', 'slides', '.']","['B-ASSESSMENT', 'I-ASSESSMENT', 'I-ASSESSMENT', 'I-ASSESSMENT', 'I-ASSESSMENT', 'I-ASSESSMENT', 'O', 'O', 'B-SUBJECT_KNOWLEDGE', 'I-SUBJECT_KNOWLEDGE', 'I-SUBJECT_KNOWLEDGE', 'I-SUBJECT_KNOWLEDGE', 'I-SUBJECT_KNOWLEDGE', 'I-SUBJECT_KNOWLEDGE', 'I-SUBJECT_KNOWLEDGE', 'O']"
Introduction to Computing,CSC406,Dr Pomele,2,"Skips important details when explaining, also his grasp of the subject feels shaky, but always available during office hours.","[('Clarity of Instruction', 'negative'), ('Subject Knowledge', 'negative'), ('Availability', 'positive')]","['skips', 'important', 'details', 'when', 'explaining', ',', 'also', 'his', 'grasp', 'of', 'the', 'subject', 'feels', 'shaky', ',', 'but', 'always', 'available', 'during', 'office', 'hours', '.']","['B-CLARITY_OF_INSTRUCTION', 'I-CLARITY_OF_INSTRUCTION', 'I-CLARITY_OF_INSTRUCTION', 'I-CLARITY_OF_INSTRUCTION', 'I-CLARITY_OF_INSTRUCTION', 'O', 'O', 'B-SUBJECT_KNOWLEDGE', 'I-SUBJECT_KNOWLEDGE', 'I-SUBJECT_KNOWLEDGE', 'I-SUBJECT_KNOWLEDGE', 'I-SUBJECT_KNOWLEDGE', 'I-SUBJECT_KNOWLEDGE', 'I-SUBJECT_KNOWLEDGE', 'O', 'O', 'B-AVAILABILITY', 'I-AVAILABILITY', 'I-AVAILABILITY', 'I-AVAILABILITY', 'I-AVAILABILITY', 'O']"
Machine Learning,CSC408,Dr Adeyemi,4,"Keeps everyone engaged the whole session, and responds to emails quickly.","[('Engagement', 'positive'), ('Availability', 'positive')]","['keeps', 'everyone', 'engaged', 'the', 'whole', 'session', ',', 'and', 'responds', 'to', 'emails', 'quickly', '.']","['B-ENGAGEMENT', 'I-ENGAGEMENT', 'I-ENGAGEMENT', 'I-ENGAGEMENT', 'I-ENGAGEMENT', 'I-ENGAGEMENT', 'O', 'O', 'B-AVAILABILITY', 'I-AVAILABILITY', 'I-AVAILABILITY', 'I-AVAILABILITY', 'O']"
Data Science,CSC406,Dr Okafor,2,Comments on assignments are unhelpful or missing.,"[('Assessment', 'negative')]","['comments', 'on', 'assignments', 'are', 'unhelpful', 'or', 'missing', '.']","['B-ASSESSMENT', 'I-ASSESSMENT', 'I-ASSESSMENT', 'I-ASSESSMENT', 'I-ASSESSMENT', 'I-ASSESSMENT', 'I-ASSESSMENT', 'O']"
Machine Learning,CSC408,Dr Martins,2,Ignores questions posted on the course forum.,"[('Availability', 'negative')]","['ignores', 'questions', 'posted', 'on', 'the', 'course', 'forum', '.']","['B-AVAILABILITY', 'I-AVAILABILITY', 'I-AVAILABILITY', 'I-AVAILABILITY', 'I-AVAILABILITY', 'I-AVAILABILITY', 'I-AVAILABILITY', 'O']"
Machine Learning,CSC412,Dr Martins,1,is nearly impossible to reach outside class.,"[('Availability', 'negative')]","['is', 'nearly', 'impossible', 'to', 'reach', 'outside', 'class', '.']","['B-AVAILABILITY', 'I-AVAILABILITY', 'I-AVAILABILITY', 'I-AVAILABILITY', 'I-AVAILABILITY', 'I-AVAILABILITY', 'I-AVAILABILITY', 'O']"
Data Science,CSC408,Dr Martins,2,Help is hard to get outside class.,"[('Availability', 'negative')]","['help', 'is', 'hard', 'to', 'get', 'outside', 'class', '.']","['B-AVAILABILITY', 'I-AVAILABILITY', 'I-AVAILABILITY', 'I-AVAILABILITY', 'I-AVAILABILITY', 'I-AVAILABILITY', 'I-AVAILABILITY', 'O']"
Introduction to Computing,CSC406,Dr Okafor,4,"Makes time for students who are struggling, although gives vague answers when pushed for detail, although explains clearly.","[('Availability', 'positive'), ('Subject Knowledge', 'negative'), ('Clarity of Instruction', 'positive')]","['makes', 'time', 'for', 'students', 'who', 'are', 'struggling', ',', 'although', 'gives', 'vague', 'answers', 'when', 'pushed', 'for', 'detail', ',', 'although', 'explains', 'clearly', '.']","['B-AVAILABILITY', 'I-AVAILABILITY', 'I-AVAILABILITY', 'I-AVAILABILITY', 'I-AVAILABILITY', 'I-AVAILABILITY', 'I-AVAILABILITY', 'O', 'O', 'B-SUBJECT_KNOWLEDGE', 'I-SUBJECT_KNOWLEDGE', 'I-SUBJECT_KNOWLEDGE', 'I-SUBJECT_KNOWLEDGE', 'I-SUBJECT_KNOWLEDGE', 'I-SUBJECT_KNOWLEDGE', 'I-SUBJECT_KNOWLEDGE', 'O', 'O', 'B-CLARITY_OF_INSTRUCTION', 'I-CLARITY_OF_INSTRUCTION', 'O']"
Data Science,CSC412,Dr Martins,3,"Encourages students to participate often, however gives vague answers when pushed for detail.","[('Engagement', 'positive'), ('Subject Knowledge', 'negative')]","['encourages', 'students', 'to', 'participate', 'often', ',', 'however', 'gives', 'vague', 'answers', 'when', 'pushed', 'for', 'detail', '.']","['B-ENGAGEMENT', 'I-ENGAGEMENT', 'I-ENGAGEMENT', 'I-ENGAGEMENT', 'I-ENGAGEMENT', 'O', 'O', 'B-SUBJECT_KNOWLEDGE', 'I-SUBJECT_KNOWLEDGE', 'I-SUBJECT_KNOWLEDGE', 'I-SUBJECT_KNOWLEDGE', 'I-SUBJECT_KNOWLEDGE', 'I-SUBJECT_KNOWLEDGE', 'I-SUBJECT_KNOWLEDGE', 'O']"
Machine Learning,CSC410,Dr Faith,2,Struggles to answer basic questions.,"[('Subject Knowledge', 'negative')]","['struggles', 'to', 'answer', 'basic', 'questions', '.']","['B-SUBJECT_KNOWLEDGE', 'I-SUBJECT_KNOWLEDGE', 'I-SUBJECT_KNOWLEDGE', 'I-SUBJECT_KNOWLEDGE', 'I-SUBJECT_KNOWLEDGE', 'O']"
Data Science,CSC410,Dr Faith,4,"Feedback actually helps me improve next time, and clearly knows the material inside and out.","[('Assessment', 'positive'), ('Subject Knowledge', 'positive')]","['feedback', 'actually', 'helps', 'me', 'improve', 'next', 'time', ',', 'and', 'clearly', 'knows', 'the', 'material', 'inside', 'and', 'out', '.']","['B-ASSESSMENT', 'I-ASSESSMENT', 'I-ASSESSMENT', 'I-ASSESSMENT', 'I-ASSESSMENT', 'I-ASSESSMENT', 'I-ASSESSMENT', 'O', 'O', 'B-SUBJECT_KNOWLEDGE', 'I-SUBJECT_KNOWLEDGE', 'I-SUBJECT_KNOWLEDGE', 'I-SUBJECT_KNOWLEDGE', 'I-SUBJECT_KNOWLEDGE', 'I-SUBJECT_KNOWLEDGE', 'I-SUBJECT_KNOWLEDGE', 'O']"
Special Computing,CSC410,Dr Faith,4,"Hard to schedule any one-on-one time, however encourages students to participate often, also rubrics are clear before submitting work.","[('Availability', 'negative'), ('Engagement', 'positive'), ('Assessment', 'positive')]","['hard', 'to', 'schedule', 'any', 'one-on-one', 'time', ',', 'however', 'encourages', 'students', 'to', 'participate', 'often', ',', 'also', 'rubrics', 'are', 'clear', 'before', 'submitting', 'work', '.']","['B-AVAILABILITY', 'I-AVAILABILITY', 'I-AVAILABILITY', 'I-AVAILABILITY', 'I-AVAILABILITY', 'I-AVAILABILITY', 'O', 'O', 'B-ENGAGEMENT', 'I-ENGAGEMENT', 'I-ENGAGEMENT', 'I-ENGAGEMENT', 'I-ENGAGEMENT', 'O', 'O', 'B-ASSESSMENT', 'I-ASSESSMENT', 'I-ASSESSMENT', 'I-ASSESSMENT', 'I-ASSESSMENT', 'I-ASSESSMENT', 'O']"
Special Computing,CSC101,Dr Faith,2,"No rubric is given before assignments are due, also makes topics difficult to understand.","[('Assessment', 'negative'), ('Clarity of Instruction', 'negative')]","['no', 'rubric', 'is', 'given', 'before', 'assignments', 'are', 'due', ',', 'also', 'makes', 'topics', 'difficult', 'to', 'understand', '.']","['B-ASSESSMENT', 'I-ASSESSMENT', 'I-ASSESSMENT', 'I-ASSESSMENT', 'I-ASSESSMENT', 'I-ASSESSMENT', 'I-ASSESSMENT', 'I-ASSESSMENT', 'O', 'O', 'B-CLARITY_OF_INSTRUCTION', 'I-CLARITY_OF_INSTRUCTION', 'I-CLARITY_OF_INSTRUCTION', 'I-CLARITY_OF_INSTRUCTION', 'I-CLARITY_OF_INSTRUCTION', 'O']"
Data Science,CSC408,Dr Okafor,1,the class feels boring and flat.,"[('Engagement', 'negative')]","['the', 'class', 'feels', 'boring', 'and', 'flat', '.']","['B-ENGAGEMENT', 'I-ENGAGEMENT', 'I-ENGAGEMENT', 'I-ENGAGEMENT', 'I-ENGAGEMENT', 'I-ENGAGEMENT', 'O']"
Special Computing,CSC408,Dr Adeyemi,5,Happy to answer questions after class.,"[('Availability', 'positive')]","['happy', 'to', 'answer', 'questions', 'after', 'class', '.']","['B-AVAILABILITY', 'I-AVAILABILITY', 'I-AVAILABILITY', 'I-AVAILABILITY', 'I-AVAILABILITY', 'I-AVAILABILITY', 'O']"
Special Computing,CSC101,Dr Adeyemi,1,"Rarely interacts with students during lectures, and never holds actual office hours, however exams match what was actually taught.","[('Engagement', 'negative'), ('Availability', 'negative'), ('Assessment', 'positive')]","['rarely', 'interacts', 'with', 'students', 'during', 'lectures', ',', 'and', 'never', 'holds', 'actual', 'office', 'hours', ',', 'however', 'exams', 'match', 'what', 'was', 'actually', 'taught', '.']","['B-ENGAGEMENT', 'I-ENGAGEMENT', 'I-ENGAGEMENT', 'I-ENGAGEMENT', 'I-ENGAGEMENT', 'I-ENGAGEMENT', 'O', 'O', 'B-AVAILABILITY', 'I-AVAILABILITY', 'I-AVAILABILITY', 'I-AVAILABILITY', 'I-AVAILABILITY', 'O', 'O', 'B-ASSESSMENT', 'I-ASSESSMENT', 'I-ASSESSMENT', 'I-ASSESSMENT', 'I-ASSESSMENT', 'I-ASSESSMENT', 'O']"
Special Computing,CSC412,Dr Faith,4,"No rubric is given before assignments are due, however makes the class genuinely interesting.","[('Assessment', 'negative'), ('Engagement', 'positive')]","['no', 'rubric', 'is', 'given', 'before', 'assignments', 'are', 'due', ',', 'however', 'makes', 'the', 'class', 'genuinely', 'interesting', '.']","['B-ASSESSMENT', 'I-ASSESSMENT', 'I-ASSESSMENT', 'I-ASSESSMENT', 'I-ASSESSMENT', 'I-ASSESSMENT', 'I-ASSESSMENT', 'I-ASSESSMENT', 'O', 'O', 'B-ENGAGEMENT', 'I-ENGAGEMENT', 'I-ENGAGEMENT', 'I-ENGAGEMENT', 'I-ENGAGEMENT', 'O']"
Special Computing,CSC406,Dr Adeyemi,1,Help is hard to get outside class.,"[('Availability', 'negative')]","['help', 'is', 'hard', 'to', 'get', 'outside', 'class', '.']","['B-AVAILABILITY', 'I-AVAILABILITY', 'I-AVAILABILITY', 'I-AVAILABILITY', 'I-AVAILABILITY', 'I-AVAILABILITY', 'I-AVAILABILITY', 'O']"
Machine Learning,CSC408,Dr Faith,5,Gives detailed feedback on assignments.,"[('Assessment', 'positive')]","['gives', 'detailed', 'feedback', 'on', 'assignments', '.']","['B-ASSESSMENT', 'I-ASSESSMENT', 'I-ASSESSMENT', 'I-ASSESSMENT', 'I-ASSESSMENT', 'O']"
Cloud Computing,CSC412,Dr Martins,5,I've never had trouble reaching him for help.,"[('Availability', 'positive')]","['i', ""'ve"", 'never', 'had', 'trouble', 'reaching', 'him', 'for', 'help', '.']","['B-AVAILABILITY', 'I-AVAILABILITY', 'I-AVAILABILITY', 'I-AVAILABILITY', 'I-AVAILABILITY', 'I-AVAILABILITY', 'I-AVAILABILITY', 'I-AVAILABILITY', 'I-AVAILABILITY', 'O']"
Special Computing,CSC410,Dr Faith,4,"Replies on the discussion forum within a day, although people are on their phones the whole time, but returns graded work quickly.","[('Availability', 'positive'), ('Engagement', 'negative'), ('Assessment', 'positive')]","['replies', 'on', 'the', 'discussion', 'forum', 'within', 'a', 'day', ',', 'although', 'people', 'are', 'on', 'their', 'phones', 'the', 'whole', 'time', ',', 'but', 'returns', 'graded', 'work', 'quickly', '.']","['B-AVAILABILITY', 'I-AVAILABILITY', 'I-AVAILABILITY', 'I-AVAILABILITY', 'I-AVAILABILITY', 'I-AVAILABILITY', 'I-AVAILABILITY', 'I-AVAILABILITY', 'O', 'O', 'B-ENGAGEMENT', 'I-ENGAGEMENT', 'I-ENGAGEMENT', 'I-ENGAGEMENT', 'I-ENGAGEMENT', 'I-ENGAGEMENT', 'I-ENGAGEMENT', 'I-ENGAGEMENT', 'O', 'O', 'B-ASSESSMENT', 'I-ASSESSMENT', 'I-ASSESSMENT', 'I-ASSESSMENT', 'O']"
Cloud Computing,CSC101,Dr Pomele,3,"Makes time for students who are struggling, although complicates simple topics.","[('Availability', 'positive'), ('Clarity of Instruction', 'negative')]","['makes', 'time', 'for', 'students', 'who', 'are', 'struggling', ',', 'although', 'complicates', 'simple', 'topics', '.']","['B-AVAILABILITY', 'I-AVAILABILITY', 'I-AVAILABILITY', 'I-AVAILABILITY', 'I-AVAILABILITY', 'I-AVAILABILITY', 'I-AVAILABILITY', 'O', 'O', 'B-CLARITY_OF_INSTRUCTION', 'I-CLARITY_OF_INSTRUCTION', 'I-CLARITY_OF_INSTRUCTION', 'O']"
Data Science,CSC412,Dr Faith,1,"Hard to schedule any one-on-one time, and rarely interacts with students during lectures, but every explanation is easy to follow.","[('Availability', 'negative'), ('Engagement', 'negative'), ('Clarity of Instruction', 'positive')]","['hard', 'to', 'schedule', 'any', 'one-on-one', 'time', ',', 'and', 'rarely', 'interacts', 'with', 'students', 'during', 'lectures', ',', 'but', 'every', 'explanation', 'is', 'easy', 'to', 'follow', '.']","['B-AVAILABILITY', 'I-AVAILABILITY', 'I-AVAILABILITY', 'I-AVAILABILITY', 'I-AVAILABILITY', 'I-AVAILABILITY', 'O', 'O', 'B-ENGAGEMENT', 'I-ENGAGEMENT', 'I-ENGAGEMENT', 'I-ENGAGEMENT', 'I-ENGAGEMENT', 'I-ENGAGEMENT', 'O', 'O', 'B-CLARITY_OF_INSTRUCTION', 'I-CLARITY_OF_INSTRUCTION', 'I-CLARITY_OF_INSTRUCTION', 'I-CLARITY_OF_INSTRUCTION', 'I-CLARITY_OF_INSTRUCTION', 'I-CLARITY_OF_INSTRUCTION', 'O']"
Machine Learning,CSC408,Dr Martins,3,"I struggle to follow most explanations, however feedback actually helps me improve next time.","[('Clarity of Instruction', 'negative'), ('Assessment', 'positive')]","['i', 'struggle', 'to', 'follow', 'most', 'explanations', ',', 'however', 'feedback', 'actually', 'helps', 'me', 'improve', 'next', 'time', '.']","['B-CLARITY_OF_INSTRUCTION', 'I-CLARITY_OF_INSTRUCTION', 'I-CLARITY_OF_INSTRUCTION', 'I-CLARITY_OF_INSTRUCTION', 'I-CLARITY_OF_INSTRUCTION', 'I-CLARITY_OF_INSTRUCTION', 'O', 'O', 'B-ASSESSMENT', 'I-ASSESSMENT', 'I-ASSESSMENT', 'I-ASSESSMENT', 'I-ASSESSMENT', 'I-ASSESSMENT', 'I-ASSESSMENT', 'O']"
Cloud Computing,CSC408,Dr Martins,2,"Help with grading disputes is hard to get, also i struggle to follow most explanations, however i actually look forward to this class.","[('Assessment', 'negative'), ('Clarity of Instruction', 'negative'), ('Engagement', 'positive')]","['help', 'with', 'grading', 'disputes', 'is', 'hard', 'to', 'get', ',', 'also', 'i', 'struggle', 'to', 'follow', 'most', 'explanations', ',', 'however', 'i', 'actually', 'look', 'forward', 'to', 'this', 'class', '.']","['B-ASSESSMENT', 'I-ASSESSMENT', 'I-ASSESSMENT', 'I-ASSESSMENT', 'I-ASSESSMENT', 'I-ASSESSMENT', 'I-ASSESSMENT', 'I-ASSESSMENT', 'O', 'O', 'B-CLARITY_OF_INSTRUCTION', 'I-CLARITY_OF_INSTRUCTION', 'I-CLARITY_OF_INSTRUCTION', 'I-CLARITY_OF_INSTRUCTION', 'I-CLARITY_OF_INSTRUCTION', 'I-CLARITY_OF_INSTRUCTION', 'O', 'O', 'B-ENGAGEMENT', 'I-ENGAGEMENT', 'I-ENGAGEMENT', 'I-ENGAGEMENT', 'I-ENGAGEMENT', 'I-ENGAGEMENT', 'I-ENGAGEMENT', 'O']"
Special Computing,CSC410,Dr Pomele,4,the class feels boring and flat.,"[('Engagement', 'negative')]","['the', 'class', 'feels', 'boring', 'and', 'flat', '.']","['B-ENGAGEMENT', 'I-ENGAGEMENT', 'I-ENGAGEMENT', 'I-ENGAGEMENT', 'I-ENGAGEMENT', 'I-ENGAGEMENT', 'O']"
Data Science,CSC406,Dr Pomele,1,"Feels like a one-way monologue every time, and struggles to answer basic questions, but feedback actually helps me improve next time.","[('Engagement', 'negative'), ('Subject Knowledge', 'negative'), ('Assessment', 'positive')]","['feels', 'like', 'a', 'one-way', 'monologue', 'every', 'time', ',', 'and', 'struggles', 'to', 'answer', 'basic', 'questions', ',', 'but', 'feedback', 'actually', 'helps', 'me', 'improve', 'next', 'time', '.']","['B-ENGAGEMENT', 'I-ENGAGEMENT', 'I-ENGAGEMENT', 'I-ENGAGEMENT', 'I-ENGAGEMENT', 'I-ENGAGEMENT', 'I-ENGAGEMENT', 'O', 'O', 'B-SUBJECT_KNOWLEDGE', 'I-SUBJECT_KNOWLEDGE', 'I-SUBJECT_KNOWLEDGE', 'I-SUBJECT_KNOWLEDGE', 'I-SUBJECT_KNOWLEDGE', 'O', 'O', 'B-ASSESSMENT', 'I-ASSESSMENT', 'I-ASSESSMENT', 'I-ASSESSMENT', 'I-ASSESSMENT', 'I-ASSESSMENT', 'I-ASSESSMENT', 'O']"
Data Science,CSC408,Dr Pomele,4,"Seems to be reading straight from slides, although the way he breaks down ideas makes sense, and keeps everyone engaged the whole session.","[('Subject Knowledge', 'negative'), ('Clarity of Instruction', 'positive'), ('Engagement', 'positive')]","['seems', 'to', 'be', 'reading', 'straight', 'from', 'slides', ',', 'although', 'the', 'way', 'he', 'breaks', 'down', 'ideas', 'makes', 'sense', ',', 'and', 'keeps', 'everyone', 'engaged', 'the', 'whole', 'session', '.']","['B-SUBJECT_KNOWLEDGE', 'I-SUBJECT_KNOWLEDGE', 'I-SUBJECT_KNOWLEDGE', 'I-SUBJECT_KNOWLEDGE', 'I-SUBJECT_KNOWLEDGE', 'I-SUBJECT_KNOWLEDGE', 'I-SUBJECT_KNOWLEDGE', 'O', 'O', 'B-CLARITY_OF_INSTRUCTION', 'I-CLARITY_OF_INSTRUCTION', 'I-CLARITY_OF_INSTRUCTION', 'I-CLARITY_OF_INSTRUCTION', 'I-CLARITY_OF_INSTRUCTION', 'I-CLARITY_OF_INSTRUCTION', 'I-CLARITY_OF_INSTRUCTION', 'I-CLARITY_OF_INSTRUCTION', 'O', 'O', 'B-ENGAGEMENT', 'I-ENGAGEMENT', 'I-ENGAGEMENT', 'I-ENGAGEMENT', 'I-ENGAGEMENT', 'I-ENGAGEMENT', 'O']"
Machine Learning,CSC101,Dr Martins,3,"I trust his understanding of even advanced topics, although the lecture drags on with no variation.","[('Subject Knowledge', 'positive'), ('Engagement', 'negative')]","['i', 'trust', 'his', 'understanding', 'of', 'even', 'advanced', 'topics', ',', 'although', 'the', 'lecture', 'drags', 'on', 'with', 'no', 'variation', '.']","['B-SUBJECT_KNOWLEDGE', 'I-SUBJECT_KNOWLEDGE', 'I-SUBJECT_KNOWLEDGE', 'I-SUBJECT_KNOWLEDGE', 'I-SUBJECT_KNOWLEDGE', 'I-SUBJECT_KNOWLEDGE', 'I-SUBJECT_KNOWLEDGE', 'I-SUBJECT_KNOWLEDGE', 'O', 'O', 'B-ENGAGEMENT', 'I-ENGAGEMENT', 'I-ENGAGEMENT', 'I-ENGAGEMENT', 'I-ENGAGEMENT', 'I-ENGAGEMENT', 'I-ENGAGEMENT', 'O']"
Cloud Computing,CSC412,Dr Pomele,5,Keeps everyone engaged the whole session.,"[('Engagement', 'positive')]","['keeps', 'everyone', 'engaged', 'the', 'whole', 'session', '.']","['B-ENGAGEMENT', 'I-ENGAGEMENT', 'I-ENGAGEMENT', 'I-ENGAGEMENT', 'I-ENGAGEMENT', 'I-ENGAGEMENT', 'O']"
Data Science,CSC412,Dr Martins,5,"Breaks complex structures into understandable ones, but never holds actual office hours, although i trust his understanding of even advanced topics.","[('Clarity of Instruction', 'positive'), ('Availability', 'negative'), ('Subject Knowledge', 'positive')]","['breaks', 'complex', 'structures', 'into', 'understandable', 'ones', ',', 'but', 'never', 'holds', 'actual', 'office', 'hours', ',', 'although', 'i', 'trust', 'his', 'understanding', 'of', 'even', 'advanced', 'topics', '.']","['B-CLARITY_OF_INSTRUCTION', 'I-CLARITY_OF_INSTRUCTION', 'I-CLARITY_OF_INSTRUCTION', 'I-CLARITY_OF_INSTRUCTION', 'I-CLARITY_OF_INSTRUCTION', 'I-CLARITY_OF_INSTRUCTION', 'O', 'O', 'B-AVAILABILITY', 'I-AVAILABILITY', 'I-AVAILABILITY', 'I-AVAILABILITY', 'I-AVAILABILITY', 'O', 'O', 'B-SUBJECT_KNOWLEDGE', 'I-SUBJECT_KNOWLEDGE', 'I-SUBJECT_KNOWLEDGE', 'I-SUBJECT_KNOWLEDGE', 'I-SUBJECT_KNOWLEDGE', 'I-SUBJECT_KNOWLEDGE', 'I-SUBJECT_KNOWLEDGE', 'I-SUBJECT_KNOWLEDGE', 'O']"
Data Science,CSC412,Dr Faith,5,Gives vague answers when pushed for detail.,"[('Subject Knowledge', 'negative')]","['gives', 'vague', 'answers', 'when', 'pushed', 'for', 'detail', '.']","['B-SUBJECT_KNOWLEDGE', 'I-SUBJECT_KNOWLEDGE', 'I-SUBJECT_KNOWLEDGE', 'I-SUBJECT_KNOWLEDGE', 'I-SUBJECT_KNOWLEDGE', 'I-SUBJECT_KNOWLEDGE', 'I-SUBJECT_KNOWLEDGE', 'O']"
Introduction to Computing,CSC410,Dr Pomele,1,the class feels boring and flat.,"[('Engagement', 'negative')]","['the', 'class', 'feels', 'boring', 'and', 'flat', '.']","['B-ENGAGEMENT', 'I-ENGAGEMENT', 'I-ENGAGEMENT', 'I-ENGAGEMENT', 'I-ENGAGEMENT', 'I-ENGAGEMENT', 'O']"
Special Computing,CSC101,Dr Martins,2,"Struggles to answer basic questions, and exams cover things never taught in class.","[('Subject Knowledge', 'negative'), ('Assessment', 'negative')]","['struggles', 'to', 'answer', 'basic', 'questions', ',', 'and', 'exams', 'cover', 'things', 'never', 'taught', 'in', 'class', '.']","['B-SUBJECT_KNOWLEDGE', 'I-SUBJECT_KNOWLEDGE', 'I-SUBJECT_KNOWLEDGE', 'I-SUBJECT_KNOWLEDGE', 'I-SUBJECT_KNOWLEDGE', 'O', 'O', 'B-ASSESSMENT', 'I-ASSESSMENT', 'I-ASSESSMENT', 'I-ASSESSMENT', 'I-ASSESSMENT', 'I-ASSESSMENT', 'I-ASSESSMENT', 'O']"
Data Science,CSC408,Dr Okafor,2,Exams cover things never taught in class.,"[('Assessment', 'negative')]","['exams', 'cover', 'things', 'never', 'taught', 'in', 'class', '.']","['B-ASSESSMENT', 'I-ASSESSMENT', 'I-ASSESSMENT', 'I-ASSESSMENT', 'I-ASSESSMENT', 'I-ASSESSMENT', 'I-ASSESSMENT', 'O']"
Machine Learning,CSC101,Dr Okafor,2,Seems annoyed when students ask for extra help.,"[('Availability', 'negative')]","['seems', 'annoyed', 'when', 'students', 'ask', 'for', 'extra', 'help', '.']","['B-AVAILABILITY', 'I-AVAILABILITY', 'I-AVAILABILITY', 'I-AVAILABILITY', 'I-AVAILABILITY', 'I-AVAILABILITY', 'I-AVAILABILITY', 'I-AVAILABILITY', 'O']"
Machine Learning,CSC412,Dr Pomele,1,"Uses confusing terms without breaking them down, and the lecture drags on with no variation, and no rubric is given before assignments are due.","[('Clarity of Instruction', 'negative'), ('Engagement', 'negative'), ('Assessment', 'negative')]","['uses', 'confusing', 'terms', 'without', 'breaking', 'them', 'down', ',', 'and', 'the', 'lecture', 'drags', 'on', 'with', 'no', 'variation', ',', 'and', 'no', 'rubric', 'is', 'given', 'before', 'assignments', 'are', 'due', '.']","['B-CLARITY_OF_INSTRUCTION', 'I-CLARITY_OF_INSTRUCTION', 'I-CLARITY_OF_INSTRUCTION', 'I-CLARITY_OF_INSTRUCTION', 'I-CLARITY_OF_INSTRUCTION', 'I-CLARITY_OF_INSTRUCTION', 'I-CLARITY_OF_INSTRUCTION', 'O', 'O', 'B-ENGAGEMENT', 'I-ENGAGEMENT', 'I-ENGAGEMENT', 'I-ENGAGEMENT', 'I-ENGAGEMENT', 'I-ENGAGEMENT', 'I-ENGAGEMENT', 'O', 'O', 'B-ASSESSMENT', 'I-ASSESSMENT', 'I-ASSESSMENT', 'I-ASSESSMENT', 'I-ASSESSMENT', 'I-ASSESSMENT', 'I-ASSESSMENT', 'I-ASSESSMENT', 'O']"
Introduction to Computing,CSC410,Dr Pomele,1,"Struggles to answer basic questions, also help with grading disputes is hard to get.","[('Subject Knowledge', 'negative'), ('Assessment', 'negative')]","['struggles', 'to', 'answer', 'basic', 'questions', ',', 'also', 'help', 'with', 'grading', 'disputes', 'is', 'hard', 'to', 'get', '.']","['B-SUBJECT_KNOWLEDGE', 'I-SUBJECT_KNOWLEDGE', 'I-SUBJECT_KNOWLEDGE', 'I-SUBJECT_KNOWLEDGE', 'I-SUBJECT_KNOWLEDGE', 'O', 'O', 'B-ASSESSMENT', 'I-ASSESSMENT', 'I-ASSESSMENT', 'I-ASSESSMENT', 'I-ASSESSMENT', 'I-ASSESSMENT', 'I-ASSESSMENT', 'I-ASSESSMENT', 'O']"
Special Computing,CSC406,Dr Faith,5,The way he breaks down ideas makes sense.,"[('Clarity of Instruction', 'positive')]","['the', 'way', 'he', 'breaks', 'down', 'ideas', 'makes', 'sense', '.']","['B-CLARITY_OF_INSTRUCTION', 'I-CLARITY_OF_INSTRUCTION', 'I-CLARITY_OF_INSTRUCTION', 'I-CLARITY_OF_INSTRUCTION', 'I-CLARITY_OF_INSTRUCTION', 'I-CLARITY_OF_INSTRUCTION', 'I-CLARITY_OF_INSTRUCTION', 'I-CLARITY_OF_INSTRUCTION', 'O']"
Cloud Computing,CSC410,Dr Martins,3,"Hard to schedule any one-on-one time, although simplifies difficult concepts well.","[('Availability', 'negative'), ('Clarity of Instruction', 'positive')]","['hard', 'to', 'schedule', 'any', 'one-on-one', 'time', ',', 'although', 'simplifies', 'difficult', 'concepts', 'well', '.']","['B-AVAILABILITY', 'I-AVAILABILITY', 'I-AVAILABILITY', 'I-AVAILABILITY', 'I-AVAILABILITY', 'I-AVAILABILITY', 'O', 'O', 'B-CLARITY_OF_INSTRUCTION', 'I-CLARITY_OF_INSTRUCTION', 'I-CLARITY_OF_INSTRUCTION', 'I-CLARITY_OF_INSTRUCTION', 'O']"
Special Computing,CSC406,Dr Faith,2,"I struggle to follow most explanations, and no rubric is given before assignments are due.","[('Clarity of Instruction', 'negative'), ('Assessment', 'negative')]","['i', 'struggle', 'to', 'follow', 'most', 'explanations', ',', 'and', 'no', 'rubric', 'is', 'given', 'before', 'assignments', 'are', 'due', '.']","['B-CLARITY_OF_INSTRUCTION', 'I-CLARITY_OF_INSTRUCTION', 'I-CLARITY_OF_INSTRUCTION', 'I-CLARITY_OF_INSTRUCTION', 'I-CLARITY_OF_INSTRUCTION', 'I-CLARITY_OF_INSTRUCTION', 'O', 'O', 'B-ASSESSMENT', 'I-ASSESSMENT', 'I-ASSESSMENT', 'I-ASSESSMENT', 'I-ASSESSMENT', 'I-ASSESSMENT', 'I-ASSESSMENT', 'I-ASSESSMENT', 'O']"
Cloud Computing,CSC410,Dr Okafor,1,"The lecture drags on with no variation, also gives vague answers when pushed for detail, also makes topics difficult to understand.","[('Engagement', 'negative'), ('Subject Knowledge', 'negative'), ('Clarity of Instruction', 'negative')]","['the', 'lecture', 'drags', 'on', 'with', 'no', 'variation', ',', 'also', 'gives', 'vague', 'answers', 'when', 'pushed', 'for', 'detail', ',', 'also', 'makes', 'topics', 'difficult', 'to', 'understand', '.']","['B-ENGAGEMENT', 'I-ENGAGEMENT', 'I-ENGAGEMENT', 'I-ENGAGEMENT', 'I-ENGAGEMENT', 'I-ENGAGEMENT', 'I-ENGAGEMENT', 'O', 'O', 'B-SUBJECT_KNOWLEDGE', 'I-SUBJECT_KNOWLEDGE', 'I-SUBJECT_KNOWLEDGE', 'I-SUBJECT_KNOWLEDGE', 'I-SUBJECT_KNOWLEDGE', 'I-SUBJECT_KNOWLEDGE', 'I-SUBJECT_KNOWLEDGE', 'O', 'O', 'B-CLARITY_OF_INSTRUCTION', 'I-CLARITY_OF_INSTRUCTION', 'I-CLARITY_OF_INSTRUCTION', 'I-CLARITY_OF_INSTRUCTION', 'I-CLARITY_OF_INSTRUCTION', 'O']"
Data Science,CSC412,Dr Martins,2,"Exams cover things never taught in class, also people are on their phones the whole time, also ignores questions posted on the course forum.","[('Assessment', 'negative'), ('Engagement', 'negative'), ('Availability', 'negative')]","['exams', 'cover', 'things', 'never', 'taught', 'in', 'class', ',', 'also', 'people', 'are', 'on', 'their', 'phones', 'the', 'whole', 'time', ',', 'also', 'ignores', 'questions', 'posted', 'on', 'the', 'course', 'forum', '.']","['B-ASSESSMENT', 'I-ASSESSMENT', 'I-ASSESSMENT', 'I-ASSESSMENT', 'I-ASSESSMENT', 'I-ASSESSMENT', 'I-ASSESSMENT', 'O', 'O', 'B-ENGAGEMENT', 'I-ENGAGEMENT', 'I-ENGAGEMENT', 'I-ENGAGEMENT', 'I-ENGAGEMENT', 'I-ENGAGEMENT', 'I-ENGAGEMENT', 'I-ENGAGEMENT', 'O', 'O', 'B-AVAILABILITY', 'I-AVAILABILITY', 'I-AVAILABILITY', 'I-AVAILABILITY', 'I-AVAILABILITY', 'I-AVAILABILITY', 'I-AVAILABILITY', 'O']"
Introduction to Computing,CSC412,Dr Faith,5,Uses good examples when teaching.,"[('Clarity of Instruction', 'positive')]","['uses', 'good', 'examples', 'when', 'teaching', '.']","['B-CLARITY_OF_INSTRUCTION', 'I-CLARITY_OF_INSTRUCTION', 'I-CLARITY_OF_INSTRUCTION', 'I-CLARITY_OF_INSTRUCTION', 'I-CLARITY_OF_INSTRUCTION', 'O']"
Special Computing,CSC406,Dr Pomele,1,"Every explanation is easy to follow, however gives vague answers when pushed for detail, also help is hard to get outside class.","[('Clarity of Instruction', 'positive'), ('Subject Knowledge', 'negative'), ('Availability', 'negative')]","['every', 'explanation', 'is', 'easy', 'to', 'follow', ',', 'however', 'gives', 'vague', 'answers', 'when', 'pushed', 'for', 'detail', ',', 'also', 'help', 'is', 'hard', 'to', 'get', 'outside', 'class', '.']","['B-CLARITY_OF_INSTRUCTION', 'I-CLARITY_OF_INSTRUCTION', 'I-CLARITY_OF_INSTRUCTION', 'I-CLARITY_OF_INSTRUCTION', 'I-CLARITY_OF_INSTRUCTION', 'I-CLARITY_OF_INSTRUCTION', 'O', 'O', 'B-SUBJECT_KNOWLEDGE', 'I-SUBJECT_KNOWLEDGE', 'I-SUBJECT_KNOWLEDGE', 'I-SUBJECT_KNOWLEDGE', 'I-SUBJECT_KNOWLEDGE', 'I-SUBJECT_KNOWLEDGE', 'I-SUBJECT_KNOWLEDGE', 'O', 'O', 'B-AVAILABILITY', 'I-AVAILABILITY', 'I-AVAILABILITY', 'I-AVAILABILITY', 'I-AVAILABILITY', 'I-AVAILABILITY', 'I-AVAILABILITY', 'O']"
Data Science,CSC101,Dr Adeyemi,1,"doesn't explain well, however uses humor to keep the room awake, but is nearly impossible to reach outside class.","[('Clarity of Instruction', 'negative'), ('Engagement', 'positive'), ('Availability', 'negative')]","['does', ""n't"", 'explain', 'well', ',', 'however', 'uses', 'humor', 'to', 'keep', 'the', 'room', 'awake', ',', 'but', 'is', 'nearly', 'impossible', 'to', 'reach', 'outside', 'class', '.']","['B-CLARITY_OF_INSTRUCTION', 'I-CLARITY_OF_INSTRUCTION', 'I-CLARITY_OF_INSTRUCTION', 'I-CLARITY_OF_INSTRUCTION', 'O', 'O', 'B-ENGAGEMENT', 'I-ENGAGEMENT', 'I-ENGAGEMENT', 'I-ENGAGEMENT', 'I-ENGAGEMENT', 'I-ENGAGEMENT', 'I-ENGAGEMENT', 'O', 'O', 'B-AVAILABILITY', 'I-AVAILABILITY', 'I-AVAILABILITY', 'I-AVAILABILITY', 'I-AVAILABILITY', 'I-AVAILABILITY', 'I-AVAILABILITY', 'O']"
Machine Learning,CSC101,Dr Faith,1,Rushes through explanations.,"[('Clarity of Instruction', 'negative')]","['rushes', 'through', 'explanations', '.']","['B-CLARITY_OF_INSTRUCTION', 'I-CLARITY_OF_INSTRUCTION', 'I-CLARITY_OF_INSTRUCTION', 'O']"
Data Science,CSC406,Dr Pomele,2,"Very approachable outside of lecture time, however i've caught factual errors in lectures before, also i never know why i lost points.","[('Availability', 'positive'), ('Subject Knowledge', 'negative'), ('Assessment', 'negative')]","['very', 'approachable', 'outside', 'of', 'lecture', 'time', ',', 'however', 'i', ""'ve"", 'caught', 'factual', 'errors', 'in', 'lectures', 'before', ',', 'also', 'i', 'never', 'know', 'why', 'i', 'lost', 'points', '.']","['B-AVAILABILITY', 'I-AVAILABILITY', 'I-AVAILABILITY', 'I-AVAILABILITY', 'I-AVAILABILITY', 'I-AVAILABILITY', 'O', 'O', 'B-SUBJECT_KNOWLEDGE', 'I-SUBJECT_KNOWLEDGE', 'I-SUBJECT_KNOWLEDGE', 'I-SUBJECT_KNOWLEDGE', 'I-SUBJECT_KNOWLEDGE', 'I-SUBJECT_KNOWLEDGE', 'I-SUBJECT_KNOWLEDGE', 'I-SUBJECT_KNOWLEDGE', 'O', 'O', 'B-ASSESSMENT', 'I-ASSESSMENT', 'I-ASSESSMENT', 'I-ASSESSMENT', 'I-ASSESSMENT', 'I-ASSESSMENT', 'I-ASSESSMENT', 'O']"
Introduction to Computing,CSC406,Dr Okafor,3,"Rushes through explanations, although clearly knows the material inside and out.","[('Clarity of Instruction', 'negative'), ('Subject Knowledge', 'positive')]","['rushes', 'through', 'explanations', ',', 'although', 'clearly', 'knows', 'the', 'material', 'inside', 'and', 'out', '.']","['B-CLARITY_OF_INSTRUCTION', 'I-CLARITY_OF_INSTRUCTION', 'I-CLARITY_OF_INSTRUCTION', 'O', 'O', 'B-SUBJECT_KNOWLEDGE', 'I-SUBJECT_KNOWLEDGE', 'I-SUBJECT_KNOWLEDGE', 'I-SUBJECT_KNOWLEDGE', 'I-SUBJECT_KNOWLEDGE', 'I-SUBJECT_KNOWLEDGE', 'I-SUBJECT_KNOWLEDGE', 'O']"
Data Science,CSC410,Dr Pomele,1,"Goes beyond the textbook when explaining concepts, however the class feels boring and flat, also comments on assignments are unhelpful or missing.","[('Subject Knowledge', 'positive'), ('Engagement', 'negative'), ('Assessment', 'negative')]","['goes', 'beyond', 'the', 'textbook', 'when', 'explaining', 'concepts', ',', 'however', 'the', 'class', 'feels', 'boring', 'and', 'flat', ',', 'also', 'comments', 'on', 'assignments', 'are', 'unhelpful', 'or', 'missing', '.']","['B-SUBJECT_KNOWLEDGE', 'I-SUBJECT_KNOWLEDGE', 'I-SUBJECT_KNOWLEDGE', 'I-SUBJECT_KNOWLEDGE', 'I-SUBJECT_KNOWLEDGE', 'I-SUBJECT_KNOWLEDGE', 'I-SUBJECT_KNOWLEDGE', 'O', 'O', 'B-ENGAGEMENT', 'I-ENGAGEMENT', 'I-ENGAGEMENT', 'I-ENGAGEMENT', 'I-ENGAGEMENT', 'I-ENGAGEMENT', 'O', 'O', 'B-ASSESSMENT', 'I-ASSESSMENT', 'I-ASSESSMENT', 'I-ASSESSMENT', 'I-ASSESSMENT', 'I-ASSESSMENT', 'I-ASSESSMENT', 'O']"
Cloud Computing,CSC408,Dr Martins,3,"Ignores questions posted on the course forum, although makes topics easier to understand.","[('Availability', 'negative'), ('Clarity of Instruction', 'positive')]","['ignores', 'questions', 'posted', 'on', 'the', 'course', 'forum', ',', 'although', 'makes', 'topics', 'easier', 'to', 'understand', '.']","['B-AVAILABILITY', 'I-AVAILABILITY', 'I-AVAILABILITY', 'I-AVAILABILITY', 'I-AVAILABILITY', 'I-AVAILABILITY', 'I-AVAILABILITY', 'O', 'O', 'B-CLARITY_OF_INSTRUCTION', 'I-CLARITY_OF_INSTRUCTION', 'I-CLARITY_OF_INSTRUCTION', 'I-CLARITY_OF_INSTRUCTION', 'I-CLARITY_OF_INSTRUCTION', 'O']"
Introduction to Computing,CSC406,Dr Okafor,5,"Every explanation is easy to follow, also grading feels transparent and well-justified, but i've caught factual errors in lectures before.","[('Clarity of Instruction', 'positive'), ('Assessment', 'positive'), ('Subject Knowledge', 'negative')]","['every', 'explanation', 'is', 'easy', 'to', 'follow', ',', 'also', 'grading', 'feels', 'transparent', 'and', 'well-justified', ',', 'but', 'i', ""'ve"", 'caught', 'factual', 'errors', 'in', 'lectures', 'before', '.']","['B-CLARITY_OF_INSTRUCTION', 'I-CLARITY_OF_INSTRUCTION', 'I-CLARITY_OF_INSTRUCTION', 'I-CLARITY_OF_INSTRUCTION', 'I-CLARITY_OF_INSTRUCTION', 'I-CLARITY_OF_INSTRUCTION', 'O', 'O', 'B-ASSESSMENT', 'I-ASSESSMENT', 'I-ASSESSMENT', 'I-ASSESSMENT', 'I-ASSESSMENT', 'O', 'O', 'B-SUBJECT_KNOWLEDGE', 'I-SUBJECT_KNOWLEDGE', 'I-SUBJECT_KNOWLEDGE', 'I-SUBJECT_KNOWLEDGE', 'I-SUBJECT_KNOWLEDGE', 'I-SUBJECT_KNOWLEDGE', 'I-SUBJECT_KNOWLEDGE', 'I-SUBJECT_KNOWLEDGE', 'O']"
Special Computing,CSC406,Dr Okafor,4,"Makes topics easier to understand, and involves the class with questions and debates, and returns graded work quickly.","[('Clarity of Instruction', 'positive'), ('Engagement', 'positive'), ('Assessment', 'positive')]","['makes', 'topics', 'easier', 'to', 'understand', ',', 'and', 'involves', 'the', 'class', 'with', 'questions', 'and', 'debates', ',', 'and', 'returns', 'graded', 'work', 'quickly', '.']","['B-CLARITY_OF_INSTRUCTION', 'I-CLARITY_OF_INSTRUCTION', 'I-CLARITY_OF_INSTRUCTION', 'I-CLARITY_OF_INSTRUCTION', 'I-CLARITY_OF_INSTRUCTION', 'O', 'O', 'B-ENGAGEMENT', 'I-ENGAGEMENT', 'I-ENGAGEMENT', 'I-ENGAGEMENT', 'I-ENGAGEMENT', 'I-ENGAGEMENT', 'I-ENGAGEMENT', 'O', 'O', 'B-ASSESSMENT', 'I-ASSESSMENT', 'I-ASSESSMENT', 'I-ASSESSMENT', 'O']"
Data Science,CSC406,Dr Adeyemi,2,Grading seems arbitrary from one submission to the next.,"[('Assessment', 'negative')]","['grading', 'seems', 'arbitrary', 'from', 'one', 'submission', 'to', 'the', 'next', '.']","['B-ASSESSMENT', 'I-ASSESSMENT', 'I-ASSESSMENT', 'I-ASSESSMENT', 'I-ASSESSMENT', 'I-ASSESSMENT', 'I-ASSESSMENT', 'I-ASSESSMENT', 'I-ASSESSMENT', 'O']"
Machine Learning,CSC410,Dr Adeyemi,2,Rarely interacts with students during lectures.,"[('Engagement', 'negative')]","['rarely', 'interacts', 'with', 'students', 'during', 'lectures', '.']","['B-ENGAGEMENT', 'I-ENGAGEMENT', 'I-ENGAGEMENT', 'I-ENGAGEMENT', 'I-ENGAGEMENT', 'I-ENGAGEMENT', 'O']"
Special Computing,CSC408,Dr Okafor,4,"Rubrics are clear before submitting work, also never seems caught off guard by a question.","[('Assessment', 'positive'), ('Subject Knowledge', 'positive')]","['rubrics', 'are', 'clear', 'before', 'submitting', 'work', ',', 'also', 'never', 'seems', 'caught', 'off', 'guard', 'by', 'a', 'question', '.']","['B-ASSESSMENT', 'I-ASSESSMENT', 'I-ASSESSMENT', 'I-ASSESSMENT', 'I-ASSESSMENT', 'I-ASSESSMENT', 'O', 'O', 'B-SUBJECT_KNOWLEDGE', 'I-SUBJECT_KNOWLEDGE', 'I-SUBJECT_KNOWLEDGE', 'I-SUBJECT_KNOWLEDGE', 'I-SUBJECT_KNOWLEDGE', 'I-SUBJECT_KNOWLEDGE', 'I-SUBJECT_KNOWLEDGE', 'I-SUBJECT_KNOWLEDGE', 'O']"
Data Science,CSC412,Dr Pomele,5,"Explains clearly, also makes the class genuinely interesting, but hard to schedule any one-on-one time.","[('Clarity of Instruction', 'positive'), ('Engagement', 'positive'), ('Availability', 'negative')]","['explains', 'clearly', ',', 'also', 'makes', 'the', 'class', 'genuinely', 'interesting', ',', 'but', 'hard', 'to', 'schedule', 'any', 'one-on-one', 'time', '.']","['B-CLARITY_OF_INSTRUCTION', 'I-CLARITY_OF_INSTRUCTION', 'O', 'O', 'B-ENGAGEMENT', 'I-ENGAGEMENT', 'I-ENGAGEMENT', 'I-ENGAGEMENT', 'I-ENGAGEMENT', 'O', 'O', 'B-AVAILABILITY', 'I-AVAILABILITY', 'I-AVAILABILITY', 'I-AVAILABILITY', 'I-AVAILABILITY', 'I-AVAILABILITY', 'O']"
Machine Learning,CSC412,Dr Pomele,3,"Struggles to answer basic questions, although sets up extra sessions when needed.","[('Subject Knowledge', 'negative'), ('Availability', 'positive')]","['struggles', 'to', 'answer', 'basic', 'questions', ',', 'although', 'sets', 'up', 'extra', 'sessions', 'when', 'needed', '.']","['B-SUBJECT_KNOWLEDGE', 'I-SUBJECT_KNOWLEDGE', 'I-SUBJECT_KNOWLEDGE', 'I-SUBJECT_KNOWLEDGE', 'I-SUBJECT_KNOWLEDGE', 'O', 'O', 'B-AVAILABILITY', 'I-AVAILABILITY', 'I-AVAILABILITY', 'I-AVAILABILITY', 'I-AVAILABILITY', 'I-AVAILABILITY', 'O']"
Cloud Computing,CSC406,Dr Okafor,4,Grades fairly and consistently.,"[('Assessment', 'positive')]","['grades', 'fairly', 'and', 'consistently', '.']","['B-ASSESSMENT', 'I-ASSESSMENT', 'I-ASSESSMENT', 'I-ASSESSMENT', 'O']"
Introduction to Computing,CSC101,Dr Faith,5,"Goes beyond the textbook when explaining concepts, also happy to answer questions after class.","[('Subject Knowledge', 'positive'), ('Availability', 'positive')]","['goes', 'beyond', 'the', 'textbook', 'when', 'explaining', 'concepts', ',', 'also', 'happy', 'to', 'answer', 'questions', 'after', 'class', '.']","['B-SUBJECT_KNOWLEDGE', 'I-SUBJECT_KNOWLEDGE', 'I-SUBJECT_KNOWLEDGE', 'I-SUBJECT_KNOWLEDGE', 'I-SUBJECT_KNOWLEDGE', 'I-SUBJECT_KNOWLEDGE', 'I-SUBJECT_KNOWLEDGE', 'O', 'O', 'B-AVAILABILITY', 'I-AVAILABILITY', 'I-AVAILABILITY', 'I-AVAILABILITY', 'I-AVAILABILITY', 'I-AVAILABILITY', 'O']"
Data Science,CSC101,Dr Adeyemi,4,Sets up extra sessions when needed.,"[('Availability', 'positive')]","['sets', 'up', 'extra', 'sessions', 'when', 'needed', '.']","['B-AVAILABILITY', 'I-AVAILABILITY', 'I-AVAILABILITY', 'I-AVAILABILITY', 'I-AVAILABILITY', 'I-AVAILABILITY', 'O']"
Data Science,CSC406,Dr Martins,5,"I always leave the class understanding the topic, also keeps everyone engaged the whole session.","[('Clarity of Instruction', 'positive'), ('Engagement', 'positive')]","['i', 'always', 'leave', 'the', 'class', 'understanding', 'the', 'topic', ',', 'also', 'keeps', 'everyone', 'engaged', 'the', 'whole', 'session', '.']","['B-CLARITY_OF_INSTRUCTION', 'I-CLARITY_OF_INSTRUCTION', 'I-CLARITY_OF_INSTRUCTION', 'I-CLARITY_OF_INSTRUCTION', 'I-CLARITY_OF_INSTRUCTION', 'I-CLARITY_OF_INSTRUCTION', 'I-CLARITY_OF_INSTRUCTION', 'I-CLARITY_OF_INSTRUCTION', 'O', 'O', 'B-ENGAGEMENT', 'I-ENGAGEMENT', 'I-ENGAGEMENT', 'I-ENGAGEMENT', 'I-ENGAGEMENT', 'I-ENGAGEMENT', 'O']"
Machine Learning,CSC410,Dr Faith,5,I always understand why I lost points.,"[('Assessment', 'positive')]","['i', 'always', 'understand', 'why', 'i', 'lost', 'points', '.']","['B-ASSESSMENT', 'I-ASSESSMENT', 'I-ASSESSMENT', 'I-ASSESSMENT', 'I-ASSESSMENT', 'I-ASSESSMENT', 'I-ASSESSMENT', 'O']"
Cloud Computing,CSC101,Dr Martins,5,Rubrics are clear before submitting work.,"[('Assessment', 'positive')]","['rubrics', 'are', 'clear', 'before', 'submitting', 'work', '.']","['B-ASSESSMENT', 'I-ASSESSMENT', 'I-ASSESSMENT', 'I-ASSESSMENT', 'I-ASSESSMENT', 'I-ASSESSMENT', 'O']"
Introduction to Computing,CSC410,Dr Faith,5,"Uses good examples when teaching, and sets up extra sessions when needed, also grades fairly and consistently.","[('Clarity of Instruction', 'positive'), ('Availability', 'positive'), ('Assessment', 'positive')]","['uses', 'good', 'examples', 'when', 'teaching', ',', 'and', 'sets', 'up', 'extra', 'sessions', 'when', 'needed', ',', 'also', 'grades', 'fairly', 'and', 'consistently', '.']","['B-CLARITY_OF_INSTRUCTION', 'I-CLARITY_OF_INSTRUCTION', 'I-CLARITY_OF_INSTRUCTION', 'I-CLARITY_OF_INSTRUCTION', 'I-CLARITY_OF_INSTRUCTION', 'O', 'O', 'B-AVAILABILITY', 'I-AVAILABILITY', 'I-AVAILABILITY', 'I-AVAILABILITY', 'I-AVAILABILITY', 'I-AVAILABILITY', 'O', 'O', 'B-ASSESSMENT', 'I-ASSESSMENT', 'I-ASSESSMENT', 'I-ASSESSMENT', 'O']"
Machine Learning,CSC412,Dr Pomele,2,"is nearly impossible to reach outside class, but clearly knows the material inside and out, although rarely interacts with students during lectures.","[('Availability', 'negative'), ('Subject Knowledge', 'positive'), ('Engagement', 'negative')]","['is', 'nearly', 'impossible', 'to', 'reach', 'outside', 'class', ',', 'but', 'clearly', 'knows', 'the', 'material', 'inside', 'and', 'out', ',', 'although', 'rarely', 'interacts', 'with', 'students', 'during', 'lectures', '.']","['B-AVAILABILITY', 'I-AVAILABILITY', 'I-AVAILABILITY', 'I-AVAILABILITY', 'I-AVAILABILITY', 'I-AVAILABILITY', 'I-AVAILABILITY', 'O', 'O', 'B-SUBJECT_KNOWLEDGE', 'I-SUBJECT_KNOWLEDGE', 'I-SUBJECT_KNOWLEDGE', 'I-SUBJECT_KNOWLEDGE', 'I-SUBJECT_KNOWLEDGE', 'I-SUBJECT_KNOWLEDGE', 'I-SUBJECT_KNOWLEDGE', 'O', 'O', 'B-ENGAGEMENT', 'I-ENGAGEMENT', 'I-ENGAGEMENT', 'I-ENGAGEMENT', 'I-ENGAGEMENT', 'I-ENGAGEMENT', 'O']"
Data Science,CSC406,Dr Faith,4,"Seems annoyed when students ask for extra help, although uses good examples when teaching, also returns graded work quickly.","[('Availability', 'negative'), ('Clarity of Instruction', 'positive'), ('Assessment', 'positive')]","['seems', 'annoyed', 'when', 'students', 'ask', 'for', 'extra', 'help', ',', 'although', 'uses', 'good', 'examples', 'when', 'teaching', ',', 'also', 'returns', 'graded', 'work', 'quickly', '.']","['B-AVAILABILITY', 'I-AVAILABILITY', 'I-AVAILABILITY', 'I-AVAILABILITY', 'I-AVAILABILITY', 'I-AVAILABILITY', 'I-AVAILABILITY', 'I-AVAILABILITY', 'O', 'O', 'B-CLARITY_OF_INSTRUCTION', 'I-CLARITY_OF_INSTRUCTION', 'I-CLARITY_OF_INSTRUCTION', 'I-CLARITY_OF_INSTRUCTION', 'I-CLARITY_OF_INSTRUCTION', 'O', 'O', 'B-ASSESSMENT', 'I-ASSESSMENT', 'I-ASSESSMENT', 'I-ASSESSMENT', 'O']"
Machine Learning,CSC408,Dr Martins,5,You can tell he's mastered this field.,"[('Subject Knowledge', 'positive')]","['you', 'can', 'tell', 'he', ""'s"", 'mastered', 'this', 'field', '.']","['B-SUBJECT_KNOWLEDGE', 'I-SUBJECT_KNOWLEDGE', 'I-SUBJECT_KNOWLEDGE', 'I-SUBJECT_KNOWLEDGE', 'I-SUBJECT_KNOWLEDGE', 'I-SUBJECT_KNOWLEDGE', 'I-SUBJECT_KNOWLEDGE', 'I-SUBJECT_KNOWLEDGE', 'O']"
Machine Learning,CSC406,Dr Adeyemi,2,the class feels boring and flat.,"[('Engagement', 'negative')]","['the', 'class', 'feels', 'boring', 'and', 'flat', '.']","['B-ENGAGEMENT', 'I-ENGAGEMENT', 'I-ENGAGEMENT', 'I-ENGAGEMENT', 'I-ENGAGEMENT', 'I-ENGAGEMENT', 'O']"
Special Computing,CSC412,Dr Faith,1,"the class feels boring and flat, and complicates simple topics.","[('Engagement', 'negative'), ('Clarity of Instruction', 'negative')]","['the', 'class', 'feels', 'boring', 'and', 'flat', ',', 'and', 'complicates', 'simple', 'topics', '.']","['B-ENGAGEMENT', 'I-ENGAGEMENT', 'I-ENGAGEMENT', 'I-ENGAGEMENT', 'I-ENGAGEMENT', 'I-ENGAGEMENT', 'O', 'O', 'B-CLARITY_OF_INSTRUCTION', 'I-CLARITY_OF_INSTRUCTION', 'I-CLARITY_OF_INSTRUCTION', 'O']"
Machine Learning,CSC406,Dr Pomele,2,Gives vague answers when pushed for detail.,"[('Subject Knowledge', 'negative')]","['gives', 'vague', 'answers', 'when', 'pushed', 'for', 'detail', '.']","['B-SUBJECT_KNOWLEDGE', 'I-SUBJECT_KNOWLEDGE', 'I-SUBJECT_KNOWLEDGE', 'I-SUBJECT_KNOWLEDGE', 'I-SUBJECT_KNOWLEDGE', 'I-SUBJECT_KNOWLEDGE', 'I-SUBJECT_KNOWLEDGE', 'O']"
Machine Learning,CSC412,Dr Adeyemi,3,"Keeps everyone engaged the whole session, but seems annoyed when students ask for extra help.","[('Engagement', 'positive'), ('Availability', 'negative')]","['keeps', 'everyone', 'engaged', 'the', 'whole', 'session', ',', 'but', 'seems', 'annoyed', 'when', 'students', 'ask', 'for', 'extra', 'help', '.']","['B-ENGAGEMENT', 'I-ENGAGEMENT', 'I-ENGAGEMENT', 'I-ENGAGEMENT', 'I-ENGAGEMENT', 'I-ENGAGEMENT', 'O', 'O', 'B-AVAILABILITY', 'I-AVAILABILITY', 'I-AVAILABILITY', 'I-AVAILABILITY', 'I-AVAILABILITY', 'I-AVAILABILITY', 'I-AVAILABILITY', 'I-AVAILABILITY', 'O']"
Introduction to Computing,CSC406,Dr Faith,4,"Makes topics easier to understand, and grades fairly and consistently, although gives vague answers when pushed for detail.","[('Clarity of Instruction', 'positive'), ('Assessment', 'positive'), ('Subject Knowledge', 'negative')]","['makes', 'topics', 'easier', 'to', 'understand', ',', 'and', 'grades', 'fairly', 'and', 'consistently', ',', 'although', 'gives', 'vague', 'answers', 'when', 'pushed', 'for', 'detail', '.']","['B-CLARITY_OF_INSTRUCTION', 'I-CLARITY_OF_INSTRUCTION', 'I-CLARITY_OF_INSTRUCTION', 'I-CLARITY_OF_INSTRUCTION', 'I-CLARITY_OF_INSTRUCTION', 'O', 'O', 'B-ASSESSMENT', 'I-ASSESSMENT', 'I-ASSESSMENT', 'I-ASSESSMENT', 'O', 'O', 'B-SUBJECT_KNOWLEDGE', 'I-SUBJECT_KNOWLEDGE', 'I-SUBJECT_KNOWLEDGE', 'I-SUBJECT_KNOWLEDGE', 'I-SUBJECT_KNOWLEDGE', 'I-SUBJECT_KNOWLEDGE', 'I-SUBJECT_KNOWLEDGE', 'O']"
Cloud Computing,CSC412,Dr Martins,5,"Explains difficult concepts with real depth, and returns graded work quickly, but the class feels boring and flat.","[('Subject Knowledge', 'positive'), ('Assessment', 'positive'), ('Engagement', 'negative')]","['explains', 'difficult', 'concepts', 'with', 'real', 'depth', ',', 'and', 'returns', 'graded', 'work', 'quickly', ',', 'but', 'the', 'class', 'feels', 'boring', 'and', 'flat', '.']","['B-SUBJECT_KNOWLEDGE', 'I-SUBJECT_KNOWLEDGE', 'I-SUBJECT_KNOWLEDGE', 'I-SUBJECT_KNOWLEDGE', 'I-SUBJECT_KNOWLEDGE', 'I-SUBJECT_KNOWLEDGE', 'O', 'O', 'B-ASSESSMENT', 'I-ASSESSMENT', 'I-ASSESSMENT', 'I-ASSESSMENT', 'O', 'O', 'B-ENGAGEMENT', 'I-ENGAGEMENT', 'I-ENGAGEMENT', 'I-ENGAGEMENT', 'I-ENGAGEMENT', 'I-ENGAGEMENT', 'O']"
Data Science,CSC406,Dr Faith,2,"Avoids questions that go beyond the syllabus, although uses good examples when teaching.","[('Subject Knowledge', 'negative'), ('Clarity of Instruction', 'positive')]","['avoids', 'questions', 'that', 'go', 'beyond', 'the', 'syllabus', ',', 'although', 'uses', 'good', 'examples', 'when', 'teaching', '.']","['B-SUBJECT_KNOWLEDGE', 'I-SUBJECT_KNOWLEDGE', 'I-SUBJECT_KNOWLEDGE', 'I-SUBJECT_KNOWLEDGE', 'I-SUBJECT_KNOWLEDGE', 'I-SUBJECT_KNOWLEDGE', 'I-SUBJECT_KNOWLEDGE', 'O', 'O', 'B-CLARITY_OF_INSTRUCTION', 'I-CLARITY_OF_INSTRUCTION', 'I-CLARITY_OF_INSTRUCTION', 'I-CLARITY_OF_INSTRUCTION', 'I-CLARITY_OF_INSTRUCTION', 'O']"
Data Science,CSC408,Dr Martins,5,Returns graded work quickly.,"[('Assessment', 'positive')]","['returns', 'graded', 'work', 'quickly', '.']","['B-ASSESSMENT', 'I-ASSESSMENT', 'I-ASSESSMENT', 'I-ASSESSMENT', 'O']"
Data Science,CSC406,Dr Martins,4,Every explanation is easy to follow.,"[('Clarity of Instruction', 'positive')]","['every', 'explanation', 'is', 'easy', 'to', 'follow', '.']","['B-CLARITY_OF_INSTRUCTION', 'I-CLARITY_OF_INSTRUCTION', 'I-CLARITY_OF_INSTRUCTION', 'I-CLARITY_OF_INSTRUCTION', 'I-CLARITY_OF_INSTRUCTION', 'I-CLARITY_OF_INSTRUCTION', 'O']"
Introduction to Computing,CSC410,Dr Faith,4,You can tell he's mastered this field.,"[('Subject Knowledge', 'positive')]","['you', 'can', 'tell', 'he', ""'s"", 'mastered', 'this', 'field', '.']","['B-SUBJECT_KNOWLEDGE', 'I-SUBJECT_KNOWLEDGE', 'I-SUBJECT_KNOWLEDGE', 'I-SUBJECT_KNOWLEDGE', 'I-SUBJECT_KNOWLEDGE', 'I-SUBJECT_KNOWLEDGE', 'I-SUBJECT_KNOWLEDGE', 'I-SUBJECT_KNOWLEDGE', 'O']"
Data Science,CSC101,Dr Pomele,5,"Explains difficult material well, also has deep knowledge of the subject, although the lecture drags on with no variation.","[('Clarity of Instruction', 'positive'), ('Subject Knowledge', 'positive'), ('Engagement', 'negative')]","['explains', 'difficult', 'material', 'well', ',', 'also', 'has', 'deep', 'knowledge', 'of', 'the', 'subject', ',', 'although', 'the', 'lecture', 'drags', 'on', 'with', 'no', 'variation', '.']","['B-CLARITY_OF_INSTRUCTION', 'I-CLARITY_OF_INSTRUCTION', 'I-CLARITY_OF_INSTRUCTION', 'I-CLARITY_OF_INSTRUCTION', 'O', 'O', 'B-SUBJECT_KNOWLEDGE', 'I-SUBJECT_KNOWLEDGE', 'I-SUBJECT_KNOWLEDGE', 'I-SUBJECT_KNOWLEDGE', 'I-SUBJECT_KNOWLEDGE', 'I-SUBJECT_KNOWLEDGE', 'O', 'O', 'B-ENGAGEMENT', 'I-ENGAGEMENT', 'I-ENGAGEMENT', 'I-ENGAGEMENT', 'I-ENGAGEMENT', 'I-ENGAGEMENT', 'I-ENGAGEMENT', 'O']"
Machine Learning,CSC406,Dr Adeyemi,2,"Rarely interacts with students during lectures, also help with grading disputes is hard to get.","[('Engagement', 'negative'), ('Assessment', 'negative')]","['rarely', 'interacts', 'with', 'students', 'during', 'lectures', ',', 'also', 'help', 'with', 'grading', 'disputes', 'is', 'hard', 'to', 'get', '.']","['B-ENGAGEMENT', 'I-ENGAGEMENT', 'I-ENGAGEMENT', 'I-ENGAGEMENT', 'I-ENGAGEMENT', 'I-ENGAGEMENT', 'O', 'O', 'B-ASSESSMENT', 'I-ASSESSMENT', 'I-ASSESSMENT', 'I-ASSESSMENT', 'I-ASSESSMENT', 'I-ASSESSMENT', 'I-ASSESSMENT', 'I-ASSESSMENT', 'O']"
Introduction to Computing,CSC412,Dr Faith,3,"Complicates simple topics, however grading feels transparent and well-justified.","[('Clarity of Instruction', 'negative'), ('Assessment', 'positive')]","['complicates', 'simple', 'topics', ',', 'however', 'grading', 'feels', 'transparent', 'and', 'well-justified', '.']","['B-CLARITY_OF_INSTRUCTION', 'I-CLARITY_OF_INSTRUCTION', 'I-CLARITY_OF_INSTRUCTION', 'O', 'O', 'B-ASSESSMENT', 'I-ASSESSMENT', 'I-ASSESSMENT', 'I-ASSESSMENT', 'I-ASSESSMENT', 'O']"
Machine Learning,CSC101,Dr Faith,5,Involves the class with questions and debates.,"[('Engagement', 'positive')]","['involves', 'the', 'class', 'with', 'questions', 'and', 'debates', '.']","['B-ENGAGEMENT', 'I-ENGAGEMENT', 'I-ENGAGEMENT', 'I-ENGAGEMENT', 'I-ENGAGEMENT', 'I-ENGAGEMENT', 'I-ENGAGEMENT', 'O']"
Data Science,CSC408,Dr Adeyemi,1,"No rubric is given before assignments are due, and rarely interacts with students during lectures.","[('Assessment', 'negative'), ('Engagement', 'negative')]","['no', 'rubric', 'is', 'given', 'before', 'assignments', 'are', 'due', ',', 'and', 'rarely', 'interacts', 'with', 'students', 'during', 'lectures', '.']","['B-ASSESSMENT', 'I-ASSESSMENT', 'I-ASSESSMENT', 'I-ASSESSMENT', 'I-ASSESSMENT', 'I-ASSESSMENT', 'I-ASSESSMENT', 'I-ASSESSMENT', 'O', 'O', 'B-ENGAGEMENT', 'I-ENGAGEMENT', 'I-ENGAGEMENT', 'I-ENGAGEMENT', 'I-ENGAGEMENT', 'I-ENGAGEMENT', 'O']"
Introduction to Computing,CSC101,Dr Okafor,2,"Cancels office hours without notice, also people are on their phones the whole time, and gives vague answers when pushed for detail.","[('Availability', 'negative'), ('Engagement', 'negative'), ('Subject Knowledge', 'negative')]","['cancels', 'office', 'hours', 'without', 'notice', ',', 'also', 'people', 'are', 'on', 'their', 'phones', 'the', 'whole', 'time', ',', 'and', 'gives', 'vague', 'answers', 'when', 'pushed', 'for', 'detail', '.']","['B-AVAILABILITY', 'I-AVAILABILITY', 'I-AVAILABILITY', 'I-AVAILABILITY', 'I-AVAILABILITY', 'O', 'O', 'B-ENGAGEMENT', 'I-ENGAGEMENT', 'I-ENGAGEMENT', 'I-ENGAGEMENT', 'I-ENGAGEMENT', 'I-ENGAGEMENT', 'I-ENGAGEMENT', 'I-ENGAGEMENT', 'O', 'O', 'B-SUBJECT_KNOWLEDGE', 'I-SUBJECT_KNOWLEDGE', 'I-SUBJECT_KNOWLEDGE', 'I-SUBJECT_KNOWLEDGE', 'I-SUBJECT_KNOWLEDGE', 'I-SUBJECT_KNOWLEDGE', 'I-SUBJECT_KNOWLEDGE', 'O']"
Machine Learning,CSC412,Dr Faith,2,Gives vague answers when pushed for detail.,"[('Subject Knowledge', 'negative')]","['gives', 'vague', 'answers', 'when', 'pushed', 'for', 'detail', '.']","['B-SUBJECT_KNOWLEDGE', 'I-SUBJECT_KNOWLEDGE', 'I-SUBJECT_KNOWLEDGE', 'I-SUBJECT_KNOWLEDGE', 'I-SUBJECT_KNOWLEDGE', 'I-SUBJECT_KNOWLEDGE', 'I-SUBJECT_KNOWLEDGE', 'O']"
Introduction to Computing,CSC412,Dr Faith,2,Gives vague answers when pushed for detail.,"[('Subject Knowledge', 'negative')]","['gives', 'vague', 'answers', 'when', 'pushed', 'for', 'detail', '.']","['B-SUBJECT_KNOWLEDGE', 'I-SUBJECT_KNOWLEDGE', 'I-SUBJECT_KNOWLEDGE', 'I-SUBJECT_KNOWLEDGE', 'I-SUBJECT_KNOWLEDGE', 'I-SUBJECT_KNOWLEDGE', 'I-SUBJECT_KNOWLEDGE', 'O']"
Special Computing,CSC410,Dr Okafor,1,"His grasp of the subject feels shaky, although happy to answer questions after class, although no rubric is given before assignments are due.","[('Subject Knowledge', 'negative'), ('Availability', 'positive'), ('Assessment', 'negative')]","['his', 'grasp', 'of', 'the', 'subject', 'feels', 'shaky', ',', 'although', 'happy', 'to', 'answer', 'questions', 'after', 'class', ',', 'although', 'no', 'rubric', 'is', 'given', 'before', 'assignments', 'are', 'due', '.']","['B-SUBJECT_KNOWLEDGE', 'I-SUBJECT_KNOWLEDGE', 'I-SUBJECT_KNOWLEDGE', 'I-SUBJECT_KNOWLEDGE', 'I-SUBJECT_KNOWLEDGE', 'I-SUBJECT_KNOWLEDGE', 'I-SUBJECT_KNOWLEDGE', 'O', 'O', 'B-AVAILABILITY', 'I-AVAILABILITY', 'I-AVAILABILITY', 'I-AVAILABILITY', 'I-AVAILABILITY', 'I-AVAILABILITY', 'O', 'O', 'B-ASSESSMENT', 'I-ASSESSMENT', 'I-ASSESSMENT', 'I-ASSESSMENT', 'I-ASSESSMENT', 'I-ASSESSMENT', 'I-ASSESSMENT', 'I-ASSESSMENT', 'O']"
Cloud Computing,CSC412,Dr Adeyemi,2,Makes topics difficult to understand.,"[('Clarity of Instruction', 'negative')]","['makes', 'topics', 'difficult', 'to', 'understand', '.']","['B-CLARITY_OF_INSTRUCTION', 'I-CLARITY_OF_INSTRUCTION', 'I-CLARITY_OF_INSTRUCTION', 'I-CLARITY_OF_INSTRUCTION', 'I-CLARITY_OF_INSTRUCTION', 'O']"
Machine Learning,CSC101,Dr Martins,5,Turns dry topics into lively discussions.,"[('Engagement', 'positive')]","['turns', 'dry', 'topics', 'into', 'lively', 'discussions', '.']","['B-ENGAGEMENT', 'I-ENGAGEMENT', 'I-ENGAGEMENT', 'I-ENGAGEMENT', 'I-ENGAGEMENT', 'I-ENGAGEMENT', 'O']"
Machine Learning,CSC406,Dr Adeyemi,4,"Explains difficult concepts with real depth, and uses humor to keep the room awake, also very approachable outside of lecture time.","[('Subject Knowledge', 'positive'), ('Engagement', 'positive'), ('Availability', 'positive')]","['explains', 'difficult', 'concepts', 'with', 'real', 'depth', ',', 'and', 'uses', 'humor', 'to', 'keep', 'the', 'room', 'awake', ',', 'also', 'very', 'approachable', 'outside', 'of', 'lecture', 'time', '.']","['B-SUBJECT_KNOWLEDGE', 'I-SUBJECT_KNOWLEDGE', 'I-SUBJECT_KNOWLEDGE', 'I-SUBJECT_KNOWLEDGE', 'I-SUBJECT_KNOWLEDGE', 'I-SUBJECT_KNOWLEDGE', 'O', 'O', 'B-ENGAGEMENT', 'I-ENGAGEMENT', 'I-ENGAGEMENT', 'I-ENGAGEMENT', 'I-ENGAGEMENT', 'I-ENGAGEMENT', 'I-ENGAGEMENT', 'O', 'O', 'B-AVAILABILITY', 'I-AVAILABILITY', 'I-AVAILABILITY', 'I-AVAILABILITY', 'I-AVAILABILITY', 'I-AVAILABILITY', 'O']"
Machine Learning,CSC101,Dr Faith,4,Struggles to answer basic questions.,"[('Subject Knowledge', 'negative')]","['struggles', 'to', 'answer', 'basic', 'questions', '.']","['B-SUBJECT_KNOWLEDGE', 'I-SUBJECT_KNOWLEDGE', 'I-SUBJECT_KNOWLEDGE', 'I-SUBJECT_KNOWLEDGE', 'I-SUBJECT_KNOWLEDGE', 'O']"
Special Computing,CSC101,Dr Pomele,1,Lectures feel disorganized and hard to follow.,"[('Clarity of Instruction', 'negative')]","['lectures', 'feel', 'disorganized', 'and', 'hard', 'to', 'follow', '.']","['B-CLARITY_OF_INSTRUCTION', 'I-CLARITY_OF_INSTRUCTION', 'I-CLARITY_OF_INSTRUCTION', 'I-CLARITY_OF_INSTRUCTION', 'I-CLARITY_OF_INSTRUCTION', 'I-CLARITY_OF_INSTRUCTION', 'I-CLARITY_OF_INSTRUCTION', 'O']"
Machine Learning,CSC412,Dr Okafor,3,"Just reads off slides with no energy, although breaks complex structures into understandable ones.","[('Engagement', 'negative'), ('Clarity of Instruction', 'positive')]","['just', 'reads', 'off', 'slides', 'with', 'no', 'energy', ',', 'although', 'breaks', 'complex', 'structures', 'into', 'understandable', 'ones', '.']","['B-ENGAGEMENT', 'I-ENGAGEMENT', 'I-ENGAGEMENT', 'I-ENGAGEMENT', 'I-ENGAGEMENT', 'I-ENGAGEMENT', 'I-ENGAGEMENT', 'O', 'O', 'B-CLARITY_OF_INSTRUCTION', 'I-CLARITY_OF_INSTRUCTION', 'I-CLARITY_OF_INSTRUCTION', 'I-CLARITY_OF_INSTRUCTION', 'I-CLARITY_OF_INSTRUCTION', 'I-CLARITY_OF_INSTRUCTION', 'O']"
Introduction to Computing,CSC410,Dr Faith,1,"Never seems caught off guard by a question, however the class feels boring and flat, also never holds actual office hours.","[('Subject Knowledge', 'positive'), ('Engagement', 'negative'), ('Availability', 'negative')]","['never', 'seems', 'caught', 'off', 'guard', 'by', 'a', 'question', ',', 'however', 'the', 'class', 'feels', 'boring', 'and', 'flat', ',', 'also', 'never', 'holds', 'actual', 'office', 'hours', '.']","['B-SUBJECT_KNOWLEDGE', 'I-SUBJECT_KNOWLEDGE', 'I-SUBJECT_KNOWLEDGE', 'I-SUBJECT_KNOWLEDGE', 'I-SUBJECT_KNOWLEDGE', 'I-SUBJECT_KNOWLEDGE', 'I-SUBJECT_KNOWLEDGE', 'I-SUBJECT_KNOWLEDGE', 'O', 'O', 'B-ENGAGEMENT', 'I-ENGAGEMENT', 'I-ENGAGEMENT', 'I-ENGAGEMENT', 'I-ENGAGEMENT', 'I-ENGAGEMENT', 'O', 'O', 'B-AVAILABILITY', 'I-AVAILABILITY', 'I-AVAILABILITY', 'I-AVAILABILITY', 'I-AVAILABILITY', 'O']"
Cloud Computing,CSC101,Dr Okafor,3,"Backs up explanations with real-world examples from experience, however lectures feel disorganized and hard to follow.","[('Subject Knowledge', 'positive'), ('Clarity of Instruction', 'negative')]","['backs', 'up', 'explanations', 'with', 'real-world', 'examples', 'from', 'experience', ',', 'however', 'lectures', 'feel', 'disorganized', 'and', 'hard', 'to', 'follow', '.']","['B-SUBJECT_KNOWLEDGE', 'I-SUBJECT_KNOWLEDGE', 'I-SUBJECT_KNOWLEDGE', 'I-SUBJECT_KNOWLEDGE', 'I-SUBJECT_KNOWLEDGE', 'I-SUBJECT_KNOWLEDGE', 'I-SUBJECT_KNOWLEDGE', 'I-SUBJECT_KNOWLEDGE', 'O', 'O', 'B-CLARITY_OF_INSTRUCTION', 'I-CLARITY_OF_INSTRUCTION', 'I-CLARITY_OF_INSTRUCTION', 'I-CLARITY_OF_INSTRUCTION', 'I-CLARITY_OF_INSTRUCTION', 'I-CLARITY_OF_INSTRUCTION', 'I-CLARITY_OF_INSTRUCTION', 'O']"
Machine Learning,CSC101,Dr Okafor,4,"Always available during office hours, also uses good examples when teaching.","[('Availability', 'positive'), ('Clarity of Instruction', 'positive')]","['always', 'available', 'during', 'office', 'hours', ',', 'also', 'uses', 'good', 'examples', 'when', 'teaching', '.']","['B-AVAILABILITY', 'I-AVAILABILITY', 'I-AVAILABILITY', 'I-AVAILABILITY', 'I-AVAILABILITY', 'O', 'O', 'B-CLARITY_OF_INSTRUCTION', 'I-CLARITY_OF_INSTRUCTION', 'I-CLARITY_OF_INSTRUCTION', 'I-CLARITY_OF_INSTRUCTION', 'I-CLARITY_OF_INSTRUCTION', 'O']"
Cloud Computing,CSC410,Dr Faith,1,"Hard to stay interested in this class, also grading seems arbitrary from one submission to the next, also gives vague answers when pushed for detail.","[('Engagement', 'negative'), ('Assessment', 'negative'), ('Subject Knowledge', 'negative')]","['hard', 'to', 'stay', 'interested', 'in', 'this', 'class', ',', 'also', 'grading', 'seems', 'arbitrary', 'from', 'one', 'submission', 'to', 'the', 'next', ',', 'also', 'gives', 'vague', 'answers', 'when', 'pushed', 'for', 'detail', '.']","['B-ENGAGEMENT', 'I-ENGAGEMENT', 'I-ENGAGEMENT', 'I-ENGAGEMENT', 'I-ENGAGEMENT', 'I-ENGAGEMENT', 'I-ENGAGEMENT', 'O', 'O', 'B-ASSESSMENT', 'I-ASSESSMENT', 'I-ASSESSMENT', 'I-ASSESSMENT', 'I-ASSESSMENT', 'I-ASSESSMENT', 'I-ASSESSMENT', 'I-ASSESSMENT', 'I-ASSESSMENT', 'O', 'O', 'B-SUBJECT_KNOWLEDGE', 'I-SUBJECT_KNOWLEDGE', 'I-SUBJECT_KNOWLEDGE', 'I-SUBJECT_KNOWLEDGE', 'I-SUBJECT_KNOWLEDGE', 'I-SUBJECT_KNOWLEDGE', 'I-SUBJECT_KNOWLEDGE', 'O']"
Data Science,CSC410,Dr Okafor,4,"Explains clearly, and keeps everyone engaged the whole session, also gives detailed feedback on assignments.","[('Clarity of Instruction', 'positive'), ('Engagement', 'positive'), ('Assessment', 'positive')]","['explains', 'clearly', ',', 'and', 'keeps', 'everyone', 'engaged', 'the', 'whole', 'session', ',', 'also', 'gives', 'detailed', 'feedback', 'on', 'assignments', '.']","['B-CLARITY_OF_INSTRUCTION', 'I-CLARITY_OF_INSTRUCTION', 'O', 'O', 'B-ENGAGEMENT', 'I-ENGAGEMENT', 'I-ENGAGEMENT', 'I-ENGAGEMENT', 'I-ENGAGEMENT', 'I-ENGAGEMENT', 'O', 'O', 'B-ASSESSMENT', 'I-ASSESSMENT', 'I-ASSESSMENT', 'I-ASSESSMENT', 'I-ASSESSMENT', 'O']"
Machine Learning,CSC406,Dr Okafor,1,Makes topics difficult to understand.,"[('Clarity of Instruction', 'negative')]","['makes', 'topics', 'difficult', 'to', 'understand', '.']","['B-CLARITY_OF_INSTRUCTION', 'I-CLARITY_OF_INSTRUCTION', 'I-CLARITY_OF_INSTRUCTION', 'I-CLARITY_OF_INSTRUCTION', 'I-CLARITY_OF_INSTRUCTION', 'O']"
Special Computing,CSC101,Dr Martins,4,"Simplifies difficult concepts well, and happy to answer questions after class, also keeps everyone engaged the whole session.","[('Clarity of Instruction', 'positive'), ('Availability', 'positive'), ('Engagement', 'positive')]","['simplifies', 'difficult', 'concepts', 'well', ',', 'and', 'happy', 'to', 'answer', 'questions', 'after', 'class', ',', 'also', 'keeps', 'everyone', 'engaged', 'the', 'whole', 'session', '.']","['B-CLARITY_OF_INSTRUCTION', 'I-CLARITY_OF_INSTRUCTION', 'I-CLARITY_OF_INSTRUCTION', 'I-CLARITY_OF_INSTRUCTION', 'O', 'O', 'B-AVAILABILITY', 'I-AVAILABILITY', 'I-AVAILABILITY', 'I-AVAILABILITY', 'I-AVAILABILITY', 'I-AVAILABILITY', 'O', 'O', 'B-ENGAGEMENT', 'I-ENGAGEMENT', 'I-ENGAGEMENT', 'I-ENGAGEMENT', 'I-ENGAGEMENT', 'I-ENGAGEMENT', 'O']"
Cloud Computing,CSC412,Dr Pomele,2,"Replies on the discussion forum within a day, also goes beyond the textbook when explaining concepts, but grades inconsistently between students.","[('Availability', 'positive'), ('Subject Knowledge', 'positive'), ('Assessment', 'negative')]","['replies', 'on', 'the', 'discussion', 'forum', 'within', 'a', 'day', ',', 'also', 'goes', 'beyond', 'the', 'textbook', 'when', 'explaining', 'concepts', ',', 'but', 'grades', 'inconsistently', 'between', 'students', '.']","['B-AVAILABILITY', 'I-AVAILABILITY', 'I-AVAILABILITY', 'I-AVAILABILITY', 'I-AVAILABILITY', 'I-AVAILABILITY', 'I-AVAILABILITY', 'I-AVAILABILITY', 'O', 'O', 'B-SUBJECT_KNOWLEDGE', 'I-SUBJECT_KNOWLEDGE', 'I-SUBJECT_KNOWLEDGE', 'I-SUBJECT_KNOWLEDGE', 'I-SUBJECT_KNOWLEDGE', 'I-SUBJECT_KNOWLEDGE', 'I-SUBJECT_KNOWLEDGE', 'O', 'O', 'B-ASSESSMENT', 'I-ASSESSMENT', 'I-ASSESSMENT', 'I-ASSESSMENT', 'O']"
Cloud Computing,CSC412,Dr Faith,5,"You can tell he's mastered this field, also the way he breaks down ideas makes sense, also uses humor to keep the room awake.","[('Subject Knowledge', 'positive'), ('Clarity of Instruction', 'positive'), ('Engagement', 'positive')]","['you', 'can', 'tell', 'he', ""'s"", 'mastered', 'this', 'field', ',', 'also', 'the', 'way', 'he', 'breaks', 'down', 'ideas', 'makes', 'sense', ',', 'also', 'uses', 'humor', 'to', 'keep', 'the', 'room', 'awake', '.']","['B-SUBJECT_KNOWLEDGE', 'I-SUBJECT_KNOWLEDGE', 'I-SUBJECT_KNOWLEDGE', 'I-SUBJECT_KNOWLEDGE', 'I-SUBJECT_KNOWLEDGE', 'I-SUBJECT_KNOWLEDGE', 'I-SUBJECT_KNOWLEDGE', 'I-SUBJECT_KNOWLEDGE', 'O', 'O', 'B-CLARITY_OF_INSTRUCTION', 'I-CLARITY_OF_INSTRUCTION', 'I-CLARITY_OF_INSTRUCTION', 'I-CLARITY_OF_INSTRUCTION', 'I-CLARITY_OF_INSTRUCTION', 'I-CLARITY_OF_INSTRUCTION', 'I-CLARITY_OF_INSTRUCTION', 'I-CLARITY_OF_INSTRUCTION', 'O', 'O', 'B-ENGAGEMENT', 'I-ENGAGEMENT', 'I-ENGAGEMENT', 'I-ENGAGEMENT', 'I-ENGAGEMENT', 'I-ENGAGEMENT', 'I-ENGAGEMENT', 'O']"
Cloud Computing,CSC410,Dr Pomele,4,"I actually look forward to this class, but gives vague answers when pushed for detail.","[('Engagement', 'positive'), ('Subject Knowledge', 'negative')]","['i', 'actually', 'look', 'forward', 'to', 'this', 'class', ',', 'but', 'gives', 'vague', 'answers', 'when', 'pushed', 'for', 'detail', '.']","['B-ENGAGEMENT', 'I-ENGAGEMENT', 'I-ENGAGEMENT', 'I-ENGAGEMENT', 'I-ENGAGEMENT', 'I-ENGAGEMENT', 'I-ENGAGEMENT', 'O', 'O', 'B-SUBJECT_KNOWLEDGE', 'I-SUBJECT_KNOWLEDGE', 'I-SUBJECT_KNOWLEDGE', 'I-SUBJECT_KNOWLEDGE', 'I-SUBJECT_KNOWLEDGE', 'I-SUBJECT_KNOWLEDGE', 'I-SUBJECT_KNOWLEDGE', 'O']"
Special Computing,CSC408,Dr Martins,3,"Makes topics easier to understand, although no rubric is given before assignments are due.","[('Clarity of Instruction', 'positive'), ('Assessment', 'negative')]","['makes', 'topics', 'easier', 'to', 'understand', ',', 'although', 'no', 'rubric', 'is', 'given', 'before', 'assignments', 'are', 'due', '.']","['B-CLARITY_OF_INSTRUCTION', 'I-CLARITY_OF_INSTRUCTION', 'I-CLARITY_OF_INSTRUCTION', 'I-CLARITY_OF_INSTRUCTION', 'I-CLARITY_OF_INSTRUCTION', 'O', 'O', 'B-ASSESSMENT', 'I-ASSESSMENT', 'I-ASSESSMENT', 'I-ASSESSMENT', 'I-ASSESSMENT', 'I-ASSESSMENT', 'I-ASSESSMENT', 'I-ASSESSMENT', 'O']"
Machine Learning,CSC101,Dr Faith,3,"Never asks questions or invites discussion, and i never know why i lost points, and can't connect concepts to real applications.","[('Engagement', 'negative'), ('Assessment', 'negative'), ('Subject Knowledge', 'negative')]","['never', 'asks', 'questions', 'or', 'invites', 'discussion', ',', 'and', 'i', 'never', 'know', 'why', 'i', 'lost', 'points', ',', 'and', 'ca', ""n't"", 'connect', 'concepts', 'to', 'real', 'applications', '.']","['B-ENGAGEMENT', 'I-ENGAGEMENT', 'I-ENGAGEMENT', 'I-ENGAGEMENT', 'I-ENGAGEMENT', 'I-ENGAGEMENT', 'O', 'O', 'B-ASSESSMENT', 'I-ASSESSMENT', 'I-ASSESSMENT', 'I-ASSESSMENT', 'I-ASSESSMENT', 'I-ASSESSMENT', 'I-ASSESSMENT', 'O', 'O', 'B-SUBJECT_KNOWLEDGE', 'I-SUBJECT_KNOWLEDGE', 'I-SUBJECT_KNOWLEDGE', 'I-SUBJECT_KNOWLEDGE', 'I-SUBJECT_KNOWLEDGE', 'I-SUBJECT_KNOWLEDGE', 'I-SUBJECT_KNOWLEDGE', 'O']"
Machine Learning,CSC410,Dr Adeyemi,3,"Comments on assignments are unhelpful or missing, although happy to answer questions after class.","[('Assessment', 'negative'), ('Availability', 'positive')]","['comments', 'on', 'assignments', 'are', 'unhelpful', 'or', 'missing', ',', 'although', 'happy', 'to', 'answer', 'questions', 'after', 'class', '.']","['B-ASSESSMENT', 'I-ASSESSMENT', 'I-ASSESSMENT', 'I-ASSESSMENT', 'I-ASSESSMENT', 'I-ASSESSMENT', 'I-ASSESSMENT', 'O', 'O', 'B-AVAILABILITY', 'I-AVAILABILITY', 'I-AVAILABILITY', 'I-AVAILABILITY', 'I-AVAILABILITY', 'I-AVAILABILITY', 'O']"
Data Science,CSC408,Dr Adeyemi,3,"No rubric is given before assignments are due, although i trust his understanding of even advanced topics.","[('Assessment', 'negative'), ('Subject Knowledge', 'positive')]","['no', 'rubric', 'is', 'given', 'before', 'assignments', 'are', 'due', ',', 'although', 'i', 'trust', 'his', 'understanding', 'of', 'even', 'advanced', 'topics', '.']","['B-ASSESSMENT', 'I-ASSESSMENT', 'I-ASSESSMENT', 'I-ASSESSMENT', 'I-ASSESSMENT', 'I-ASSESSMENT', 'I-ASSESSMENT', 'I-ASSESSMENT', 'O', 'O', 'B-SUBJECT_KNOWLEDGE', 'I-SUBJECT_KNOWLEDGE', 'I-SUBJECT_KNOWLEDGE', 'I-SUBJECT_KNOWLEDGE', 'I-SUBJECT_KNOWLEDGE', 'I-SUBJECT_KNOWLEDGE', 'I-SUBJECT_KNOWLEDGE', 'I-SUBJECT_KNOWLEDGE', 'O']"
Data Science,CSC410,Dr Faith,3,Every explanation is easy to follow.,"[('Clarity of Instruction', 'positive')]","['every', 'explanation', 'is', 'easy', 'to', 'follow', '.']","['B-CLARITY_OF_INSTRUCTION', 'I-CLARITY_OF_INSTRUCTION', 'I-CLARITY_OF_INSTRUCTION', 'I-CLARITY_OF_INSTRUCTION', 'I-CLARITY_OF_INSTRUCTION', 'I-CLARITY_OF_INSTRUCTION', 'O']"
Machine Learning,CSC101,Dr Adeyemi,3,"Seems to be reading straight from slides, although his energy makes the lecture fly by.","[('Subject Knowledge', 'negative'), ('Engagement', 'positive')]","['seems', 'to', 'be', 'reading', 'straight', 'from', 'slides', ',', 'although', 'his', 'energy', 'makes', 'the', 'lecture', 'fly', 'by', '.']","['B-SUBJECT_KNOWLEDGE', 'I-SUBJECT_KNOWLEDGE', 'I-SUBJECT_KNOWLEDGE', 'I-SUBJECT_KNOWLEDGE', 'I-SUBJECT_KNOWLEDGE', 'I-SUBJECT_KNOWLEDGE', 'I-SUBJECT_KNOWLEDGE', 'O', 'O', 'B-ENGAGEMENT', 'I-ENGAGEMENT', 'I-ENGAGEMENT', 'I-ENGAGEMENT', 'I-ENGAGEMENT', 'I-ENGAGEMENT', 'I-ENGAGEMENT', 'O']"
Data Science,CSC408,Dr Faith,3,"Makes topics easier to understand, although feels like a one-way monologue every time.","[('Clarity of Instruction', 'positive'), ('Engagement', 'negative')]","['makes', 'topics', 'easier', 'to', 'understand', ',', 'although', 'feels', 'like', 'a', 'one-way', 'monologue', 'every', 'time', '.']","['B-CLARITY_OF_INSTRUCTION', 'I-CLARITY_OF_INSTRUCTION', 'I-CLARITY_OF_INSTRUCTION', 'I-CLARITY_OF_INSTRUCTION', 'I-CLARITY_OF_INSTRUCTION', 'O', 'O', 'B-ENGAGEMENT', 'I-ENGAGEMENT', 'I-ENGAGEMENT', 'I-ENGAGEMENT', 'I-ENGAGEMENT', 'I-ENGAGEMENT', 'I-ENGAGEMENT', 'O']"
Cloud Computing,CSC406,Dr Pomele,2,grades inconsistently between students.,"[('Assessment', 'negative')]","['grades', 'inconsistently', 'between', 'students', '.']","['B-ASSESSMENT', 'I-ASSESSMENT', 'I-ASSESSMENT', 'I-ASSESSMENT', 'O']"
Cloud Computing,CSC408,Dr Faith,3,"I've never had trouble reaching him for help, although i struggle to follow most explanations.","[('Availability', 'positive'), ('Clarity of Instruction', 'negative')]","['i', ""'ve"", 'never', 'had', 'trouble', 'reaching', 'him', 'for', 'help', ',', 'although', 'i', 'struggle', 'to', 'follow', 'most', 'explanations', '.']","['B-AVAILABILITY', 'I-AVAILABILITY', 'I-AVAILABILITY', 'I-AVAILABILITY', 'I-AVAILABILITY', 'I-AVAILABILITY', 'I-AVAILABILITY', 'I-AVAILABILITY', 'I-AVAILABILITY', 'O', 'O', 'B-CLARITY_OF_INSTRUCTION', 'I-CLARITY_OF_INSTRUCTION', 'I-CLARITY_OF_INSTRUCTION', 'I-CLARITY_OF_INSTRUCTION', 'I-CLARITY_OF_INSTRUCTION', 'I-CLARITY_OF_INSTRUCTION', 'O']"
Cloud Computing,CSC412,Dr Martins,2,I struggle to follow most explanations.,"[('Clarity of Instruction', 'negative')]","['i', 'struggle', 'to', 'follow', 'most', 'explanations', '.']","['B-CLARITY_OF_INSTRUCTION', 'I-CLARITY_OF_INSTRUCTION', 'I-CLARITY_OF_INSTRUCTION', 'I-CLARITY_OF_INSTRUCTION', 'I-CLARITY_OF_INSTRUCTION', 'I-CLARITY_OF_INSTRUCTION', 'O']"
Data Science,CSC101,Dr Pomele,1,"No rubric is given before assignments are due, although uses humor to keep the room awake, although seems annoyed when students ask for extra help.","[('Assessment', 'negative'), ('Engagement', 'positive'), ('Availability', 'negative')]","['no', 'rubric', 'is', 'given', 'before', 'assignments', 'are', 'due', ',', 'although', 'uses', 'humor', 'to', 'keep', 'the', 'room', 'awake', ',', 'although', 'seems', 'annoyed', 'when', 'students', 'ask', 'for', 'extra', 'help', '.']","['B-ASSESSMENT', 'I-ASSESSMENT', 'I-ASSESSMENT', 'I-ASSESSMENT', 'I-ASSESSMENT', 'I-ASSESSMENT', 'I-ASSESSMENT', 'I-ASSESSMENT', 'O', 'O', 'B-ENGAGEMENT', 'I-ENGAGEMENT', 'I-ENGAGEMENT', 'I-ENGAGEMENT', 'I-ENGAGEMENT', 'I-ENGAGEMENT', 'I-ENGAGEMENT', 'O', 'O', 'B-AVAILABILITY', 'I-AVAILABILITY', 'I-AVAILABILITY', 'I-AVAILABILITY', 'I-AVAILABILITY', 'I-AVAILABILITY', 'I-AVAILABILITY', 'I-AVAILABILITY', 'O']"
Cloud Computing,CSC410,Dr Faith,5,"Every explanation is easy to follow, and turns dry topics into lively discussions.","[('Clarity of Instruction', 'positive'), ('Engagement', 'positive')]","['every', 'explanation', 'is', 'easy', 'to', 'follow', ',', 'and', 'turns', 'dry', 'topics', 'into', 'lively', 'discussions', '.']","['B-CLARITY_OF_INSTRUCTION', 'I-CLARITY_OF_INSTRUCTION', 'I-CLARITY_OF_INSTRUCTION', 'I-CLARITY_OF_INSTRUCTION', 'I-CLARITY_OF_INSTRUCTION', 'I-CLARITY_OF_INSTRUCTION', 'O', 'O', 'B-ENGAGEMENT', 'I-ENGAGEMENT', 'I-ENGAGEMENT', 'I-ENGAGEMENT', 'I-ENGAGEMENT', 'I-ENGAGEMENT', 'O']"
Cloud Computing,CSC406,Dr Pomele,4,"Never seems caught off guard by a question, and his energy makes the lecture fly by.","[('Subject Knowledge', 'positive'), ('Engagement', 'positive')]","['never', 'seems', 'caught', 'off', 'guard', 'by', 'a', 'question', ',', 'and', 'his', 'energy', 'makes', 'the', 'lecture', 'fly', 'by', '.']","['B-SUBJECT_KNOWLEDGE', 'I-SUBJECT_KNOWLEDGE', 'I-SUBJECT_KNOWLEDGE', 'I-SUBJECT_KNOWLEDGE', 'I-SUBJECT_KNOWLEDGE', 'I-SUBJECT_KNOWLEDGE', 'I-SUBJECT_KNOWLEDGE', 'I-SUBJECT_KNOWLEDGE', 'O', 'O', 'B-ENGAGEMENT', 'I-ENGAGEMENT', 'I-ENGAGEMENT', 'I-ENGAGEMENT', 'I-ENGAGEMENT', 'I-ENGAGEMENT', 'I-ENGAGEMENT', 'O']"
Introduction to Computing,CSC408,Dr Okafor,1,"Cancels office hours without notice, and can't connect concepts to real applications.","[('Availability', 'negative'), ('Subject Knowledge', 'negative')]","['cancels', 'office', 'hours', 'without', 'notice', ',', 'and', 'ca', ""n't"", 'connect', 'concepts', 'to', 'real', 'applications', '.']","['B-AVAILABILITY', 'I-AVAILABILITY', 'I-AVAILABILITY', 'I-AVAILABILITY', 'I-AVAILABILITY', 'O', 'O', 'B-SUBJECT_KNOWLEDGE', 'I-SUBJECT_KNOWLEDGE', 'I-SUBJECT_KNOWLEDGE', 'I-SUBJECT_KNOWLEDGE', 'I-SUBJECT_KNOWLEDGE', 'I-SUBJECT_KNOWLEDGE', 'I-SUBJECT_KNOWLEDGE', 'O']"
Data Science,CSC406,Dr Okafor,2,"Rushes through explanations, and avoids questions that go beyond the syllabus.","[('Clarity of Instruction', 'negative'), ('Subject Knowledge', 'negative')]","['rushes', 'through', 'explanations', ',', 'and', 'avoids', 'questions', 'that', 'go', 'beyond', 'the', 'syllabus', '.']","['B-CLARITY_OF_INSTRUCTION', 'I-CLARITY_OF_INSTRUCTION', 'I-CLARITY_OF_INSTRUCTION', 'O', 'O', 'B-SUBJECT_KNOWLEDGE', 'I-SUBJECT_KNOWLEDGE', 'I-SUBJECT_KNOWLEDGE', 'I-SUBJECT_KNOWLEDGE', 'I-SUBJECT_KNOWLEDGE', 'I-SUBJECT_KNOWLEDGE', 'I-SUBJECT_KNOWLEDGE', 'O']"
Data Science,CSC101,Dr Faith,5,Rubrics are clear before submitting work.,"[('Assessment', 'positive')]","['rubrics', 'are', 'clear', 'before', 'submitting', 'work', '.']","['B-ASSESSMENT', 'I-ASSESSMENT', 'I-ASSESSMENT', 'I-ASSESSMENT', 'I-ASSESSMENT', 'I-ASSESSMENT', 'O']"
Special Computing,CSC410,Dr Okafor,4,"Backs up explanations with real-world examples from experience, however i never know why i lost points, but replies on the discussion forum within a day.","[('Subject Knowledge', 'positive'), ('Assessment', 'negative'), ('Availability', 'positive')]","['backs', 'up', 'explanations', 'with', 'real-world', 'examples', 'from', 'experience', ',', 'however', 'i', 'never', 'know', 'why', 'i', 'lost', 'points', ',', 'but', 'replies', 'on', 'the', 'discussion', 'forum', 'within', 'a', 'day', '.']","['B-SUBJECT_KNOWLEDGE', 'I-SUBJECT_KNOWLEDGE', 'I-SUBJECT_KNOWLEDGE', 'I-SUBJECT_KNOWLEDGE', 'I-SUBJECT_KNOWLEDGE', 'I-SUBJECT_KNOWLEDGE', 'I-SUBJECT_KNOWLEDGE', 'I-SUBJECT_KNOWLEDGE', 'O', 'O', 'B-ASSESSMENT', 'I-ASSESSMENT', 'I-ASSESSMENT', 'I-ASSESSMENT', 'I-ASSESSMENT', 'I-ASSESSMENT', 'I-ASSESSMENT', 'O', 'O', 'B-AVAILABILITY', 'I-AVAILABILITY', 'I-AVAILABILITY', 'I-AVAILABILITY', 'I-AVAILABILITY', 'I-AVAILABILITY', 'I-AVAILABILITY', 'I-AVAILABILITY', 'O']"
Machine Learning,CSC412,Dr Martins,2,"Never holds actual office hours, and grading seems arbitrary from one submission to the next.","[('Availability', 'negative'), ('Assessment', 'negative')]","['never', 'holds', 'actual', 'office', 'hours', ',', 'and', 'grading', 'seems', 'arbitrary', 'from', 'one', 'submission', 'to', 'the', 'next', '.']","['B-AVAILABILITY', 'I-AVAILABILITY', 'I-AVAILABILITY', 'I-AVAILABILITY', 'I-AVAILABILITY', 'O', 'O', 'B-ASSESSMENT', 'I-ASSESSMENT', 'I-ASSESSMENT', 'I-ASSESSMENT', 'I-ASSESSMENT', 'I-ASSESSMENT', 'I-ASSESSMENT', 'I-ASSESSMENT', 'I-ASSESSMENT', 'O']"
Data Science,CSC410,Dr Martins,2,"Explains difficult material well, and uses humor to keep the room awake, but struggles to answer basic questions.","[('Clarity of Instruction', 'positive'), ('Engagement', 'positive'), ('Subject Knowledge', 'negative')]","['explains', 'difficult', 'material', 'well', ',', 'and', 'uses', 'humor', 'to', 'keep', 'the', 'room', 'awake', ',', 'but', 'struggles', 'to', 'answer', 'basic', 'questions', '.']","['B-CLARITY_OF_INSTRUCTION', 'I-CLARITY_OF_INSTRUCTION', 'I-CLARITY_OF_INSTRUCTION', 'I-CLARITY_OF_INSTRUCTION', 'O', 'O', 'B-ENGAGEMENT', 'I-ENGAGEMENT', 'I-ENGAGEMENT', 'I-ENGAGEMENT', 'I-ENGAGEMENT', 'I-ENGAGEMENT', 'I-ENGAGEMENT', 'O', 'O', 'B-SUBJECT_KNOWLEDGE', 'I-SUBJECT_KNOWLEDGE', 'I-SUBJECT_KNOWLEDGE', 'I-SUBJECT_KNOWLEDGE', 'I-SUBJECT_KNOWLEDGE', 'O']"
Introduction to Computing,CSC101,Dr Faith,3,"Never asks questions or invites discussion, however i always leave the class understanding the topic.","[('Engagement', 'negative'), ('Clarity of Instruction', 'positive')]","['never', 'asks', 'questions', 'or', 'invites', 'discussion', ',', 'however', 'i', 'always', 'leave', 'the', 'class', 'understanding', 'the', 'topic', '.']","['B-ENGAGEMENT', 'I-ENGAGEMENT', 'I-ENGAGEMENT', 'I-ENGAGEMENT', 'I-ENGAGEMENT', 'I-ENGAGEMENT', 'O', 'O', 'B-CLARITY_OF_INSTRUCTION', 'I-CLARITY_OF_INSTRUCTION', 'I-CLARITY_OF_INSTRUCTION', 'I-CLARITY_OF_INSTRUCTION', 'I-CLARITY_OF_INSTRUCTION', 'I-CLARITY_OF_INSTRUCTION', 'I-CLARITY_OF_INSTRUCTION', 'I-CLARITY_OF_INSTRUCTION', 'O']"
Data Science,CSC101,Dr Okafor,4,"Gives vague answers when pushed for detail, but uses good examples when teaching, and returns graded work quickly.","[('Subject Knowledge', 'negative'), ('Clarity of Instruction', 'positive'), ('Assessment', 'positive')]","['gives', 'vague', 'answers', 'when', 'pushed', 'for', 'detail', ',', 'but', 'uses', 'good', 'examples', 'when', 'teaching', ',', 'and', 'returns', 'graded', 'work', 'quickly', '.']","['B-SUBJECT_KNOWLEDGE', 'I-SUBJECT_KNOWLEDGE', 'I-SUBJECT_KNOWLEDGE', 'I-SUBJECT_KNOWLEDGE', 'I-SUBJECT_KNOWLEDGE', 'I-SUBJECT_KNOWLEDGE', 'I-SUBJECT_KNOWLEDGE', 'O', 'O', 'B-CLARITY_OF_INSTRUCTION', 'I-CLARITY_OF_INSTRUCTION', 'I-CLARITY_OF_INSTRUCTION', 'I-CLARITY_OF_INSTRUCTION', 'I-CLARITY_OF_INSTRUCTION', 'O', 'O', 'B-ASSESSMENT', 'I-ASSESSMENT', 'I-ASSESSMENT', 'I-ASSESSMENT', 'O']"
Cloud Computing,CSC101,Dr Faith,4,Answers even the toughest questions confidently.,"[('Subject Knowledge', 'positive')]","['answers', 'even', 'the', 'toughest', 'questions', 'confidently', '.']","['B-SUBJECT_KNOWLEDGE', 'I-SUBJECT_KNOWLEDGE', 'I-SUBJECT_KNOWLEDGE', 'I-SUBJECT_KNOWLEDGE', 'I-SUBJECT_KNOWLEDGE', 'I-SUBJECT_KNOWLEDGE', 'O']"
Machine Learning,CSC408,Dr Okafor,1,Ignores questions posted on the course forum.,"[('Availability', 'negative')]","['ignores', 'questions', 'posted', 'on', 'the', 'course', 'forum', '.']","['B-AVAILABILITY', 'I-AVAILABILITY', 'I-AVAILABILITY', 'I-AVAILABILITY', 'I-AVAILABILITY', 'I-AVAILABILITY', 'I-AVAILABILITY', 'O']"
Special Computing,CSC406,Dr Okafor,4,You can tell he's mastered this field.,"[('Subject Knowledge', 'positive')]","['you', 'can', 'tell', 'he', ""'s"", 'mastered', 'this', 'field', '.']","['B-SUBJECT_KNOWLEDGE', 'I-SUBJECT_KNOWLEDGE', 'I-SUBJECT_KNOWLEDGE', 'I-SUBJECT_KNOWLEDGE', 'I-SUBJECT_KNOWLEDGE', 'I-SUBJECT_KNOWLEDGE', 'I-SUBJECT_KNOWLEDGE', 'I-SUBJECT_KNOWLEDGE', 'O']"
Data Science,CSC408,Dr Martins,5,"Uses humor to keep the room awake, also backs up explanations with real-world examples from experience, although help with grading disputes is hard to get.","[('Engagement', 'positive'), ('Subject Knowledge', 'positive'), ('Assessment', 'negative')]","['uses', 'humor', 'to', 'keep', 'the', 'room', 'awake', ',', 'also', 'backs', 'up', 'explanations', 'with', 'real-world', 'examples', 'from', 'experience', ',', 'although', 'help', 'with', 'grading', 'disputes', 'is', 'hard', 'to', 'get', '.']","['B-ENGAGEMENT', 'I-ENGAGEMENT', 'I-ENGAGEMENT', 'I-ENGAGEMENT', 'I-ENGAGEMENT', 'I-ENGAGEMENT', 'I-ENGAGEMENT', 'O', 'O', 'B-SUBJECT_KNOWLEDGE', 'I-SUBJECT_KNOWLEDGE', 'I-SUBJECT_KNOWLEDGE', 'I-SUBJECT_KNOWLEDGE', 'I-SUBJECT_KNOWLEDGE', 'I-SUBJECT_KNOWLEDGE', 'I-SUBJECT_KNOWLEDGE', 'I-SUBJECT_KNOWLEDGE', 'O', 'O', 'B-ASSESSMENT', 'I-ASSESSMENT', 'I-ASSESSMENT', 'I-ASSESSMENT', 'I-ASSESSMENT', 'I-ASSESSMENT', 'I-ASSESSMENT', 'I-ASSESSMENT', 'O']"
Introduction to Computing,CSC101,Dr Adeyemi,5,"Avoids questions that go beyond the syllabus, however i actually look forward to this class.","[('Subject Knowledge', 'negative'), ('Engagement', 'positive')]","['avoids', 'questions', 'that', 'go', 'beyond', 'the', 'syllabus', ',', 'however', 'i', 'actually', 'look', 'forward', 'to', 'this', 'class', '.']","['B-SUBJECT_KNOWLEDGE', 'I-SUBJECT_KNOWLEDGE', 'I-SUBJECT_KNOWLEDGE', 'I-SUBJECT_KNOWLEDGE', 'I-SUBJECT_KNOWLEDGE', 'I-SUBJECT_KNOWLEDGE', 'I-SUBJECT_KNOWLEDGE', 'O', 'O', 'B-ENGAGEMENT', 'I-ENGAGEMENT', 'I-ENGAGEMENT', 'I-ENGAGEMENT', 'I-ENGAGEMENT', 'I-ENGAGEMENT', 'I-ENGAGEMENT', 'O']"
Data Science,CSC412,Dr Pomele,4,Every explanation is easy to follow.,"[('Clarity of Instruction', 'positive')]","['every', 'explanation', 'is', 'easy', 'to', 'follow', '.']","['B-CLARITY_OF_INSTRUCTION', 'I-CLARITY_OF_INSTRUCTION', 'I-CLARITY_OF_INSTRUCTION', 'I-CLARITY_OF_INSTRUCTION', 'I-CLARITY_OF_INSTRUCTION', 'I-CLARITY_OF_INSTRUCTION', 'O']"
Data Science,CSC412,Dr Martins,1,"Never asks questions or invites discussion, and doesn't seem to know the material well, although i've never had trouble reaching him for help.","[('Engagement', 'negative'), ('Subject Knowledge', 'negative'), ('Availability', 'positive')]","['never', 'asks', 'questions', 'or', 'invites', 'discussion', ',', 'and', 'does', ""n't"", 'seem', 'to', 'know', 'the', 'material', 'well', ',', 'although', 'i', ""'ve"", 'never', 'had', 'trouble', 'reaching', 'him', 'for', 'help', '.']","['B-ENGAGEMENT', 'I-ENGAGEMENT', 'I-ENGAGEMENT', 'I-ENGAGEMENT', 'I-ENGAGEMENT', 'I-ENGAGEMENT', 'O', 'O', 'B-SUBJECT_KNOWLEDGE', 'I-SUBJECT_KNOWLEDGE', 'I-SUBJECT_KNOWLEDGE', 'I-SUBJECT_KNOWLEDGE', 'I-SUBJECT_KNOWLEDGE', 'I-SUBJECT_KNOWLEDGE', 'I-SUBJECT_KNOWLEDGE', 'I-SUBJECT_KNOWLEDGE', 'O', 'O', 'B-AVAILABILITY', 'I-AVAILABILITY', 'I-AVAILABILITY', 'I-AVAILABILITY', 'I-AVAILABILITY', 'I-AVAILABILITY', 'I-AVAILABILITY', 'I-AVAILABILITY', 'I-AVAILABILITY', 'O']"
Introduction to Computing,CSC412,Dr Faith,2,No rubric is given before assignments are due.,"[('Assessment', 'negative')]","['no', 'rubric', 'is', 'given', 'before', 'assignments', 'are', 'due', '.']","['B-ASSESSMENT', 'I-ASSESSMENT', 'I-ASSESSMENT', 'I-ASSESSMENT', 'I-ASSESSMENT', 'I-ASSESSMENT', 'I-ASSESSMENT', 'I-ASSESSMENT', 'O']"
Cloud Computing,CSC410,Dr Martins,4,"Responds to emails quickly, and makes the class genuinely interesting.","[('Availability', 'positive'), ('Engagement', 'positive')]","['responds', 'to', 'emails', 'quickly', ',', 'and', 'makes', 'the', 'class', 'genuinely', 'interesting', '.']","['B-AVAILABILITY', 'I-AVAILABILITY', 'I-AVAILABILITY', 'I-AVAILABILITY', 'O', 'O', 'B-ENGAGEMENT', 'I-ENGAGEMENT', 'I-ENGAGEMENT', 'I-ENGAGEMENT', 'I-ENGAGEMENT', 'O']"
Machine Learning,CSC406,Dr Okafor,3,"Grades fairly and consistently, although seems to be reading straight from slides.","[('Assessment', 'positive'), ('Subject Knowledge', 'negative')]","['grades', 'fairly', 'and', 'consistently', ',', 'although', 'seems', 'to', 'be', 'reading', 'straight', 'from', 'slides', '.']","['B-ASSESSMENT', 'I-ASSESSMENT', 'I-ASSESSMENT', 'I-ASSESSMENT', 'O', 'O', 'B-SUBJECT_KNOWLEDGE', 'I-SUBJECT_KNOWLEDGE', 'I-SUBJECT_KNOWLEDGE', 'I-SUBJECT_KNOWLEDGE', 'I-SUBJECT_KNOWLEDGE', 'I-SUBJECT_KNOWLEDGE', 'I-SUBJECT_KNOWLEDGE', 'O']"
Data Science,CSC410,Dr Okafor,3,"grades inconsistently between students, but uses good examples when teaching.","[('Assessment', 'negative'), ('Clarity of Instruction', 'positive')]","['grades', 'inconsistently', 'between', 'students', ',', 'but', 'uses', 'good', 'examples', 'when', 'teaching', '.']","['B-ASSESSMENT', 'I-ASSESSMENT', 'I-ASSESSMENT', 'I-ASSESSMENT', 'O', 'O', 'B-CLARITY_OF_INSTRUCTION', 'I-CLARITY_OF_INSTRUCTION', 'I-CLARITY_OF_INSTRUCTION', 'I-CLARITY_OF_INSTRUCTION', 'I-CLARITY_OF_INSTRUCTION', 'O']"
Machine Learning,CSC410,Dr Adeyemi,5,"Clearly knows the material inside and out, also i always leave the class understanding the topic.","[('Subject Knowledge', 'positive'), ('Clarity of Instruction', 'positive')]","['clearly', 'knows', 'the', 'material', 'inside', 'and', 'out', ',', 'also', 'i', 'always', 'leave', 'the', 'class', 'understanding', 'the', 'topic', '.']","['B-SUBJECT_KNOWLEDGE', 'I-SUBJECT_KNOWLEDGE', 'I-SUBJECT_KNOWLEDGE', 'I-SUBJECT_KNOWLEDGE', 'I-SUBJECT_KNOWLEDGE', 'I-SUBJECT_KNOWLEDGE', 'I-SUBJECT_KNOWLEDGE', 'O', 'O', 'B-CLARITY_OF_INSTRUCTION', 'I-CLARITY_OF_INSTRUCTION', 'I-CLARITY_OF_INSTRUCTION', 'I-CLARITY_OF_INSTRUCTION', 'I-CLARITY_OF_INSTRUCTION', 'I-CLARITY_OF_INSTRUCTION', 'I-CLARITY_OF_INSTRUCTION', 'I-CLARITY_OF_INSTRUCTION', 'O']"
Machine Learning,CSC101,Dr Adeyemi,4,Skips important details when explaining.,"[('Clarity of Instruction', 'negative')]","['skips', 'important', 'details', 'when', 'explaining', '.']","['B-CLARITY_OF_INSTRUCTION', 'I-CLARITY_OF_INSTRUCTION', 'I-CLARITY_OF_INSTRUCTION', 'I-CLARITY_OF_INSTRUCTION', 'I-CLARITY_OF_INSTRUCTION', 'O']"
Machine Learning,CSC412,Dr Martins,5,Responds to emails quickly.,"[('Availability', 'positive')]","['responds', 'to', 'emails', 'quickly', '.']","['B-AVAILABILITY', 'I-AVAILABILITY', 'I-AVAILABILITY', 'I-AVAILABILITY', 'O']"
Special Computing,CSC408,Dr Faith,5,Encourages students to participate often.,"[('Engagement', 'positive')]","['encourages', 'students', 'to', 'participate', 'often', '.']","['B-ENGAGEMENT', 'I-ENGAGEMENT', 'I-ENGAGEMENT', 'I-ENGAGEMENT', 'I-ENGAGEMENT', 'O']"
Cloud Computing,CSC408,Dr Pomele,2,"I always understand why I lost points, however struggles to answer basic questions, and feels like a one-way monologue every time.","[('Assessment', 'positive'), ('Subject Knowledge', 'negative'), ('Engagement', 'negative')]","['i', 'always', 'understand', 'why', 'i', 'lost', 'points', ',', 'however', 'struggles', 'to', 'answer', 'basic', 'questions', ',', 'and', 'feels', 'like', 'a', 'one-way', 'monologue', 'every', 'time', '.']","['B-ASSESSMENT', 'I-ASSESSMENT', 'I-ASSESSMENT', 'I-ASSESSMENT', 'I-ASSESSMENT', 'I-ASSESSMENT', 'I-ASSESSMENT', 'O', 'O', 'B-SUBJECT_KNOWLEDGE', 'I-SUBJECT_KNOWLEDGE', 'I-SUBJECT_KNOWLEDGE', 'I-SUBJECT_KNOWLEDGE', 'I-SUBJECT_KNOWLEDGE', 'O', 'O', 'B-ENGAGEMENT', 'I-ENGAGEMENT', 'I-ENGAGEMENT', 'I-ENGAGEMENT', 'I-ENGAGEMENT', 'I-ENGAGEMENT', 'I-ENGAGEMENT', 'O']"
Cloud Computing,CSC101,Dr Martins,1,The lecture drags on with no variation.,"[('Engagement', 'negative')]","['the', 'lecture', 'drags', 'on', 'with', 'no', 'variation', '.']","['B-ENGAGEMENT', 'I-ENGAGEMENT', 'I-ENGAGEMENT', 'I-ENGAGEMENT', 'I-ENGAGEMENT', 'I-ENGAGEMENT', 'I-ENGAGEMENT', 'O']"
Cloud Computing,CSC101,Dr Faith,1,"Can't connect concepts to real applications, also feedback is vague or nonexistent.","[('Subject Knowledge', 'negative'), ('Assessment', 'negative')]","['ca', ""n't"", 'connect', 'concepts', 'to', 'real', 'applications', ',', 'also', 'feedback', 'is', 'vague', 'or', 'nonexistent', '.']","['B-SUBJECT_KNOWLEDGE', 'I-SUBJECT_KNOWLEDGE', 'I-SUBJECT_KNOWLEDGE', 'I-SUBJECT_KNOWLEDGE', 'I-SUBJECT_KNOWLEDGE', 'I-SUBJECT_KNOWLEDGE', 'I-SUBJECT_KNOWLEDGE', 'O', 'O', 'B-ASSESSMENT', 'I-ASSESSMENT', 'I-ASSESSMENT', 'I-ASSESSMENT', 'I-ASSESSMENT', 'O']"
Introduction to Computing,CSC410,Dr Pomele,4,"Never seems caught off guard by a question, and breaks complex structures into understandable ones, also very approachable outside of lecture time.","[('Subject Knowledge', 'positive'), ('Clarity of Instruction', 'positive'), ('Availability', 'positive')]","['never', 'seems', 'caught', 'off', 'guard', 'by', 'a', 'question', ',', 'and', 'breaks', 'complex', 'structures', 'into', 'understandable', 'ones', ',', 'also', 'very', 'approachable', 'outside', 'of', 'lecture', 'time', '.']","['B-SUBJECT_KNOWLEDGE', 'I-SUBJECT_KNOWLEDGE', 'I-SUBJECT_KNOWLEDGE', 'I-SUBJECT_KNOWLEDGE', 'I-SUBJECT_KNOWLEDGE', 'I-SUBJECT_KNOWLEDGE', 'I-SUBJECT_KNOWLEDGE', 'I-SUBJECT_KNOWLEDGE', 'O', 'O', 'B-CLARITY_OF_INSTRUCTION', 'I-CLARITY_OF_INSTRUCTION', 'I-CLARITY_OF_INSTRUCTION', 'I-CLARITY_OF_INSTRUCTION', 'I-CLARITY_OF_INSTRUCTION', 'I-CLARITY_OF_INSTRUCTION', 'O', 'O', 'B-AVAILABILITY', 'I-AVAILABILITY', 'I-AVAILABILITY', 'I-AVAILABILITY', 'I-AVAILABILITY', 'I-AVAILABILITY', 'O']"
Cloud Computing,CSC101,Dr Okafor,4,I've never had trouble reaching him for help.,"[('Availability', 'positive')]","['i', ""'ve"", 'never', 'had', 'trouble', 'reaching', 'him', 'for', 'help', '.']","['B-AVAILABILITY', 'I-AVAILABILITY', 'I-AVAILABILITY', 'I-AVAILABILITY', 'I-AVAILABILITY', 'I-AVAILABILITY', 'I-AVAILABILITY', 'I-AVAILABILITY', 'I-AVAILABILITY', 'O']"
Machine Learning,CSC412,Dr Adeyemi,1,"People are on their phones the whole time, and grading seems arbitrary from one submission to the next.","[('Engagement', 'negative'), ('Assessment', 'negative')]","['people', 'are', 'on', 'their', 'phones', 'the', 'whole', 'time', ',', 'and', 'grading', 'seems', 'arbitrary', 'from', 'one', 'submission', 'to', 'the', 'next', '.']","['B-ENGAGEMENT', 'I-ENGAGEMENT', 'I-ENGAGEMENT', 'I-ENGAGEMENT', 'I-ENGAGEMENT', 'I-ENGAGEMENT', 'I-ENGAGEMENT', 'I-ENGAGEMENT', 'O', 'O', 'B-ASSESSMENT', 'I-ASSESSMENT', 'I-ASSESSMENT', 'I-ASSESSMENT', 'I-ASSESSMENT', 'I-ASSESSMENT', 'I-ASSESSMENT', 'I-ASSESSMENT', 'I-ASSESSMENT', 'O']"
Cloud Computing,CSC410,Dr Adeyemi,1,"Makes topics easier to understand, but seems annoyed when students ask for extra help, and i've caught factual errors in lectures before.","[('Clarity of Instruction', 'positive'), ('Availability', 'negative'), ('Subject Knowledge', 'negative')]","['makes', 'topics', 'easier', 'to', 'understand', ',', 'but', 'seems', 'annoyed', 'when', 'students', 'ask', 'for', 'extra', 'help', ',', 'and', 'i', ""'ve"", 'caught', 'factual', 'errors', 'in', 'lectures', 'before', '.']","['B-CLARITY_OF_INSTRUCTION', 'I-CLARITY_OF_INSTRUCTION', 'I-CLARITY_OF_INSTRUCTION', 'I-CLARITY_OF_INSTRUCTION', 'I-CLARITY_OF_INSTRUCTION', 'O', 'O', 'B-AVAILABILITY', 'I-AVAILABILITY', 'I-AVAILABILITY', 'I-AVAILABILITY', 'I-AVAILABILITY', 'I-AVAILABILITY', 'I-AVAILABILITY', 'I-AVAILABILITY', 'O', 'O', 'B-SUBJECT_KNOWLEDGE', 'I-SUBJECT_KNOWLEDGE', 'I-SUBJECT_KNOWLEDGE', 'I-SUBJECT_KNOWLEDGE', 'I-SUBJECT_KNOWLEDGE', 'I-SUBJECT_KNOWLEDGE', 'I-SUBJECT_KNOWLEDGE', 'I-SUBJECT_KNOWLEDGE', 'O']"
Machine Learning,CSC406,Dr Faith,5,Uses good examples when teaching.,"[('Clarity of Instruction', 'positive')]","['uses', 'good', 'examples', 'when', 'teaching', '.']","['B-CLARITY_OF_INSTRUCTION', 'I-CLARITY_OF_INSTRUCTION', 'I-CLARITY_OF_INSTRUCTION', 'I-CLARITY_OF_INSTRUCTION', 'I-CLARITY_OF_INSTRUCTION', 'O']"
Cloud Computing,CSC101,Dr Pomele,2,Cancels office hours without notice.,"[('Availability', 'negative')]","['cancels', 'office', 'hours', 'without', 'notice', '.']","['B-AVAILABILITY', 'I-AVAILABILITY', 'I-AVAILABILITY', 'I-AVAILABILITY', 'I-AVAILABILITY', 'O']"
Special Computing,CSC101,Dr Pomele,2,"grades inconsistently between students, also i struggle to follow most explanations, also the class feels boring and flat.","[('Assessment', 'negative'), ('Clarity of Instruction', 'negative'), ('Engagement', 'negative')]","['grades', 'inconsistently', 'between', 'students', ',', 'also', 'i', 'struggle', 'to', 'follow', 'most', 'explanations', ',', 'also', 'the', 'class', 'feels', 'boring', 'and', 'flat', '.']","['B-ASSESSMENT', 'I-ASSESSMENT', 'I-ASSESSMENT', 'I-ASSESSMENT', 'O', 'O', 'B-CLARITY_OF_INSTRUCTION', 'I-CLARITY_OF_INSTRUCTION', 'I-CLARITY_OF_INSTRUCTION', 'I-CLARITY_OF_INSTRUCTION', 'I-CLARITY_OF_INSTRUCTION', 'I-CLARITY_OF_INSTRUCTION', 'O', 'O', 'B-ENGAGEMENT', 'I-ENGAGEMENT', 'I-ENGAGEMENT', 'I-ENGAGEMENT', 'I-ENGAGEMENT', 'I-ENGAGEMENT', 'O']"
Special Computing,CSC101,Dr Faith,1,"the class feels boring and flat, and feedback is vague or nonexistent, and uses confusing terms without breaking them down.","[('Engagement', 'negative'), ('Assessment', 'negative'), ('Clarity of Instruction', 'negative')]","['the', 'class', 'feels', 'boring', 'and', 'flat', ',', 'and', 'feedback', 'is', 'vague', 'or', 'nonexistent', ',', 'and', 'uses', 'confusing', 'terms', 'without', 'breaking', 'them', 'down', '.']","['B-ENGAGEMENT', 'I-ENGAGEMENT', 'I-ENGAGEMENT', 'I-ENGAGEMENT', 'I-ENGAGEMENT', 'I-ENGAGEMENT', 'O', 'O', 'B-ASSESSMENT', 'I-ASSESSMENT', 'I-ASSESSMENT', 'I-ASSESSMENT', 'I-ASSESSMENT', 'O', 'O', 'B-CLARITY_OF_INSTRUCTION', 'I-CLARITY_OF_INSTRUCTION', 'I-CLARITY_OF_INSTRUCTION', 'I-CLARITY_OF_INSTRUCTION', 'I-CLARITY_OF_INSTRUCTION', 'I-CLARITY_OF_INSTRUCTION', 'I-CLARITY_OF_INSTRUCTION', 'O']"
Introduction to Computing,CSC410,Dr Pomele,1,"the class feels boring and flat, also i've caught factual errors in lectures before, and seems annoyed when students ask for extra help.","[('Engagement', 'negative'), ('Subject Knowledge', 'negative'), ('Availability', 'negative')]","['the', 'class', 'feels', 'boring', 'and', 'flat', ',', 'also', 'i', ""'ve"", 'caught', 'factual', 'errors', 'in', 'lectures', 'before', ',', 'and', 'seems', 'annoyed', 'when', 'students', 'ask', 'for', 'extra', 'help', '.']","['B-ENGAGEMENT', 'I-ENGAGEMENT', 'I-ENGAGEMENT', 'I-ENGAGEMENT', 'I-ENGAGEMENT', 'I-ENGAGEMENT', 'O', 'O', 'B-SUBJECT_KNOWLEDGE', 'I-SUBJECT_KNOWLEDGE', 'I-SUBJECT_KNOWLEDGE', 'I-SUBJECT_KNOWLEDGE', 'I-SUBJECT_KNOWLEDGE', 'I-SUBJECT_KNOWLEDGE', 'I-SUBJECT_KNOWLEDGE', 'I-SUBJECT_KNOWLEDGE', 'O', 'O', 'B-AVAILABILITY', 'I-AVAILABILITY', 'I-AVAILABILITY', 'I-AVAILABILITY', 'I-AVAILABILITY', 'I-AVAILABILITY', 'I-AVAILABILITY', 'I-AVAILABILITY', 'O']"
Machine Learning,CSC412,Dr Faith,1,"Uses confusing terms without breaking them down, also doesn't seem to know the material well.","[('Clarity of Instruction', 'negative'), ('Subject Knowledge', 'negative')]","['uses', 'confusing', 'terms', 'without', 'breaking', 'them', 'down', ',', 'also', 'does', ""n't"", 'seem', 'to', 'know', 'the', 'material', 'well', '.']","['B-CLARITY_OF_INSTRUCTION', 'I-CLARITY_OF_INSTRUCTION', 'I-CLARITY_OF_INSTRUCTION', 'I-CLARITY_OF_INSTRUCTION', 'I-CLARITY_OF_INSTRUCTION', 'I-CLARITY_OF_INSTRUCTION', 'I-CLARITY_OF_INSTRUCTION', 'O', 'O', 'B-SUBJECT_KNOWLEDGE', 'I-SUBJECT_KNOWLEDGE', 'I-SUBJECT_KNOWLEDGE', 'I-SUBJECT_KNOWLEDGE', 'I-SUBJECT_KNOWLEDGE', 'I-SUBJECT_KNOWLEDGE', 'I-SUBJECT_KNOWLEDGE', 'I-SUBJECT_KNOWLEDGE', 'O']"
Machine Learning,CSC412,Dr Okafor,1,"Can't connect concepts to real applications, and makes topics difficult to understand.","[('Subject Knowledge', 'negative'), ('Clarity of Instruction', 'negative')]","['ca', ""n't"", 'connect', 'concepts', 'to', 'real', 'applications', ',', 'and', 'makes', 'topics', 'difficult', 'to', 'understand', '.']","['B-SUBJECT_KNOWLEDGE', 'I-SUBJECT_KNOWLEDGE', 'I-SUBJECT_KNOWLEDGE', 'I-SUBJECT_KNOWLEDGE', 'I-SUBJECT_KNOWLEDGE', 'I-SUBJECT_KNOWLEDGE', 'I-SUBJECT_KNOWLEDGE', 'O', 'O', 'B-CLARITY_OF_INSTRUCTION', 'I-CLARITY_OF_INSTRUCTION', 'I-CLARITY_OF_INSTRUCTION', 'I-CLARITY_OF_INSTRUCTION', 'I-CLARITY_OF_INSTRUCTION', 'O']"
Machine Learning,CSC410,Dr Okafor,5,"Backs up explanations with real-world examples from experience, also returns graded work quickly.","[('Subject Knowledge', 'positive'), ('Assessment', 'positive')]","['backs', 'up', 'explanations', 'with', 'real-world', 'examples', 'from', 'experience', ',', 'also', 'returns', 'graded', 'work', 'quickly', '.']","['B-SUBJECT_KNOWLEDGE', 'I-SUBJECT_KNOWLEDGE', 'I-SUBJECT_KNOWLEDGE', 'I-SUBJECT_KNOWLEDGE', 'I-SUBJECT_KNOWLEDGE', 'I-SUBJECT_KNOWLEDGE', 'I-SUBJECT_KNOWLEDGE', 'I-SUBJECT_KNOWLEDGE', 'O', 'O', 'B-ASSESSMENT', 'I-ASSESSMENT', 'I-ASSESSMENT', 'I-ASSESSMENT', 'O']"
Machine Learning,CSC410,Dr Pomele,5,Has deep knowledge of the subject.,"[('Subject Knowledge', 'positive')]","['has', 'deep', 'knowledge', 'of', 'the', 'subject', '.']","['B-SUBJECT_KNOWLEDGE', 'I-SUBJECT_KNOWLEDGE', 'I-SUBJECT_KNOWLEDGE', 'I-SUBJECT_KNOWLEDGE', 'I-SUBJECT_KNOWLEDGE', 'I-SUBJECT_KNOWLEDGE', 'O']"
Cloud Computing,CSC101,Dr Faith,2,"the class feels boring and flat, and skips important details when explaining, and struggles to answer basic questions.","[('Engagement', 'negative'), ('Clarity of Instruction', 'negative'), ('Subject Knowledge', 'negative')]","['the', 'class', 'feels', 'boring', 'and', 'flat', ',', 'and', 'skips', 'important', 'details', 'when', 'explaining', ',', 'and', 'struggles', 'to', 'answer', 'basic', 'questions', '.']","['B-ENGAGEMENT', 'I-ENGAGEMENT', 'I-ENGAGEMENT', 'I-ENGAGEMENT', 'I-ENGAGEMENT', 'I-ENGAGEMENT', 'O', 'O', 'B-CLARITY_OF_INSTRUCTION', 'I-CLARITY_OF_INSTRUCTION', 'I-CLARITY_OF_INSTRUCTION', 'I-CLARITY_OF_INSTRUCTION', 'I-CLARITY_OF_INSTRUCTION', 'O', 'O', 'B-SUBJECT_KNOWLEDGE', 'I-SUBJECT_KNOWLEDGE', 'I-SUBJECT_KNOWLEDGE', 'I-SUBJECT_KNOWLEDGE', 'I-SUBJECT_KNOWLEDGE', 'O']"
Introduction to Computing,CSC101,Dr Okafor,2,"Answers even the toughest questions confidently, also happy to answer questions after class, also i always leave the class understanding the topic.","[('Subject Knowledge', 'positive'), ('Availability', 'positive'), ('Clarity of Instruction', 'positive')]","['answers', 'even', 'the', 'toughest', 'questions', 'confidently', ',', 'also', 'happy', 'to', 'answer', 'questions', 'after', 'class', ',', 'also', 'i', 'always', 'leave', 'the', 'class', 'understanding', 'the', 'topic', '.']","['B-SUBJECT_KNOWLEDGE', 'I-SUBJECT_KNOWLEDGE', 'I-SUBJECT_KNOWLEDGE', 'I-SUBJECT_KNOWLEDGE', 'I-SUBJECT_KNOWLEDGE', 'I-SUBJECT_KNOWLEDGE', 'O', 'O', 'B-AVAILABILITY', 'I-AVAILABILITY', 'I-AVAILABILITY', 'I-AVAILABILITY', 'I-AVAILABILITY', 'I-AVAILABILITY', 'O', 'O', 'B-CLARITY_OF_INSTRUCTION', 'I-CLARITY_OF_INSTRUCTION', 'I-CLARITY_OF_INSTRUCTION', 'I-CLARITY_OF_INSTRUCTION', 'I-CLARITY_OF_INSTRUCTION', 'I-CLARITY_OF_INSTRUCTION', 'I-CLARITY_OF_INSTRUCTION', 'I-CLARITY_OF_INSTRUCTION', 'O']"
Cloud Computing,CSC408,Dr Pomele,4,"Uses good examples when teaching, and i trust his understanding of even advanced topics, and sets up extra sessions when needed.","[('Clarity of Instruction', 'positive'), ('Subject Knowledge', 'positive'), ('Availability', 'positive')]","['uses', 'good', 'examples', 'when', 'teaching', ',', 'and', 'i', 'trust', 'his', 'understanding', 'of', 'even', 'advanced', 'topics', ',', 'and', 'sets', 'up', 'extra', 'sessions', 'when', 'needed', '.']","['B-CLARITY_OF_INSTRUCTION', 'I-CLARITY_OF_INSTRUCTION', 'I-CLARITY_OF_INSTRUCTION', 'I-CLARITY_OF_INSTRUCTION', 'I-CLARITY_OF_INSTRUCTION', 'O', 'O', 'B-SUBJECT_KNOWLEDGE', 'I-SUBJECT_KNOWLEDGE', 'I-SUBJECT_KNOWLEDGE', 'I-SUBJECT_KNOWLEDGE', 'I-SUBJECT_KNOWLEDGE', 'I-SUBJECT_KNOWLEDGE', 'I-SUBJECT_KNOWLEDGE', 'I-SUBJECT_KNOWLEDGE', 'O', 'O', 'B-AVAILABILITY', 'I-AVAILABILITY', 'I-AVAILABILITY', 'I-AVAILABILITY', 'I-AVAILABILITY', 'I-AVAILABILITY', 'O']"
Data Science,CSC412,Dr Faith,4,Turns dry topics into lively discussions.,"[('Engagement', 'positive')]","['turns', 'dry', 'topics', 'into', 'lively', 'discussions', '.']","['B-ENGAGEMENT', 'I-ENGAGEMENT', 'I-ENGAGEMENT', 'I-ENGAGEMENT', 'I-ENGAGEMENT', 'I-ENGAGEMENT', 'O']"
Introduction to Computing,CSC412,Dr Okafor,3,"Exams match what was actually taught, but struggles to answer basic questions.","[('Assessment', 'positive'), ('Subject Knowledge', 'negative')]","['exams', 'match', 'what', 'was', 'actually', 'taught', ',', 'but', 'struggles', 'to', 'answer', 'basic', 'questions', '.']","['B-ASSESSMENT', 'I-ASSESSMENT', 'I-ASSESSMENT', 'I-ASSESSMENT', 'I-ASSESSMENT', 'I-ASSESSMENT', 'O', 'O', 'B-SUBJECT_KNOWLEDGE', 'I-SUBJECT_KNOWLEDGE', 'I-SUBJECT_KNOWLEDGE', 'I-SUBJECT_KNOWLEDGE', 'I-SUBJECT_KNOWLEDGE', 'O']"
Machine Learning,CSC410,Dr Faith,3,"Makes time for students who are struggling, but i struggle to follow most explanations.","[('Availability', 'positive'), ('Clarity of Instruction', 'negative')]","['makes', 'time', 'for', 'students', 'who', 'are', 'struggling', ',', 'but', 'i', 'struggle', 'to', 'follow', 'most', 'explanations', '.']","['B-AVAILABILITY', 'I-AVAILABILITY', 'I-AVAILABILITY', 'I-AVAILABILITY', 'I-AVAILABILITY', 'I-AVAILABILITY', 'I-AVAILABILITY', 'O', 'O', 'B-CLARITY_OF_INSTRUCTION', 'I-CLARITY_OF_INSTRUCTION', 'I-CLARITY_OF_INSTRUCTION', 'I-CLARITY_OF_INSTRUCTION', 'I-CLARITY_OF_INSTRUCTION', 'I-CLARITY_OF_INSTRUCTION', 'O']"
Cloud Computing,CSC101,Dr Faith,1,the class feels boring and flat.,"[('Engagement', 'negative')]","['the', 'class', 'feels', 'boring', 'and', 'flat', '.']","['B-ENGAGEMENT', 'I-ENGAGEMENT', 'I-ENGAGEMENT', 'I-ENGAGEMENT', 'I-ENGAGEMENT', 'I-ENGAGEMENT', 'O']"
Introduction to Computing,CSC410,Dr Adeyemi,1,"Gives vague answers when pushed for detail, however i've never had trouble reaching him for help, although feedback is vague or nonexistent.","[('Subject Knowledge', 'negative'), ('Availability', 'positive'), ('Assessment', 'negative')]","['gives', 'vague', 'answers', 'when', 'pushed', 'for', 'detail', ',', 'however', 'i', ""'ve"", 'never', 'had', 'trouble', 'reaching', 'him', 'for', 'help', ',', 'although', 'feedback', 'is', 'vague', 'or', 'nonexistent', '.']","['B-SUBJECT_KNOWLEDGE', 'I-SUBJECT_KNOWLEDGE', 'I-SUBJECT_KNOWLEDGE', 'I-SUBJECT_KNOWLEDGE', 'I-SUBJECT_KNOWLEDGE', 'I-SUBJECT_KNOWLEDGE', 'I-SUBJECT_KNOWLEDGE', 'O', 'O', 'B-AVAILABILITY', 'I-AVAILABILITY', 'I-AVAILABILITY', 'I-AVAILABILITY', 'I-AVAILABILITY', 'I-AVAILABILITY', 'I-AVAILABILITY', 'I-AVAILABILITY', 'I-AVAILABILITY', 'O', 'O', 'B-ASSESSMENT', 'I-ASSESSMENT', 'I-ASSESSMENT', 'I-ASSESSMENT', 'I-ASSESSMENT', 'O']"
Introduction to Computing,CSC408,Dr Pomele,2,"Uses confusing terms without breaking them down, also never asks questions or invites discussion, also can't connect concepts to real applications.","[('Clarity of Instruction', 'negative'), ('Engagement', 'negative'), ('Subject Knowledge', 'negative')]","['uses', 'confusing', 'terms', 'without', 'breaking', 'them', 'down', ',', 'also', 'never', 'asks', 'questions', 'or', 'invites', 'discussion', ',', 'also', 'ca', ""n't"", 'connect', 'concepts', 'to', 'real', 'applications', '.']","['B-CLARITY_OF_INSTRUCTION', 'I-CLARITY_OF_INSTRUCTION', 'I-CLARITY_OF_INSTRUCTION', 'I-CLARITY_OF_INSTRUCTION', 'I-CLARITY_OF_INSTRUCTION', 'I-CLARITY_OF_INSTRUCTION', 'I-CLARITY_OF_INSTRUCTION', 'O', 'O', 'B-ENGAGEMENT', 'I-ENGAGEMENT', 'I-ENGAGEMENT', 'I-ENGAGEMENT', 'I-ENGAGEMENT', 'I-ENGAGEMENT', 'O', 'O', 'B-SUBJECT_KNOWLEDGE', 'I-SUBJECT_KNOWLEDGE', 'I-SUBJECT_KNOWLEDGE', 'I-SUBJECT_KNOWLEDGE', 'I-SUBJECT_KNOWLEDGE', 'I-SUBJECT_KNOWLEDGE', 'I-SUBJECT_KNOWLEDGE', 'O']"
Data Science,CSC406,Dr Martins,2,"Emails go unanswered for over a week, also can't connect concepts to real applications, however i always understand why i lost points.","[('Availability', 'negative'), ('Subject Knowledge', 'negative'), ('Assessment', 'positive')]","['emails', 'go', 'unanswered', 'for', 'over', 'a', 'week', ',', 'also', 'ca', ""n't"", 'connect', 'concepts', 'to', 'real', 'applications', ',', 'however', 'i', 'always', 'understand', 'why', 'i', 'lost', 'points', '.']","['B-AVAILABILITY', 'I-AVAILABILITY', 'I-AVAILABILITY', 'I-AVAILABILITY', 'I-AVAILABILITY', 'I-AVAILABILITY', 'I-AVAILABILITY', 'O', 'O', 'B-SUBJECT_KNOWLEDGE', 'I-SUBJECT_KNOWLEDGE', 'I-SUBJECT_KNOWLEDGE', 'I-SUBJECT_KNOWLEDGE', 'I-SUBJECT_KNOWLEDGE', 'I-SUBJECT_KNOWLEDGE', 'I-SUBJECT_KNOWLEDGE', 'O', 'O', 'B-ASSESSMENT', 'I-ASSESSMENT', 'I-ASSESSMENT', 'I-ASSESSMENT', 'I-ASSESSMENT', 'I-ASSESSMENT', 'I-ASSESSMENT', 'O']"
Cloud Computing,CSC408,Dr Faith,5,Sets up extra sessions when needed.,"[('Availability', 'positive')]","['sets', 'up', 'extra', 'sessions', 'when', 'needed', '.']","['B-AVAILABILITY', 'I-AVAILABILITY', 'I-AVAILABILITY', 'I-AVAILABILITY', 'I-AVAILABILITY', 'I-AVAILABILITY', 'O']"
Introduction to Computing,CSC408,Dr Martins,3,"Uses humor to keep the room awake, although takes weeks to return graded assignments.","[('Engagement', 'positive'), ('Assessment', 'negative')]","['uses', 'humor', 'to', 'keep', 'the', 'room', 'awake', ',', 'although', 'takes', 'weeks', 'to', 'return', 'graded', 'assignments', '.']","['B-ENGAGEMENT', 'I-ENGAGEMENT', 'I-ENGAGEMENT', 'I-ENGAGEMENT', 'I-ENGAGEMENT', 'I-ENGAGEMENT', 'I-ENGAGEMENT', 'O', 'O', 'B-ASSESSMENT', 'I-ASSESSMENT', 'I-ASSESSMENT', 'I-ASSESSMENT', 'I-ASSESSMENT', 'I-ASSESSMENT', 'O']"
Data Science,CSC408,Dr Martins,5,Gives detailed feedback on assignments.,"[('Assessment', 'positive')]","['gives', 'detailed', 'feedback', 'on', 'assignments', '.']","['B-ASSESSMENT', 'I-ASSESSMENT', 'I-ASSESSMENT', 'I-ASSESSMENT', 'I-ASSESSMENT', 'O']"
Cloud Computing,CSC408,Dr Faith,2,Takes weeks to return graded assignments.,"[('Assessment', 'negative')]","['takes', 'weeks', 'to', 'return', 'graded', 'assignments', '.']","['B-ASSESSMENT', 'I-ASSESSMENT', 'I-ASSESSMENT', 'I-ASSESSMENT', 'I-ASSESSMENT', 'I-ASSESSMENT', 'O']"
Machine Learning,CSC408,Dr Pomele,5,"I actually look forward to this class, and i trust his understanding of even advanced topics, but grades inconsistently between students.","[('Engagement', 'positive'), ('Subject Knowledge', 'positive'), ('Assessment', 'negative')]","['i', 'actually', 'look', 'forward', 'to', 'this', 'class', ',', 'and', 'i', 'trust', 'his', 'understanding', 'of', 'even', 'advanced', 'topics', ',', 'but', 'grades', 'inconsistently', 'between', 'students', '.']","['B-ENGAGEMENT', 'I-ENGAGEMENT', 'I-ENGAGEMENT', 'I-ENGAGEMENT', 'I-ENGAGEMENT', 'I-ENGAGEMENT', 'I-ENGAGEMENT', 'O', 'O', 'B-SUBJECT_KNOWLEDGE', 'I-SUBJECT_KNOWLEDGE', 'I-SUBJECT_KNOWLEDGE', 'I-SUBJECT_KNOWLEDGE', 'I-SUBJECT_KNOWLEDGE', 'I-SUBJECT_KNOWLEDGE', 'I-SUBJECT_KNOWLEDGE', 'I-SUBJECT_KNOWLEDGE', 'O', 'O', 'B-ASSESSMENT', 'I-ASSESSMENT', 'I-ASSESSMENT', 'I-ASSESSMENT', 'O']"
Machine Learning,CSC406,Dr Okafor,4,"I've never had trouble reaching him for help, also feedback actually helps me improve next time.","[('Availability', 'positive'), ('Assessment', 'positive')]","['i', ""'ve"", 'never', 'had', 'trouble', 'reaching', 'him', 'for', 'help', ',', 'also', 'feedback', 'actually', 'helps', 'me', 'improve', 'next', 'time', '.']","['B-AVAILABILITY', 'I-AVAILABILITY', 'I-AVAILABILITY', 'I-AVAILABILITY', 'I-AVAILABILITY', 'I-AVAILABILITY', 'I-AVAILABILITY', 'I-AVAILABILITY', 'I-AVAILABILITY', 'O', 'O', 'B-ASSESSMENT', 'I-ASSESSMENT', 'I-ASSESSMENT', 'I-ASSESSMENT', 'I-ASSESSMENT', 'I-ASSESSMENT', 'I-ASSESSMENT', 'O']"
Cloud Computing,CSC410,Dr Pomele,1,Never seems caught off guard by a question.,"[('Subject Knowledge', 'positive')]","['never', 'seems', 'caught', 'off', 'guard', 'by', 'a', 'question', '.']","['B-SUBJECT_KNOWLEDGE', 'I-SUBJECT_KNOWLEDGE', 'I-SUBJECT_KNOWLEDGE', 'I-SUBJECT_KNOWLEDGE', 'I-SUBJECT_KNOWLEDGE', 'I-SUBJECT_KNOWLEDGE', 'I-SUBJECT_KNOWLEDGE', 'I-SUBJECT_KNOWLEDGE', 'O']"
Data Science,CSC412,Dr Pomele,5,"People are on their phones the whole time, however has deep knowledge of the subject, also makes topics easier to understand.","[('Engagement', 'negative'), ('Subject Knowledge', 'positive'), ('Clarity of Instruction', 'positive')]","['people', 'are', 'on', 'their', 'phones', 'the', 'whole', 'time', ',', 'however', 'has', 'deep', 'knowledge', 'of', 'the', 'subject', ',', 'also', 'makes', 'topics', 'easier', 'to', 'understand', '.']","['B-ENGAGEMENT', 'I-ENGAGEMENT', 'I-ENGAGEMENT', 'I-ENGAGEMENT', 'I-ENGAGEMENT', 'I-ENGAGEMENT', 'I-ENGAGEMENT', 'I-ENGAGEMENT', 'O', 'O', 'B-SUBJECT_KNOWLEDGE', 'I-SUBJECT_KNOWLEDGE', 'I-SUBJECT_KNOWLEDGE', 'I-SUBJECT_KNOWLEDGE', 'I-SUBJECT_KNOWLEDGE', 'I-SUBJECT_KNOWLEDGE', 'O', 'O', 'B-CLARITY_OF_INSTRUCTION', 'I-CLARITY_OF_INSTRUCTION', 'I-CLARITY_OF_INSTRUCTION', 'I-CLARITY_OF_INSTRUCTION', 'I-CLARITY_OF_INSTRUCTION', 'O']"
Special Computing,CSC412,Dr Okafor,1,"Seems annoyed when students ask for extra help, but makes the class genuinely interesting, however takes weeks to return graded assignments.","[('Availability', 'negative'), ('Engagement', 'positive'), ('Assessment', 'negative')]","['seems', 'annoyed', 'when', 'students', 'ask', 'for', 'extra', 'help', ',', 'but', 'makes', 'the', 'class', 'genuinely', 'interesting', ',', 'however', 'takes', 'weeks', 'to', 'return', 'graded', 'assignments', '.']","['B-AVAILABILITY', 'I-AVAILABILITY', 'I-AVAILABILITY', 'I-AVAILABILITY', 'I-AVAILABILITY', 'I-AVAILABILITY', 'I-AVAILABILITY', 'I-AVAILABILITY', 'O', 'O', 'B-ENGAGEMENT', 'I-ENGAGEMENT', 'I-ENGAGEMENT', 'I-ENGAGEMENT', 'I-ENGAGEMENT', 'O', 'O', 'B-ASSESSMENT', 'I-ASSESSMENT', 'I-ASSESSMENT', 'I-ASSESSMENT', 'I-ASSESSMENT', 'I-ASSESSMENT', 'O']"
Cloud Computing,CSC410,Dr Okafor,4,"Responds to emails quickly, also involves the class with questions and debates, and you can tell he's mastered this field.","[('Availability', 'positive'), ('Engagement', 'positive'), ('Subject Knowledge', 'positive')]","['responds', 'to', 'emails', 'quickly', ',', 'also', 'involves', 'the', 'class', 'with', 'questions', 'and', 'debates', ',', 'and', 'you', 'can', 'tell', 'he', ""'s"", 'mastered', 'this', 'field', '.']","['B-AVAILABILITY', 'I-AVAILABILITY', 'I-AVAILABILITY', 'I-AVAILABILITY', 'O', 'O', 'B-ENGAGEMENT', 'I-ENGAGEMENT', 'I-ENGAGEMENT', 'I-ENGAGEMENT', 'I-ENGAGEMENT', 'I-ENGAGEMENT', 'I-ENGAGEMENT', 'O', 'O', 'B-SUBJECT_KNOWLEDGE', 'I-SUBJECT_KNOWLEDGE', 'I-SUBJECT_KNOWLEDGE', 'I-SUBJECT_KNOWLEDGE', 'I-SUBJECT_KNOWLEDGE', 'I-SUBJECT_KNOWLEDGE', 'I-SUBJECT_KNOWLEDGE', 'I-SUBJECT_KNOWLEDGE', 'O']"
Special Computing,CSC410,Dr Faith,2,The lecture drags on with no variation.,"[('Engagement', 'negative')]","['the', 'lecture', 'drags', 'on', 'with', 'no', 'variation', '.']","['B-ENGAGEMENT', 'I-ENGAGEMENT', 'I-ENGAGEMENT', 'I-ENGAGEMENT', 'I-ENGAGEMENT', 'I-ENGAGEMENT', 'I-ENGAGEMENT', 'O']"
Introduction to Computing,CSC101,Dr Faith,5,"Grading seems arbitrary from one submission to the next, however i've never had trouble reaching him for help, also i always leave the class understanding the topic.","[('Assessment', 'negative'), ('Availability', 'positive'), ('Clarity of Instruction', 'positive')]","['grading', 'seems', 'arbitrary', 'from', 'one', 'submission', 'to', 'the', 'next', ',', 'however', 'i', ""'ve"", 'never', 'had', 'trouble', 'reaching', 'him', 'for', 'help', ',', 'also', 'i', 'always', 'leave', 'the', 'class', 'understanding', 'the', 'topic', '.']","['B-ASSESSMENT', 'I-ASSESSMENT', 'I-ASSESSMENT', 'I-ASSESSMENT', 'I-ASSESSMENT', 'I-ASSESSMENT', 'I-ASSESSMENT', 'I-ASSESSMENT', 'I-ASSESSMENT', 'O', 'O', 'B-AVAILABILITY', 'I-AVAILABILITY', 'I-AVAILABILITY', 'I-AVAILABILITY', 'I-AVAILABILITY', 'I-AVAILABILITY', 'I-AVAILABILITY', 'I-AVAILABILITY', 'I-AVAILABILITY', 'O', 'O', 'B-CLARITY_OF_INSTRUCTION', 'I-CLARITY_OF_INSTRUCTION', 'I-CLARITY_OF_INSTRUCTION', 'I-CLARITY_OF_INSTRUCTION', 'I-CLARITY_OF_INSTRUCTION', 'I-CLARITY_OF_INSTRUCTION', 'I-CLARITY_OF_INSTRUCTION', 'I-CLARITY_OF_INSTRUCTION', 'O']"
Cloud Computing,CSC412,Dr Faith,5,"I trust his understanding of even advanced topics, also involves the class with questions and debates, also simplifies difficult concepts well.","[('Subject Knowledge', 'positive'), ('Engagement', 'positive'), ('Clarity of Instruction', 'positive')]","['i', 'trust', 'his', 'understanding', 'of', 'even', 'advanced', 'topics', ',', 'also', 'involves', 'the', 'class', 'with', 'questions', 'and', 'debates', ',', 'also', 'simplifies', 'difficult', 'concepts', 'well', '.']","['B-SUBJECT_KNOWLEDGE', 'I-SUBJECT_KNOWLEDGE', 'I-SUBJECT_KNOWLEDGE', 'I-SUBJECT_KNOWLEDGE', 'I-SUBJECT_KNOWLEDGE', 'I-SUBJECT_KNOWLEDGE', 'I-SUBJECT_KNOWLEDGE', 'I-SUBJECT_KNOWLEDGE', 'O', 'O', 'B-ENGAGEMENT', 'I-ENGAGEMENT', 'I-ENGAGEMENT', 'I-ENGAGEMENT', 'I-ENGAGEMENT', 'I-ENGAGEMENT', 'I-ENGAGEMENT', 'O', 'O', 'B-CLARITY_OF_INSTRUCTION', 'I-CLARITY_OF_INSTRUCTION', 'I-CLARITY_OF_INSTRUCTION', 'I-CLARITY_OF_INSTRUCTION', 'O']"
Machine Learning,CSC101,Dr Okafor,1,"Gives detailed feedback on assignments, however doesn't explain well, also never asks questions or invites discussion.","[('Assessment', 'positive'), ('Clarity of Instruction', 'negative'), ('Engagement', 'negative')]","['gives', 'detailed', 'feedback', 'on', 'assignments', ',', 'however', 'does', ""n't"", 'explain', 'well', ',', 'also', 'never', 'asks', 'questions', 'or', 'invites', 'discussion', '.']","['B-ASSESSMENT', 'I-ASSESSMENT', 'I-ASSESSMENT', 'I-ASSESSMENT', 'I-ASSESSMENT', 'O', 'O', 'B-CLARITY_OF_INSTRUCTION', 'I-CLARITY_OF_INSTRUCTION', 'I-CLARITY_OF_INSTRUCTION', 'I-CLARITY_OF_INSTRUCTION', 'O', 'O', 'B-ENGAGEMENT', 'I-ENGAGEMENT', 'I-ENGAGEMENT', 'I-ENGAGEMENT', 'I-ENGAGEMENT', 'I-ENGAGEMENT', 'O']"
Data Science,CSC408,Dr Pomele,3,"I actually look forward to this class, however i couldn't get a response before the deadline.","[('Engagement', 'positive'), ('Availability', 'negative')]","['i', 'actually', 'look', 'forward', 'to', 'this', 'class', ',', 'however', 'i', 'could', ""n't"", 'get', 'a', 'response', 'before', 'the', 'deadline', '.']","['B-ENGAGEMENT', 'I-ENGAGEMENT', 'I-ENGAGEMENT', 'I-ENGAGEMENT', 'I-ENGAGEMENT', 'I-ENGAGEMENT', 'I-ENGAGEMENT', 'O', 'O', 'B-AVAILABILITY', 'I-AVAILABILITY', 'I-AVAILABILITY', 'I-AVAILABILITY', 'I-AVAILABILITY', 'I-AVAILABILITY', 'I-AVAILABILITY', 'I-AVAILABILITY', 'I-AVAILABILITY', 'O']"
Machine Learning,CSC412,Dr Martins,3,"Cancels office hours without notice, but you can tell he's mastered this field, and breaks complex structures into understandable ones.","[('Availability', 'negative'), ('Subject Knowledge', 'positive'), ('Clarity of Instruction', 'positive')]","['cancels', 'office', 'hours', 'without', 'notice', ',', 'but', 'you', 'can', 'tell', 'he', ""'s"", 'mastered', 'this', 'field', ',', 'and', 'breaks', 'complex', 'structures', 'into', 'understandable', 'ones', '.']","['B-AVAILABILITY', 'I-AVAILABILITY', 'I-AVAILABILITY', 'I-AVAILABILITY', 'I-AVAILABILITY', 'O', 'O', 'B-SUBJECT_KNOWLEDGE', 'I-SUBJECT_KNOWLEDGE', 'I-SUBJECT_KNOWLEDGE', 'I-SUBJECT_KNOWLEDGE', 'I-SUBJECT_KNOWLEDGE', 'I-SUBJECT_KNOWLEDGE', 'I-SUBJECT_KNOWLEDGE', 'I-SUBJECT_KNOWLEDGE', 'O', 'O', 'B-CLARITY_OF_INSTRUCTION', 'I-CLARITY_OF_INSTRUCTION', 'I-CLARITY_OF_INSTRUCTION', 'I-CLARITY_OF_INSTRUCTION', 'I-CLARITY_OF_INSTRUCTION', 'I-CLARITY_OF_INSTRUCTION', 'O']"
Data Science,CSC408,Dr Okafor,1,Exams cover things never taught in class.,"[('Assessment', 'negative')]","['exams', 'cover', 'things', 'never', 'taught', 'in', 'class', '.']","['B-ASSESSMENT', 'I-ASSESSMENT', 'I-ASSESSMENT', 'I-ASSESSMENT', 'I-ASSESSMENT', 'I-ASSESSMENT', 'I-ASSESSMENT', 'O']"
Machine Learning,CSC412,Dr Adeyemi,5,Breaks complex structures into understandable ones.,"[('Clarity of Instruction', 'positive')]","['breaks', 'complex', 'structures', 'into', 'understandable', 'ones', '.']","['B-CLARITY_OF_INSTRUCTION', 'I-CLARITY_OF_INSTRUCTION', 'I-CLARITY_OF_INSTRUCTION', 'I-CLARITY_OF_INSTRUCTION', 'I-CLARITY_OF_INSTRUCTION', 'I-CLARITY_OF_INSTRUCTION', 'O']"
Data Science,CSC408,Dr Okafor,4,Clearly knows the material inside and out.,"[('Subject Knowledge', 'positive')]","['clearly', 'knows', 'the', 'material', 'inside', 'and', 'out', '.']","['B-SUBJECT_KNOWLEDGE', 'I-SUBJECT_KNOWLEDGE', 'I-SUBJECT_KNOWLEDGE', 'I-SUBJECT_KNOWLEDGE', 'I-SUBJECT_KNOWLEDGE', 'I-SUBJECT_KNOWLEDGE', 'I-SUBJECT_KNOWLEDGE', 'O']"
Cloud Computing,CSC408,Dr Okafor,5,"Happy to answer questions after class, and encourages students to participate often.","[('Availability', 'positive'), ('Engagement', 'positive')]","['happy', 'to', 'answer', 'questions', 'after', 'class', ',', 'and', 'encourages', 'students', 'to', 'participate', 'often', '.']","['B-AVAILABILITY', 'I-AVAILABILITY', 'I-AVAILABILITY', 'I-AVAILABILITY', 'I-AVAILABILITY', 'I-AVAILABILITY', 'O', 'O', 'B-ENGAGEMENT', 'I-ENGAGEMENT', 'I-ENGAGEMENT', 'I-ENGAGEMENT', 'I-ENGAGEMENT', 'O']"
Machine Learning,CSC412,Dr Okafor,5,"Happy to answer questions after class, and i always leave the class understanding the topic, also answers even the toughest questions confidently.","[('Availability', 'positive'), ('Clarity of Instruction', 'positive'), ('Subject Knowledge', 'positive')]","['happy', 'to', 'answer', 'questions', 'after', 'class', ',', 'and', 'i', 'always', 'leave', 'the', 'class', 'understanding', 'the', 'topic', ',', 'also', 'answers', 'even', 'the', 'toughest', 'questions', 'confidently', '.']","['B-AVAILABILITY', 'I-AVAILABILITY', 'I-AVAILABILITY', 'I-AVAILABILITY', 'I-AVAILABILITY', 'I-AVAILABILITY', 'O', 'O', 'B-CLARITY_OF_INSTRUCTION', 'I-CLARITY_OF_INSTRUCTION', 'I-CLARITY_OF_INSTRUCTION', 'I-CLARITY_OF_INSTRUCTION', 'I-CLARITY_OF_INSTRUCTION', 'I-CLARITY_OF_INSTRUCTION', 'I-CLARITY_OF_INSTRUCTION', 'I-CLARITY_OF_INSTRUCTION', 'O', 'O', 'B-SUBJECT_KNOWLEDGE', 'I-SUBJECT_KNOWLEDGE', 'I-SUBJECT_KNOWLEDGE', 'I-SUBJECT_KNOWLEDGE', 'I-SUBJECT_KNOWLEDGE', 'I-SUBJECT_KNOWLEDGE', 'O']"
Machine Learning,CSC408,Dr Pomele,5,"Clearly knows the material inside and out, however never holds actual office hours, although i actually look forward to this class.","[('Subject Knowledge', 'positive'), ('Availability', 'negative'), ('Engagement', 'positive')]","['clearly', 'knows', 'the', 'material', 'inside', 'and', 'out', ',', 'however', 'never', 'holds', 'actual', 'office', 'hours', ',', 'although', 'i', 'actually', 'look', 'forward', 'to', 'this', 'class', '.']","['B-SUBJECT_KNOWLEDGE', 'I-SUBJECT_KNOWLEDGE', 'I-SUBJECT_KNOWLEDGE', 'I-SUBJECT_KNOWLEDGE', 'I-SUBJECT_KNOWLEDGE', 'I-SUBJECT_KNOWLEDGE', 'I-SUBJECT_KNOWLEDGE', 'O', 'O', 'B-AVAILABILITY', 'I-AVAILABILITY', 'I-AVAILABILITY', 'I-AVAILABILITY', 'I-AVAILABILITY', 'O', 'O', 'B-ENGAGEMENT', 'I-ENGAGEMENT', 'I-ENGAGEMENT', 'I-ENGAGEMENT', 'I-ENGAGEMENT', 'I-ENGAGEMENT', 'I-ENGAGEMENT', 'O']"
Introduction to Computing,CSC406,Dr Martins,1,"Grading seems arbitrary from one submission to the next, also help is hard to get outside class, and rarely interacts with students during lectures.","[('Assessment', 'negative'), ('Availability', 'negative'), ('Engagement', 'negative')]","['grading', 'seems', 'arbitrary', 'from', 'one', 'submission', 'to', 'the', 'next', ',', 'also', 'help', 'is', 'hard', 'to', 'get', 'outside', 'class', ',', 'and', 'rarely', 'interacts', 'with', 'students', 'during', 'lectures', '.']","['B-ASSESSMENT', 'I-ASSESSMENT', 'I-ASSESSMENT', 'I-ASSESSMENT', 'I-ASSESSMENT', 'I-ASSESSMENT', 'I-ASSESSMENT', 'I-ASSESSMENT', 'I-ASSESSMENT', 'O', 'O', 'B-AVAILABILITY', 'I-AVAILABILITY', 'I-AVAILABILITY', 'I-AVAILABILITY', 'I-AVAILABILITY', 'I-AVAILABILITY', 'I-AVAILABILITY', 'O', 'O', 'B-ENGAGEMENT', 'I-ENGAGEMENT', 'I-ENGAGEMENT', 'I-ENGAGEMENT', 'I-ENGAGEMENT', 'I-ENGAGEMENT', 'O']"
Special Computing,CSC406,Dr Faith,2,Hard to schedule any one-on-one time.,"[('Availability', 'negative')]","['hard', 'to', 'schedule', 'any', 'one-on-one', 'time', '.']","['B-AVAILABILITY', 'I-AVAILABILITY', 'I-AVAILABILITY', 'I-AVAILABILITY', 'I-AVAILABILITY', 'I-AVAILABILITY', 'O']"
Introduction to Computing,CSC412,Dr Martins,4,Every explanation is easy to follow.,"[('Clarity of Instruction', 'positive')]","['every', 'explanation', 'is', 'easy', 'to', 'follow', '.']","['B-CLARITY_OF_INSTRUCTION', 'I-CLARITY_OF_INSTRUCTION', 'I-CLARITY_OF_INSTRUCTION', 'I-CLARITY_OF_INSTRUCTION', 'I-CLARITY_OF_INSTRUCTION', 'I-CLARITY_OF_INSTRUCTION', 'O']"
Machine Learning,CSC406,Dr Adeyemi,3,"You can tell he's mastered this field, however i couldn't get a response before the deadline.","[('Subject Knowledge', 'positive'), ('Availability', 'negative')]","['you', 'can', 'tell', 'he', ""'s"", 'mastered', 'this', 'field', ',', 'however', 'i', 'could', ""n't"", 'get', 'a', 'response', 'before', 'the', 'deadline', '.']","['B-SUBJECT_KNOWLEDGE', 'I-SUBJECT_KNOWLEDGE', 'I-SUBJECT_KNOWLEDGE', 'I-SUBJECT_KNOWLEDGE', 'I-SUBJECT_KNOWLEDGE', 'I-SUBJECT_KNOWLEDGE', 'I-SUBJECT_KNOWLEDGE', 'I-SUBJECT_KNOWLEDGE', 'O', 'O', 'B-AVAILABILITY', 'I-AVAILABILITY', 'I-AVAILABILITY', 'I-AVAILABILITY', 'I-AVAILABILITY', 'I-AVAILABILITY', 'I-AVAILABILITY', 'I-AVAILABILITY', 'I-AVAILABILITY', 'O']"
Machine Learning,CSC101,Dr Okafor,4,"You can tell he's mastered this field, also gives detailed feedback on assignments.","[('Subject Knowledge', 'positive'), ('Assessment', 'positive')]","['you', 'can', 'tell', 'he', ""'s"", 'mastered', 'this', 'field', ',', 'also', 'gives', 'detailed', 'feedback', 'on', 'assignments', '.']","['B-SUBJECT_KNOWLEDGE', 'I-SUBJECT_KNOWLEDGE', 'I-SUBJECT_KNOWLEDGE', 'I-SUBJECT_KNOWLEDGE', 'I-SUBJECT_KNOWLEDGE', 'I-SUBJECT_KNOWLEDGE', 'I-SUBJECT_KNOWLEDGE', 'I-SUBJECT_KNOWLEDGE', 'O', 'O', 'B-ASSESSMENT', 'I-ASSESSMENT', 'I-ASSESSMENT', 'I-ASSESSMENT', 'I-ASSESSMENT', 'O']"
Data Science,CSC408,Dr Martins,1,"the class feels boring and flat, and emails go unanswered for over a week, also no rubric is given before assignments are due.","[('Engagement', 'negative'), ('Availability', 'negative'), ('Assessment', 'negative')]","['the', 'class', 'feels', 'boring', 'and', 'flat', ',', 'and', 'emails', 'go', 'unanswered', 'for', 'over', 'a', 'week', ',', 'also', 'no', 'rubric', 'is', 'given', 'before', 'assignments', 'are', 'due', '.']","['B-ENGAGEMENT', 'I-ENGAGEMENT', 'I-ENGAGEMENT', 'I-ENGAGEMENT', 'I-ENGAGEMENT', 'I-ENGAGEMENT', 'O', 'O', 'B-AVAILABILITY', 'I-AVAILABILITY', 'I-AVAILABILITY', 'I-AVAILABILITY', 'I-AVAILABILITY', 'I-AVAILABILITY', 'I-AVAILABILITY', 'O', 'O', 'B-ASSESSMENT', 'I-ASSESSMENT', 'I-ASSESSMENT', 'I-ASSESSMENT', 'I-ASSESSMENT', 'I-ASSESSMENT', 'I-ASSESSMENT', 'I-ASSESSMENT', 'O']"
Cloud Computing,CSC408,Dr Faith,4,Explains difficult material well.,"[('Clarity of Instruction', 'positive')]","['explains', 'difficult', 'material', 'well', '.']","['B-CLARITY_OF_INSTRUCTION', 'I-CLARITY_OF_INSTRUCTION', 'I-CLARITY_OF_INSTRUCTION', 'I-CLARITY_OF_INSTRUCTION', 'O']"
Machine Learning,CSC408,Dr Okafor,3,"Cancels office hours without notice, however keeps everyone engaged the whole session.","[('Availability', 'negative'), ('Engagement', 'positive')]","['cancels', 'office', 'hours', 'without', 'notice', ',', 'however', 'keeps', 'everyone', 'engaged', 'the', 'whole', 'session', '.']","['B-AVAILABILITY', 'I-AVAILABILITY', 'I-AVAILABILITY', 'I-AVAILABILITY', 'I-AVAILABILITY', 'O', 'O', 'B-ENGAGEMENT', 'I-ENGAGEMENT', 'I-ENGAGEMENT', 'I-ENGAGEMENT', 'I-ENGAGEMENT', 'I-ENGAGEMENT', 'O']"
Data Science,CSC410,Dr Okafor,2,"Cancels office hours without notice, and uses confusing terms without breaking them down, but exams match what was actually taught.","[('Availability', 'negative'), ('Clarity of Instruction', 'negative'), ('Assessment', 'positive')]","['cancels', 'office', 'hours', 'without', 'notice', ',', 'and', 'uses', 'confusing', 'terms', 'without', 'breaking', 'them', 'down', ',', 'but', 'exams', 'match', 'what', 'was', 'actually', 'taught', '.']","['B-AVAILABILITY', 'I-AVAILABILITY', 'I-AVAILABILITY', 'I-AVAILABILITY', 'I-AVAILABILITY', 'O', 'O', 'B-CLARITY_OF_INSTRUCTION', 'I-CLARITY_OF_INSTRUCTION', 'I-CLARITY_OF_INSTRUCTION', 'I-CLARITY_OF_INSTRUCTION', 'I-CLARITY_OF_INSTRUCTION', 'I-CLARITY_OF_INSTRUCTION', 'I-CLARITY_OF_INSTRUCTION', 'O', 'O', 'B-ASSESSMENT', 'I-ASSESSMENT', 'I-ASSESSMENT', 'I-ASSESSMENT', 'I-ASSESSMENT', 'I-ASSESSMENT', 'O']"
Cloud Computing,CSC412,Dr Okafor,5,"Every explanation is easy to follow, and i trust his understanding of even advanced topics.","[('Clarity of Instruction', 'positive'), ('Subject Knowledge', 'positive')]","['every', 'explanation', 'is', 'easy', 'to', 'follow', ',', 'and', 'i', 'trust', 'his', 'understanding', 'of', 'even', 'advanced', 'topics', '.']","['B-CLARITY_OF_INSTRUCTION', 'I-CLARITY_OF_INSTRUCTION', 'I-CLARITY_OF_INSTRUCTION', 'I-CLARITY_OF_INSTRUCTION', 'I-CLARITY_OF_INSTRUCTION', 'I-CLARITY_OF_INSTRUCTION', 'O', 'O', 'B-SUBJECT_KNOWLEDGE', 'I-SUBJECT_KNOWLEDGE', 'I-SUBJECT_KNOWLEDGE', 'I-SUBJECT_KNOWLEDGE', 'I-SUBJECT_KNOWLEDGE', 'I-SUBJECT_KNOWLEDGE', 'I-SUBJECT_KNOWLEDGE', 'I-SUBJECT_KNOWLEDGE', 'O']"
Data Science,CSC101,Dr Adeyemi,5,Backs up explanations with real-world examples from experience.,"[('Subject Knowledge', 'positive')]","['backs', 'up', 'explanations', 'with', 'real-world', 'examples', 'from', 'experience', '.']","['B-SUBJECT_KNOWLEDGE', 'I-SUBJECT_KNOWLEDGE', 'I-SUBJECT_KNOWLEDGE', 'I-SUBJECT_KNOWLEDGE', 'I-SUBJECT_KNOWLEDGE', 'I-SUBJECT_KNOWLEDGE', 'I-SUBJECT_KNOWLEDGE', 'I-SUBJECT_KNOWLEDGE', 'O']"
Introduction to Computing,CSC408,Dr Martins,1,"No rubric is given before assignments are due, also lectures feel disorganized and hard to follow, also help is hard to get outside class.","[('Assessment', 'negative'), ('Clarity of Instruction', 'negative'), ('Availability', 'negative')]","['no', 'rubric', 'is', 'given', 'before', 'assignments', 'are', 'due', ',', 'also', 'lectures', 'feel', 'disorganized', 'and', 'hard', 'to', 'follow', ',', 'also', 'help', 'is', 'hard', 'to', 'get', 'outside', 'class', '.']","['B-ASSESSMENT', 'I-ASSESSMENT', 'I-ASSESSMENT', 'I-ASSESSMENT', 'I-ASSESSMENT', 'I-ASSESSMENT', 'I-ASSESSMENT', 'I-ASSESSMENT', 'O', 'O', 'B-CLARITY_OF_INSTRUCTION', 'I-CLARITY_OF_INSTRUCTION', 'I-CLARITY_OF_INSTRUCTION', 'I-CLARITY_OF_INSTRUCTION', 'I-CLARITY_OF_INSTRUCTION', 'I-CLARITY_OF_INSTRUCTION', 'I-CLARITY_OF_INSTRUCTION', 'O', 'O', 'B-AVAILABILITY', 'I-AVAILABILITY', 'I-AVAILABILITY', 'I-AVAILABILITY', 'I-AVAILABILITY', 'I-AVAILABILITY', 'I-AVAILABILITY', 'O']"
Cloud Computing,CSC410,Dr Adeyemi,2,"His grasp of the subject feels shaky, also cancels office hours without notice, and lectures feel disorganized and hard to follow.","[('Subject Knowledge', 'negative'), ('Availability', 'negative'), ('Clarity of Instruction', 'negative')]","['his', 'grasp', 'of', 'the', 'subject', 'feels', 'shaky', ',', 'also', 'cancels', 'office', 'hours', 'without', 'notice', ',', 'and', 'lectures', 'feel', 'disorganized', 'and', 'hard', 'to', 'follow', '.']","['B-SUBJECT_KNOWLEDGE', 'I-SUBJECT_KNOWLEDGE', 'I-SUBJECT_KNOWLEDGE', 'I-SUBJECT_KNOWLEDGE', 'I-SUBJECT_KNOWLEDGE', 'I-SUBJECT_KNOWLEDGE', 'I-SUBJECT_KNOWLEDGE', 'O', 'O', 'B-AVAILABILITY', 'I-AVAILABILITY', 'I-AVAILABILITY', 'I-AVAILABILITY', 'I-AVAILABILITY', 'O', 'O', 'B-CLARITY_OF_INSTRUCTION', 'I-CLARITY_OF_INSTRUCTION', 'I-CLARITY_OF_INSTRUCTION', 'I-CLARITY_OF_INSTRUCTION', 'I-CLARITY_OF_INSTRUCTION', 'I-CLARITY_OF_INSTRUCTION', 'I-CLARITY_OF_INSTRUCTION', 'O']"
Data Science,CSC412,Dr Pomele,2,"Gives vague answers when pushed for detail, however sets up extra sessions when needed, although skips important details when explaining.","[('Subject Knowledge', 'negative'), ('Availability', 'positive'), ('Clarity of Instruction', 'negative')]","['gives', 'vague', 'answers', 'when', 'pushed', 'for', 'detail', ',', 'however', 'sets', 'up', 'extra', 'sessions', 'when', 'needed', ',', 'although', 'skips', 'important', 'details', 'when', 'explaining', '.']","['B-SUBJECT_KNOWLEDGE', 'I-SUBJECT_KNOWLEDGE', 'I-SUBJECT_KNOWLEDGE', 'I-SUBJECT_KNOWLEDGE', 'I-SUBJECT_KNOWLEDGE', 'I-SUBJECT_KNOWLEDGE', 'I-SUBJECT_KNOWLEDGE', 'O', 'O', 'B-AVAILABILITY', 'I-AVAILABILITY', 'I-AVAILABILITY', 'I-AVAILABILITY', 'I-AVAILABILITY', 'I-AVAILABILITY', 'O', 'O', 'B-CLARITY_OF_INSTRUCTION', 'I-CLARITY_OF_INSTRUCTION', 'I-CLARITY_OF_INSTRUCTION', 'I-CLARITY_OF_INSTRUCTION', 'I-CLARITY_OF_INSTRUCTION', 'O']"
Special Computing,CSC406,Dr Martins,3,"Every explanation is easy to follow, but the lecture drags on with no variation.","[('Clarity of Instruction', 'positive'), ('Engagement', 'negative')]","['every', 'explanation', 'is', 'easy', 'to', 'follow', ',', 'but', 'the', 'lecture', 'drags', 'on', 'with', 'no', 'variation', '.']","['B-CLARITY_OF_INSTRUCTION', 'I-CLARITY_OF_INSTRUCTION', 'I-CLARITY_OF_INSTRUCTION', 'I-CLARITY_OF_INSTRUCTION', 'I-CLARITY_OF_INSTRUCTION', 'I-CLARITY_OF_INSTRUCTION', 'O', 'O', 'B-ENGAGEMENT', 'I-ENGAGEMENT', 'I-ENGAGEMENT', 'I-ENGAGEMENT', 'I-ENGAGEMENT', 'I-ENGAGEMENT', 'I-ENGAGEMENT', 'O']"
Machine Learning,CSC408,Dr Adeyemi,5,His energy makes the lecture fly by.,"[('Engagement', 'positive')]","['his', 'energy', 'makes', 'the', 'lecture', 'fly', 'by', '.']","['B-ENGAGEMENT', 'I-ENGAGEMENT', 'I-ENGAGEMENT', 'I-ENGAGEMENT', 'I-ENGAGEMENT', 'I-ENGAGEMENT', 'I-ENGAGEMENT', 'O']"
Introduction to Computing,CSC101,Dr Okafor,3,"Takes weeks to return graded assignments, but never seems caught off guard by a question.","[('Assessment', 'negative'), ('Subject Knowledge', 'positive')]","['takes', 'weeks', 'to', 'return', 'graded', 'assignments', ',', 'but', 'never', 'seems', 'caught', 'off', 'guard', 'by', 'a', 'question', '.']","['B-ASSESSMENT', 'I-ASSESSMENT', 'I-ASSESSMENT', 'I-ASSESSMENT', 'I-ASSESSMENT', 'I-ASSESSMENT', 'O', 'O', 'B-SUBJECT_KNOWLEDGE', 'I-SUBJECT_KNOWLEDGE', 'I-SUBJECT_KNOWLEDGE', 'I-SUBJECT_KNOWLEDGE', 'I-SUBJECT_KNOWLEDGE', 'I-SUBJECT_KNOWLEDGE', 'I-SUBJECT_KNOWLEDGE', 'I-SUBJECT_KNOWLEDGE', 'O']"
Machine Learning,CSC410,Dr Adeyemi,4,Explains clearly.,"[('Clarity of Instruction', 'positive')]","['explains', 'clearly', '.']","['B-CLARITY_OF_INSTRUCTION', 'I-CLARITY_OF_INSTRUCTION', 'O']"
Cloud Computing,CSC408,Dr Okafor,3,Complicates simple topics.,"[('Clarity of Instruction', 'negative')]","['complicates', 'simple', 'topics', '.']","['B-CLARITY_OF_INSTRUCTION', 'I-CLARITY_OF_INSTRUCTION', 'I-CLARITY_OF_INSTRUCTION', 'O']"
Special Computing,CSC410,Dr Pomele,5,Can't connect concepts to real applications.,"[('Subject Knowledge', 'negative')]","['ca', ""n't"", 'connect', 'concepts', 'to', 'real', 'applications', '.']","['B-SUBJECT_KNOWLEDGE', 'I-SUBJECT_KNOWLEDGE', 'I-SUBJECT_KNOWLEDGE', 'I-SUBJECT_KNOWLEDGE', 'I-SUBJECT_KNOWLEDGE', 'I-SUBJECT_KNOWLEDGE', 'I-SUBJECT_KNOWLEDGE', 'O']"
Cloud Computing,CSC408,Dr Pomele,5,I trust his understanding of even advanced topics.,"[('Subject Knowledge', 'positive')]","['i', 'trust', 'his', 'understanding', 'of', 'even', 'advanced', 'topics', '.']","['B-SUBJECT_KNOWLEDGE', 'I-SUBJECT_KNOWLEDGE', 'I-SUBJECT_KNOWLEDGE', 'I-SUBJECT_KNOWLEDGE', 'I-SUBJECT_KNOWLEDGE', 'I-SUBJECT_KNOWLEDGE', 'I-SUBJECT_KNOWLEDGE', 'I-SUBJECT_KNOWLEDGE', 'O']"
Cloud Computing,CSC412,Dr Pomele,1,Never holds actual office hours.,"[('Availability', 'negative')]","['never', 'holds', 'actual', 'office', 'hours', '.']","['B-AVAILABILITY', 'I-AVAILABILITY', 'I-AVAILABILITY', 'I-AVAILABILITY', 'I-AVAILABILITY', 'O']"
Cloud Computing,CSC412,Dr Faith,4,I always understand why I lost points.,"[('Assessment', 'positive')]","['i', 'always', 'understand', 'why', 'i', 'lost', 'points', '.']","['B-ASSESSMENT', 'I-ASSESSMENT', 'I-ASSESSMENT', 'I-ASSESSMENT', 'I-ASSESSMENT', 'I-ASSESSMENT', 'I-ASSESSMENT', 'O']"
Machine Learning,CSC412,Dr Adeyemi,2,"The lecture drags on with no variation, also seems annoyed when students ask for extra help.","[('Engagement', 'negative'), ('Availability', 'negative')]","['the', 'lecture', 'drags', 'on', 'with', 'no', 'variation', ',', 'also', 'seems', 'annoyed', 'when', 'students', 'ask', 'for', 'extra', 'help', '.']","['B-ENGAGEMENT', 'I-ENGAGEMENT', 'I-ENGAGEMENT', 'I-ENGAGEMENT', 'I-ENGAGEMENT', 'I-ENGAGEMENT', 'I-ENGAGEMENT', 'O', 'O', 'B-AVAILABILITY', 'I-AVAILABILITY', 'I-AVAILABILITY', 'I-AVAILABILITY', 'I-AVAILABILITY', 'I-AVAILABILITY', 'I-AVAILABILITY', 'I-AVAILABILITY', 'O']"
Data Science,CSC412,Dr Okafor,4,Makes topics easier to understand.,"[('Clarity of Instruction', 'positive')]","['makes', 'topics', 'easier', 'to', 'understand', '.']","['B-CLARITY_OF_INSTRUCTION', 'I-CLARITY_OF_INSTRUCTION', 'I-CLARITY_OF_INSTRUCTION', 'I-CLARITY_OF_INSTRUCTION', 'I-CLARITY_OF_INSTRUCTION', 'O']"
Introduction to Computing,CSC408,Dr Martins,3,"His energy makes the lecture fly by, but hard to schedule any one-on-one time.","[('Engagement', 'positive'), ('Availability', 'negative')]","['his', 'energy', 'makes', 'the', 'lecture', 'fly', 'by', ',', 'but', 'hard', 'to', 'schedule', 'any', 'one-on-one', 'time', '.']","['B-ENGAGEMENT', 'I-ENGAGEMENT', 'I-ENGAGEMENT', 'I-ENGAGEMENT', 'I-ENGAGEMENT', 'I-ENGAGEMENT', 'I-ENGAGEMENT', 'O', 'O', 'B-AVAILABILITY', 'I-AVAILABILITY', 'I-AVAILABILITY', 'I-AVAILABILITY', 'I-AVAILABILITY', 'I-AVAILABILITY', 'O']"
Cloud Computing,CSC101,Dr Adeyemi,4,"Never seems caught off guard by a question, and feedback actually helps me improve next time, and turns dry topics into lively discussions.","[('Subject Knowledge', 'positive'), ('Assessment', 'positive'), ('Engagement', 'positive')]","['never', 'seems', 'caught', 'off', 'guard', 'by', 'a', 'question', ',', 'and', 'feedback', 'actually', 'helps', 'me', 'improve', 'next', 'time', ',', 'and', 'turns', 'dry', 'topics', 'into', 'lively', 'discussions', '.']","['B-SUBJECT_KNOWLEDGE', 'I-SUBJECT_KNOWLEDGE', 'I-SUBJECT_KNOWLEDGE', 'I-SUBJECT_KNOWLEDGE', 'I-SUBJECT_KNOWLEDGE', 'I-SUBJECT_KNOWLEDGE', 'I-SUBJECT_KNOWLEDGE', 'I-SUBJECT_KNOWLEDGE', 'O', 'O', 'B-ASSESSMENT', 'I-ASSESSMENT', 'I-ASSESSMENT', 'I-ASSESSMENT', 'I-ASSESSMENT', 'I-ASSESSMENT', 'I-ASSESSMENT', 'O', 'O', 'B-ENGAGEMENT', 'I-ENGAGEMENT', 'I-ENGAGEMENT', 'I-ENGAGEMENT', 'I-ENGAGEMENT', 'I-ENGAGEMENT', 'O']"
Machine Learning,CSC406,Dr Pomele,3,"Comments on assignments are unhelpful or missing, although sets up extra sessions when needed.","[('Assessment', 'negative'), ('Availability', 'positive')]","['comments', 'on', 'assignments', 'are', 'unhelpful', 'or', 'missing', ',', 'although', 'sets', 'up', 'extra', 'sessions', 'when', 'needed', '.']","['B-ASSESSMENT', 'I-ASSESSMENT', 'I-ASSESSMENT', 'I-ASSESSMENT', 'I-ASSESSMENT', 'I-ASSESSMENT', 'I-ASSESSMENT', 'O', 'O', 'B-AVAILABILITY', 'I-AVAILABILITY', 'I-AVAILABILITY', 'I-AVAILABILITY', 'I-AVAILABILITY', 'I-AVAILABILITY', 'O']"
Machine Learning,CSC406,Dr Adeyemi,1,"Avoids questions that go beyond the syllabus, but i always leave the class understanding the topic, but exams cover things never taught in class.","[('Subject Knowledge', 'negative'), ('Clarity of Instruction', 'positive'), ('Assessment', 'negative')]","['avoids', 'questions', 'that', 'go', 'beyond', 'the', 'syllabus', ',', 'but', 'i', 'always', 'leave', 'the', 'class', 'understanding', 'the', 'topic', ',', 'but', 'exams', 'cover', 'things', 'never', 'taught', 'in', 'class', '.']","['B-SUBJECT_KNOWLEDGE', 'I-SUBJECT_KNOWLEDGE', 'I-SUBJECT_KNOWLEDGE', 'I-SUBJECT_KNOWLEDGE', 'I-SUBJECT_KNOWLEDGE', 'I-SUBJECT_KNOWLEDGE', 'I-SUBJECT_KNOWLEDGE', 'O', 'O', 'B-CLARITY_OF_INSTRUCTION', 'I-CLARITY_OF_INSTRUCTION', 'I-CLARITY_OF_INSTRUCTION', 'I-CLARITY_OF_INSTRUCTION', 'I-CLARITY_OF_INSTRUCTION', 'I-CLARITY_OF_INSTRUCTION', 'I-CLARITY_OF_INSTRUCTION', 'I-CLARITY_OF_INSTRUCTION', 'O', 'O', 'B-ASSESSMENT', 'I-ASSESSMENT', 'I-ASSESSMENT', 'I-ASSESSMENT', 'I-ASSESSMENT', 'I-ASSESSMENT', 'I-ASSESSMENT', 'O']"
Cloud Computing,CSC408,Dr Martins,1,"Never seems caught off guard by a question, but no rubric is given before assignments are due, also doesn't explain well.","[('Subject Knowledge', 'positive'), ('Assessment', 'negative'), ('Clarity of Instruction', 'negative')]","['never', 'seems', 'caught', 'off', 'guard', 'by', 'a', 'question', ',', 'but', 'no', 'rubric', 'is', 'given', 'before', 'assignments', 'are', 'due', ',', 'also', 'does', ""n't"", 'explain', 'well', '.']","['B-SUBJECT_KNOWLEDGE', 'I-SUBJECT_KNOWLEDGE', 'I-SUBJECT_KNOWLEDGE', 'I-SUBJECT_KNOWLEDGE', 'I-SUBJECT_KNOWLEDGE', 'I-SUBJECT_KNOWLEDGE', 'I-SUBJECT_KNOWLEDGE', 'I-SUBJECT_KNOWLEDGE', 'O', 'O', 'B-ASSESSMENT', 'I-ASSESSMENT', 'I-ASSESSMENT', 'I-ASSESSMENT', 'I-ASSESSMENT', 'I-ASSESSMENT', 'I-ASSESSMENT', 'I-ASSESSMENT', 'O', 'O', 'B-CLARITY_OF_INSTRUCTION', 'I-CLARITY_OF_INSTRUCTION', 'I-CLARITY_OF_INSTRUCTION', 'I-CLARITY_OF_INSTRUCTION', 'O']"
Special Computing,CSC101,Dr Faith,5,"Grading feels transparent and well-justified, however his grasp of the subject feels shaky, but i've never had trouble reaching him for help.","[('Assessment', 'positive'), ('Subject Knowledge', 'negative'), ('Availability', 'positive')]","['grading', 'feels', 'transparent', 'and', 'well-justified', ',', 'however', 'his', 'grasp', 'of', 'the', 'subject', 'feels', 'shaky', ',', 'but', 'i', ""'ve"", 'never', 'had', 'trouble', 'reaching', 'him', 'for', 'help', '.']","['B-ASSESSMENT', 'I-ASSESSMENT', 'I-ASSESSMENT', 'I-ASSESSMENT', 'I-ASSESSMENT', 'O', 'O', 'B-SUBJECT_KNOWLEDGE', 'I-SUBJECT_KNOWLEDGE', 'I-SUBJECT_KNOWLEDGE', 'I-SUBJECT_KNOWLEDGE', 'I-SUBJECT_KNOWLEDGE', 'I-SUBJECT_KNOWLEDGE', 'I-SUBJECT_KNOWLEDGE', 'O', 'O', 'B-AVAILABILITY', 'I-AVAILABILITY', 'I-AVAILABILITY', 'I-AVAILABILITY', 'I-AVAILABILITY', 'I-AVAILABILITY', 'I-AVAILABILITY', 'I-AVAILABILITY', 'I-AVAILABILITY', 'O']"
Introduction to Computing,CSC406,Dr Faith,1,"Seems annoyed when students ask for extra help, also i've caught factual errors in lectures before.","[('Availability', 'negative'), ('Subject Knowledge', 'negative')]","['seems', 'annoyed', 'when', 'students', 'ask', 'for', 'extra', 'help', ',', 'also', 'i', ""'ve"", 'caught', 'factual', 'errors', 'in', 'lectures', 'before', '.']","['B-AVAILABILITY', 'I-AVAILABILITY', 'I-AVAILABILITY', 'I-AVAILABILITY', 'I-AVAILABILITY', 'I-AVAILABILITY', 'I-AVAILABILITY', 'I-AVAILABILITY', 'O', 'O', 'B-SUBJECT_KNOWLEDGE', 'I-SUBJECT_KNOWLEDGE', 'I-SUBJECT_KNOWLEDGE', 'I-SUBJECT_KNOWLEDGE', 'I-SUBJECT_KNOWLEDGE', 'I-SUBJECT_KNOWLEDGE', 'I-SUBJECT_KNOWLEDGE', 'I-SUBJECT_KNOWLEDGE', 'O']"
Special Computing,CSC406,Dr Pomele,1,"Simplifies difficult concepts well, however seems to be reading straight from slides.","[('Clarity of Instruction', 'positive'), ('Subject Knowledge', 'negative')]","['simplifies', 'difficult', 'concepts', 'well', ',', 'however', 'seems', 'to', 'be', 'reading', 'straight', 'from', 'slides', '.']","['B-CLARITY_OF_INSTRUCTION', 'I-CLARITY_OF_INSTRUCTION', 'I-CLARITY_OF_INSTRUCTION', 'I-CLARITY_OF_INSTRUCTION', 'O', 'O', 'B-SUBJECT_KNOWLEDGE', 'I-SUBJECT_KNOWLEDGE', 'I-SUBJECT_KNOWLEDGE', 'I-SUBJECT_KNOWLEDGE', 'I-SUBJECT_KNOWLEDGE', 'I-SUBJECT_KNOWLEDGE', 'I-SUBJECT_KNOWLEDGE', 'O']"
Data Science,CSC410,Dr Faith,2,"grades inconsistently between students, and rushes through explanations, also just reads off slides with no energy.","[('Assessment', 'negative'), ('Clarity of Instruction', 'negative'), ('Engagement', 'negative')]","['grades', 'inconsistently', 'between', 'students', ',', 'and', 'rushes', 'through', 'explanations', ',', 'also', 'just', 'reads', 'off', 'slides', 'with', 'no', 'energy', '.']","['B-ASSESSMENT', 'I-ASSESSMENT', 'I-ASSESSMENT', 'I-ASSESSMENT', 'O', 'O', 'B-CLARITY_OF_INSTRUCTION', 'I-CLARITY_OF_INSTRUCTION', 'I-CLARITY_OF_INSTRUCTION', 'O', 'O', 'B-ENGAGEMENT', 'I-ENGAGEMENT', 'I-ENGAGEMENT', 'I-ENGAGEMENT', 'I-ENGAGEMENT', 'I-ENGAGEMENT', 'I-ENGAGEMENT', 'O']"
Data Science,CSC406,Dr Martins,3,His energy makes the lecture fly by.,"[('Engagement', 'positive')]","['his', 'energy', 'makes', 'the', 'lecture', 'fly', 'by', '.']","['B-ENGAGEMENT', 'I-ENGAGEMENT', 'I-ENGAGEMENT', 'I-ENGAGEMENT', 'I-ENGAGEMENT', 'I-ENGAGEMENT', 'I-ENGAGEMENT', 'O']"
Introduction to Computing,CSC408,Dr Okafor,3,"Answers even the toughest questions confidently, however feedback is vague or nonexistent.","[('Subject Knowledge', 'positive'), ('Assessment', 'negative')]","['answers', 'even', 'the', 'toughest', 'questions', 'confidently', ',', 'however', 'feedback', 'is', 'vague', 'or', 'nonexistent', '.']","['B-SUBJECT_KNOWLEDGE', 'I-SUBJECT_KNOWLEDGE', 'I-SUBJECT_KNOWLEDGE', 'I-SUBJECT_KNOWLEDGE', 'I-SUBJECT_KNOWLEDGE', 'I-SUBJECT_KNOWLEDGE', 'O', 'O', 'B-ASSESSMENT', 'I-ASSESSMENT', 'I-ASSESSMENT', 'I-ASSESSMENT', 'I-ASSESSMENT', 'O']"
Data Science,CSC410,Dr Faith,3,Has deep knowledge of the subject.,"[('Subject Knowledge', 'positive')]","['has', 'deep', 'knowledge', 'of', 'the', 'subject', '.']","['B-SUBJECT_KNOWLEDGE', 'I-SUBJECT_KNOWLEDGE', 'I-SUBJECT_KNOWLEDGE', 'I-SUBJECT_KNOWLEDGE', 'I-SUBJECT_KNOWLEDGE', 'I-SUBJECT_KNOWLEDGE', 'O']"
Cloud Computing,CSC412,Dr Faith,3,"I always leave the class understanding the topic, however feedback is vague or nonexistent.","[('Clarity of Instruction', 'positive'), ('Assessment', 'negative')]","['i', 'always', 'leave', 'the', 'class', 'understanding', 'the', 'topic', ',', 'however', 'feedback', 'is', 'vague', 'or', 'nonexistent', '.']","['B-CLARITY_OF_INSTRUCTION', 'I-CLARITY_OF_INSTRUCTION', 'I-CLARITY_OF_INSTRUCTION', 'I-CLARITY_OF_INSTRUCTION', 'I-CLARITY_OF_INSTRUCTION', 'I-CLARITY_OF_INSTRUCTION', 'I-CLARITY_OF_INSTRUCTION', 'I-CLARITY_OF_INSTRUCTION', 'O', 'O', 'B-ASSESSMENT', 'I-ASSESSMENT', 'I-ASSESSMENT', 'I-ASSESSMENT', 'I-ASSESSMENT', 'O']"
Data Science,CSC412,Dr Martins,1,is nearly impossible to reach outside class.,"[('Availability', 'negative')]","['is', 'nearly', 'impossible', 'to', 'reach', 'outside', 'class', '.']","['B-AVAILABILITY', 'I-AVAILABILITY', 'I-AVAILABILITY', 'I-AVAILABILITY', 'I-AVAILABILITY', 'I-AVAILABILITY', 'I-AVAILABILITY', 'O']"
Machine Learning,CSC410,Dr Pomele,4,Replies on the discussion forum within a day.,"[('Availability', 'positive')]","['replies', 'on', 'the', 'discussion', 'forum', 'within', 'a', 'day', '.']","['B-AVAILABILITY', 'I-AVAILABILITY', 'I-AVAILABILITY', 'I-AVAILABILITY', 'I-AVAILABILITY', 'I-AVAILABILITY', 'I-AVAILABILITY', 'I-AVAILABILITY', 'O']"
Cloud Computing,CSC412,Dr Okafor,5,"Goes beyond the textbook when explaining concepts, also makes time for students who are struggling.","[('Subject Knowledge', 'positive'), ('Availability', 'positive')]","['goes', 'beyond', 'the', 'textbook', 'when', 'explaining', 'concepts', ',', 'also', 'makes', 'time', 'for', 'students', 'who', 'are', 'struggling', '.']","['B-SUBJECT_KNOWLEDGE', 'I-SUBJECT_KNOWLEDGE', 'I-SUBJECT_KNOWLEDGE', 'I-SUBJECT_KNOWLEDGE', 'I-SUBJECT_KNOWLEDGE', 'I-SUBJECT_KNOWLEDGE', 'I-SUBJECT_KNOWLEDGE', 'O', 'O', 'B-AVAILABILITY', 'I-AVAILABILITY', 'I-AVAILABILITY', 'I-AVAILABILITY', 'I-AVAILABILITY', 'I-AVAILABILITY', 'I-AVAILABILITY', 'O']"
Cloud Computing,CSC101,Dr Okafor,3,Grades fairly and consistently.,"[('Assessment', 'positive')]","['grades', 'fairly', 'and', 'consistently', '.']","['B-ASSESSMENT', 'I-ASSESSMENT', 'I-ASSESSMENT', 'I-ASSESSMENT', 'O']"
Introduction to Computing,CSC406,Dr Okafor,5,"Gives detailed feedback on assignments, also breaks complex structures into understandable ones.","[('Assessment', 'positive'), ('Clarity of Instruction', 'positive')]","['gives', 'detailed', 'feedback', 'on', 'assignments', ',', 'also', 'breaks', 'complex', 'structures', 'into', 'understandable', 'ones', '.']","['B-ASSESSMENT', 'I-ASSESSMENT', 'I-ASSESSMENT', 'I-ASSESSMENT', 'I-ASSESSMENT', 'O', 'O', 'B-CLARITY_OF_INSTRUCTION', 'I-CLARITY_OF_INSTRUCTION', 'I-CLARITY_OF_INSTRUCTION', 'I-CLARITY_OF_INSTRUCTION', 'I-CLARITY_OF_INSTRUCTION', 'I-CLARITY_OF_INSTRUCTION', 'O']"
Machine Learning,CSC412,Dr Martins,1,"Hard to follow his explanations, and i find it hard to stay awake in this class, however responds to emails quickly.","[('Clarity of Instruction', 'negative'), ('Engagement', 'negative'), ('Availability', 'positive')]","['hard', 'to', 'follow', 'his', 'explanations', ',', 'and', 'i', 'find', 'it', 'hard', 'to', 'stay', 'awake', 'in', 'this', 'class', ',', 'however', 'responds', 'to', 'emails', 'quickly', '.']","['B-CLARITY_OF_INSTRUCTION', 'I-CLARITY_OF_INSTRUCTION', 'I-CLARITY_OF_INSTRUCTION', 'I-CLARITY_OF_INSTRUCTION', 'I-CLARITY_OF_INSTRUCTION', 'O', 'O', 'B-ENGAGEMENT', 'I-ENGAGEMENT', 'I-ENGAGEMENT', 'I-ENGAGEMENT', 'I-ENGAGEMENT', 'I-ENGAGEMENT', 'I-ENGAGEMENT', 'I-ENGAGEMENT', 'I-ENGAGEMENT', 'I-ENGAGEMENT', 'O', 'O', 'B-AVAILABILITY', 'I-AVAILABILITY', 'I-AVAILABILITY', 'I-AVAILABILITY', 'O']"
Cloud Computing,CSC412,Dr Okafor,3,"Feedback is vague or nonexistent, also uses confusing terms without breaking them down.","[('Assessment', 'negative'), ('Clarity of Instruction', 'negative')]","['feedback', 'is', 'vague', 'or', 'nonexistent', ',', 'also', 'uses', 'confusing', 'terms', 'without', 'breaking', 'them', 'down', '.']","['B-ASSESSMENT', 'I-ASSESSMENT', 'I-ASSESSMENT', 'I-ASSESSMENT', 'I-ASSESSMENT', 'O', 'O', 'B-CLARITY_OF_INSTRUCTION', 'I-CLARITY_OF_INSTRUCTION', 'I-CLARITY_OF_INSTRUCTION', 'I-CLARITY_OF_INSTRUCTION', 'I-CLARITY_OF_INSTRUCTION', 'I-CLARITY_OF_INSTRUCTION', 'I-CLARITY_OF_INSTRUCTION', 'O']"
Cloud Computing,CSC406,Dr Okafor,3,Sets up extra sessions when needed.,"[('Availability', 'positive')]","['sets', 'up', 'extra', 'sessions', 'when', 'needed', '.']","['B-AVAILABILITY', 'I-AVAILABILITY', 'I-AVAILABILITY', 'I-AVAILABILITY', 'I-AVAILABILITY', 'I-AVAILABILITY', 'O']"
Introduction to Computing,CSC408,Dr Okafor,3,Responds to emails quickly.,"[('Availability', 'positive')]","['responds', 'to', 'emails', 'quickly', '.']","['B-AVAILABILITY', 'I-AVAILABILITY', 'I-AVAILABILITY', 'I-AVAILABILITY', 'O']"
Data Science,CSC410,Dr Okafor,2,"Emails go unanswered for over a week, and the class feels boring and flat, also grading seems arbitrary from one submission to the next.","[('Availability', 'negative'), ('Engagement', 'negative'), ('Assessment', 'negative')]","['emails', 'go', 'unanswered', 'for', 'over', 'a', 'week', ',', 'and', 'the', 'class', 'feels', 'boring', 'and', 'flat', ',', 'also', 'grading', 'seems', 'arbitrary', 'from', 'one', 'submission', 'to', 'the', 'next', '.']","['B-AVAILABILITY', 'I-AVAILABILITY', 'I-AVAILABILITY', 'I-AVAILABILITY', 'I-AVAILABILITY', 'I-AVAILABILITY', 'I-AVAILABILITY', 'O', 'O', 'B-ENGAGEMENT', 'I-ENGAGEMENT', 'I-ENGAGEMENT', 'I-ENGAGEMENT', 'I-ENGAGEMENT', 'I-ENGAGEMENT', 'O', 'O', 'B-ASSESSMENT', 'I-ASSESSMENT', 'I-ASSESSMENT', 'I-ASSESSMENT', 'I-ASSESSMENT', 'I-ASSESSMENT', 'I-ASSESSMENT', 'I-ASSESSMENT', 'I-ASSESSMENT', 'O']"
Data Science,CSC408,Dr Okafor,2,"I always leave the class understanding the topic, but hard to schedule any one-on-one time, although backs up explanations with real-world examples from experience.","[('Clarity of Instruction', 'positive'), ('Availability', 'negative'), ('Subject Knowledge', 'positive')]","['i', 'always', 'leave', 'the', 'class', 'understanding', 'the', 'topic', ',', 'but', 'hard', 'to', 'schedule', 'any', 'one-on-one', 'time', ',', 'although', 'backs', 'up', 'explanations', 'with', 'real-world', 'examples', 'from', 'experience', '.']","['B-CLARITY_OF_INSTRUCTION', 'I-CLARITY_OF_INSTRUCTION', 'I-CLARITY_OF_INSTRUCTION', 'I-CLARITY_OF_INSTRUCTION', 'I-CLARITY_OF_INSTRUCTION', 'I-CLARITY_OF_INSTRUCTION', 'I-CLARITY_OF_INSTRUCTION', 'I-CLARITY_OF_INSTRUCTION', 'O', 'O', 'B-AVAILABILITY', 'I-AVAILABILITY', 'I-AVAILABILITY', 'I-AVAILABILITY', 'I-AVAILABILITY', 'I-AVAILABILITY', 'O', 'O', 'B-SUBJECT_KNOWLEDGE', 'I-SUBJECT_KNOWLEDGE', 'I-SUBJECT_KNOWLEDGE', 'I-SUBJECT_KNOWLEDGE', 'I-SUBJECT_KNOWLEDGE', 'I-SUBJECT_KNOWLEDGE', 'I-SUBJECT_KNOWLEDGE', 'I-SUBJECT_KNOWLEDGE', 'O']"
Introduction to Computing,CSC101,Dr Adeyemi,2,"Breaks complex structures into understandable ones, and feedback actually helps me improve next time, also i've never had trouble reaching him for help.","[('Clarity of Instruction', 'positive'), ('Assessment', 'positive'), ('Availability', 'positive')]","['breaks', 'complex', 'structures', 'into', 'understandable', 'ones', ',', 'and', 'feedback', 'actually', 'helps', 'me', 'improve', 'next', 'time', ',', 'also', 'i', ""'ve"", 'never', 'had', 'trouble', 'reaching', 'him', 'for', 'help', '.']","['B-CLARITY_OF_INSTRUCTION', 'I-CLARITY_OF_INSTRUCTION', 'I-CLARITY_OF_INSTRUCTION', 'I-CLARITY_OF_INSTRUCTION', 'I-CLARITY_OF_INSTRUCTION', 'I-CLARITY_OF_INSTRUCTION', 'O', 'O', 'B-ASSESSMENT', 'I-ASSESSMENT', 'I-ASSESSMENT', 'I-ASSESSMENT', 'I-ASSESSMENT', 'I-ASSESSMENT', 'I-ASSESSMENT', 'O', 'O', 'B-AVAILABILITY', 'I-AVAILABILITY', 'I-AVAILABILITY', 'I-AVAILABILITY', 'I-AVAILABILITY', 'I-AVAILABILITY', 'I-AVAILABILITY', 'I-AVAILABILITY', 'I-AVAILABILITY', 'O']"
Machine Learning,CSC408,Dr Adeyemi,1,"The lecture drags on with no variation, also i couldn't get a response before the deadline, however makes topics easier to understand.","[('Engagement', 'negative'), ('Availability', 'negative'), ('Clarity of Instruction', 'positive')]","['the', 'lecture', 'drags', 'on', 'with', 'no', 'variation', ',', 'also', 'i', 'could', ""n't"", 'get', 'a', 'response', 'before', 'the', 'deadline', ',', 'however', 'makes', 'topics', 'easier', 'to', 'understand', '.']","['B-ENGAGEMENT', 'I-ENGAGEMENT', 'I-ENGAGEMENT', 'I-ENGAGEMENT', 'I-ENGAGEMENT', 'I-ENGAGEMENT', 'I-ENGAGEMENT', 'O', 'O', 'B-AVAILABILITY', 'I-AVAILABILITY', 'I-AVAILABILITY', 'I-AVAILABILITY', 'I-AVAILABILITY', 'I-AVAILABILITY', 'I-AVAILABILITY', 'I-AVAILABILITY', 'I-AVAILABILITY', 'O', 'O', 'B-CLARITY_OF_INSTRUCTION', 'I-CLARITY_OF_INSTRUCTION', 'I-CLARITY_OF_INSTRUCTION', 'I-CLARITY_OF_INSTRUCTION', 'I-CLARITY_OF_INSTRUCTION', 'O']"
Data Science,CSC412,Dr Martins,4,"Keeps everyone engaged the whole session, and answers even the toughest questions confidently, and makes time for students who are struggling.","[('Engagement', 'positive'), ('Subject Knowledge', 'positive'), ('Availability', 'positive')]","['keeps', 'everyone', 'engaged', 'the', 'whole', 'session', ',', 'and', 'answers', 'even', 'the', 'toughest', 'questions', 'confidently', ',', 'and', 'makes', 'time', 'for', 'students', 'who', 'are', 'struggling', '.']","['B-ENGAGEMENT', 'I-ENGAGEMENT', 'I-ENGAGEMENT', 'I-ENGAGEMENT', 'I-ENGAGEMENT', 'I-ENGAGEMENT', 'O', 'O', 'B-SUBJECT_KNOWLEDGE', 'I-SUBJECT_KNOWLEDGE', 'I-SUBJECT_KNOWLEDGE', 'I-SUBJECT_KNOWLEDGE', 'I-SUBJECT_KNOWLEDGE', 'I-SUBJECT_KNOWLEDGE', 'O', 'O', 'B-AVAILABILITY', 'I-AVAILABILITY', 'I-AVAILABILITY', 'I-AVAILABILITY', 'I-AVAILABILITY', 'I-AVAILABILITY', 'I-AVAILABILITY', 'O']"
Special Computing,CSC101,Dr Okafor,4,Makes time for students who are struggling.,"[('Availability', 'positive')]","['makes', 'time', 'for', 'students', 'who', 'are', 'struggling', '.']","['B-AVAILABILITY', 'I-AVAILABILITY', 'I-AVAILABILITY', 'I-AVAILABILITY', 'I-AVAILABILITY', 'I-AVAILABILITY', 'I-AVAILABILITY', 'O']"
Introduction to Computing,CSC406,Dr Faith,5,"Answers even the toughest questions confidently, also rubrics are clear before submitting work.","[('Subject Knowledge', 'positive'), ('Assessment', 'positive')]","['answers', 'even', 'the', 'toughest', 'questions', 'confidently', ',', 'also', 'rubrics', 'are', 'clear', 'before', 'submitting', 'work', '.']","['B-SUBJECT_KNOWLEDGE', 'I-SUBJECT_KNOWLEDGE', 'I-SUBJECT_KNOWLEDGE', 'I-SUBJECT_KNOWLEDGE', 'I-SUBJECT_KNOWLEDGE', 'I-SUBJECT_KNOWLEDGE', 'O', 'O', 'B-ASSESSMENT', 'I-ASSESSMENT', 'I-ASSESSMENT', 'I-ASSESSMENT', 'I-ASSESSMENT', 'I-ASSESSMENT', 'O']"
Machine Learning,CSC101,Dr Adeyemi,1,"Can't connect concepts to real applications, however makes time for students who are struggling, however lectures feel disorganized and hard to follow.","[('Subject Knowledge', 'negative'), ('Availability', 'positive'), ('Clarity of Instruction', 'negative')]","['ca', ""n't"", 'connect', 'concepts', 'to', 'real', 'applications', ',', 'however', 'makes', 'time', 'for', 'students', 'who', 'are', 'struggling', ',', 'however', 'lectures', 'feel', 'disorganized', 'and', 'hard', 'to', 'follow', '.']","['B-SUBJECT_KNOWLEDGE', 'I-SUBJECT_KNOWLEDGE', 'I-SUBJECT_KNOWLEDGE', 'I-SUBJECT_KNOWLEDGE', 'I-SUBJECT_KNOWLEDGE', 'I-SUBJECT_KNOWLEDGE', 'I-SUBJECT_KNOWLEDGE', 'O', 'O', 'B-AVAILABILITY', 'I-AVAILABILITY', 'I-AVAILABILITY', 'I-AVAILABILITY', 'I-AVAILABILITY', 'I-AVAILABILITY', 'I-AVAILABILITY', 'O', 'O', 'B-CLARITY_OF_INSTRUCTION', 'I-CLARITY_OF_INSTRUCTION', 'I-CLARITY_OF_INSTRUCTION', 'I-CLARITY_OF_INSTRUCTION', 'I-CLARITY_OF_INSTRUCTION', 'I-CLARITY_OF_INSTRUCTION', 'I-CLARITY_OF_INSTRUCTION', 'O']"
Special Computing,CSC406,Dr Adeyemi,2,Hard to follow his explanations.,"[('Clarity of Instruction', 'negative')]","['hard', 'to', 'follow', 'his', 'explanations', '.']","['B-CLARITY_OF_INSTRUCTION', 'I-CLARITY_OF_INSTRUCTION', 'I-CLARITY_OF_INSTRUCTION', 'I-CLARITY_OF_INSTRUCTION', 'I-CLARITY_OF_INSTRUCTION', 'O']"
Data Science,CSC101,Dr Adeyemi,2,"the class feels boring and flat, also struggles to answer basic questions.","[('Engagement', 'negative'), ('Subject Knowledge', 'negative')]","['the', 'class', 'feels', 'boring', 'and', 'flat', ',', 'also', 'struggles', 'to', 'answer', 'basic', 'questions', '.']","['B-ENGAGEMENT', 'I-ENGAGEMENT', 'I-ENGAGEMENT', 'I-ENGAGEMENT', 'I-ENGAGEMENT', 'I-ENGAGEMENT', 'O', 'O', 'B-SUBJECT_KNOWLEDGE', 'I-SUBJECT_KNOWLEDGE', 'I-SUBJECT_KNOWLEDGE', 'I-SUBJECT_KNOWLEDGE', 'I-SUBJECT_KNOWLEDGE', 'O']"
Introduction to Computing,CSC408,Dr Adeyemi,2,"Rarely interacts with students during lectures, and takes weeks to return graded assignments, and gives vague answers when pushed for detail.","[('Engagement', 'negative'), ('Assessment', 'negative'), ('Subject Knowledge', 'negative')]","['rarely', 'interacts', 'with', 'students', 'during', 'lectures', ',', 'and', 'takes', 'weeks', 'to', 'return', 'graded', 'assignments', ',', 'and', 'gives', 'vague', 'answers', 'when', 'pushed', 'for', 'detail', '.']","['B-ENGAGEMENT', 'I-ENGAGEMENT', 'I-ENGAGEMENT', 'I-ENGAGEMENT', 'I-ENGAGEMENT', 'I-ENGAGEMENT', 'O', 'O', 'B-ASSESSMENT', 'I-ASSESSMENT', 'I-ASSESSMENT', 'I-ASSESSMENT', 'I-ASSESSMENT', 'I-ASSESSMENT', 'O', 'O', 'B-SUBJECT_KNOWLEDGE', 'I-SUBJECT_KNOWLEDGE', 'I-SUBJECT_KNOWLEDGE', 'I-SUBJECT_KNOWLEDGE', 'I-SUBJECT_KNOWLEDGE', 'I-SUBJECT_KNOWLEDGE', 'I-SUBJECT_KNOWLEDGE', 'O']"
Cloud Computing,CSC408,Dr Martins,2,Hard to stay interested in this class.,"[('Engagement', 'negative')]","['hard', 'to', 'stay', 'interested', 'in', 'this', 'class', '.']","['B-ENGAGEMENT', 'I-ENGAGEMENT', 'I-ENGAGEMENT', 'I-ENGAGEMENT', 'I-ENGAGEMENT', 'I-ENGAGEMENT', 'I-ENGAGEMENT', 'O']"
Cloud Computing,CSC408,Dr Faith,1,"Returns graded work quickly, although uses confusing terms without breaking them down, however happy to answer questions after class.","[('Assessment', 'positive'), ('Clarity of Instruction', 'negative'), ('Availability', 'positive')]","['returns', 'graded', 'work', 'quickly', ',', 'although', 'uses', 'confusing', 'terms', 'without', 'breaking', 'them', 'down', ',', 'however', 'happy', 'to', 'answer', 'questions', 'after', 'class', '.']","['B-ASSESSMENT', 'I-ASSESSMENT', 'I-ASSESSMENT', 'I-ASSESSMENT', 'O', 'O', 'B-CLARITY_OF_INSTRUCTION', 'I-CLARITY_OF_INSTRUCTION', 'I-CLARITY_OF_INSTRUCTION', 'I-CLARITY_OF_INSTRUCTION', 'I-CLARITY_OF_INSTRUCTION', 'I-CLARITY_OF_INSTRUCTION', 'I-CLARITY_OF_INSTRUCTION', 'O', 'O', 'B-AVAILABILITY', 'I-AVAILABILITY', 'I-AVAILABILITY', 'I-AVAILABILITY', 'I-AVAILABILITY', 'I-AVAILABILITY', 'O']"
Introduction to Computing,CSC408,Dr Pomele,4,"Uses humor to keep the room awake, also uses good examples when teaching, although i've caught factual errors in lectures before.","[('Engagement', 'positive'), ('Clarity of Instruction', 'positive'), ('Subject Knowledge', 'negative')]","['uses', 'humor', 'to', 'keep', 'the', 'room', 'awake', ',', 'also', 'uses', 'good', 'examples', 'when', 'teaching', ',', 'although', 'i', ""'ve"", 'caught', 'factual', 'errors', 'in', 'lectures', 'before', '.']","['B-ENGAGEMENT', 'I-ENGAGEMENT', 'I-ENGAGEMENT', 'I-ENGAGEMENT', 'I-ENGAGEMENT', 'I-ENGAGEMENT', 'I-ENGAGEMENT', 'O', 'O', 'B-CLARITY_OF_INSTRUCTION', 'I-CLARITY_OF_INSTRUCTION', 'I-CLARITY_OF_INSTRUCTION', 'I-CLARITY_OF_INSTRUCTION', 'I-CLARITY_OF_INSTRUCTION', 'O', 'O', 'B-SUBJECT_KNOWLEDGE', 'I-SUBJECT_KNOWLEDGE', 'I-SUBJECT_KNOWLEDGE', 'I-SUBJECT_KNOWLEDGE', 'I-SUBJECT_KNOWLEDGE', 'I-SUBJECT_KNOWLEDGE', 'I-SUBJECT_KNOWLEDGE', 'I-SUBJECT_KNOWLEDGE', 'O']"
Cloud Computing,CSC101,Dr Adeyemi,3,"Rushes through explanations, but rubrics are clear before submitting work.","[('Clarity of Instruction', 'negative'), ('Assessment', 'positive')]","['rushes', 'through', 'explanations', ',', 'but', 'rubrics', 'are', 'clear', 'before', 'submitting', 'work', '.']","['B-CLARITY_OF_INSTRUCTION', 'I-CLARITY_OF_INSTRUCTION', 'I-CLARITY_OF_INSTRUCTION', 'O', 'O', 'B-ASSESSMENT', 'I-ASSESSMENT', 'I-ASSESSMENT', 'I-ASSESSMENT', 'I-ASSESSMENT', 'I-ASSESSMENT', 'O']"
Machine Learning,CSC408,Dr Okafor,4,"Hard to stay interested in this class, but gives detailed feedback on assignments, also breaks complex structures into understandable ones.","[('Engagement', 'negative'), ('Assessment', 'positive'), ('Clarity of Instruction', 'positive')]","['hard', 'to', 'stay', 'interested', 'in', 'this', 'class', ',', 'but', 'gives', 'detailed', 'feedback', 'on', 'assignments', ',', 'also', 'breaks', 'complex', 'structures', 'into', 'understandable', 'ones', '.']","['B-ENGAGEMENT', 'I-ENGAGEMENT', 'I-ENGAGEMENT', 'I-ENGAGEMENT', 'I-ENGAGEMENT', 'I-ENGAGEMENT', 'I-ENGAGEMENT', 'O', 'O', 'B-ASSESSMENT', 'I-ASSESSMENT', 'I-ASSESSMENT', 'I-ASSESSMENT', 'I-ASSESSMENT', 'O', 'O', 'B-CLARITY_OF_INSTRUCTION', 'I-CLARITY_OF_INSTRUCTION', 'I-CLARITY_OF_INSTRUCTION', 'I-CLARITY_OF_INSTRUCTION', 'I-CLARITY_OF_INSTRUCTION', 'I-CLARITY_OF_INSTRUCTION', 'O']"
Data Science,CSC406,Dr Okafor,1,Never holds actual office hours.,"[('Availability', 'negative')]","['never', 'holds', 'actual', 'office', 'hours', '.']","['B-AVAILABILITY', 'I-AVAILABILITY', 'I-AVAILABILITY', 'I-AVAILABILITY', 'I-AVAILABILITY', 'O']"
Introduction to Computing,CSC101,Dr Adeyemi,4,Involves the class with questions and debates.,"[('Engagement', 'positive')]","['involves', 'the', 'class', 'with', 'questions', 'and', 'debates', '.']","['B-ENGAGEMENT', 'I-ENGAGEMENT', 'I-ENGAGEMENT', 'I-ENGAGEMENT', 'I-ENGAGEMENT', 'I-ENGAGEMENT', 'I-ENGAGEMENT', 'O']"
Introduction to Computing,CSC408,Dr Adeyemi,4,Keeps everyone engaged the whole session.,"[('Engagement', 'positive')]","['keeps', 'everyone', 'engaged', 'the', 'whole', 'session', '.']","['B-ENGAGEMENT', 'I-ENGAGEMENT', 'I-ENGAGEMENT', 'I-ENGAGEMENT', 'I-ENGAGEMENT', 'I-ENGAGEMENT', 'O']"
Special Computing,CSC101,Dr Adeyemi,1,Help with grading disputes is hard to get.,"[('Assessment', 'negative')]","['help', 'with', 'grading', 'disputes', 'is', 'hard', 'to', 'get', '.']","['B-ASSESSMENT', 'I-ASSESSMENT', 'I-ASSESSMENT', 'I-ASSESSMENT', 'I-ASSESSMENT', 'I-ASSESSMENT', 'I-ASSESSMENT', 'I-ASSESSMENT', 'O']"
Cloud Computing,CSC101,Dr Pomele,3,"Encourages students to participate often, however doesn't explain well.","[('Engagement', 'positive'), ('Clarity of Instruction', 'negative')]","['encourages', 'students', 'to', 'participate', 'often', ',', 'however', 'does', ""n't"", 'explain', 'well', '.']","['B-ENGAGEMENT', 'I-ENGAGEMENT', 'I-ENGAGEMENT', 'I-ENGAGEMENT', 'I-ENGAGEMENT', 'O', 'O', 'B-CLARITY_OF_INSTRUCTION', 'I-CLARITY_OF_INSTRUCTION', 'I-CLARITY_OF_INSTRUCTION', 'I-CLARITY_OF_INSTRUCTION', 'O']"
Data Science,CSC412,Dr Adeyemi,4,"Has deep knowledge of the subject, but rushes through explanations, although uses humor to keep the room awake.","[('Subject Knowledge', 'positive'), ('Clarity of Instruction', 'negative'), ('Engagement', 'positive')]","['has', 'deep', 'knowledge', 'of', 'the', 'subject', ',', 'but', 'rushes', 'through', 'explanations', ',', 'although', 'uses', 'humor', 'to', 'keep', 'the', 'room', 'awake', '.']","['B-SUBJECT_KNOWLEDGE', 'I-SUBJECT_KNOWLEDGE', 'I-SUBJECT_KNOWLEDGE', 'I-SUBJECT_KNOWLEDGE', 'I-SUBJECT_KNOWLEDGE', 'I-SUBJECT_KNOWLEDGE', 'O', 'O', 'B-CLARITY_OF_INSTRUCTION', 'I-CLARITY_OF_INSTRUCTION', 'I-CLARITY_OF_INSTRUCTION', 'O', 'O', 'B-ENGAGEMENT', 'I-ENGAGEMENT', 'I-ENGAGEMENT', 'I-ENGAGEMENT', 'I-ENGAGEMENT', 'I-ENGAGEMENT', 'I-ENGAGEMENT', 'O']"
Data Science,CSC410,Dr Okafor,2,the class feels boring and flat.,"[('Engagement', 'negative')]","['the', 'class', 'feels', 'boring', 'and', 'flat', '.']","['B-ENGAGEMENT', 'I-ENGAGEMENT', 'I-ENGAGEMENT', 'I-ENGAGEMENT', 'I-ENGAGEMENT', 'I-ENGAGEMENT', 'O']"
Introduction to Computing,CSC412,Dr Faith,4,"Avoids questions that go beyond the syllabus, however keeps everyone engaged the whole session, and grading feels transparent and well-justified.","[('Subject Knowledge', 'negative'), ('Engagement', 'positive'), ('Assessment', 'positive')]","['avoids', 'questions', 'that', 'go', 'beyond', 'the', 'syllabus', ',', 'however', 'keeps', 'everyone', 'engaged', 'the', 'whole', 'session', ',', 'and', 'grading', 'feels', 'transparent', 'and', 'well-justified', '.']","['B-SUBJECT_KNOWLEDGE', 'I-SUBJECT_KNOWLEDGE', 'I-SUBJECT_KNOWLEDGE', 'I-SUBJECT_KNOWLEDGE', 'I-SUBJECT_KNOWLEDGE', 'I-SUBJECT_KNOWLEDGE', 'I-SUBJECT_KNOWLEDGE', 'O', 'O', 'B-ENGAGEMENT', 'I-ENGAGEMENT', 'I-ENGAGEMENT', 'I-ENGAGEMENT', 'I-ENGAGEMENT', 'I-ENGAGEMENT', 'O', 'O', 'B-ASSESSMENT', 'I-ASSESSMENT', 'I-ASSESSMENT', 'I-ASSESSMENT', 'I-ASSESSMENT', 'O']"
Special Computing,CSC101,Dr Adeyemi,4,Simplifies difficult concepts well.,"[('Clarity of Instruction', 'positive')]","['simplifies', 'difficult', 'concepts', 'well', '.']","['B-CLARITY_OF_INSTRUCTION', 'I-CLARITY_OF_INSTRUCTION', 'I-CLARITY_OF_INSTRUCTION', 'I-CLARITY_OF_INSTRUCTION', 'O']"
Cloud Computing,CSC408,Dr Adeyemi,2,"His grasp of the subject feels shaky, but encourages students to participate often, although grading seems arbitrary from one submission to the next.","[('Subject Knowledge', 'negative'), ('Engagement', 'positive'), ('Assessment', 'negative')]","['his', 'grasp', 'of', 'the', 'subject', 'feels', 'shaky', ',', 'but', 'encourages', 'students', 'to', 'participate', 'often', ',', 'although', 'grading', 'seems', 'arbitrary', 'from', 'one', 'submission', 'to', 'the', 'next', '.']","['B-SUBJECT_KNOWLEDGE', 'I-SUBJECT_KNOWLEDGE', 'I-SUBJECT_KNOWLEDGE', 'I-SUBJECT_KNOWLEDGE', 'I-SUBJECT_KNOWLEDGE', 'I-SUBJECT_KNOWLEDGE', 'I-SUBJECT_KNOWLEDGE', 'O', 'O', 'B-ENGAGEMENT', 'I-ENGAGEMENT', 'I-ENGAGEMENT', 'I-ENGAGEMENT', 'I-ENGAGEMENT', 'O', 'O', 'B-ASSESSMENT', 'I-ASSESSMENT', 'I-ASSESSMENT', 'I-ASSESSMENT', 'I-ASSESSMENT', 'I-ASSESSMENT', 'I-ASSESSMENT', 'I-ASSESSMENT', 'I-ASSESSMENT', 'O']"
Machine Learning,CSC408,Dr Adeyemi,1,"Skips important details when explaining, and struggles to answer basic questions, but exams match what was actually taught.","[('Clarity of Instruction', 'negative'), ('Subject Knowledge', 'negative'), ('Assessment', 'positive')]","['skips', 'important', 'details', 'when', 'explaining', ',', 'and', 'struggles', 'to', 'answer', 'basic', 'questions', ',', 'but', 'exams', 'match', 'what', 'was', 'actually', 'taught', '.']","['B-CLARITY_OF_INSTRUCTION', 'I-CLARITY_OF_INSTRUCTION', 'I-CLARITY_OF_INSTRUCTION', 'I-CLARITY_OF_INSTRUCTION', 'I-CLARITY_OF_INSTRUCTION', 'O', 'O', 'B-SUBJECT_KNOWLEDGE', 'I-SUBJECT_KNOWLEDGE', 'I-SUBJECT_KNOWLEDGE', 'I-SUBJECT_KNOWLEDGE', 'I-SUBJECT_KNOWLEDGE', 'O', 'O', 'B-ASSESSMENT', 'I-ASSESSMENT', 'I-ASSESSMENT', 'I-ASSESSMENT', 'I-ASSESSMENT', 'I-ASSESSMENT', 'O']"
Special Computing,CSC408,Dr Pomele,4,Makes time for students who are struggling.,"[('Availability', 'positive')]","['makes', 'time', 'for', 'students', 'who', 'are', 'struggling', '.']","['B-AVAILABILITY', 'I-AVAILABILITY', 'I-AVAILABILITY', 'I-AVAILABILITY', 'I-AVAILABILITY', 'I-AVAILABILITY', 'I-AVAILABILITY', 'O']"
Data Science,CSC412,Dr Adeyemi,4,"The way he breaks down ideas makes sense, and backs up explanations with real-world examples from experience, but never asks questions or invites discussion.","[('Clarity of Instruction', 'positive'), ('Subject Knowledge', 'positive'), ('Engagement', 'negative')]","['the', 'way', 'he', 'breaks', 'down', 'ideas', 'makes', 'sense', ',', 'and', 'backs', 'up', 'explanations', 'with', 'real-world', 'examples', 'from', 'experience', ',', 'but', 'never', 'asks', 'questions', 'or', 'invites', 'discussion', '.']","['B-CLARITY_OF_INSTRUCTION', 'I-CLARITY_OF_INSTRUCTION', 'I-CLARITY_OF_INSTRUCTION', 'I-CLARITY_OF_INSTRUCTION', 'I-CLARITY_OF_INSTRUCTION', 'I-CLARITY_OF_INSTRUCTION', 'I-CLARITY_OF_INSTRUCTION', 'I-CLARITY_OF_INSTRUCTION', 'O', 'O', 'B-SUBJECT_KNOWLEDGE', 'I-SUBJECT_KNOWLEDGE', 'I-SUBJECT_KNOWLEDGE', 'I-SUBJECT_KNOWLEDGE', 'I-SUBJECT_KNOWLEDGE', 'I-SUBJECT_KNOWLEDGE', 'I-SUBJECT_KNOWLEDGE', 'I-SUBJECT_KNOWLEDGE', 'O', 'O', 'B-ENGAGEMENT', 'I-ENGAGEMENT', 'I-ENGAGEMENT', 'I-ENGAGEMENT', 'I-ENGAGEMENT', 'I-ENGAGEMENT', 'O']"
Special Computing,CSC410,Dr Okafor,1,"Makes topics difficult to understand, and struggles to answer basic questions, also feels like a one-way monologue every time.","[('Clarity of Instruction', 'negative'), ('Subject Knowledge', 'negative'), ('Engagement', 'negative')]","['makes', 'topics', 'difficult', 'to', 'understand', ',', 'and', 'struggles', 'to', 'answer', 'basic', 'questions', ',', 'also', 'feels', 'like', 'a', 'one-way', 'monologue', 'every', 'time', '.']","['B-CLARITY_OF_INSTRUCTION', 'I-CLARITY_OF_INSTRUCTION', 'I-CLARITY_OF_INSTRUCTION', 'I-CLARITY_OF_INSTRUCTION', 'I-CLARITY_OF_INSTRUCTION', 'O', 'O', 'B-SUBJECT_KNOWLEDGE', 'I-SUBJECT_KNOWLEDGE', 'I-SUBJECT_KNOWLEDGE', 'I-SUBJECT_KNOWLEDGE', 'I-SUBJECT_KNOWLEDGE', 'O', 'O', 'B-ENGAGEMENT', 'I-ENGAGEMENT', 'I-ENGAGEMENT', 'I-ENGAGEMENT', 'I-ENGAGEMENT', 'I-ENGAGEMENT', 'I-ENGAGEMENT', 'O']"
Machine Learning,CSC410,Dr Faith,4,Keeps everyone engaged the whole session.,"[('Engagement', 'positive')]","['keeps', 'everyone', 'engaged', 'the', 'whole', 'session', '.']","['B-ENGAGEMENT', 'I-ENGAGEMENT', 'I-ENGAGEMENT', 'I-ENGAGEMENT', 'I-ENGAGEMENT', 'I-ENGAGEMENT', 'O']"
Special Computing,CSC408,Dr Adeyemi,2,"Uses humor to keep the room awake, although i struggle to follow most explanations, also emails go unanswered for over a week.","[('Engagement', 'positive'), ('Clarity of Instruction', 'negative'), ('Availability', 'negative')]","['uses', 'humor', 'to', 'keep', 'the', 'room', 'awake', ',', 'although', 'i', 'struggle', 'to', 'follow', 'most', 'explanations', ',', 'also', 'emails', 'go', 'unanswered', 'for', 'over', 'a', 'week', '.']","['B-ENGAGEMENT', 'I-ENGAGEMENT', 'I-ENGAGEMENT', 'I-ENGAGEMENT', 'I-ENGAGEMENT', 'I-ENGAGEMENT', 'I-ENGAGEMENT', 'O', 'O', 'B-CLARITY_OF_INSTRUCTION', 'I-CLARITY_OF_INSTRUCTION', 'I-CLARITY_OF_INSTRUCTION', 'I-CLARITY_OF_INSTRUCTION', 'I-CLARITY_OF_INSTRUCTION', 'I-CLARITY_OF_INSTRUCTION', 'O', 'O', 'B-AVAILABILITY', 'I-AVAILABILITY', 'I-AVAILABILITY', 'I-AVAILABILITY', 'I-AVAILABILITY', 'I-AVAILABILITY', 'I-AVAILABILITY', 'O']"
Special Computing,CSC408,Dr Faith,5,"Help is hard to get outside class, although exams match what was actually taught, and backs up explanations with real-world examples from experience.","[('Availability', 'negative'), ('Assessment', 'positive'), ('Subject Knowledge', 'positive')]","['help', 'is', 'hard', 'to', 'get', 'outside', 'class', ',', 'although', 'exams', 'match', 'what', 'was', 'actually', 'taught', ',', 'and', 'backs', 'up', 'explanations', 'with', 'real-world', 'examples', 'from', 'experience', '.']","['B-AVAILABILITY', 'I-AVAILABILITY', 'I-AVAILABILITY', 'I-AVAILABILITY', 'I-AVAILABILITY', 'I-AVAILABILITY', 'I-AVAILABILITY', 'O', 'O', 'B-ASSESSMENT', 'I-ASSESSMENT', 'I-ASSESSMENT', 'I-ASSESSMENT', 'I-ASSESSMENT', 'I-ASSESSMENT', 'O', 'O', 'B-SUBJECT_KNOWLEDGE', 'I-SUBJECT_KNOWLEDGE', 'I-SUBJECT_KNOWLEDGE', 'I-SUBJECT_KNOWLEDGE', 'I-SUBJECT_KNOWLEDGE', 'I-SUBJECT_KNOWLEDGE', 'I-SUBJECT_KNOWLEDGE', 'I-SUBJECT_KNOWLEDGE', 'O']"
Cloud Computing,CSC410,Dr Martins,3,"Explains clearly, however seems annoyed when students ask for extra help.","[('Clarity of Instruction', 'positive'), ('Availability', 'negative')]","['explains', 'clearly', ',', 'however', 'seems', 'annoyed', 'when', 'students', 'ask', 'for', 'extra', 'help', '.']","['B-CLARITY_OF_INSTRUCTION', 'I-CLARITY_OF_INSTRUCTION', 'O', 'O', 'B-AVAILABILITY', 'I-AVAILABILITY', 'I-AVAILABILITY', 'I-AVAILABILITY', 'I-AVAILABILITY', 'I-AVAILABILITY', 'I-AVAILABILITY', 'I-AVAILABILITY', 'O']"
Cloud Computing,CSC410,Dr Martins,4,"Very approachable outside of lecture time, but just reads off slides with no energy, however feedback actually helps me improve next time.","[('Availability', 'positive'), ('Engagement', 'negative'), ('Assessment', 'positive')]","['very', 'approachable', 'outside', 'of', 'lecture', 'time', ',', 'but', 'just', 'reads', 'off', 'slides', 'with', 'no', 'energy', ',', 'however', 'feedback', 'actually', 'helps', 'me', 'improve', 'next', 'time', '.']","['B-AVAILABILITY', 'I-AVAILABILITY', 'I-AVAILABILITY', 'I-AVAILABILITY', 'I-AVAILABILITY', 'I-AVAILABILITY', 'O', 'O', 'B-ENGAGEMENT', 'I-ENGAGEMENT', 'I-ENGAGEMENT', 'I-ENGAGEMENT', 'I-ENGAGEMENT', 'I-ENGAGEMENT', 'I-ENGAGEMENT', 'O', 'O', 'B-ASSESSMENT', 'I-ASSESSMENT', 'I-ASSESSMENT', 'I-ASSESSMENT', 'I-ASSESSMENT', 'I-ASSESSMENT', 'I-ASSESSMENT', 'O']"
Machine Learning,CSC408,Dr Pomele,5,"Explains difficult concepts with real depth, and grading feels transparent and well-justified.","[('Subject Knowledge', 'positive'), ('Assessment', 'positive')]","['explains', 'difficult', 'concepts', 'with', 'real', 'depth', ',', 'and', 'grading', 'feels', 'transparent', 'and', 'well-justified', '.']","['B-SUBJECT_KNOWLEDGE', 'I-SUBJECT_KNOWLEDGE', 'I-SUBJECT_KNOWLEDGE', 'I-SUBJECT_KNOWLEDGE', 'I-SUBJECT_KNOWLEDGE', 'I-SUBJECT_KNOWLEDGE', 'O', 'O', 'B-ASSESSMENT', 'I-ASSESSMENT', 'I-ASSESSMENT', 'I-ASSESSMENT', 'I-ASSESSMENT', 'O']"
Special Computing,CSC408,Dr Pomele,5,"Exams match what was actually taught, and makes the class genuinely interesting, however doesn't explain well.","[('Assessment', 'positive'), ('Engagement', 'positive'), ('Clarity of Instruction', 'negative')]","['exams', 'match', 'what', 'was', 'actually', 'taught', ',', 'and', 'makes', 'the', 'class', 'genuinely', 'interesting', ',', 'however', 'does', ""n't"", 'explain', 'well', '.']","['B-ASSESSMENT', 'I-ASSESSMENT', 'I-ASSESSMENT', 'I-ASSESSMENT', 'I-ASSESSMENT', 'I-ASSESSMENT', 'O', 'O', 'B-ENGAGEMENT', 'I-ENGAGEMENT', 'I-ENGAGEMENT', 'I-ENGAGEMENT', 'I-ENGAGEMENT', 'O', 'O', 'B-CLARITY_OF_INSTRUCTION', 'I-CLARITY_OF_INSTRUCTION', 'I-CLARITY_OF_INSTRUCTION', 'I-CLARITY_OF_INSTRUCTION', 'O']"
Special Computing,CSC101,Dr Martins,1,"Complicates simple topics, also feels like a one-way monologue every time, although returns graded work quickly.","[('Clarity of Instruction', 'negative'), ('Engagement', 'negative'), ('Assessment', 'positive')]","['complicates', 'simple', 'topics', ',', 'also', 'feels', 'like', 'a', 'one-way', 'monologue', 'every', 'time', ',', 'although', 'returns', 'graded', 'work', 'quickly', '.']","['B-CLARITY_OF_INSTRUCTION', 'I-CLARITY_OF_INSTRUCTION', 'I-CLARITY_OF_INSTRUCTION', 'O', 'O', 'B-ENGAGEMENT', 'I-ENGAGEMENT', 'I-ENGAGEMENT', 'I-ENGAGEMENT', 'I-ENGAGEMENT', 'I-ENGAGEMENT', 'I-ENGAGEMENT', 'O', 'O', 'B-ASSESSMENT', 'I-ASSESSMENT', 'I-ASSESSMENT', 'I-ASSESSMENT', 'O']"
Cloud Computing,CSC412,Dr Pomele,5,Answers even the toughest questions confidently.,"[('Subject Knowledge', 'positive')]","['answers', 'even', 'the', 'toughest', 'questions', 'confidently', '.']","['B-SUBJECT_KNOWLEDGE', 'I-SUBJECT_KNOWLEDGE', 'I-SUBJECT_KNOWLEDGE', 'I-SUBJECT_KNOWLEDGE', 'I-SUBJECT_KNOWLEDGE', 'I-SUBJECT_KNOWLEDGE', 'O']"
Cloud Computing,CSC410,Dr Faith,4,"Makes the class genuinely interesting, also feedback actually helps me improve next time, and never seems caught off guard by a question.","[('Engagement', 'positive'), ('Assessment', 'positive'), ('Subject Knowledge', 'positive')]","['makes', 'the', 'class', 'genuinely', 'interesting', ',', 'also', 'feedback', 'actually', 'helps', 'me', 'improve', 'next', 'time', ',', 'and', 'never', 'seems', 'caught', 'off', 'guard', 'by', 'a', 'question', '.']","['B-ENGAGEMENT', 'I-ENGAGEMENT', 'I-ENGAGEMENT', 'I-ENGAGEMENT', 'I-ENGAGEMENT', 'O', 'O', 'B-ASSESSMENT', 'I-ASSESSMENT', 'I-ASSESSMENT', 'I-ASSESSMENT', 'I-ASSESSMENT', 'I-ASSESSMENT', 'I-ASSESSMENT', 'O', 'O', 'B-SUBJECT_KNOWLEDGE', 'I-SUBJECT_KNOWLEDGE', 'I-SUBJECT_KNOWLEDGE', 'I-SUBJECT_KNOWLEDGE', 'I-SUBJECT_KNOWLEDGE', 'I-SUBJECT_KNOWLEDGE', 'I-SUBJECT_KNOWLEDGE', 'I-SUBJECT_KNOWLEDGE', 'O']"
Cloud Computing,CSC406,Dr Okafor,1,Grading seems arbitrary from one submission to the next.,"[('Assessment', 'negative')]","['grading', 'seems', 'arbitrary', 'from', 'one', 'submission', 'to', 'the', 'next', '.']","['B-ASSESSMENT', 'I-ASSESSMENT', 'I-ASSESSMENT', 'I-ASSESSMENT', 'I-ASSESSMENT', 'I-ASSESSMENT', 'I-ASSESSMENT', 'I-ASSESSMENT', 'I-ASSESSMENT', 'O']"
Data Science,CSC406,Dr Adeyemi,5,Rubrics are clear before submitting work.,"[('Assessment', 'positive')]","['rubrics', 'are', 'clear', 'before', 'submitting', 'work', '.']","['B-ASSESSMENT', 'I-ASSESSMENT', 'I-ASSESSMENT', 'I-ASSESSMENT', 'I-ASSESSMENT', 'I-ASSESSMENT', 'O']"
Introduction to Computing,CSC408,Dr Adeyemi,2,"Uses confusing terms without breaking them down, and i couldn't get a response before the deadline, and doesn't seem to know the material well.","[('Clarity of Instruction', 'negative'), ('Availability', 'negative'), ('Subject Knowledge', 'negative')]","['uses', 'confusing', 'terms', 'without', 'breaking', 'them', 'down', ',', 'and', 'i', 'could', ""n't"", 'get', 'a', 'response', 'before', 'the', 'deadline', ',', 'and', 'does', ""n't"", 'seem', 'to', 'know', 'the', 'material', 'well', '.']","['B-CLARITY_OF_INSTRUCTION', 'I-CLARITY_OF_INSTRUCTION', 'I-CLARITY_OF_INSTRUCTION', 'I-CLARITY_OF_INSTRUCTION', 'I-CLARITY_OF_INSTRUCTION', 'I-CLARITY_OF_INSTRUCTION', 'I-CLARITY_OF_INSTRUCTION', 'O', 'O', 'B-AVAILABILITY', 'I-AVAILABILITY', 'I-AVAILABILITY', 'I-AVAILABILITY', 'I-AVAILABILITY', 'I-AVAILABILITY', 'I-AVAILABILITY', 'I-AVAILABILITY', 'I-AVAILABILITY', 'O', 'O', 'B-SUBJECT_KNOWLEDGE', 'I-SUBJECT_KNOWLEDGE', 'I-SUBJECT_KNOWLEDGE', 'I-SUBJECT_KNOWLEDGE', 'I-SUBJECT_KNOWLEDGE', 'I-SUBJECT_KNOWLEDGE', 'I-SUBJECT_KNOWLEDGE', 'I-SUBJECT_KNOWLEDGE', 'O']"
Cloud Computing,CSC412,Dr Adeyemi,1,"the class feels boring and flat, also doesn't seem to know the material well.","[('Engagement', 'negative'), ('Subject Knowledge', 'negative')]","['the', 'class', 'feels', 'boring', 'and', 'flat', ',', 'also', 'does', ""n't"", 'seem', 'to', 'know', 'the', 'material', 'well', '.']","['B-ENGAGEMENT', 'I-ENGAGEMENT', 'I-ENGAGEMENT', 'I-ENGAGEMENT', 'I-ENGAGEMENT', 'I-ENGAGEMENT', 'O', 'O', 'B-SUBJECT_KNOWLEDGE', 'I-SUBJECT_KNOWLEDGE', 'I-SUBJECT_KNOWLEDGE', 'I-SUBJECT_KNOWLEDGE', 'I-SUBJECT_KNOWLEDGE', 'I-SUBJECT_KNOWLEDGE', 'I-SUBJECT_KNOWLEDGE', 'I-SUBJECT_KNOWLEDGE', 'O']"
Special Computing,CSC101,Dr Adeyemi,2,Seems to be reading straight from slides.,"[('Subject Knowledge', 'negative')]","['seems', 'to', 'be', 'reading', 'straight', 'from', 'slides', '.']","['B-SUBJECT_KNOWLEDGE', 'I-SUBJECT_KNOWLEDGE', 'I-SUBJECT_KNOWLEDGE', 'I-SUBJECT_KNOWLEDGE', 'I-SUBJECT_KNOWLEDGE', 'I-SUBJECT_KNOWLEDGE', 'I-SUBJECT_KNOWLEDGE', 'O']"
Special Computing,CSC408,Dr Okafor,5,Makes topics easier to understand.,"[('Clarity of Instruction', 'positive')]","['makes', 'topics', 'easier', 'to', 'understand', '.']","['B-CLARITY_OF_INSTRUCTION', 'I-CLARITY_OF_INSTRUCTION', 'I-CLARITY_OF_INSTRUCTION', 'I-CLARITY_OF_INSTRUCTION', 'I-CLARITY_OF_INSTRUCTION', 'O']"
Special Computing,CSC410,Dr Okafor,4,"You can tell he's mastered this field, although seems annoyed when students ask for extra help, however involves the class with questions and debates.","[('Subject Knowledge', 'positive'), ('Availability', 'negative'), ('Engagement', 'positive')]","['you', 'can', 'tell', 'he', ""'s"", 'mastered', 'this', 'field', ',', 'although', 'seems', 'annoyed', 'when', 'students', 'ask', 'for', 'extra', 'help', ',', 'however', 'involves', 'the', 'class', 'with', 'questions', 'and', 'debates', '.']","['B-SUBJECT_KNOWLEDGE', 'I-SUBJECT_KNOWLEDGE', 'I-SUBJECT_KNOWLEDGE', 'I-SUBJECT_KNOWLEDGE', 'I-SUBJECT_KNOWLEDGE', 'I-SUBJECT_KNOWLEDGE', 'I-SUBJECT_KNOWLEDGE', 'I-SUBJECT_KNOWLEDGE', 'O', 'O', 'B-AVAILABILITY', 'I-AVAILABILITY', 'I-AVAILABILITY', 'I-AVAILABILITY', 'I-AVAILABILITY', 'I-AVAILABILITY', 'I-AVAILABILITY', 'I-AVAILABILITY', 'O', 'O', 'B-ENGAGEMENT', 'I-ENGAGEMENT', 'I-ENGAGEMENT', 'I-ENGAGEMENT', 'I-ENGAGEMENT', 'I-ENGAGEMENT', 'I-ENGAGEMENT', 'O']"
Special Computing,CSC408,Dr Okafor,1,"Emails go unanswered for over a week, and help with grading disputes is hard to get, and doesn't seem to know the material well.","[('Availability', 'negative'), ('Assessment', 'negative'), ('Subject Knowledge', 'negative')]","['emails', 'go', 'unanswered', 'for', 'over', 'a', 'week', ',', 'and', 'help', 'with', 'grading', 'disputes', 'is', 'hard', 'to', 'get', ',', 'and', 'does', ""n't"", 'seem', 'to', 'know', 'the', 'material', 'well', '.']","['B-AVAILABILITY', 'I-AVAILABILITY', 'I-AVAILABILITY', 'I-AVAILABILITY', 'I-AVAILABILITY', 'I-AVAILABILITY', 'I-AVAILABILITY', 'O', 'O', 'B-ASSESSMENT', 'I-ASSESSMENT', 'I-ASSESSMENT', 'I-ASSESSMENT', 'I-ASSESSMENT', 'I-ASSESSMENT', 'I-ASSESSMENT', 'I-ASSESSMENT', 'O', 'O', 'B-SUBJECT_KNOWLEDGE', 'I-SUBJECT_KNOWLEDGE', 'I-SUBJECT_KNOWLEDGE', 'I-SUBJECT_KNOWLEDGE', 'I-SUBJECT_KNOWLEDGE', 'I-SUBJECT_KNOWLEDGE', 'I-SUBJECT_KNOWLEDGE', 'I-SUBJECT_KNOWLEDGE', 'O']"
Machine Learning,CSC406,Dr Martins,5,"Grades fairly and consistently, also every explanation is easy to follow.","[('Assessment', 'positive'), ('Clarity of Instruction', 'positive')]","['grades', 'fairly', 'and', 'consistently', ',', 'also', 'every', 'explanation', 'is', 'easy', 'to', 'follow', '.']","['B-ASSESSMENT', 'I-ASSESSMENT', 'I-ASSESSMENT', 'I-ASSESSMENT', 'O', 'O', 'B-CLARITY_OF_INSTRUCTION', 'I-CLARITY_OF_INSTRUCTION', 'I-CLARITY_OF_INSTRUCTION', 'I-CLARITY_OF_INSTRUCTION', 'I-CLARITY_OF_INSTRUCTION', 'I-CLARITY_OF_INSTRUCTION', 'O']"
Introduction to Computing,CSC408,Dr Martins,4,"Every explanation is easy to follow, but no rubric is given before assignments are due, however always available during office hours.","[('Clarity of Instruction', 'positive'), ('Assessment', 'negative'), ('Availability', 'positive')]","['every', 'explanation', 'is', 'easy', 'to', 'follow', ',', 'but', 'no', 'rubric', 'is', 'given', 'before', 'assignments', 'are', 'due', ',', 'however', 'always', 'available', 'during', 'office', 'hours', '.']","['B-CLARITY_OF_INSTRUCTION', 'I-CLARITY_OF_INSTRUCTION', 'I-CLARITY_OF_INSTRUCTION', 'I-CLARITY_OF_INSTRUCTION', 'I-CLARITY_OF_INSTRUCTION', 'I-CLARITY_OF_INSTRUCTION', 'O', 'O', 'B-ASSESSMENT', 'I-ASSESSMENT', 'I-ASSESSMENT', 'I-ASSESSMENT', 'I-ASSESSMENT', 'I-ASSESSMENT', 'I-ASSESSMENT', 'I-ASSESSMENT', 'O', 'O', 'B-AVAILABILITY', 'I-AVAILABILITY', 'I-AVAILABILITY', 'I-AVAILABILITY', 'I-AVAILABILITY', 'O']"
Machine Learning,CSC406,Dr Okafor,1,Seems annoyed when students ask for extra help.,"[('Availability', 'negative')]","['seems', 'annoyed', 'when', 'students', 'ask', 'for', 'extra', 'help', '.']","['B-AVAILABILITY', 'I-AVAILABILITY', 'I-AVAILABILITY', 'I-AVAILABILITY', 'I-AVAILABILITY', 'I-AVAILABILITY', 'I-AVAILABILITY', 'I-AVAILABILITY', 'O']"
Special Computing,CSC410,Dr Martins,5,"Answers even the toughest questions confidently, also exams match what was actually taught, also simplifies difficult concepts well.","[('Subject Knowledge', 'positive'), ('Assessment', 'positive'), ('Clarity of Instruction', 'positive')]","['answers', 'even', 'the', 'toughest', 'questions', 'confidently', ',', 'also', 'exams', 'match', 'what', 'was', 'actually', 'taught', ',', 'also', 'simplifies', 'difficult', 'concepts', 'well', '.']","['B-SUBJECT_KNOWLEDGE', 'I-SUBJECT_KNOWLEDGE', 'I-SUBJECT_KNOWLEDGE', 'I-SUBJECT_KNOWLEDGE', 'I-SUBJECT_KNOWLEDGE', 'I-SUBJECT_KNOWLEDGE', 'O', 'O', 'B-ASSESSMENT', 'I-ASSESSMENT', 'I-ASSESSMENT', 'I-ASSESSMENT', 'I-ASSESSMENT', 'I-ASSESSMENT', 'O', 'O', 'B-CLARITY_OF_INSTRUCTION', 'I-CLARITY_OF_INSTRUCTION', 'I-CLARITY_OF_INSTRUCTION', 'I-CLARITY_OF_INSTRUCTION', 'O']"
Special Computing,CSC406,Dr Adeyemi,4,Involves the class with questions and debates.,"[('Engagement', 'positive')]","['involves', 'the', 'class', 'with', 'questions', 'and', 'debates', '.']","['B-ENGAGEMENT', 'I-ENGAGEMENT', 'I-ENGAGEMENT', 'I-ENGAGEMENT', 'I-ENGAGEMENT', 'I-ENGAGEMENT', 'I-ENGAGEMENT', 'O']"
Special Computing,CSC412,Dr Okafor,1,"grades inconsistently between students, although responds to emails quickly.","[('Assessment', 'negative'), ('Availability', 'positive')]","['grades', 'inconsistently', 'between', 'students', ',', 'although', 'responds', 'to', 'emails', 'quickly', '.']","['B-ASSESSMENT', 'I-ASSESSMENT', 'I-ASSESSMENT', 'I-ASSESSMENT', 'O', 'O', 'B-AVAILABILITY', 'I-AVAILABILITY', 'I-AVAILABILITY', 'I-AVAILABILITY', 'O']"
Data Science,CSC406,Dr Martins,2,"Struggles to answer basic questions, but involves the class with questions and debates, also replies on the discussion forum within a day.","[('Subject Knowledge', 'negative'), ('Engagement', 'positive'), ('Availability', 'positive')]","['struggles', 'to', 'answer', 'basic', 'questions', ',', 'but', 'involves', 'the', 'class', 'with', 'questions', 'and', 'debates', ',', 'also', 'replies', 'on', 'the', 'discussion', 'forum', 'within', 'a', 'day', '.']","['B-SUBJECT_KNOWLEDGE', 'I-SUBJECT_KNOWLEDGE', 'I-SUBJECT_KNOWLEDGE', 'I-SUBJECT_KNOWLEDGE', 'I-SUBJECT_KNOWLEDGE', 'O', 'O', 'B-ENGAGEMENT', 'I-ENGAGEMENT', 'I-ENGAGEMENT', 'I-ENGAGEMENT', 'I-ENGAGEMENT', 'I-ENGAGEMENT', 'I-ENGAGEMENT', 'O', 'O', 'B-AVAILABILITY', 'I-AVAILABILITY', 'I-AVAILABILITY', 'I-AVAILABILITY', 'I-AVAILABILITY', 'I-AVAILABILITY', 'I-AVAILABILITY', 'I-AVAILABILITY', 'O']"
Data Science,CSC408,Dr Adeyemi,5,"Every explanation is easy to follow, also grading feels transparent and well-justified.","[('Clarity of Instruction', 'positive'), ('Assessment', 'positive')]","['every', 'explanation', 'is', 'easy', 'to', 'follow', ',', 'also', 'grading', 'feels', 'transparent', 'and', 'well-justified', '.']","['B-CLARITY_OF_INSTRUCTION', 'I-CLARITY_OF_INSTRUCTION', 'I-CLARITY_OF_INSTRUCTION', 'I-CLARITY_OF_INSTRUCTION', 'I-CLARITY_OF_INSTRUCTION', 'I-CLARITY_OF_INSTRUCTION', 'O', 'O', 'B-ASSESSMENT', 'I-ASSESSMENT', 'I-ASSESSMENT', 'I-ASSESSMENT', 'I-ASSESSMENT', 'O']"
Introduction to Computing,CSC408,Dr Adeyemi,5,"Keeps everyone engaged the whole session, and i've never had trouble reaching him for help, also grading feels transparent and well-justified.","[('Engagement', 'positive'), ('Availability', 'positive'), ('Assessment', 'positive')]","['keeps', 'everyone', 'engaged', 'the', 'whole', 'session', ',', 'and', 'i', ""'ve"", 'never', 'had', 'trouble', 'reaching', 'him', 'for', 'help', ',', 'also', 'grading', 'feels', 'transparent', 'and', 'well-justified', '.']","['B-ENGAGEMENT', 'I-ENGAGEMENT', 'I-ENGAGEMENT', 'I-ENGAGEMENT', 'I-ENGAGEMENT', 'I-ENGAGEMENT', 'O', 'O', 'B-AVAILABILITY', 'I-AVAILABILITY', 'I-AVAILABILITY', 'I-AVAILABILITY', 'I-AVAILABILITY', 'I-AVAILABILITY', 'I-AVAILABILITY', 'I-AVAILABILITY', 'I-AVAILABILITY', 'O', 'O', 'B-ASSESSMENT', 'I-ASSESSMENT', 'I-ASSESSMENT', 'I-ASSESSMENT', 'I-ASSESSMENT', 'O']"
Special Computing,CSC408,Dr Okafor,5,"The way he breaks down ideas makes sense, and has deep knowledge of the subject.","[('Clarity of Instruction', 'positive'), ('Subject Knowledge', 'positive')]","['the', 'way', 'he', 'breaks', 'down', 'ideas', 'makes', 'sense', ',', 'and', 'has', 'deep', 'knowledge', 'of', 'the', 'subject', '.']","['B-CLARITY_OF_INSTRUCTION', 'I-CLARITY_OF_INSTRUCTION', 'I-CLARITY_OF_INSTRUCTION', 'I-CLARITY_OF_INSTRUCTION', 'I-CLARITY_OF_INSTRUCTION', 'I-CLARITY_OF_INSTRUCTION', 'I-CLARITY_OF_INSTRUCTION', 'I-CLARITY_OF_INSTRUCTION', 'O', 'O', 'B-SUBJECT_KNOWLEDGE', 'I-SUBJECT_KNOWLEDGE', 'I-SUBJECT_KNOWLEDGE', 'I-SUBJECT_KNOWLEDGE', 'I-SUBJECT_KNOWLEDGE', 'I-SUBJECT_KNOWLEDGE', 'O']"
Introduction to Computing,CSC101,Dr Martins,2,"Rarely interacts with students during lectures, however i always leave the class understanding the topic, although gives vague answers when pushed for detail.","[('Engagement', 'negative'), ('Clarity of Instruction', 'positive'), ('Subject Knowledge', 'negative')]","['rarely', 'interacts', 'with', 'students', 'during', 'lectures', ',', 'however', 'i', 'always', 'leave', 'the', 'class', 'understanding', 'the', 'topic', ',', 'although', 'gives', 'vague', 'answers', 'when', 'pushed', 'for', 'detail', '.']","['B-ENGAGEMENT', 'I-ENGAGEMENT', 'I-ENGAGEMENT', 'I-ENGAGEMENT', 'I-ENGAGEMENT', 'I-ENGAGEMENT', 'O', 'O', 'B-CLARITY_OF_INSTRUCTION', 'I-CLARITY_OF_INSTRUCTION', 'I-CLARITY_OF_INSTRUCTION', 'I-CLARITY_OF_INSTRUCTION', 'I-CLARITY_OF_INSTRUCTION', 'I-CLARITY_OF_INSTRUCTION', 'I-CLARITY_OF_INSTRUCTION', 'I-CLARITY_OF_INSTRUCTION', 'O', 'O', 'B-SUBJECT_KNOWLEDGE', 'I-SUBJECT_KNOWLEDGE', 'I-SUBJECT_KNOWLEDGE', 'I-SUBJECT_KNOWLEDGE', 'I-SUBJECT_KNOWLEDGE', 'I-SUBJECT_KNOWLEDGE', 'I-SUBJECT_KNOWLEDGE', 'O']"
Introduction to Computing,CSC406,Dr Pomele,1,"Never holds actual office hours, also grading seems arbitrary from one submission to the next, although breaks complex structures into understandable ones.","[('Availability', 'negative'), ('Assessment', 'negative'), ('Clarity of Instruction', 'positive')]","['never', 'holds', 'actual', 'office', 'hours', ',', 'also', 'grading', 'seems', 'arbitrary', 'from', 'one', 'submission', 'to', 'the', 'next', ',', 'although', 'breaks', 'complex', 'structures', 'into', 'understandable', 'ones', '.']","['B-AVAILABILITY', 'I-AVAILABILITY', 'I-AVAILABILITY', 'I-AVAILABILITY', 'I-AVAILABILITY', 'O', 'O', 'B-ASSESSMENT', 'I-ASSESSMENT', 'I-ASSESSMENT', 'I-ASSESSMENT', 'I-ASSESSMENT', 'I-ASSESSMENT', 'I-ASSESSMENT', 'I-ASSESSMENT', 'I-ASSESSMENT', 'O', 'O', 'B-CLARITY_OF_INSTRUCTION', 'I-CLARITY_OF_INSTRUCTION', 'I-CLARITY_OF_INSTRUCTION', 'I-CLARITY_OF_INSTRUCTION', 'I-CLARITY_OF_INSTRUCTION', 'I-CLARITY_OF_INSTRUCTION', 'O']"
Special Computing,CSC408,Dr Faith,5,"Answers even the toughest questions confidently, also i've never had trouble reaching him for help, and every explanation is easy to follow.","[('Subject Knowledge', 'positive'), ('Availability', 'positive'), ('Clarity of Instruction', 'positive')]","['answers', 'even', 'the', 'toughest', 'questions', 'confidently', ',', 'also', 'i', ""'ve"", 'never', 'had', 'trouble', 'reaching', 'him', 'for', 'help', ',', 'and', 'every', 'explanation', 'is', 'easy', 'to', 'follow', '.']","['B-SUBJECT_KNOWLEDGE', 'I-SUBJECT_KNOWLEDGE', 'I-SUBJECT_KNOWLEDGE', 'I-SUBJECT_KNOWLEDGE', 'I-SUBJECT_KNOWLEDGE', 'I-SUBJECT_KNOWLEDGE', 'O', 'O', 'B-AVAILABILITY', 'I-AVAILABILITY', 'I-AVAILABILITY', 'I-AVAILABILITY', 'I-AVAILABILITY', 'I-AVAILABILITY', 'I-AVAILABILITY', 'I-AVAILABILITY', 'I-AVAILABILITY', 'O', 'O', 'B-CLARITY_OF_INSTRUCTION', 'I-CLARITY_OF_INSTRUCTION', 'I-CLARITY_OF_INSTRUCTION', 'I-CLARITY_OF_INSTRUCTION', 'I-CLARITY_OF_INSTRUCTION', 'I-CLARITY_OF_INSTRUCTION', 'O']"
Special Computing,CSC101,Dr Adeyemi,5,Grading feels transparent and well-justified.,"[('Assessment', 'positive')]","['grading', 'feels', 'transparent', 'and', 'well-justified', '.']","['B-ASSESSMENT', 'I-ASSESSMENT', 'I-ASSESSMENT', 'I-ASSESSMENT', 'I-ASSESSMENT', 'O']"
Cloud Computing,CSC410,Dr Martins,4,"Explains difficult concepts with real depth, and turns dry topics into lively discussions, although takes weeks to return graded assignments.","[('Subject Knowledge', 'positive'), ('Engagement', 'positive'), ('Assessment', 'negative')]","['explains', 'difficult', 'concepts', 'with', 'real', 'depth', ',', 'and', 'turns', 'dry', 'topics', 'into', 'lively', 'discussions', ',', 'although', 'takes', 'weeks', 'to', 'return', 'graded', 'assignments', '.']","['B-SUBJECT_KNOWLEDGE', 'I-SUBJECT_KNOWLEDGE', 'I-SUBJECT_KNOWLEDGE', 'I-SUBJECT_KNOWLEDGE', 'I-SUBJECT_KNOWLEDGE', 'I-SUBJECT_KNOWLEDGE', 'O', 'O', 'B-ENGAGEMENT', 'I-ENGAGEMENT', 'I-ENGAGEMENT', 'I-ENGAGEMENT', 'I-ENGAGEMENT', 'I-ENGAGEMENT', 'O', 'O', 'B-ASSESSMENT', 'I-ASSESSMENT', 'I-ASSESSMENT', 'I-ASSESSMENT', 'I-ASSESSMENT', 'I-ASSESSMENT', 'O']"
Cloud Computing,CSC408,Dr Adeyemi,3,"I struggle to follow most explanations, but explains difficult concepts with real depth.","[('Clarity of Instruction', 'negative'), ('Subject Knowledge', 'positive')]","['i', 'struggle', 'to', 'follow', 'most', 'explanations', ',', 'but', 'explains', 'difficult', 'concepts', 'with', 'real', 'depth', '.']","['B-CLARITY_OF_INSTRUCTION', 'I-CLARITY_OF_INSTRUCTION', 'I-CLARITY_OF_INSTRUCTION', 'I-CLARITY_OF_INSTRUCTION', 'I-CLARITY_OF_INSTRUCTION', 'I-CLARITY_OF_INSTRUCTION', 'O', 'O', 'B-SUBJECT_KNOWLEDGE', 'I-SUBJECT_KNOWLEDGE', 'I-SUBJECT_KNOWLEDGE', 'I-SUBJECT_KNOWLEDGE', 'I-SUBJECT_KNOWLEDGE', 'I-SUBJECT_KNOWLEDGE', 'O']"
Machine Learning,CSC410,Dr Adeyemi,4,"The lecture drags on with no variation, and skips important details when explaining.","[('Engagement', 'negative'), ('Clarity of Instruction', 'negative')]","['the', 'lecture', 'drags', 'on', 'with', 'no', 'variation', ',', 'and', 'skips', 'important', 'details', 'when', 'explaining', '.']","['B-ENGAGEMENT', 'I-ENGAGEMENT', 'I-ENGAGEMENT', 'I-ENGAGEMENT', 'I-ENGAGEMENT', 'I-ENGAGEMENT', 'I-ENGAGEMENT', 'O', 'O', 'B-CLARITY_OF_INSTRUCTION', 'I-CLARITY_OF_INSTRUCTION', 'I-CLARITY_OF_INSTRUCTION', 'I-CLARITY_OF_INSTRUCTION', 'I-CLARITY_OF_INSTRUCTION', 'O']"
Data Science,CSC406,Dr Faith,1,Cancels office hours without notice.,"[('Availability', 'negative')]","['cancels', 'office', 'hours', 'without', 'notice', '.']","['B-AVAILABILITY', 'I-AVAILABILITY', 'I-AVAILABILITY', 'I-AVAILABILITY', 'I-AVAILABILITY', 'O']"
Introduction to Computing,CSC101,Dr Pomele,4,"I've caught factual errors in lectures before, but always available during office hours, and his energy makes the lecture fly by.","[('Subject Knowledge', 'negative'), ('Availability', 'positive'), ('Engagement', 'positive')]","['i', ""'ve"", 'caught', 'factual', 'errors', 'in', 'lectures', 'before', ',', 'but', 'always', 'available', 'during', 'office', 'hours', ',', 'and', 'his', 'energy', 'makes', 'the', 'lecture', 'fly', 'by', '.']","['B-SUBJECT_KNOWLEDGE', 'I-SUBJECT_KNOWLEDGE', 'I-SUBJECT_KNOWLEDGE', 'I-SUBJECT_KNOWLEDGE', 'I-SUBJECT_KNOWLEDGE', 'I-SUBJECT_KNOWLEDGE', 'I-SUBJECT_KNOWLEDGE', 'I-SUBJECT_KNOWLEDGE', 'O', 'O', 'B-AVAILABILITY', 'I-AVAILABILITY', 'I-AVAILABILITY', 'I-AVAILABILITY', 'I-AVAILABILITY', 'O', 'O', 'B-ENGAGEMENT', 'I-ENGAGEMENT', 'I-ENGAGEMENT', 'I-ENGAGEMENT', 'I-ENGAGEMENT', 'I-ENGAGEMENT', 'I-ENGAGEMENT', 'O']"
Introduction to Computing,CSC406,Dr Okafor,2,"Gives detailed feedback on assignments, but hard to follow his explanations.","[('Assessment', 'positive'), ('Clarity of Instruction', 'negative')]","['gives', 'detailed', 'feedback', 'on', 'assignments', ',', 'but', 'hard', 'to', 'follow', 'his', 'explanations', '.']","['B-ASSESSMENT', 'I-ASSESSMENT', 'I-ASSESSMENT', 'I-ASSESSMENT', 'I-ASSESSMENT', 'O', 'O', 'B-CLARITY_OF_INSTRUCTION', 'I-CLARITY_OF_INSTRUCTION', 'I-CLARITY_OF_INSTRUCTION', 'I-CLARITY_OF_INSTRUCTION', 'I-CLARITY_OF_INSTRUCTION', 'O']"
Cloud Computing,CSC410,Dr Martins,1,Hard to follow his explanations.,"[('Clarity of Instruction', 'negative')]","['hard', 'to', 'follow', 'his', 'explanations', '.']","['B-CLARITY_OF_INSTRUCTION', 'I-CLARITY_OF_INSTRUCTION', 'I-CLARITY_OF_INSTRUCTION', 'I-CLARITY_OF_INSTRUCTION', 'I-CLARITY_OF_INSTRUCTION', 'O']"
Special Computing,CSC406,Dr Adeyemi,2,"is nearly impossible to reach outside class, also skips important details when explaining, although encourages students to participate often.","[('Availability', 'negative'), ('Clarity of Instruction', 'negative'), ('Engagement', 'positive')]","['is', 'nearly', 'impossible', 'to', 'reach', 'outside', 'class', ',', 'also', 'skips', 'important', 'details', 'when', 'explaining', ',', 'although', 'encourages', 'students', 'to', 'participate', 'often', '.']","['B-AVAILABILITY', 'I-AVAILABILITY', 'I-AVAILABILITY', 'I-AVAILABILITY', 'I-AVAILABILITY', 'I-AVAILABILITY', 'I-AVAILABILITY', 'O', 'O', 'B-CLARITY_OF_INSTRUCTION', 'I-CLARITY_OF_INSTRUCTION', 'I-CLARITY_OF_INSTRUCTION', 'I-CLARITY_OF_INSTRUCTION', 'I-CLARITY_OF_INSTRUCTION', 'O', 'O', 'B-ENGAGEMENT', 'I-ENGAGEMENT', 'I-ENGAGEMENT', 'I-ENGAGEMENT', 'I-ENGAGEMENT', 'O']"
Machine Learning,CSC412,Dr Pomele,1,"Feels like a one-way monologue every time, and i couldn't get a response before the deadline, also complicates simple topics.","[('Engagement', 'negative'), ('Availability', 'negative'), ('Clarity of Instruction', 'negative')]","['feels', 'like', 'a', 'one-way', 'monologue', 'every', 'time', ',', 'and', 'i', 'could', ""n't"", 'get', 'a', 'response', 'before', 'the', 'deadline', ',', 'also', 'complicates', 'simple', 'topics', '.']","['B-ENGAGEMENT', 'I-ENGAGEMENT', 'I-ENGAGEMENT', 'I-ENGAGEMENT', 'I-ENGAGEMENT', 'I-ENGAGEMENT', 'I-ENGAGEMENT', 'O', 'O', 'B-AVAILABILITY', 'I-AVAILABILITY', 'I-AVAILABILITY', 'I-AVAILABILITY', 'I-AVAILABILITY', 'I-AVAILABILITY', 'I-AVAILABILITY', 'I-AVAILABILITY', 'I-AVAILABILITY', 'O', 'O', 'B-CLARITY_OF_INSTRUCTION', 'I-CLARITY_OF_INSTRUCTION', 'I-CLARITY_OF_INSTRUCTION', 'O']"
Machine Learning,CSC101,Dr Okafor,5,Keeps everyone engaged the whole session.,"[('Engagement', 'positive')]","['keeps', 'everyone', 'engaged', 'the', 'whole', 'session', '.']","['B-ENGAGEMENT', 'I-ENGAGEMENT', 'I-ENGAGEMENT', 'I-ENGAGEMENT', 'I-ENGAGEMENT', 'I-ENGAGEMENT', 'O']"
Introduction to Computing,CSC408,Dr Martins,4,I've never had trouble reaching him for help.,"[('Availability', 'positive')]","['i', ""'ve"", 'never', 'had', 'trouble', 'reaching', 'him', 'for', 'help', '.']","['B-AVAILABILITY', 'I-AVAILABILITY', 'I-AVAILABILITY', 'I-AVAILABILITY', 'I-AVAILABILITY', 'I-AVAILABILITY', 'I-AVAILABILITY', 'I-AVAILABILITY', 'I-AVAILABILITY', 'O']"
Data Science,CSC406,Dr Martins,5,You can tell he's mastered this field.,"[('Subject Knowledge', 'positive')]","['you', 'can', 'tell', 'he', ""'s"", 'mastered', 'this', 'field', '.']","['B-SUBJECT_KNOWLEDGE', 'I-SUBJECT_KNOWLEDGE', 'I-SUBJECT_KNOWLEDGE', 'I-SUBJECT_KNOWLEDGE', 'I-SUBJECT_KNOWLEDGE', 'I-SUBJECT_KNOWLEDGE', 'I-SUBJECT_KNOWLEDGE', 'I-SUBJECT_KNOWLEDGE', 'O']"
Special Computing,CSC408,Dr Adeyemi,1,"Struggles to answer basic questions, and help is hard to get outside class, but grading feels transparent and well-justified.","[('Subject Knowledge', 'negative'), ('Availability', 'negative'), ('Assessment', 'positive')]","['struggles', 'to', 'answer', 'basic', 'questions', ',', 'and', 'help', 'is', 'hard', 'to', 'get', 'outside', 'class', ',', 'but', 'grading', 'feels', 'transparent', 'and', 'well-justified', '.']","['B-SUBJECT_KNOWLEDGE', 'I-SUBJECT_KNOWLEDGE', 'I-SUBJECT_KNOWLEDGE', 'I-SUBJECT_KNOWLEDGE', 'I-SUBJECT_KNOWLEDGE', 'O', 'O', 'B-AVAILABILITY', 'I-AVAILABILITY', 'I-AVAILABILITY', 'I-AVAILABILITY', 'I-AVAILABILITY', 'I-AVAILABILITY', 'I-AVAILABILITY', 'O', 'O', 'B-ASSESSMENT', 'I-ASSESSMENT', 'I-ASSESSMENT', 'I-ASSESSMENT', 'I-ASSESSMENT', 'O']"
Introduction to Computing,CSC406,Dr Adeyemi,5,Returns graded work quickly.,"[('Assessment', 'positive')]","['returns', 'graded', 'work', 'quickly', '.']","['B-ASSESSMENT', 'I-ASSESSMENT', 'I-ASSESSMENT', 'I-ASSESSMENT', 'O']"
Cloud Computing,CSC406,Dr Martins,5,"Feedback is vague or nonexistent, however encourages students to participate often.","[('Assessment', 'negative'), ('Engagement', 'positive')]","['feedback', 'is', 'vague', 'or', 'nonexistent', ',', 'however', 'encourages', 'students', 'to', 'participate', 'often', '.']","['B-ASSESSMENT', 'I-ASSESSMENT', 'I-ASSESSMENT', 'I-ASSESSMENT', 'I-ASSESSMENT', 'O', 'O', 'B-ENGAGEMENT', 'I-ENGAGEMENT', 'I-ENGAGEMENT', 'I-ENGAGEMENT', 'I-ENGAGEMENT', 'O']"
Special Computing,CSC412,Dr Faith,2,"doesn't explain well, but i trust his understanding of even advanced topics, but hard to stay interested in this class.","[('Clarity of Instruction', 'negative'), ('Subject Knowledge', 'positive'), ('Engagement', 'negative')]","['does', ""n't"", 'explain', 'well', ',', 'but', 'i', 'trust', 'his', 'understanding', 'of', 'even', 'advanced', 'topics', ',', 'but', 'hard', 'to', 'stay', 'interested', 'in', 'this', 'class', '.']","['B-CLARITY_OF_INSTRUCTION', 'I-CLARITY_OF_INSTRUCTION', 'I-CLARITY_OF_INSTRUCTION', 'I-CLARITY_OF_INSTRUCTION', 'O', 'O', 'B-SUBJECT_KNOWLEDGE', 'I-SUBJECT_KNOWLEDGE', 'I-SUBJECT_KNOWLEDGE', 'I-SUBJECT_KNOWLEDGE', 'I-SUBJECT_KNOWLEDGE', 'I-SUBJECT_KNOWLEDGE', 'I-SUBJECT_KNOWLEDGE', 'I-SUBJECT_KNOWLEDGE', 'O', 'O', 'B-ENGAGEMENT', 'I-ENGAGEMENT', 'I-ENGAGEMENT', 'I-ENGAGEMENT', 'I-ENGAGEMENT', 'I-ENGAGEMENT', 'I-ENGAGEMENT', 'O']"
Data Science,CSC101,Dr Faith,5,Involves the class with questions and debates.,"[('Engagement', 'positive')]","['involves', 'the', 'class', 'with', 'questions', 'and', 'debates', '.']","['B-ENGAGEMENT', 'I-ENGAGEMENT', 'I-ENGAGEMENT', 'I-ENGAGEMENT', 'I-ENGAGEMENT', 'I-ENGAGEMENT', 'I-ENGAGEMENT', 'O']"
Machine Learning,CSC412,Dr Pomele,4,"Always available during office hours, and clearly knows the material inside and out, but hard to follow his explanations.","[('Availability', 'positive'), ('Subject Knowledge', 'positive'), ('Clarity of Instruction', 'negative')]","['always', 'available', 'during', 'office', 'hours', ',', 'and', 'clearly', 'knows', 'the', 'material', 'inside', 'and', 'out', ',', 'but', 'hard', 'to', 'follow', 'his', 'explanations', '.']","['B-AVAILABILITY', 'I-AVAILABILITY', 'I-AVAILABILITY', 'I-AVAILABILITY', 'I-AVAILABILITY', 'O', 'O', 'B-SUBJECT_KNOWLEDGE', 'I-SUBJECT_KNOWLEDGE', 'I-SUBJECT_KNOWLEDGE', 'I-SUBJECT_KNOWLEDGE', 'I-SUBJECT_KNOWLEDGE', 'I-SUBJECT_KNOWLEDGE', 'I-SUBJECT_KNOWLEDGE', 'O', 'O', 'B-CLARITY_OF_INSTRUCTION', 'I-CLARITY_OF_INSTRUCTION', 'I-CLARITY_OF_INSTRUCTION', 'I-CLARITY_OF_INSTRUCTION', 'I-CLARITY_OF_INSTRUCTION', 'O']"
Cloud Computing,CSC412,Dr Pomele,2,"People are on their phones the whole time, and takes weeks to return graded assignments, although responds to emails quickly.","[('Engagement', 'negative'), ('Assessment', 'negative'), ('Availability', 'positive')]","['people', 'are', 'on', 'their', 'phones', 'the', 'whole', 'time', ',', 'and', 'takes', 'weeks', 'to', 'return', 'graded', 'assignments', ',', 'although', 'responds', 'to', 'emails', 'quickly', '.']","['B-ENGAGEMENT', 'I-ENGAGEMENT', 'I-ENGAGEMENT', 'I-ENGAGEMENT', 'I-ENGAGEMENT', 'I-ENGAGEMENT', 'I-ENGAGEMENT', 'I-ENGAGEMENT', 'O', 'O', 'B-ASSESSMENT', 'I-ASSESSMENT', 'I-ASSESSMENT', 'I-ASSESSMENT', 'I-ASSESSMENT', 'I-ASSESSMENT', 'O', 'O', 'B-AVAILABILITY', 'I-AVAILABILITY', 'I-AVAILABILITY', 'I-AVAILABILITY', 'O']"
Machine Learning,CSC101,Dr Adeyemi,3,"Skips important details when explaining, however grading feels transparent and well-justified.","[('Clarity of Instruction', 'negative'), ('Assessment', 'positive')]","['skips', 'important', 'details', 'when', 'explaining', ',', 'however', 'grading', 'feels', 'transparent', 'and', 'well-justified', '.']","['B-CLARITY_OF_INSTRUCTION', 'I-CLARITY_OF_INSTRUCTION', 'I-CLARITY_OF_INSTRUCTION', 'I-CLARITY_OF_INSTRUCTION', 'I-CLARITY_OF_INSTRUCTION', 'O', 'O', 'B-ASSESSMENT', 'I-ASSESSMENT', 'I-ASSESSMENT', 'I-ASSESSMENT', 'I-ASSESSMENT', 'O']"
Data Science,CSC412,Dr Adeyemi,4,"Sets up extra sessions when needed, and i trust his understanding of even advanced topics.","[('Availability', 'positive'), ('Subject Knowledge', 'positive')]","['sets', 'up', 'extra', 'sessions', 'when', 'needed', ',', 'and', 'i', 'trust', 'his', 'understanding', 'of', 'even', 'advanced', 'topics', '.']","['B-AVAILABILITY', 'I-AVAILABILITY', 'I-AVAILABILITY', 'I-AVAILABILITY', 'I-AVAILABILITY', 'I-AVAILABILITY', 'O', 'O', 'B-SUBJECT_KNOWLEDGE', 'I-SUBJECT_KNOWLEDGE', 'I-SUBJECT_KNOWLEDGE', 'I-SUBJECT_KNOWLEDGE', 'I-SUBJECT_KNOWLEDGE', 'I-SUBJECT_KNOWLEDGE', 'I-SUBJECT_KNOWLEDGE', 'I-SUBJECT_KNOWLEDGE', 'O']"
Machine Learning,CSC408,Dr Adeyemi,4,"Keeps everyone engaged the whole session, although cancels office hours without notice, however rubrics are clear before submitting work.","[('Engagement', 'positive'), ('Availability', 'negative'), ('Assessment', 'positive')]","['keeps', 'everyone', 'engaged', 'the', 'whole', 'session', ',', 'although', 'cancels', 'office', 'hours', 'without', 'notice', ',', 'however', 'rubrics', 'are', 'clear', 'before', 'submitting', 'work', '.']","['B-ENGAGEMENT', 'I-ENGAGEMENT', 'I-ENGAGEMENT', 'I-ENGAGEMENT', 'I-ENGAGEMENT', 'I-ENGAGEMENT', 'O', 'O', 'B-AVAILABILITY', 'I-AVAILABILITY', 'I-AVAILABILITY', 'I-AVAILABILITY', 'I-AVAILABILITY', 'O', 'O', 'B-ASSESSMENT', 'I-ASSESSMENT', 'I-ASSESSMENT', 'I-ASSESSMENT', 'I-ASSESSMENT', 'I-ASSESSMENT', 'O']"
Special Computing,CSC412,Dr Adeyemi,5,"The way he breaks down ideas makes sense, but his grasp of the subject feels shaky, however i've never had trouble reaching him for help.","[('Clarity of Instruction', 'positive'), ('Subject Knowledge', 'negative'), ('Availability', 'positive')]","['the', 'way', 'he', 'breaks', 'down', 'ideas', 'makes', 'sense', ',', 'but', 'his', 'grasp', 'of', 'the', 'subject', 'feels', 'shaky', ',', 'however', 'i', ""'ve"", 'never', 'had', 'trouble', 'reaching', 'him', 'for', 'help', '.']","['B-CLARITY_OF_INSTRUCTION', 'I-CLARITY_OF_INSTRUCTION', 'I-CLARITY_OF_INSTRUCTION', 'I-CLARITY_OF_INSTRUCTION', 'I-CLARITY_OF_INSTRUCTION', 'I-CLARITY_OF_INSTRUCTION', 'I-CLARITY_OF_INSTRUCTION', 'I-CLARITY_OF_INSTRUCTION', 'O', 'O', 'B-SUBJECT_KNOWLEDGE', 'I-SUBJECT_KNOWLEDGE', 'I-SUBJECT_KNOWLEDGE', 'I-SUBJECT_KNOWLEDGE', 'I-SUBJECT_KNOWLEDGE', 'I-SUBJECT_KNOWLEDGE', 'I-SUBJECT_KNOWLEDGE', 'O', 'O', 'B-AVAILABILITY', 'I-AVAILABILITY', 'I-AVAILABILITY', 'I-AVAILABILITY', 'I-AVAILABILITY', 'I-AVAILABILITY', 'I-AVAILABILITY', 'I-AVAILABILITY', 'I-AVAILABILITY', 'O']"
Introduction to Computing,CSC406,Dr Pomele,5,Encourages students to participate often.,"[('Engagement', 'positive')]","['encourages', 'students', 'to', 'participate', 'often', '.']","['B-ENGAGEMENT', 'I-ENGAGEMENT', 'I-ENGAGEMENT', 'I-ENGAGEMENT', 'I-ENGAGEMENT', 'O']"
Introduction to Computing,CSC408,Dr Faith,3,"Struggles to answer basic questions, however i actually look forward to this class.","[('Subject Knowledge', 'negative'), ('Engagement', 'positive')]","['struggles', 'to', 'answer', 'basic', 'questions', ',', 'however', 'i', 'actually', 'look', 'forward', 'to', 'this', 'class', '.']","['B-SUBJECT_KNOWLEDGE', 'I-SUBJECT_KNOWLEDGE', 'I-SUBJECT_KNOWLEDGE', 'I-SUBJECT_KNOWLEDGE', 'I-SUBJECT_KNOWLEDGE', 'O', 'O', 'B-ENGAGEMENT', 'I-ENGAGEMENT', 'I-ENGAGEMENT', 'I-ENGAGEMENT', 'I-ENGAGEMENT', 'I-ENGAGEMENT', 'I-ENGAGEMENT', 'O']"
Introduction to Computing,CSC101,Dr Faith,4,Rubrics are clear before submitting work.,"[('Assessment', 'positive')]","['rubrics', 'are', 'clear', 'before', 'submitting', 'work', '.']","['B-ASSESSMENT', 'I-ASSESSMENT', 'I-ASSESSMENT', 'I-ASSESSMENT', 'I-ASSESSMENT', 'I-ASSESSMENT', 'O']"
Introduction to Computing,CSC410,Dr Faith,3,"Grades fairly and consistently, however i've caught factual errors in lectures before.","[('Assessment', 'positive'), ('Subject Knowledge', 'negative')]","['grades', 'fairly', 'and', 'consistently', ',', 'however', 'i', ""'ve"", 'caught', 'factual', 'errors', 'in', 'lectures', 'before', '.']","['B-ASSESSMENT', 'I-ASSESSMENT', 'I-ASSESSMENT', 'I-ASSESSMENT', 'O', 'O', 'B-SUBJECT_KNOWLEDGE', 'I-SUBJECT_KNOWLEDGE', 'I-SUBJECT_KNOWLEDGE', 'I-SUBJECT_KNOWLEDGE', 'I-SUBJECT_KNOWLEDGE', 'I-SUBJECT_KNOWLEDGE', 'I-SUBJECT_KNOWLEDGE', 'I-SUBJECT_KNOWLEDGE', 'O']"
Data Science,CSC412,Dr Martins,3,"Help is hard to get outside class, although feedback actually helps me improve next time.","[('Availability', 'negative'), ('Assessment', 'positive')]","['help', 'is', 'hard', 'to', 'get', 'outside', 'class', ',', 'although', 'feedback', 'actually', 'helps', 'me', 'improve', 'next', 'time', '.']","['B-AVAILABILITY', 'I-AVAILABILITY', 'I-AVAILABILITY', 'I-AVAILABILITY', 'I-AVAILABILITY', 'I-AVAILABILITY', 'I-AVAILABILITY', 'O', 'O', 'B-ASSESSMENT', 'I-ASSESSMENT', 'I-ASSESSMENT', 'I-ASSESSMENT', 'I-ASSESSMENT', 'I-ASSESSMENT', 'I-ASSESSMENT', 'O']"
Cloud Computing,CSC101,Dr Faith,5,"Sets up extra sessions when needed, also i trust his understanding of even advanced topics, and returns graded work quickly.","[('Availability', 'positive'), ('Subject Knowledge', 'positive'), ('Assessment', 'positive')]","['sets', 'up', 'extra', 'sessions', 'when', 'needed', ',', 'also', 'i', 'trust', 'his', 'understanding', 'of', 'even', 'advanced', 'topics', ',', 'and', 'returns', 'graded', 'work', 'quickly', '.']","['B-AVAILABILITY', 'I-AVAILABILITY', 'I-AVAILABILITY', 'I-AVAILABILITY', 'I-AVAILABILITY', 'I-AVAILABILITY', 'O', 'O', 'B-SUBJECT_KNOWLEDGE', 'I-SUBJECT_KNOWLEDGE', 'I-SUBJECT_KNOWLEDGE', 'I-SUBJECT_KNOWLEDGE', 'I-SUBJECT_KNOWLEDGE', 'I-SUBJECT_KNOWLEDGE', 'I-SUBJECT_KNOWLEDGE', 'I-SUBJECT_KNOWLEDGE', 'O', 'O', 'B-ASSESSMENT', 'I-ASSESSMENT', 'I-ASSESSMENT', 'I-ASSESSMENT', 'O']"
Cloud Computing,CSC406,Dr Adeyemi,5,"is nearly impossible to reach outside class, although keeps everyone engaged the whole session, and i always understand why i lost points.","[('Availability', 'negative'), ('Engagement', 'positive'), ('Assessment', 'positive')]","['is', 'nearly', 'impossible', 'to', 'reach', 'outside', 'class', ',', 'although', 'keeps', 'everyone', 'engaged', 'the', 'whole', 'session', ',', 'and', 'i', 'always', 'understand', 'why', 'i', 'lost', 'points', '.']","['B-AVAILABILITY', 'I-AVAILABILITY', 'I-AVAILABILITY', 'I-AVAILABILITY', 'I-AVAILABILITY', 'I-AVAILABILITY', 'I-AVAILABILITY', 'O', 'O', 'B-ENGAGEMENT', 'I-ENGAGEMENT', 'I-ENGAGEMENT', 'I-ENGAGEMENT', 'I-ENGAGEMENT', 'I-ENGAGEMENT', 'O', 'O', 'B-ASSESSMENT', 'I-ASSESSMENT', 'I-ASSESSMENT', 'I-ASSESSMENT', 'I-ASSESSMENT', 'I-ASSESSMENT', 'I-ASSESSMENT', 'O']"
Introduction to Computing,CSC406,Dr Faith,1,"Takes weeks to return graded assignments, although sets up extra sessions when needed, but rarely interacts with students during lectures.","[('Assessment', 'negative'), ('Availability', 'positive'), ('Engagement', 'negative')]","['takes', 'weeks', 'to', 'return', 'graded', 'assignments', ',', 'although', 'sets', 'up', 'extra', 'sessions', 'when', 'needed', ',', 'but', 'rarely', 'interacts', 'with', 'students', 'during', 'lectures', '.']","['B-ASSESSMENT', 'I-ASSESSMENT', 'I-ASSESSMENT', 'I-ASSESSMENT', 'I-ASSESSMENT', 'I-ASSESSMENT', 'O', 'O', 'B-AVAILABILITY', 'I-AVAILABILITY', 'I-AVAILABILITY', 'I-AVAILABILITY', 'I-AVAILABILITY', 'I-AVAILABILITY', 'O', 'O', 'B-ENGAGEMENT', 'I-ENGAGEMENT', 'I-ENGAGEMENT', 'I-ENGAGEMENT', 'I-ENGAGEMENT', 'I-ENGAGEMENT', 'O']"
Special Computing,CSC406,Dr Adeyemi,5,Never seems caught off guard by a question.,"[('Subject Knowledge', 'positive')]","['never', 'seems', 'caught', 'off', 'guard', 'by', 'a', 'question', '.']","['B-SUBJECT_KNOWLEDGE', 'I-SUBJECT_KNOWLEDGE', 'I-SUBJECT_KNOWLEDGE', 'I-SUBJECT_KNOWLEDGE', 'I-SUBJECT_KNOWLEDGE', 'I-SUBJECT_KNOWLEDGE', 'I-SUBJECT_KNOWLEDGE', 'I-SUBJECT_KNOWLEDGE', 'O']"
Cloud Computing,CSC410,Dr Adeyemi,2,"The lecture drags on with no variation, although exams match what was actually taught, but rushes through explanations.","[('Engagement', 'negative'), ('Assessment', 'positive'), ('Clarity of Instruction', 'negative')]","['the', 'lecture', 'drags', 'on', 'with', 'no', 'variation', ',', 'although', 'exams', 'match', 'what', 'was', 'actually', 'taught', ',', 'but', 'rushes', 'through', 'explanations', '.']","['B-ENGAGEMENT', 'I-ENGAGEMENT', 'I-ENGAGEMENT', 'I-ENGAGEMENT', 'I-ENGAGEMENT', 'I-ENGAGEMENT', 'I-ENGAGEMENT', 'O', 'O', 'B-ASSESSMENT', 'I-ASSESSMENT', 'I-ASSESSMENT', 'I-ASSESSMENT', 'I-ASSESSMENT', 'I-ASSESSMENT', 'O', 'O', 'B-CLARITY_OF_INSTRUCTION', 'I-CLARITY_OF_INSTRUCTION', 'I-CLARITY_OF_INSTRUCTION', 'O']"
Cloud Computing,CSC406,Dr Adeyemi,2,"doesn't explain well, also help with grading disputes is hard to get, and avoids questions that go beyond the syllabus.","[('Clarity of Instruction', 'negative'), ('Assessment', 'negative'), ('Subject Knowledge', 'negative')]","['does', ""n't"", 'explain', 'well', ',', 'also', 'help', 'with', 'grading', 'disputes', 'is', 'hard', 'to', 'get', ',', 'and', 'avoids', 'questions', 'that', 'go', 'beyond', 'the', 'syllabus', '.']","['B-CLARITY_OF_INSTRUCTION', 'I-CLARITY_OF_INSTRUCTION', 'I-CLARITY_OF_INSTRUCTION', 'I-CLARITY_OF_INSTRUCTION', 'O', 'O', 'B-ASSESSMENT', 'I-ASSESSMENT', 'I-ASSESSMENT', 'I-ASSESSMENT', 'I-ASSESSMENT', 'I-ASSESSMENT', 'I-ASSESSMENT', 'I-ASSESSMENT', 'O', 'O', 'B-SUBJECT_KNOWLEDGE', 'I-SUBJECT_KNOWLEDGE', 'I-SUBJECT_KNOWLEDGE', 'I-SUBJECT_KNOWLEDGE', 'I-SUBJECT_KNOWLEDGE', 'I-SUBJECT_KNOWLEDGE', 'I-SUBJECT_KNOWLEDGE', 'O']"
Special Computing,CSC101,Dr Pomele,1,Struggles to answer basic questions.,"[('Subject Knowledge', 'negative')]","['struggles', 'to', 'answer', 'basic', 'questions', '.']","['B-SUBJECT_KNOWLEDGE', 'I-SUBJECT_KNOWLEDGE', 'I-SUBJECT_KNOWLEDGE', 'I-SUBJECT_KNOWLEDGE', 'I-SUBJECT_KNOWLEDGE', 'O']"
Special Computing,CSC406,Dr Adeyemi,3,"Explains difficult concepts with real depth, however rushes through explanations.","[('Subject Knowledge', 'positive'), ('Clarity of Instruction', 'negative')]","['explains', 'difficult', 'concepts', 'with', 'real', 'depth', ',', 'however', 'rushes', 'through', 'explanations', '.']","['B-SUBJECT_KNOWLEDGE', 'I-SUBJECT_KNOWLEDGE', 'I-SUBJECT_KNOWLEDGE', 'I-SUBJECT_KNOWLEDGE', 'I-SUBJECT_KNOWLEDGE', 'I-SUBJECT_KNOWLEDGE', 'O', 'O', 'B-CLARITY_OF_INSTRUCTION', 'I-CLARITY_OF_INSTRUCTION', 'I-CLARITY_OF_INSTRUCTION', 'O']"
Data Science,CSC412,Dr Martins,2,"I find it hard to stay awake in this class, also makes topics difficult to understand.","[('Engagement', 'negative'), ('Clarity of Instruction', 'negative')]","['i', 'find', 'it', 'hard', 'to', 'stay', 'awake', 'in', 'this', 'class', ',', 'also', 'makes', 'topics', 'difficult', 'to', 'understand', '.']","['B-ENGAGEMENT', 'I-ENGAGEMENT', 'I-ENGAGEMENT', 'I-ENGAGEMENT', 'I-ENGAGEMENT', 'I-ENGAGEMENT', 'I-ENGAGEMENT', 'I-ENGAGEMENT', 'I-ENGAGEMENT', 'I-ENGAGEMENT', 'O', 'O', 'B-CLARITY_OF_INSTRUCTION', 'I-CLARITY_OF_INSTRUCTION', 'I-CLARITY_OF_INSTRUCTION', 'I-CLARITY_OF_INSTRUCTION', 'I-CLARITY_OF_INSTRUCTION', 'O']"
Special Computing,CSC406,Dr Okafor,1,"You can tell he's mastered this field, but comments on assignments are unhelpful or missing, also is nearly impossible to reach outside class.","[('Subject Knowledge', 'positive'), ('Assessment', 'negative'), ('Availability', 'negative')]","['you', 'can', 'tell', 'he', ""'s"", 'mastered', 'this', 'field', ',', 'but', 'comments', 'on', 'assignments', 'are', 'unhelpful', 'or', 'missing', ',', 'also', 'is', 'nearly', 'impossible', 'to', 'reach', 'outside', 'class', '.']","['B-SUBJECT_KNOWLEDGE', 'I-SUBJECT_KNOWLEDGE', 'I-SUBJECT_KNOWLEDGE', 'I-SUBJECT_KNOWLEDGE', 'I-SUBJECT_KNOWLEDGE', 'I-SUBJECT_KNOWLEDGE', 'I-SUBJECT_KNOWLEDGE', 'I-SUBJECT_KNOWLEDGE', 'O', 'O', 'B-ASSESSMENT', 'I-ASSESSMENT', 'I-ASSESSMENT', 'I-ASSESSMENT', 'I-ASSESSMENT', 'I-ASSESSMENT', 'I-ASSESSMENT', 'O', 'O', 'B-AVAILABILITY', 'I-AVAILABILITY', 'I-AVAILABILITY', 'I-AVAILABILITY', 'I-AVAILABILITY', 'I-AVAILABILITY', 'I-AVAILABILITY', 'O']"
Special Computing,CSC408,Dr Pomele,5,His energy makes the lecture fly by.,"[('Engagement', 'positive')]","['his', 'energy', 'makes', 'the', 'lecture', 'fly', 'by', '.']","['B-ENGAGEMENT', 'I-ENGAGEMENT', 'I-ENGAGEMENT', 'I-ENGAGEMENT', 'I-ENGAGEMENT', 'I-ENGAGEMENT', 'I-ENGAGEMENT', 'O']"
Introduction to Computing,CSC408,Dr Pomele,4,"Replies on the discussion forum within a day, also uses good examples when teaching.","[('Availability', 'positive'), ('Clarity of Instruction', 'positive')]","['replies', 'on', 'the', 'discussion', 'forum', 'within', 'a', 'day', ',', 'also', 'uses', 'good', 'examples', 'when', 'teaching', '.']","['B-AVAILABILITY', 'I-AVAILABILITY', 'I-AVAILABILITY', 'I-AVAILABILITY', 'I-AVAILABILITY', 'I-AVAILABILITY', 'I-AVAILABILITY', 'I-AVAILABILITY', 'O', 'O', 'B-CLARITY_OF_INSTRUCTION', 'I-CLARITY_OF_INSTRUCTION', 'I-CLARITY_OF_INSTRUCTION', 'I-CLARITY_OF_INSTRUCTION', 'I-CLARITY_OF_INSTRUCTION', 'O']"
Introduction to Computing,CSC408,Dr Faith,3,"Rubrics are clear before submitting work, but avoids questions that go beyond the syllabus.","[('Assessment', 'positive'), ('Subject Knowledge', 'negative')]","['rubrics', 'are', 'clear', 'before', 'submitting', 'work', ',', 'but', 'avoids', 'questions', 'that', 'go', 'beyond', 'the', 'syllabus', '.']","['B-ASSESSMENT', 'I-ASSESSMENT', 'I-ASSESSMENT', 'I-ASSESSMENT', 'I-ASSESSMENT', 'I-ASSESSMENT', 'O', 'O', 'B-SUBJECT_KNOWLEDGE', 'I-SUBJECT_KNOWLEDGE', 'I-SUBJECT_KNOWLEDGE', 'I-SUBJECT_KNOWLEDGE', 'I-SUBJECT_KNOWLEDGE', 'I-SUBJECT_KNOWLEDGE', 'I-SUBJECT_KNOWLEDGE', 'O']"
Introduction to Computing,CSC406,Dr Martins,3,"I couldn't get a response before the deadline, however exams match what was actually taught.","[('Availability', 'negative'), ('Assessment', 'positive')]","['i', 'could', ""n't"", 'get', 'a', 'response', 'before', 'the', 'deadline', ',', 'however', 'exams', 'match', 'what', 'was', 'actually', 'taught', '.']","['B-AVAILABILITY', 'I-AVAILABILITY', 'I-AVAILABILITY', 'I-AVAILABILITY', 'I-AVAILABILITY', 'I-AVAILABILITY', 'I-AVAILABILITY', 'I-AVAILABILITY', 'I-AVAILABILITY', 'O', 'O', 'B-ASSESSMENT', 'I-ASSESSMENT', 'I-ASSESSMENT', 'I-ASSESSMENT', 'I-ASSESSMENT', 'I-ASSESSMENT', 'O']"
Special Computing,CSC412,Dr Okafor,2,"I find it hard to stay awake in this class, but exams match what was actually taught, although struggles to answer basic questions.","[('Engagement', 'negative'), ('Assessment', 'positive'), ('Subject Knowledge', 'negative')]","['i', 'find', 'it', 'hard', 'to', 'stay', 'awake', 'in', 'this', 'class', ',', 'but', 'exams', 'match', 'what', 'was', 'actually', 'taught', ',', 'although', 'struggles', 'to', 'answer', 'basic', 'questions', '.']","['B-ENGAGEMENT', 'I-ENGAGEMENT', 'I-ENGAGEMENT', 'I-ENGAGEMENT', 'I-ENGAGEMENT', 'I-ENGAGEMENT', 'I-ENGAGEMENT', 'I-ENGAGEMENT', 'I-ENGAGEMENT', 'I-ENGAGEMENT', 'O', 'O', 'B-ASSESSMENT', 'I-ASSESSMENT', 'I-ASSESSMENT', 'I-ASSESSMENT', 'I-ASSESSMENT', 'I-ASSESSMENT', 'O', 'O', 'B-SUBJECT_KNOWLEDGE', 'I-SUBJECT_KNOWLEDGE', 'I-SUBJECT_KNOWLEDGE', 'I-SUBJECT_KNOWLEDGE', 'I-SUBJECT_KNOWLEDGE', 'O']"
Introduction to Computing,CSC412,Dr Okafor,5,Uses good examples when teaching.,"[('Clarity of Instruction', 'positive')]","['uses', 'good', 'examples', 'when', 'teaching', '.']","['B-CLARITY_OF_INSTRUCTION', 'I-CLARITY_OF_INSTRUCTION', 'I-CLARITY_OF_INSTRUCTION', 'I-CLARITY_OF_INSTRUCTION', 'I-CLARITY_OF_INSTRUCTION', 'O']"
Cloud Computing,CSC406,Dr Faith,1,Never seems caught off guard by a question.,"[('Subject Knowledge', 'positive')]","['never', 'seems', 'caught', 'off', 'guard', 'by', 'a', 'question', '.']","['B-SUBJECT_KNOWLEDGE', 'I-SUBJECT_KNOWLEDGE', 'I-SUBJECT_KNOWLEDGE', 'I-SUBJECT_KNOWLEDGE', 'I-SUBJECT_KNOWLEDGE', 'I-SUBJECT_KNOWLEDGE', 'I-SUBJECT_KNOWLEDGE', 'I-SUBJECT_KNOWLEDGE', 'O']"
Cloud Computing,CSC406,Dr Martins,4,Very approachable outside of lecture time.,"[('Availability', 'positive')]","['very', 'approachable', 'outside', 'of', 'lecture', 'time', '.']","['B-AVAILABILITY', 'I-AVAILABILITY', 'I-AVAILABILITY', 'I-AVAILABILITY', 'I-AVAILABILITY', 'I-AVAILABILITY', 'O']"
Data Science,CSC406,Dr Pomele,1,"Never holds actual office hours, also takes weeks to return graded assignments, also his grasp of the subject feels shaky.","[('Availability', 'negative'), ('Assessment', 'negative'), ('Subject Knowledge', 'negative')]","['never', 'holds', 'actual', 'office', 'hours', ',', 'also', 'takes', 'weeks', 'to', 'return', 'graded', 'assignments', ',', 'also', 'his', 'grasp', 'of', 'the', 'subject', 'feels', 'shaky', '.']","['B-AVAILABILITY', 'I-AVAILABILITY', 'I-AVAILABILITY', 'I-AVAILABILITY', 'I-AVAILABILITY', 'O', 'O', 'B-ASSESSMENT', 'I-ASSESSMENT', 'I-ASSESSMENT', 'I-ASSESSMENT', 'I-ASSESSMENT', 'I-ASSESSMENT', 'O', 'O', 'B-SUBJECT_KNOWLEDGE', 'I-SUBJECT_KNOWLEDGE', 'I-SUBJECT_KNOWLEDGE', 'I-SUBJECT_KNOWLEDGE', 'I-SUBJECT_KNOWLEDGE', 'I-SUBJECT_KNOWLEDGE', 'I-SUBJECT_KNOWLEDGE', 'O']"
Data Science,CSC410,Dr Martins,4,"Clearly knows the material inside and out, and uses humor to keep the room awake, and happy to answer questions after class.","[('Subject Knowledge', 'positive'), ('Engagement', 'positive'), ('Availability', 'positive')]","['clearly', 'knows', 'the', 'material', 'inside', 'and', 'out', ',', 'and', 'uses', 'humor', 'to', 'keep', 'the', 'room', 'awake', ',', 'and', 'happy', 'to', 'answer', 'questions', 'after', 'class', '.']","['B-SUBJECT_KNOWLEDGE', 'I-SUBJECT_KNOWLEDGE', 'I-SUBJECT_KNOWLEDGE', 'I-SUBJECT_KNOWLEDGE', 'I-SUBJECT_KNOWLEDGE', 'I-SUBJECT_KNOWLEDGE', 'I-SUBJECT_KNOWLEDGE', 'O', 'O', 'B-ENGAGEMENT', 'I-ENGAGEMENT', 'I-ENGAGEMENT', 'I-ENGAGEMENT', 'I-ENGAGEMENT', 'I-ENGAGEMENT', 'I-ENGAGEMENT', 'O', 'O', 'B-AVAILABILITY', 'I-AVAILABILITY', 'I-AVAILABILITY', 'I-AVAILABILITY', 'I-AVAILABILITY', 'I-AVAILABILITY', 'O']"
Introduction to Computing,CSC412,Dr Faith,5,"Makes topics easier to understand, and very approachable outside of lecture time, but his grasp of the subject feels shaky.","[('Clarity of Instruction', 'positive'), ('Availability', 'positive'), ('Subject Knowledge', 'negative')]","['makes', 'topics', 'easier', 'to', 'understand', ',', 'and', 'very', 'approachable', 'outside', 'of', 'lecture', 'time', ',', 'but', 'his', 'grasp', 'of', 'the', 'subject', 'feels', 'shaky', '.']","['B-CLARITY_OF_INSTRUCTION', 'I-CLARITY_OF_INSTRUCTION', 'I-CLARITY_OF_INSTRUCTION', 'I-CLARITY_OF_INSTRUCTION', 'I-CLARITY_OF_INSTRUCTION', 'O', 'O', 'B-AVAILABILITY', 'I-AVAILABILITY', 'I-AVAILABILITY', 'I-AVAILABILITY', 'I-AVAILABILITY', 'I-AVAILABILITY', 'O', 'O', 'B-SUBJECT_KNOWLEDGE', 'I-SUBJECT_KNOWLEDGE', 'I-SUBJECT_KNOWLEDGE', 'I-SUBJECT_KNOWLEDGE', 'I-SUBJECT_KNOWLEDGE', 'I-SUBJECT_KNOWLEDGE', 'I-SUBJECT_KNOWLEDGE', 'O']"
Cloud Computing,CSC406,Dr Pomele,3,"Never holds actual office hours, however the way he breaks down ideas makes sense.","[('Availability', 'negative'), ('Clarity of Instruction', 'positive')]","['never', 'holds', 'actual', 'office', 'hours', ',', 'however', 'the', 'way', 'he', 'breaks', 'down', 'ideas', 'makes', 'sense', '.']","['B-AVAILABILITY', 'I-AVAILABILITY', 'I-AVAILABILITY', 'I-AVAILABILITY', 'I-AVAILABILITY', 'O', 'O', 'B-CLARITY_OF_INSTRUCTION', 'I-CLARITY_OF_INSTRUCTION', 'I-CLARITY_OF_INSTRUCTION', 'I-CLARITY_OF_INSTRUCTION', 'I-CLARITY_OF_INSTRUCTION', 'I-CLARITY_OF_INSTRUCTION', 'I-CLARITY_OF_INSTRUCTION', 'I-CLARITY_OF_INSTRUCTION', 'O']"
Introduction to Computing,CSC412,Dr Okafor,5,"Rarely interacts with students during lectures, although rubrics are clear before submitting work, also makes topics easier to understand.","[('Engagement', 'negative'), ('Assessment', 'positive'), ('Clarity of Instruction', 'positive')]","['rarely', 'interacts', 'with', 'students', 'during', 'lectures', ',', 'although', 'rubrics', 'are', 'clear', 'before', 'submitting', 'work', ',', 'also', 'makes', 'topics', 'easier', 'to', 'understand', '.']","['B-ENGAGEMENT', 'I-ENGAGEMENT', 'I-ENGAGEMENT', 'I-ENGAGEMENT', 'I-ENGAGEMENT', 'I-ENGAGEMENT', 'O', 'O', 'B-ASSESSMENT', 'I-ASSESSMENT', 'I-ASSESSMENT', 'I-ASSESSMENT', 'I-ASSESSMENT', 'I-ASSESSMENT', 'O', 'O', 'B-CLARITY_OF_INSTRUCTION', 'I-CLARITY_OF_INSTRUCTION', 'I-CLARITY_OF_INSTRUCTION', 'I-CLARITY_OF_INSTRUCTION', 'I-CLARITY_OF_INSTRUCTION', 'O']"
Data Science,CSC101,Dr Adeyemi,2,"Makes topics difficult to understand, and gives vague answers when pushed for detail.","[('Clarity of Instruction', 'negative'), ('Subject Knowledge', 'negative')]","['makes', 'topics', 'difficult', 'to', 'understand', ',', 'and', 'gives', 'vague', 'answers', 'when', 'pushed', 'for', 'detail', '.']","['B-CLARITY_OF_INSTRUCTION', 'I-CLARITY_OF_INSTRUCTION', 'I-CLARITY_OF_INSTRUCTION', 'I-CLARITY_OF_INSTRUCTION', 'I-CLARITY_OF_INSTRUCTION', 'O', 'O', 'B-SUBJECT_KNOWLEDGE', 'I-SUBJECT_KNOWLEDGE', 'I-SUBJECT_KNOWLEDGE', 'I-SUBJECT_KNOWLEDGE', 'I-SUBJECT_KNOWLEDGE', 'I-SUBJECT_KNOWLEDGE', 'I-SUBJECT_KNOWLEDGE', 'O']"
Introduction to Computing,CSC410,Dr Martins,5,"Never holds actual office hours, but answers even the toughest questions confidently, and every explanation is easy to follow.","[('Availability', 'negative'), ('Subject Knowledge', 'positive'), ('Clarity of Instruction', 'positive')]","['never', 'holds', 'actual', 'office', 'hours', ',', 'but', 'answers', 'even', 'the', 'toughest', 'questions', 'confidently', ',', 'and', 'every', 'explanation', 'is', 'easy', 'to', 'follow', '.']","['B-AVAILABILITY', 'I-AVAILABILITY', 'I-AVAILABILITY', 'I-AVAILABILITY', 'I-AVAILABILITY', 'O', 'O', 'B-SUBJECT_KNOWLEDGE', 'I-SUBJECT_KNOWLEDGE', 'I-SUBJECT_KNOWLEDGE', 'I-SUBJECT_KNOWLEDGE', 'I-SUBJECT_KNOWLEDGE', 'I-SUBJECT_KNOWLEDGE', 'O', 'O', 'B-CLARITY_OF_INSTRUCTION', 'I-CLARITY_OF_INSTRUCTION', 'I-CLARITY_OF_INSTRUCTION', 'I-CLARITY_OF_INSTRUCTION', 'I-CLARITY_OF_INSTRUCTION', 'I-CLARITY_OF_INSTRUCTION', 'O']"
Cloud Computing,CSC412,Dr Pomele,4,Makes time for students who are struggling.,"[('Availability', 'positive')]","['makes', 'time', 'for', 'students', 'who', 'are', 'struggling', '.']","['B-AVAILABILITY', 'I-AVAILABILITY', 'I-AVAILABILITY', 'I-AVAILABILITY', 'I-AVAILABILITY', 'I-AVAILABILITY', 'I-AVAILABILITY', 'O']"
Cloud Computing,CSC412,Dr Okafor,1,"I've caught factual errors in lectures before, also just reads off slides with no energy, and comments on assignments are unhelpful or missing.","[('Subject Knowledge', 'negative'), ('Engagement', 'negative'), ('Assessment', 'negative')]","['i', ""'ve"", 'caught', 'factual', 'errors', 'in', 'lectures', 'before', ',', 'also', 'just', 'reads', 'off', 'slides', 'with', 'no', 'energy', ',', 'and', 'comments', 'on', 'assignments', 'are', 'unhelpful', 'or', 'missing', '.']","['B-SUBJECT_KNOWLEDGE', 'I-SUBJECT_KNOWLEDGE', 'I-SUBJECT_KNOWLEDGE', 'I-SUBJECT_KNOWLEDGE', 'I-SUBJECT_KNOWLEDGE', 'I-SUBJECT_KNOWLEDGE', 'I-SUBJECT_KNOWLEDGE', 'I-SUBJECT_KNOWLEDGE', 'O', 'O', 'B-ENGAGEMENT', 'I-ENGAGEMENT', 'I-ENGAGEMENT', 'I-ENGAGEMENT', 'I-ENGAGEMENT', 'I-ENGAGEMENT', 'I-ENGAGEMENT', 'O', 'O', 'B-ASSESSMENT', 'I-ASSESSMENT', 'I-ASSESSMENT', 'I-ASSESSMENT', 'I-ASSESSMENT', 'I-ASSESSMENT', 'I-ASSESSMENT', 'O']"
Data Science,CSC410,Dr Martins,1,"Just reads off slides with no energy, but replies on the discussion forum within a day, although doesn't seem to know the material well.","[('Engagement', 'negative'), ('Availability', 'positive'), ('Subject Knowledge', 'negative')]","['just', 'reads', 'off', 'slides', 'with', 'no', 'energy', ',', 'but', 'replies', 'on', 'the', 'discussion', 'forum', 'within', 'a', 'day', ',', 'although', 'does', ""n't"", 'seem', 'to', 'know', 'the', 'material', 'well', '.']","['B-ENGAGEMENT', 'I-ENGAGEMENT', 'I-ENGAGEMENT', 'I-ENGAGEMENT', 'I-ENGAGEMENT', 'I-ENGAGEMENT', 'I-ENGAGEMENT', 'O', 'O', 'B-AVAILABILITY', 'I-AVAILABILITY', 'I-AVAILABILITY', 'I-AVAILABILITY', 'I-AVAILABILITY', 'I-AVAILABILITY', 'I-AVAILABILITY', 'I-AVAILABILITY', 'O', 'O', 'B-SUBJECT_KNOWLEDGE', 'I-SUBJECT_KNOWLEDGE', 'I-SUBJECT_KNOWLEDGE', 'I-SUBJECT_KNOWLEDGE', 'I-SUBJECT_KNOWLEDGE', 'I-SUBJECT_KNOWLEDGE', 'I-SUBJECT_KNOWLEDGE', 'I-SUBJECT_KNOWLEDGE', 'O']"
Data Science,CSC101,Dr Martins,2,Help is hard to get outside class.,"[('Availability', 'negative')]","['help', 'is', 'hard', 'to', 'get', 'outside', 'class', '.']","['B-AVAILABILITY', 'I-AVAILABILITY', 'I-AVAILABILITY', 'I-AVAILABILITY', 'I-AVAILABILITY', 'I-AVAILABILITY', 'I-AVAILABILITY', 'O']"
Data Science,CSC406,Dr Faith,1,Happy to answer questions after class.,"[('Availability', 'positive')]","['happy', 'to', 'answer', 'questions', 'after', 'class', '.']","['B-AVAILABILITY', 'I-AVAILABILITY', 'I-AVAILABILITY', 'I-AVAILABILITY', 'I-AVAILABILITY', 'I-AVAILABILITY', 'O']"
Cloud Computing,CSC408,Dr Martins,2,"Explains clearly, although his grasp of the subject feels shaky, also help is hard to get outside class.","[('Clarity of Instruction', 'positive'), ('Subject Knowledge', 'negative'), ('Availability', 'negative')]","['explains', 'clearly', ',', 'although', 'his', 'grasp', 'of', 'the', 'subject', 'feels', 'shaky', ',', 'also', 'help', 'is', 'hard', 'to', 'get', 'outside', 'class', '.']","['B-CLARITY_OF_INSTRUCTION', 'I-CLARITY_OF_INSTRUCTION', 'O', 'O', 'B-SUBJECT_KNOWLEDGE', 'I-SUBJECT_KNOWLEDGE', 'I-SUBJECT_KNOWLEDGE', 'I-SUBJECT_KNOWLEDGE', 'I-SUBJECT_KNOWLEDGE', 'I-SUBJECT_KNOWLEDGE', 'I-SUBJECT_KNOWLEDGE', 'O', 'O', 'B-AVAILABILITY', 'I-AVAILABILITY', 'I-AVAILABILITY', 'I-AVAILABILITY', 'I-AVAILABILITY', 'I-AVAILABILITY', 'I-AVAILABILITY', 'O']"
Cloud Computing,CSC406,Dr Adeyemi,1,doesn't seem to know the material well.,"[('Subject Knowledge', 'negative')]","['does', ""n't"", 'seem', 'to', 'know', 'the', 'material', 'well', '.']","['B-SUBJECT_KNOWLEDGE', 'I-SUBJECT_KNOWLEDGE', 'I-SUBJECT_KNOWLEDGE', 'I-SUBJECT_KNOWLEDGE', 'I-SUBJECT_KNOWLEDGE', 'I-SUBJECT_KNOWLEDGE', 'I-SUBJECT_KNOWLEDGE', 'I-SUBJECT_KNOWLEDGE', 'O']"
Introduction to Computing,CSC410,Dr Okafor,4,"I always leave the class understanding the topic, and turns dry topics into lively discussions.","[('Clarity of Instruction', 'positive'), ('Engagement', 'positive')]","['i', 'always', 'leave', 'the', 'class', 'understanding', 'the', 'topic', ',', 'and', 'turns', 'dry', 'topics', 'into', 'lively', 'discussions', '.']","['B-CLARITY_OF_INSTRUCTION', 'I-CLARITY_OF_INSTRUCTION', 'I-CLARITY_OF_INSTRUCTION', 'I-CLARITY_OF_INSTRUCTION', 'I-CLARITY_OF_INSTRUCTION', 'I-CLARITY_OF_INSTRUCTION', 'I-CLARITY_OF_INSTRUCTION', 'I-CLARITY_OF_INSTRUCTION', 'O', 'O', 'B-ENGAGEMENT', 'I-ENGAGEMENT', 'I-ENGAGEMENT', 'I-ENGAGEMENT', 'I-ENGAGEMENT', 'I-ENGAGEMENT', 'O']"
Machine Learning,CSC406,Dr Pomele,2,Sets up extra sessions when needed.,"[('Availability', 'positive')]","['sets', 'up', 'extra', 'sessions', 'when', 'needed', '.']","['B-AVAILABILITY', 'I-AVAILABILITY', 'I-AVAILABILITY', 'I-AVAILABILITY', 'I-AVAILABILITY', 'I-AVAILABILITY', 'O']"
Special Computing,CSC412,Dr Pomele,5,Explains clearly.,"[('Clarity of Instruction', 'positive')]","['explains', 'clearly', '.']","['B-CLARITY_OF_INSTRUCTION', 'I-CLARITY_OF_INSTRUCTION', 'O']"
Special Computing,CSC101,Dr Faith,4,"Every explanation is easy to follow, and happy to answer questions after class.","[('Clarity of Instruction', 'positive'), ('Availability', 'positive')]","['every', 'explanation', 'is', 'easy', 'to', 'follow', ',', 'and', 'happy', 'to', 'answer', 'questions', 'after', 'class', '.']","['B-CLARITY_OF_INSTRUCTION', 'I-CLARITY_OF_INSTRUCTION', 'I-CLARITY_OF_INSTRUCTION', 'I-CLARITY_OF_INSTRUCTION', 'I-CLARITY_OF_INSTRUCTION', 'I-CLARITY_OF_INSTRUCTION', 'O', 'O', 'B-AVAILABILITY', 'I-AVAILABILITY', 'I-AVAILABILITY', 'I-AVAILABILITY', 'I-AVAILABILITY', 'I-AVAILABILITY', 'O']"
Special Computing,CSC410,Dr Pomele,2,"Clearly knows the material inside and out, also makes topics easier to understand.","[('Subject Knowledge', 'positive'), ('Clarity of Instruction', 'positive')]","['clearly', 'knows', 'the', 'material', 'inside', 'and', 'out', ',', 'also', 'makes', 'topics', 'easier', 'to', 'understand', '.']","['B-SUBJECT_KNOWLEDGE', 'I-SUBJECT_KNOWLEDGE', 'I-SUBJECT_KNOWLEDGE', 'I-SUBJECT_KNOWLEDGE', 'I-SUBJECT_KNOWLEDGE', 'I-SUBJECT_KNOWLEDGE', 'I-SUBJECT_KNOWLEDGE', 'O', 'O', 'B-CLARITY_OF_INSTRUCTION', 'I-CLARITY_OF_INSTRUCTION', 'I-CLARITY_OF_INSTRUCTION', 'I-CLARITY_OF_INSTRUCTION', 'I-CLARITY_OF_INSTRUCTION', 'O']"
Cloud Computing,CSC412,Dr Pomele,1,"Hard to follow his explanations, and takes weeks to return graded assignments, however makes time for students who are struggling.","[('Clarity of Instruction', 'negative'), ('Assessment', 'negative'), ('Availability', 'positive')]","['hard', 'to', 'follow', 'his', 'explanations', ',', 'and', 'takes', 'weeks', 'to', 'return', 'graded', 'assignments', ',', 'however', 'makes', 'time', 'for', 'students', 'who', 'are', 'struggling', '.']","['B-CLARITY_OF_INSTRUCTION', 'I-CLARITY_OF_INSTRUCTION', 'I-CLARITY_OF_INSTRUCTION', 'I-CLARITY_OF_INSTRUCTION', 'I-CLARITY_OF_INSTRUCTION', 'O', 'O', 'B-ASSESSMENT', 'I-ASSESSMENT', 'I-ASSESSMENT', 'I-ASSESSMENT', 'I-ASSESSMENT', 'I-ASSESSMENT', 'O', 'O', 'B-AVAILABILITY', 'I-AVAILABILITY', 'I-AVAILABILITY', 'I-AVAILABILITY', 'I-AVAILABILITY', 'I-AVAILABILITY', 'I-AVAILABILITY', 'O']"
Data Science,CSC410,Dr Okafor,3,I've caught factual errors in lectures before.,"[('Subject Knowledge', 'negative')]","['i', ""'ve"", 'caught', 'factual', 'errors', 'in', 'lectures', 'before', '.']","['B-SUBJECT_KNOWLEDGE', 'I-SUBJECT_KNOWLEDGE', 'I-SUBJECT_KNOWLEDGE', 'I-SUBJECT_KNOWLEDGE', 'I-SUBJECT_KNOWLEDGE', 'I-SUBJECT_KNOWLEDGE', 'I-SUBJECT_KNOWLEDGE', 'I-SUBJECT_KNOWLEDGE', 'O']"
Machine Learning,CSC412,Dr Okafor,4,"The way he breaks down ideas makes sense, and rubrics are clear before submitting work.","[('Clarity of Instruction', 'positive'), ('Assessment', 'positive')]","['the', 'way', 'he', 'breaks', 'down', 'ideas', 'makes', 'sense', ',', 'and', 'rubrics', 'are', 'clear', 'before', 'submitting', 'work', '.']","['B-CLARITY_OF_INSTRUCTION', 'I-CLARITY_OF_INSTRUCTION', 'I-CLARITY_OF_INSTRUCTION', 'I-CLARITY_OF_INSTRUCTION', 'I-CLARITY_OF_INSTRUCTION', 'I-CLARITY_OF_INSTRUCTION', 'I-CLARITY_OF_INSTRUCTION', 'I-CLARITY_OF_INSTRUCTION', 'O', 'O', 'B-ASSESSMENT', 'I-ASSESSMENT', 'I-ASSESSMENT', 'I-ASSESSMENT', 'I-ASSESSMENT', 'I-ASSESSMENT', 'O']"
Special Computing,CSC412,Dr Faith,2,"Struggles to answer basic questions, although encourages students to participate often, although never holds actual office hours.","[('Subject Knowledge', 'negative'), ('Engagement', 'positive'), ('Availability', 'negative')]","['struggles', 'to', 'answer', 'basic', 'questions', ',', 'although', 'encourages', 'students', 'to', 'participate', 'often', ',', 'although', 'never', 'holds', 'actual', 'office', 'hours', '.']","['B-SUBJECT_KNOWLEDGE', 'I-SUBJECT_KNOWLEDGE', 'I-SUBJECT_KNOWLEDGE', 'I-SUBJECT_KNOWLEDGE', 'I-SUBJECT_KNOWLEDGE', 'O', 'O', 'B-ENGAGEMENT', 'I-ENGAGEMENT', 'I-ENGAGEMENT', 'I-ENGAGEMENT', 'I-ENGAGEMENT', 'O', 'O', 'B-AVAILABILITY', 'I-AVAILABILITY', 'I-AVAILABILITY', 'I-AVAILABILITY', 'I-AVAILABILITY', 'O']"
Introduction to Computing,CSC406,Dr Pomele,2,Seems to be reading straight from slides.,"[('Subject Knowledge', 'negative')]","['seems', 'to', 'be', 'reading', 'straight', 'from', 'slides', '.']","['B-SUBJECT_KNOWLEDGE', 'I-SUBJECT_KNOWLEDGE', 'I-SUBJECT_KNOWLEDGE', 'I-SUBJECT_KNOWLEDGE', 'I-SUBJECT_KNOWLEDGE', 'I-SUBJECT_KNOWLEDGE', 'I-SUBJECT_KNOWLEDGE', 'O']"
Special Computing,CSC101,Dr Okafor,4,"Returns graded work quickly, and i actually look forward to this class.","[('Assessment', 'positive'), ('Engagement', 'positive')]","['returns', 'graded', 'work', 'quickly', ',', 'and', 'i', 'actually', 'look', 'forward', 'to', 'this', 'class', '.']","['B-ASSESSMENT', 'I-ASSESSMENT', 'I-ASSESSMENT', 'I-ASSESSMENT', 'O', 'O', 'B-ENGAGEMENT', 'I-ENGAGEMENT', 'I-ENGAGEMENT', 'I-ENGAGEMENT', 'I-ENGAGEMENT', 'I-ENGAGEMENT', 'I-ENGAGEMENT', 'O']"
Special Computing,CSC101,Dr Okafor,1,"Seems annoyed when students ask for extra help, and i've caught factual errors in lectures before.","[('Availability', 'negative'), ('Subject Knowledge', 'negative')]","['seems', 'annoyed', 'when', 'students', 'ask', 'for', 'extra', 'help', ',', 'and', 'i', ""'ve"", 'caught', 'factual', 'errors', 'in', 'lectures', 'before', '.']","['B-AVAILABILITY', 'I-AVAILABILITY', 'I-AVAILABILITY', 'I-AVAILABILITY', 'I-AVAILABILITY', 'I-AVAILABILITY', 'I-AVAILABILITY', 'I-AVAILABILITY', 'O', 'O', 'B-SUBJECT_KNOWLEDGE', 'I-SUBJECT_KNOWLEDGE', 'I-SUBJECT_KNOWLEDGE', 'I-SUBJECT_KNOWLEDGE', 'I-SUBJECT_KNOWLEDGE', 'I-SUBJECT_KNOWLEDGE', 'I-SUBJECT_KNOWLEDGE', 'I-SUBJECT_KNOWLEDGE', 'O']"
Special Computing,CSC406,Dr Martins,3,"Takes weeks to return graded assignments, however breaks complex structures into understandable ones.","[('Assessment', 'negative'), ('Clarity of Instruction', 'positive')]","['takes', 'weeks', 'to', 'return', 'graded', 'assignments', ',', 'however', 'breaks', 'complex', 'structures', 'into', 'understandable', 'ones', '.']","['B-ASSESSMENT', 'I-ASSESSMENT', 'I-ASSESSMENT', 'I-ASSESSMENT', 'I-ASSESSMENT', 'I-ASSESSMENT', 'O', 'O', 'B-CLARITY_OF_INSTRUCTION', 'I-CLARITY_OF_INSTRUCTION', 'I-CLARITY_OF_INSTRUCTION', 'I-CLARITY_OF_INSTRUCTION', 'I-CLARITY_OF_INSTRUCTION', 'I-CLARITY_OF_INSTRUCTION', 'O']"
Machine Learning,CSC101,Dr Pomele,3,"Backs up explanations with real-world examples from experience, and simplifies difficult concepts well.","[('Subject Knowledge', 'positive'), ('Clarity of Instruction', 'positive')]","['backs', 'up', 'explanations', 'with', 'real-world', 'examples', 'from', 'experience', ',', 'and', 'simplifies', 'difficult', 'concepts', 'well', '.']","['B-SUBJECT_KNOWLEDGE', 'I-SUBJECT_KNOWLEDGE', 'I-SUBJECT_KNOWLEDGE', 'I-SUBJECT_KNOWLEDGE', 'I-SUBJECT_KNOWLEDGE', 'I-SUBJECT_KNOWLEDGE', 'I-SUBJECT_KNOWLEDGE', 'I-SUBJECT_KNOWLEDGE', 'O', 'O', 'B-CLARITY_OF_INSTRUCTION', 'I-CLARITY_OF_INSTRUCTION', 'I-CLARITY_OF_INSTRUCTION', 'I-CLARITY_OF_INSTRUCTION', 'O']"
Cloud Computing,CSC101,Dr Okafor,1,"Feedback is vague or nonexistent, also feels like a one-way monologue every time, also can't connect concepts to real applications.","[('Assessment', 'negative'), ('Engagement', 'negative'), ('Subject Knowledge', 'negative')]","['feedback', 'is', 'vague', 'or', 'nonexistent', ',', 'also', 'feels', 'like', 'a', 'one-way', 'monologue', 'every', 'time', ',', 'also', 'ca', ""n't"", 'connect', 'concepts', 'to', 'real', 'applications', '.']","['B-ASSESSMENT', 'I-ASSESSMENT', 'I-ASSESSMENT', 'I-ASSESSMENT', 'I-ASSESSMENT', 'O', 'O', 'B-ENGAGEMENT', 'I-ENGAGEMENT', 'I-ENGAGEMENT', 'I-ENGAGEMENT', 'I-ENGAGEMENT', 'I-ENGAGEMENT', 'I-ENGAGEMENT', 'O', 'O', 'B-SUBJECT_KNOWLEDGE', 'I-SUBJECT_KNOWLEDGE', 'I-SUBJECT_KNOWLEDGE', 'I-SUBJECT_KNOWLEDGE', 'I-SUBJECT_KNOWLEDGE', 'I-SUBJECT_KNOWLEDGE', 'I-SUBJECT_KNOWLEDGE', 'O']"
Special Computing,CSC410,Dr Pomele,5,The lecture drags on with no variation.,"[('Engagement', 'negative')]","['the', 'lecture', 'drags', 'on', 'with', 'no', 'variation', '.']","['B-ENGAGEMENT', 'I-ENGAGEMENT', 'I-ENGAGEMENT', 'I-ENGAGEMENT', 'I-ENGAGEMENT', 'I-ENGAGEMENT', 'I-ENGAGEMENT', 'O']"
Special Computing,CSC101,Dr Faith,5,Explains clearly.,"[('Clarity of Instruction', 'positive')]","['explains', 'clearly', '.']","['B-CLARITY_OF_INSTRUCTION', 'I-CLARITY_OF_INSTRUCTION', 'O']"
Data Science,CSC408,Dr Okafor,5,"Every explanation is easy to follow, and grades fairly and consistently.","[('Clarity of Instruction', 'positive'), ('Assessment', 'positive')]","['every', 'explanation', 'is', 'easy', 'to', 'follow', ',', 'and', 'grades', 'fairly', 'and', 'consistently', '.']","['B-CLARITY_OF_INSTRUCTION', 'I-CLARITY_OF_INSTRUCTION', 'I-CLARITY_OF_INSTRUCTION', 'I-CLARITY_OF_INSTRUCTION', 'I-CLARITY_OF_INSTRUCTION', 'I-CLARITY_OF_INSTRUCTION', 'O', 'O', 'B-ASSESSMENT', 'I-ASSESSMENT', 'I-ASSESSMENT', 'I-ASSESSMENT', 'O']"
Cloud Computing,CSC410,Dr Okafor,2,"I always leave the class understanding the topic, also encourages students to participate often, and feedback actually helps me improve next time.","[('Clarity of Instruction', 'positive'), ('Engagement', 'positive'), ('Assessment', 'positive')]","['i', 'always', 'leave', 'the', 'class', 'understanding', 'the', 'topic', ',', 'also', 'encourages', 'students', 'to', 'participate', 'often', ',', 'and', 'feedback', 'actually', 'helps', 'me', 'improve', 'next', 'time', '.']","['B-CLARITY_OF_INSTRUCTION', 'I-CLARITY_OF_INSTRUCTION', 'I-CLARITY_OF_INSTRUCTION', 'I-CLARITY_OF_INSTRUCTION', 'I-CLARITY_OF_INSTRUCTION', 'I-CLARITY_OF_INSTRUCTION', 'I-CLARITY_OF_INSTRUCTION', 'I-CLARITY_OF_INSTRUCTION', 'O', 'O', 'B-ENGAGEMENT', 'I-ENGAGEMENT', 'I-ENGAGEMENT', 'I-ENGAGEMENT', 'I-ENGAGEMENT', 'O', 'O', 'B-ASSESSMENT', 'I-ASSESSMENT', 'I-ASSESSMENT', 'I-ASSESSMENT', 'I-ASSESSMENT', 'I-ASSESSMENT', 'I-ASSESSMENT', 'O']"
Special Computing,CSC410,Dr Pomele,2,"I find it hard to stay awake in this class, but very approachable outside of lecture time.","[('Engagement', 'negative'), ('Availability', 'positive')]","['i', 'find', 'it', 'hard', 'to', 'stay', 'awake', 'in', 'this', 'class', ',', 'but', 'very', 'approachable', 'outside', 'of', 'lecture', 'time', '.']","['B-ENGAGEMENT', 'I-ENGAGEMENT', 'I-ENGAGEMENT', 'I-ENGAGEMENT', 'I-ENGAGEMENT', 'I-ENGAGEMENT', 'I-ENGAGEMENT', 'I-ENGAGEMENT', 'I-ENGAGEMENT', 'I-ENGAGEMENT', 'O', 'O', 'B-AVAILABILITY', 'I-AVAILABILITY', 'I-AVAILABILITY', 'I-AVAILABILITY', 'I-AVAILABILITY', 'I-AVAILABILITY', 'O']"
Introduction to Computing,CSC410,Dr Martins,1,"His grasp of the subject feels shaky, also the lecture drags on with no variation.","[('Subject Knowledge', 'negative'), ('Engagement', 'negative')]","['his', 'grasp', 'of', 'the', 'subject', 'feels', 'shaky', ',', 'also', 'the', 'lecture', 'drags', 'on', 'with', 'no', 'variation', '.']","['B-SUBJECT_KNOWLEDGE', 'I-SUBJECT_KNOWLEDGE', 'I-SUBJECT_KNOWLEDGE', 'I-SUBJECT_KNOWLEDGE', 'I-SUBJECT_KNOWLEDGE', 'I-SUBJECT_KNOWLEDGE', 'I-SUBJECT_KNOWLEDGE', 'O', 'O', 'B-ENGAGEMENT', 'I-ENGAGEMENT', 'I-ENGAGEMENT', 'I-ENGAGEMENT', 'I-ENGAGEMENT', 'I-ENGAGEMENT', 'I-ENGAGEMENT', 'O']"
Machine Learning,CSC101,Dr Faith,2,Gives vague answers when pushed for detail.,"[('Subject Knowledge', 'negative')]","['gives', 'vague', 'answers', 'when', 'pushed', 'for', 'detail', '.']","['B-SUBJECT_KNOWLEDGE', 'I-SUBJECT_KNOWLEDGE', 'I-SUBJECT_KNOWLEDGE', 'I-SUBJECT_KNOWLEDGE', 'I-SUBJECT_KNOWLEDGE', 'I-SUBJECT_KNOWLEDGE', 'I-SUBJECT_KNOWLEDGE', 'O']"
Machine Learning,CSC410,Dr Okafor,1,Makes topics difficult to understand.,"[('Clarity of Instruction', 'negative')]","['makes', 'topics', 'difficult', 'to', 'understand', '.']","['B-CLARITY_OF_INSTRUCTION', 'I-CLARITY_OF_INSTRUCTION', 'I-CLARITY_OF_INSTRUCTION', 'I-CLARITY_OF_INSTRUCTION', 'I-CLARITY_OF_INSTRUCTION', 'O']"
Introduction to Computing,CSC410,Dr Okafor,3,The lecture drags on with no variation.,"[('Engagement', 'negative')]","['the', 'lecture', 'drags', 'on', 'with', 'no', 'variation', '.']","['B-ENGAGEMENT', 'I-ENGAGEMENT', 'I-ENGAGEMENT', 'I-ENGAGEMENT', 'I-ENGAGEMENT', 'I-ENGAGEMENT', 'I-ENGAGEMENT', 'O']"
Special Computing,CSC410,Dr Martins,3,Lectures feel disorganized and hard to follow.,"[('Clarity of Instruction', 'negative')]","['lectures', 'feel', 'disorganized', 'and', 'hard', 'to', 'follow', '.']","['B-CLARITY_OF_INSTRUCTION', 'I-CLARITY_OF_INSTRUCTION', 'I-CLARITY_OF_INSTRUCTION', 'I-CLARITY_OF_INSTRUCTION', 'I-CLARITY_OF_INSTRUCTION', 'I-CLARITY_OF_INSTRUCTION', 'I-CLARITY_OF_INSTRUCTION', 'O']"
Introduction to Computing,CSC410,Dr Pomele,2,"doesn't seem to know the material well, and rushes through explanations, but turns dry topics into lively discussions.","[('Subject Knowledge', 'negative'), ('Clarity of Instruction', 'negative'), ('Engagement', 'positive')]","['does', ""n't"", 'seem', 'to', 'know', 'the', 'material', 'well', ',', 'and', 'rushes', 'through', 'explanations', ',', 'but', 'turns', 'dry', 'topics', 'into', 'lively', 'discussions', '.']","['B-SUBJECT_KNOWLEDGE', 'I-SUBJECT_KNOWLEDGE', 'I-SUBJECT_KNOWLEDGE', 'I-SUBJECT_KNOWLEDGE', 'I-SUBJECT_KNOWLEDGE', 'I-SUBJECT_KNOWLEDGE', 'I-SUBJECT_KNOWLEDGE', 'I-SUBJECT_KNOWLEDGE', 'O', 'O', 'B-CLARITY_OF_INSTRUCTION', 'I-CLARITY_OF_INSTRUCTION', 'I-CLARITY_OF_INSTRUCTION', 'O', 'O', 'B-ENGAGEMENT', 'I-ENGAGEMENT', 'I-ENGAGEMENT', 'I-ENGAGEMENT', 'I-ENGAGEMENT', 'I-ENGAGEMENT', 'O']"
Machine Learning,CSC410,Dr Faith,1,"Help is hard to get outside class, and takes weeks to return graded assignments.","[('Availability', 'negative'), ('Assessment', 'negative')]","['help', 'is', 'hard', 'to', 'get', 'outside', 'class', ',', 'and', 'takes', 'weeks', 'to', 'return', 'graded', 'assignments', '.']","['B-AVAILABILITY', 'I-AVAILABILITY', 'I-AVAILABILITY', 'I-AVAILABILITY', 'I-AVAILABILITY', 'I-AVAILABILITY', 'I-AVAILABILITY', 'O', 'O', 'B-ASSESSMENT', 'I-ASSESSMENT', 'I-ASSESSMENT', 'I-ASSESSMENT', 'I-ASSESSMENT', 'I-ASSESSMENT', 'O']"
Cloud Computing,CSC410,Dr Faith,3,"Very approachable outside of lecture time, but just reads off slides with no energy.","[('Availability', 'positive'), ('Engagement', 'negative')]","['very', 'approachable', 'outside', 'of', 'lecture', 'time', ',', 'but', 'just', 'reads', 'off', 'slides', 'with', 'no', 'energy', '.']","['B-AVAILABILITY', 'I-AVAILABILITY', 'I-AVAILABILITY', 'I-AVAILABILITY', 'I-AVAILABILITY', 'I-AVAILABILITY', 'O', 'O', 'B-ENGAGEMENT', 'I-ENGAGEMENT', 'I-ENGAGEMENT', 'I-ENGAGEMENT', 'I-ENGAGEMENT', 'I-ENGAGEMENT', 'I-ENGAGEMENT', 'O']"
Introduction to Computing,CSC408,Dr Pomele,4,"Makes time for students who are struggling, also turns dry topics into lively discussions.","[('Availability', 'positive'), ('Engagement', 'positive')]","['makes', 'time', 'for', 'students', 'who', 'are', 'struggling', ',', 'also', 'turns', 'dry', 'topics', 'into', 'lively', 'discussions', '.']","['B-AVAILABILITY', 'I-AVAILABILITY', 'I-AVAILABILITY', 'I-AVAILABILITY', 'I-AVAILABILITY', 'I-AVAILABILITY', 'I-AVAILABILITY', 'O', 'O', 'B-ENGAGEMENT', 'I-ENGAGEMENT', 'I-ENGAGEMENT', 'I-ENGAGEMENT', 'I-ENGAGEMENT', 'I-ENGAGEMENT', 'O']"
Data Science,CSC410,Dr Adeyemi,3,"is nearly impossible to reach outside class, but uses good examples when teaching.","[('Availability', 'negative'), ('Clarity of Instruction', 'positive')]","['is', 'nearly', 'impossible', 'to', 'reach', 'outside', 'class', ',', 'but', 'uses', 'good', 'examples', 'when', 'teaching', '.']","['B-AVAILABILITY', 'I-AVAILABILITY', 'I-AVAILABILITY', 'I-AVAILABILITY', 'I-AVAILABILITY', 'I-AVAILABILITY', 'I-AVAILABILITY', 'O', 'O', 'B-CLARITY_OF_INSTRUCTION', 'I-CLARITY_OF_INSTRUCTION', 'I-CLARITY_OF_INSTRUCTION', 'I-CLARITY_OF_INSTRUCTION', 'I-CLARITY_OF_INSTRUCTION', 'O']"
Special Computing,CSC406,Dr Okafor,4,"Makes topics easier to understand, and feedback actually helps me improve next time.","[('Clarity of Instruction', 'positive'), ('Assessment', 'positive')]","['makes', 'topics', 'easier', 'to', 'understand', ',', 'and', 'feedback', 'actually', 'helps', 'me', 'improve', 'next', 'time', '.']","['B-CLARITY_OF_INSTRUCTION', 'I-CLARITY_OF_INSTRUCTION', 'I-CLARITY_OF_INSTRUCTION', 'I-CLARITY_OF_INSTRUCTION', 'I-CLARITY_OF_INSTRUCTION', 'O', 'O', 'B-ASSESSMENT', 'I-ASSESSMENT', 'I-ASSESSMENT', 'I-ASSESSMENT', 'I-ASSESSMENT', 'I-ASSESSMENT', 'I-ASSESSMENT', 'O']"
Introduction to Computing,CSC410,Dr Okafor,2,"Complicates simple topics, although clearly knows the material inside and out, although grades inconsistently between students.","[('Clarity of Instruction', 'negative'), ('Subject Knowledge', 'positive'), ('Assessment', 'negative')]","['complicates', 'simple', 'topics', ',', 'although', 'clearly', 'knows', 'the', 'material', 'inside', 'and', 'out', ',', 'although', 'grades', 'inconsistently', 'between', 'students', '.']","['B-CLARITY_OF_INSTRUCTION', 'I-CLARITY_OF_INSTRUCTION', 'I-CLARITY_OF_INSTRUCTION', 'O', 'O', 'B-SUBJECT_KNOWLEDGE', 'I-SUBJECT_KNOWLEDGE', 'I-SUBJECT_KNOWLEDGE', 'I-SUBJECT_KNOWLEDGE', 'I-SUBJECT_KNOWLEDGE', 'I-SUBJECT_KNOWLEDGE', 'I-SUBJECT_KNOWLEDGE', 'O', 'O', 'B-ASSESSMENT', 'I-ASSESSMENT', 'I-ASSESSMENT', 'I-ASSESSMENT', 'O']"
Special Computing,CSC408,Dr Adeyemi,5,"Exams match what was actually taught, also his energy makes the lecture fly by, although seems to be reading straight from slides.","[('Assessment', 'positive'), ('Engagement', 'positive'), ('Subject Knowledge', 'negative')]","['exams', 'match', 'what', 'was', 'actually', 'taught', ',', 'also', 'his', 'energy', 'makes', 'the', 'lecture', 'fly', 'by', ',', 'although', 'seems', 'to', 'be', 'reading', 'straight', 'from', 'slides', '.']","['B-ASSESSMENT', 'I-ASSESSMENT', 'I-ASSESSMENT', 'I-ASSESSMENT', 'I-ASSESSMENT', 'I-ASSESSMENT', 'O', 'O', 'B-ENGAGEMENT', 'I-ENGAGEMENT', 'I-ENGAGEMENT', 'I-ENGAGEMENT', 'I-ENGAGEMENT', 'I-ENGAGEMENT', 'I-ENGAGEMENT', 'O', 'O', 'B-SUBJECT_KNOWLEDGE', 'I-SUBJECT_KNOWLEDGE', 'I-SUBJECT_KNOWLEDGE', 'I-SUBJECT_KNOWLEDGE', 'I-SUBJECT_KNOWLEDGE', 'I-SUBJECT_KNOWLEDGE', 'I-SUBJECT_KNOWLEDGE', 'O']"
Cloud Computing,CSC101,Dr Okafor,1,Hard to follow his explanations.,"[('Clarity of Instruction', 'negative')]","['hard', 'to', 'follow', 'his', 'explanations', '.']","['B-CLARITY_OF_INSTRUCTION', 'I-CLARITY_OF_INSTRUCTION', 'I-CLARITY_OF_INSTRUCTION', 'I-CLARITY_OF_INSTRUCTION', 'I-CLARITY_OF_INSTRUCTION', 'O']"
Special Computing,CSC410,Dr Adeyemi,2,Struggles to answer basic questions.,"[('Subject Knowledge', 'negative')]","['struggles', 'to', 'answer', 'basic', 'questions', '.']","['B-SUBJECT_KNOWLEDGE', 'I-SUBJECT_KNOWLEDGE', 'I-SUBJECT_KNOWLEDGE', 'I-SUBJECT_KNOWLEDGE', 'I-SUBJECT_KNOWLEDGE', 'O']"
Introduction to Computing,CSC406,Dr Adeyemi,1,"Help with grading disputes is hard to get, although his energy makes the lecture fly by, although lectures feel disorganized and hard to follow.","[('Assessment', 'negative'), ('Engagement', 'positive'), ('Clarity of Instruction', 'negative')]","['help', 'with', 'grading', 'disputes', 'is', 'hard', 'to', 'get', ',', 'although', 'his', 'energy', 'makes', 'the', 'lecture', 'fly', 'by', ',', 'although', 'lectures', 'feel', 'disorganized', 'and', 'hard', 'to', 'follow', '.']","['B-ASSESSMENT', 'I-ASSESSMENT', 'I-ASSESSMENT', 'I-ASSESSMENT', 'I-ASSESSMENT', 'I-ASSESSMENT', 'I-ASSESSMENT', 'I-ASSESSMENT', 'O', 'O', 'B-ENGAGEMENT', 'I-ENGAGEMENT', 'I-ENGAGEMENT', 'I-ENGAGEMENT', 'I-ENGAGEMENT', 'I-ENGAGEMENT', 'I-ENGAGEMENT', 'O', 'O', 'B-CLARITY_OF_INSTRUCTION', 'I-CLARITY_OF_INSTRUCTION', 'I-CLARITY_OF_INSTRUCTION', 'I-CLARITY_OF_INSTRUCTION', 'I-CLARITY_OF_INSTRUCTION', 'I-CLARITY_OF_INSTRUCTION', 'I-CLARITY_OF_INSTRUCTION', 'O']"
Introduction to Computing,CSC408,Dr Adeyemi,2,"Makes topics difficult to understand, and the lecture drags on with no variation, but replies on the discussion forum within a day.","[('Clarity of Instruction', 'negative'), ('Engagement', 'negative'), ('Availability', 'positive')]","['makes', 'topics', 'difficult', 'to', 'understand', ',', 'and', 'the', 'lecture', 'drags', 'on', 'with', 'no', 'variation', ',', 'but', 'replies', 'on', 'the', 'discussion', 'forum', 'within', 'a', 'day', '.']","['B-CLARITY_OF_INSTRUCTION', 'I-CLARITY_OF_INSTRUCTION', 'I-CLARITY_OF_INSTRUCTION', 'I-CLARITY_OF_INSTRUCTION', 'I-CLARITY_OF_INSTRUCTION', 'O', 'O', 'B-ENGAGEMENT', 'I-ENGAGEMENT', 'I-ENGAGEMENT', 'I-ENGAGEMENT', 'I-ENGAGEMENT', 'I-ENGAGEMENT', 'I-ENGAGEMENT', 'O', 'O', 'B-AVAILABILITY', 'I-AVAILABILITY', 'I-AVAILABILITY', 'I-AVAILABILITY', 'I-AVAILABILITY', 'I-AVAILABILITY', 'I-AVAILABILITY', 'I-AVAILABILITY', 'O']"
Introduction to Computing,CSC101,Dr Martins,3,"Grading feels transparent and well-justified, however rarely interacts with students during lectures.","[('Assessment', 'positive'), ('Engagement', 'negative')]","['grading', 'feels', 'transparent', 'and', 'well-justified', ',', 'however', 'rarely', 'interacts', 'with', 'students', 'during', 'lectures', '.']","['B-ASSESSMENT', 'I-ASSESSMENT', 'I-ASSESSMENT', 'I-ASSESSMENT', 'I-ASSESSMENT', 'O', 'O', 'B-ENGAGEMENT', 'I-ENGAGEMENT', 'I-ENGAGEMENT', 'I-ENGAGEMENT', 'I-ENGAGEMENT', 'I-ENGAGEMENT', 'O']"
Data Science,CSC408,Dr Martins,1,"I always understand why I lost points, although is nearly impossible to reach outside class, also feels like a one-way monologue every time.","[('Assessment', 'positive'), ('Availability', 'negative'), ('Engagement', 'negative')]","['i', 'always', 'understand', 'why', 'i', 'lost', 'points', ',', 'although', 'is', 'nearly', 'impossible', 'to', 'reach', 'outside', 'class', ',', 'also', 'feels', 'like', 'a', 'one-way', 'monologue', 'every', 'time', '.']","['B-ASSESSMENT', 'I-ASSESSMENT', 'I-ASSESSMENT', 'I-ASSESSMENT', 'I-ASSESSMENT', 'I-ASSESSMENT', 'I-ASSESSMENT', 'O', 'O', 'B-AVAILABILITY', 'I-AVAILABILITY', 'I-AVAILABILITY', 'I-AVAILABILITY', 'I-AVAILABILITY', 'I-AVAILABILITY', 'I-AVAILABILITY', 'O', 'O', 'B-ENGAGEMENT', 'I-ENGAGEMENT', 'I-ENGAGEMENT', 'I-ENGAGEMENT', 'I-ENGAGEMENT', 'I-ENGAGEMENT', 'I-ENGAGEMENT', 'O']"
Data Science,CSC101,Dr Martins,5,Exams match what was actually taught.,"[('Assessment', 'positive')]","['exams', 'match', 'what', 'was', 'actually', 'taught', '.']","['B-ASSESSMENT', 'I-ASSESSMENT', 'I-ASSESSMENT', 'I-ASSESSMENT', 'I-ASSESSMENT', 'I-ASSESSMENT', 'O']"
Introduction to Computing,CSC101,Dr Pomele,5,"I've never had trouble reaching him for help, but seems to be reading straight from slides, however every explanation is easy to follow.","[('Availability', 'positive'), ('Subject Knowledge', 'negative'), ('Clarity of Instruction', 'positive')]","['i', ""'ve"", 'never', 'had', 'trouble', 'reaching', 'him', 'for', 'help', ',', 'but', 'seems', 'to', 'be', 'reading', 'straight', 'from', 'slides', ',', 'however', 'every', 'explanation', 'is', 'easy', 'to', 'follow', '.']","['B-AVAILABILITY', 'I-AVAILABILITY', 'I-AVAILABILITY', 'I-AVAILABILITY', 'I-AVAILABILITY', 'I-AVAILABILITY', 'I-AVAILABILITY', 'I-AVAILABILITY', 'I-AVAILABILITY', 'O', 'O', 'B-SUBJECT_KNOWLEDGE', 'I-SUBJECT_KNOWLEDGE', 'I-SUBJECT_KNOWLEDGE', 'I-SUBJECT_KNOWLEDGE', 'I-SUBJECT_KNOWLEDGE', 'I-SUBJECT_KNOWLEDGE', 'I-SUBJECT_KNOWLEDGE', 'O', 'O', 'B-CLARITY_OF_INSTRUCTION', 'I-CLARITY_OF_INSTRUCTION', 'I-CLARITY_OF_INSTRUCTION', 'I-CLARITY_OF_INSTRUCTION', 'I-CLARITY_OF_INSTRUCTION', 'I-CLARITY_OF_INSTRUCTION', 'O']"
Introduction to Computing,CSC412,Dr Adeyemi,4,"Makes topics easier to understand, although feedback is vague or nonexistent, although responds to emails quickly.","[('Clarity of Instruction', 'positive'), ('Assessment', 'negative'), ('Availability', 'positive')]","['makes', 'topics', 'easier', 'to', 'understand', ',', 'although', 'feedback', 'is', 'vague', 'or', 'nonexistent', ',', 'although', 'responds', 'to', 'emails', 'quickly', '.']","['B-CLARITY_OF_INSTRUCTION', 'I-CLARITY_OF_INSTRUCTION', 'I-CLARITY_OF_INSTRUCTION', 'I-CLARITY_OF_INSTRUCTION', 'I-CLARITY_OF_INSTRUCTION', 'O', 'O', 'B-ASSESSMENT', 'I-ASSESSMENT', 'I-ASSESSMENT', 'I-ASSESSMENT', 'I-ASSESSMENT', 'O', 'O', 'B-AVAILABILITY', 'I-AVAILABILITY', 'I-AVAILABILITY', 'I-AVAILABILITY', 'O']"
Introduction to Computing,CSC410,Dr Faith,2,"Grading feels transparent and well-justified, but doesn't explain well, and never holds actual office hours.","[('Assessment', 'positive'), ('Clarity of Instruction', 'negative'), ('Availability', 'negative')]","['grading', 'feels', 'transparent', 'and', 'well-justified', ',', 'but', 'does', ""n't"", 'explain', 'well', ',', 'and', 'never', 'holds', 'actual', 'office', 'hours', '.']","['B-ASSESSMENT', 'I-ASSESSMENT', 'I-ASSESSMENT', 'I-ASSESSMENT', 'I-ASSESSMENT', 'O', 'O', 'B-CLARITY_OF_INSTRUCTION', 'I-CLARITY_OF_INSTRUCTION', 'I-CLARITY_OF_INSTRUCTION', 'I-CLARITY_OF_INSTRUCTION', 'O', 'O', 'B-AVAILABILITY', 'I-AVAILABILITY', 'I-AVAILABILITY', 'I-AVAILABILITY', 'I-AVAILABILITY', 'O']"
Machine Learning,CSC406,Dr Okafor,1,"Uses confusing terms without breaking them down, and his grasp of the subject feels shaky.","[('Clarity of Instruction', 'negative'), ('Subject Knowledge', 'negative')]","['uses', 'confusing', 'terms', 'without', 'breaking', 'them', 'down', ',', 'and', 'his', 'grasp', 'of', 'the', 'subject', 'feels', 'shaky', '.']","['B-CLARITY_OF_INSTRUCTION', 'I-CLARITY_OF_INSTRUCTION', 'I-CLARITY_OF_INSTRUCTION', 'I-CLARITY_OF_INSTRUCTION', 'I-CLARITY_OF_INSTRUCTION', 'I-CLARITY_OF_INSTRUCTION', 'I-CLARITY_OF_INSTRUCTION', 'O', 'O', 'B-SUBJECT_KNOWLEDGE', 'I-SUBJECT_KNOWLEDGE', 'I-SUBJECT_KNOWLEDGE', 'I-SUBJECT_KNOWLEDGE', 'I-SUBJECT_KNOWLEDGE', 'I-SUBJECT_KNOWLEDGE', 'I-SUBJECT_KNOWLEDGE', 'O']"
Special Computing,CSC101,Dr Faith,2,the class feels boring and flat.,"[('Engagement', 'negative')]","['the', 'class', 'feels', 'boring', 'and', 'flat', '.']","['B-ENGAGEMENT', 'I-ENGAGEMENT', 'I-ENGAGEMENT', 'I-ENGAGEMENT', 'I-ENGAGEMENT', 'I-ENGAGEMENT', 'O']"
Machine Learning,CSC406,Dr Faith,4,"Hard to follow his explanations, however explains difficult concepts with real depth, and involves the class with questions and debates.","[('Clarity of Instruction', 'negative'), ('Subject Knowledge', 'positive'), ('Engagement', 'positive')]","['hard', 'to', 'follow', 'his', 'explanations', ',', 'however', 'explains', 'difficult', 'concepts', 'with', 'real', 'depth', ',', 'and', 'involves', 'the', 'class', 'with', 'questions', 'and', 'debates', '.']","['B-CLARITY_OF_INSTRUCTION', 'I-CLARITY_OF_INSTRUCTION', 'I-CLARITY_OF_INSTRUCTION', 'I-CLARITY_OF_INSTRUCTION', 'I-CLARITY_OF_INSTRUCTION', 'O', 'O', 'B-SUBJECT_KNOWLEDGE', 'I-SUBJECT_KNOWLEDGE', 'I-SUBJECT_KNOWLEDGE', 'I-SUBJECT_KNOWLEDGE', 'I-SUBJECT_KNOWLEDGE', 'I-SUBJECT_KNOWLEDGE', 'O', 'O', 'B-ENGAGEMENT', 'I-ENGAGEMENT', 'I-ENGAGEMENT', 'I-ENGAGEMENT', 'I-ENGAGEMENT', 'I-ENGAGEMENT', 'I-ENGAGEMENT', 'O']"
Introduction to Computing,CSC101,Dr Martins,2,"Every explanation is easy to follow, although i've caught factual errors in lectures before, and help with grading disputes is hard to get.","[('Clarity of Instruction', 'positive'), ('Subject Knowledge', 'negative'), ('Assessment', 'negative')]","['every', 'explanation', 'is', 'easy', 'to', 'follow', ',', 'although', 'i', ""'ve"", 'caught', 'factual', 'errors', 'in', 'lectures', 'before', ',', 'and', 'help', 'with', 'grading', 'disputes', 'is', 'hard', 'to', 'get', '.']","['B-CLARITY_OF_INSTRUCTION', 'I-CLARITY_OF_INSTRUCTION', 'I-CLARITY_OF_INSTRUCTION', 'I-CLARITY_OF_INSTRUCTION', 'I-CLARITY_OF_INSTRUCTION', 'I-CLARITY_OF_INSTRUCTION', 'O', 'O', 'B-SUBJECT_KNOWLEDGE', 'I-SUBJECT_KNOWLEDGE', 'I-SUBJECT_KNOWLEDGE', 'I-SUBJECT_KNOWLEDGE', 'I-SUBJECT_KNOWLEDGE', 'I-SUBJECT_KNOWLEDGE', 'I-SUBJECT_KNOWLEDGE', 'I-SUBJECT_KNOWLEDGE', 'O', 'O', 'B-ASSESSMENT', 'I-ASSESSMENT', 'I-ASSESSMENT', 'I-ASSESSMENT', 'I-ASSESSMENT', 'I-ASSESSMENT', 'I-ASSESSMENT', 'I-ASSESSMENT', 'O']"
Data Science,CSC410,Dr Faith,1,"Rubrics are clear before submitting work, but i find it hard to stay awake in this class, and is nearly impossible to reach outside class.","[('Assessment', 'positive'), ('Engagement', 'negative'), ('Availability', 'negative')]","['rubrics', 'are', 'clear', 'before', 'submitting', 'work', ',', 'but', 'i', 'find', 'it', 'hard', 'to', 'stay', 'awake', 'in', 'this', 'class', ',', 'and', 'is', 'nearly', 'impossible', 'to', 'reach', 'outside', 'class', '.']","['B-ASSESSMENT', 'I-ASSESSMENT', 'I-ASSESSMENT', 'I-ASSESSMENT', 'I-ASSESSMENT', 'I-ASSESSMENT', 'O', 'O', 'B-ENGAGEMENT', 'I-ENGAGEMENT', 'I-ENGAGEMENT', 'I-ENGAGEMENT', 'I-ENGAGEMENT', 'I-ENGAGEMENT', 'I-ENGAGEMENT', 'I-ENGAGEMENT', 'I-ENGAGEMENT', 'I-ENGAGEMENT', 'O', 'O', 'B-AVAILABILITY', 'I-AVAILABILITY', 'I-AVAILABILITY', 'I-AVAILABILITY', 'I-AVAILABILITY', 'I-AVAILABILITY', 'I-AVAILABILITY', 'O']"
Special Computing,CSC412,Dr Pomele,4,"Never seems caught off guard by a question, also gives detailed feedback on assignments.","[('Subject Knowledge', 'positive'), ('Assessment', 'positive')]","['never', 'seems', 'caught', 'off', 'guard', 'by', 'a', 'question', ',', 'also', 'gives', 'detailed', 'feedback', 'on', 'assignments', '.']","['B-SUBJECT_KNOWLEDGE', 'I-SUBJECT_KNOWLEDGE', 'I-SUBJECT_KNOWLEDGE', 'I-SUBJECT_KNOWLEDGE', 'I-SUBJECT_KNOWLEDGE', 'I-SUBJECT_KNOWLEDGE', 'I-SUBJECT_KNOWLEDGE', 'I-SUBJECT_KNOWLEDGE', 'O', 'O', 'B-ASSESSMENT', 'I-ASSESSMENT', 'I-ASSESSMENT', 'I-ASSESSMENT', 'I-ASSESSMENT', 'O']"
Special Computing,CSC101,Dr Faith,5,"Cancels office hours without notice, although feedback actually helps me improve next time, also makes topics easier to understand.","[('Availability', 'negative'), ('Assessment', 'positive'), ('Clarity of Instruction', 'positive')]","['cancels', 'office', 'hours', 'without', 'notice', ',', 'although', 'feedback', 'actually', 'helps', 'me', 'improve', 'next', 'time', ',', 'also', 'makes', 'topics', 'easier', 'to', 'understand', '.']","['B-AVAILABILITY', 'I-AVAILABILITY', 'I-AVAILABILITY', 'I-AVAILABILITY', 'I-AVAILABILITY', 'O', 'O', 'B-ASSESSMENT', 'I-ASSESSMENT', 'I-ASSESSMENT', 'I-ASSESSMENT', 'I-ASSESSMENT', 'I-ASSESSMENT', 'I-ASSESSMENT', 'O', 'O', 'B-CLARITY_OF_INSTRUCTION', 'I-CLARITY_OF_INSTRUCTION', 'I-CLARITY_OF_INSTRUCTION', 'I-CLARITY_OF_INSTRUCTION', 'I-CLARITY_OF_INSTRUCTION', 'O']"
Introduction to Computing,CSC406,Dr Adeyemi,4,Uses good examples when teaching.,"[('Clarity of Instruction', 'positive')]","['uses', 'good', 'examples', 'when', 'teaching', '.']","['B-CLARITY_OF_INSTRUCTION', 'I-CLARITY_OF_INSTRUCTION', 'I-CLARITY_OF_INSTRUCTION', 'I-CLARITY_OF_INSTRUCTION', 'I-CLARITY_OF_INSTRUCTION', 'O']"
Introduction to Computing,CSC408,Dr Faith,2,The lecture drags on with no variation.,"[('Engagement', 'negative')]","['the', 'lecture', 'drags', 'on', 'with', 'no', 'variation', '.']","['B-ENGAGEMENT', 'I-ENGAGEMENT', 'I-ENGAGEMENT', 'I-ENGAGEMENT', 'I-ENGAGEMENT', 'I-ENGAGEMENT', 'I-ENGAGEMENT', 'O']"
Cloud Computing,CSC101,Dr Martins,3,"Rubrics are clear before submitting work, but i couldn't get a response before the deadline.","[('Assessment', 'positive'), ('Availability', 'negative')]","['rubrics', 'are', 'clear', 'before', 'submitting', 'work', ',', 'but', 'i', 'could', ""n't"", 'get', 'a', 'response', 'before', 'the', 'deadline', '.']","['B-ASSESSMENT', 'I-ASSESSMENT', 'I-ASSESSMENT', 'I-ASSESSMENT', 'I-ASSESSMENT', 'I-ASSESSMENT', 'O', 'O', 'B-AVAILABILITY', 'I-AVAILABILITY', 'I-AVAILABILITY', 'I-AVAILABILITY', 'I-AVAILABILITY', 'I-AVAILABILITY', 'I-AVAILABILITY', 'I-AVAILABILITY', 'I-AVAILABILITY', 'O']"
Introduction to Computing,CSC408,Dr Okafor,3,"Grading feels transparent and well-justified, but never asks questions or invites discussion.","[('Assessment', 'positive'), ('Engagement', 'negative')]","['grading', 'feels', 'transparent', 'and', 'well-justified', ',', 'but', 'never', 'asks', 'questions', 'or', 'invites', 'discussion', '.']","['B-ASSESSMENT', 'I-ASSESSMENT', 'I-ASSESSMENT', 'I-ASSESSMENT', 'I-ASSESSMENT', 'O', 'O', 'B-ENGAGEMENT', 'I-ENGAGEMENT', 'I-ENGAGEMENT', 'I-ENGAGEMENT', 'I-ENGAGEMENT', 'I-ENGAGEMENT', 'O']"
Cloud Computing,CSC406,Dr Okafor,1,"I've caught factual errors in lectures before, and hard to schedule any one-on-one time.","[('Subject Knowledge', 'negative'), ('Availability', 'negative')]","['i', ""'ve"", 'caught', 'factual', 'errors', 'in', 'lectures', 'before', ',', 'and', 'hard', 'to', 'schedule', 'any', 'one-on-one', 'time', '.']","['B-SUBJECT_KNOWLEDGE', 'I-SUBJECT_KNOWLEDGE', 'I-SUBJECT_KNOWLEDGE', 'I-SUBJECT_KNOWLEDGE', 'I-SUBJECT_KNOWLEDGE', 'I-SUBJECT_KNOWLEDGE', 'I-SUBJECT_KNOWLEDGE', 'I-SUBJECT_KNOWLEDGE', 'O', 'O', 'B-AVAILABILITY', 'I-AVAILABILITY', 'I-AVAILABILITY', 'I-AVAILABILITY', 'I-AVAILABILITY', 'I-AVAILABILITY', 'O']"
Special Computing,CSC101,Dr Adeyemi,1,No rubric is given before assignments are due.,"[('Assessment', 'negative')]","['no', 'rubric', 'is', 'given', 'before', 'assignments', 'are', 'due', '.']","['B-ASSESSMENT', 'I-ASSESSMENT', 'I-ASSESSMENT', 'I-ASSESSMENT', 'I-ASSESSMENT', 'I-ASSESSMENT', 'I-ASSESSMENT', 'I-ASSESSMENT', 'O']"
Machine Learning,CSC101,Dr Faith,5,Breaks complex structures into understandable ones.,"[('Clarity of Instruction', 'positive')]","['breaks', 'complex', 'structures', 'into', 'understandable', 'ones', '.']","['B-CLARITY_OF_INSTRUCTION', 'I-CLARITY_OF_INSTRUCTION', 'I-CLARITY_OF_INSTRUCTION', 'I-CLARITY_OF_INSTRUCTION', 'I-CLARITY_OF_INSTRUCTION', 'I-CLARITY_OF_INSTRUCTION', 'O']"
Special Computing,CSC410,Dr Martins,5,"Rubrics are clear before submitting work, and involves the class with questions and debates, and clearly knows the material inside and out.","[('Assessment', 'positive'), ('Engagement', 'positive'), ('Subject Knowledge', 'positive')]","['rubrics', 'are', 'clear', 'before', 'submitting', 'work', ',', 'and', 'involves', 'the', 'class', 'with', 'questions', 'and', 'debates', ',', 'and', 'clearly', 'knows', 'the', 'material', 'inside', 'and', 'out', '.']","['B-ASSESSMENT', 'I-ASSESSMENT', 'I-ASSESSMENT', 'I-ASSESSMENT', 'I-ASSESSMENT', 'I-ASSESSMENT', 'O', 'O', 'B-ENGAGEMENT', 'I-ENGAGEMENT', 'I-ENGAGEMENT', 'I-ENGAGEMENT', 'I-ENGAGEMENT', 'I-ENGAGEMENT', 'I-ENGAGEMENT', 'O', 'O', 'B-SUBJECT_KNOWLEDGE', 'I-SUBJECT_KNOWLEDGE', 'I-SUBJECT_KNOWLEDGE', 'I-SUBJECT_KNOWLEDGE', 'I-SUBJECT_KNOWLEDGE', 'I-SUBJECT_KNOWLEDGE', 'I-SUBJECT_KNOWLEDGE', 'O']"
Special Computing,CSC412,Dr Pomele,4,"Makes the class genuinely interesting, also grading feels transparent and well-justified, although lectures feel disorganized and hard to follow.","[('Engagement', 'positive'), ('Assessment', 'positive'), ('Clarity of Instruction', 'negative')]","['makes', 'the', 'class', 'genuinely', 'interesting', ',', 'also', 'grading', 'feels', 'transparent', 'and', 'well-justified', ',', 'although', 'lectures', 'feel', 'disorganized', 'and', 'hard', 'to', 'follow', '.']","['B-ENGAGEMENT', 'I-ENGAGEMENT', 'I-ENGAGEMENT', 'I-ENGAGEMENT', 'I-ENGAGEMENT', 'O', 'O', 'B-ASSESSMENT', 'I-ASSESSMENT', 'I-ASSESSMENT', 'I-ASSESSMENT', 'I-ASSESSMENT', 'O', 'O', 'B-CLARITY_OF_INSTRUCTION', 'I-CLARITY_OF_INSTRUCTION', 'I-CLARITY_OF_INSTRUCTION', 'I-CLARITY_OF_INSTRUCTION', 'I-CLARITY_OF_INSTRUCTION', 'I-CLARITY_OF_INSTRUCTION', 'I-CLARITY_OF_INSTRUCTION', 'O']"
Data Science,CSC410,Dr Adeyemi,1,"Feels like a one-way monologue every time, although feedback actually helps me improve next time, however complicates simple topics.","[('Engagement', 'negative'), ('Assessment', 'positive'), ('Clarity of Instruction', 'negative')]","['feels', 'like', 'a', 'one-way', 'monologue', 'every', 'time', ',', 'although', 'feedback', 'actually', 'helps', 'me', 'improve', 'next', 'time', ',', 'however', 'complicates', 'simple', 'topics', '.']","['B-ENGAGEMENT', 'I-ENGAGEMENT', 'I-ENGAGEMENT', 'I-ENGAGEMENT', 'I-ENGAGEMENT', 'I-ENGAGEMENT', 'I-ENGAGEMENT', 'O', 'O', 'B-ASSESSMENT', 'I-ASSESSMENT', 'I-ASSESSMENT', 'I-ASSESSMENT', 'I-ASSESSMENT', 'I-ASSESSMENT', 'I-ASSESSMENT', 'O', 'O', 'B-CLARITY_OF_INSTRUCTION', 'I-CLARITY_OF_INSTRUCTION', 'I-CLARITY_OF_INSTRUCTION', 'O']"
Data Science,CSC406,Dr Martins,2,"Never asks questions or invites discussion, although i trust his understanding of even advanced topics, but hard to schedule any one-on-one time.","[('Engagement', 'negative'), ('Subject Knowledge', 'positive'), ('Availability', 'negative')]","['never', 'asks', 'questions', 'or', 'invites', 'discussion', ',', 'although', 'i', 'trust', 'his', 'understanding', 'of', 'even', 'advanced', 'topics', ',', 'but', 'hard', 'to', 'schedule', 'any', 'one-on-one', 'time', '.']","['B-ENGAGEMENT', 'I-ENGAGEMENT', 'I-ENGAGEMENT', 'I-ENGAGEMENT', 'I-ENGAGEMENT', 'I-ENGAGEMENT', 'O', 'O', 'B-SUBJECT_KNOWLEDGE', 'I-SUBJECT_KNOWLEDGE', 'I-SUBJECT_KNOWLEDGE', 'I-SUBJECT_KNOWLEDGE', 'I-SUBJECT_KNOWLEDGE', 'I-SUBJECT_KNOWLEDGE', 'I-SUBJECT_KNOWLEDGE', 'I-SUBJECT_KNOWLEDGE', 'O', 'O', 'B-AVAILABILITY', 'I-AVAILABILITY', 'I-AVAILABILITY', 'I-AVAILABILITY', 'I-AVAILABILITY', 'I-AVAILABILITY', 'O']"
Machine Learning,CSC406,Dr Martins,4,"Explains difficult concepts with real depth, also turns dry topics into lively discussions, but i struggle to follow most explanations.","[('Subject Knowledge', 'positive'), ('Engagement', 'positive'), ('Clarity of Instruction', 'negative')]","['explains', 'difficult', 'concepts', 'with', 'real', 'depth', ',', 'also', 'turns', 'dry', 'topics', 'into', 'lively', 'discussions', ',', 'but', 'i', 'struggle', 'to', 'follow', 'most', 'explanations', '.']","['B-SUBJECT_KNOWLEDGE', 'I-SUBJECT_KNOWLEDGE', 'I-SUBJECT_KNOWLEDGE', 'I-SUBJECT_KNOWLEDGE', 'I-SUBJECT_KNOWLEDGE', 'I-SUBJECT_KNOWLEDGE', 'O', 'O', 'B-ENGAGEMENT', 'I-ENGAGEMENT', 'I-ENGAGEMENT', 'I-ENGAGEMENT', 'I-ENGAGEMENT', 'I-ENGAGEMENT', 'O', 'O', 'B-CLARITY_OF_INSTRUCTION', 'I-CLARITY_OF_INSTRUCTION', 'I-CLARITY_OF_INSTRUCTION', 'I-CLARITY_OF_INSTRUCTION', 'I-CLARITY_OF_INSTRUCTION', 'I-CLARITY_OF_INSTRUCTION', 'O']"
Machine Learning,CSC406,Dr Pomele,4,"Never asks questions or invites discussion, but makes time for students who are struggling, and gives detailed feedback on assignments.","[('Engagement', 'negative'), ('Availability', 'positive'), ('Assessment', 'positive')]","['never', 'asks', 'questions', 'or', 'invites', 'discussion', ',', 'but', 'makes', 'time', 'for', 'students', 'who', 'are', 'struggling', ',', 'and', 'gives', 'detailed', 'feedback', 'on', 'assignments', '.']","['B-ENGAGEMENT', 'I-ENGAGEMENT', 'I-ENGAGEMENT', 'I-ENGAGEMENT', 'I-ENGAGEMENT', 'I-ENGAGEMENT', 'O', 'O', 'B-AVAILABILITY', 'I-AVAILABILITY', 'I-AVAILABILITY', 'I-AVAILABILITY', 'I-AVAILABILITY', 'I-AVAILABILITY', 'I-AVAILABILITY', 'O', 'O', 'B-ASSESSMENT', 'I-ASSESSMENT', 'I-ASSESSMENT', 'I-ASSESSMENT', 'I-ASSESSMENT', 'O']"
Introduction to Computing,CSC408,Dr Faith,1,"Grading seems arbitrary from one submission to the next, however simplifies difficult concepts well, but gives vague answers when pushed for detail.","[('Assessment', 'negative'), ('Clarity of Instruction', 'positive'), ('Subject Knowledge', 'negative')]","['grading', 'seems', 'arbitrary', 'from', 'one', 'submission', 'to', 'the', 'next', ',', 'however', 'simplifies', 'difficult', 'concepts', 'well', ',', 'but', 'gives', 'vague', 'answers', 'when', 'pushed', 'for', 'detail', '.']","['B-ASSESSMENT', 'I-ASSESSMENT', 'I-ASSESSMENT', 'I-ASSESSMENT', 'I-ASSESSMENT', 'I-ASSESSMENT', 'I-ASSESSMENT', 'I-ASSESSMENT', 'I-ASSESSMENT', 'O', 'O', 'B-CLARITY_OF_INSTRUCTION', 'I-CLARITY_OF_INSTRUCTION', 'I-CLARITY_OF_INSTRUCTION', 'I-CLARITY_OF_INSTRUCTION', 'O', 'O', 'B-SUBJECT_KNOWLEDGE', 'I-SUBJECT_KNOWLEDGE', 'I-SUBJECT_KNOWLEDGE', 'I-SUBJECT_KNOWLEDGE', 'I-SUBJECT_KNOWLEDGE', 'I-SUBJECT_KNOWLEDGE', 'I-SUBJECT_KNOWLEDGE', 'O']"
Data Science,CSC410,Dr Faith,2,"doesn't seem to know the material well, but makes topics easier to understand, however seems annoyed when students ask for extra help.","[('Subject Knowledge', 'negative'), ('Clarity of Instruction', 'positive'), ('Availability', 'negative')]","['does', ""n't"", 'seem', 'to', 'know', 'the', 'material', 'well', ',', 'but', 'makes', 'topics', 'easier', 'to', 'understand', ',', 'however', 'seems', 'annoyed', 'when', 'students', 'ask', 'for', 'extra', 'help', '.']","['B-SUBJECT_KNOWLEDGE', 'I-SUBJECT_KNOWLEDGE', 'I-SUBJECT_KNOWLEDGE', 'I-SUBJECT_KNOWLEDGE', 'I-SUBJECT_KNOWLEDGE', 'I-SUBJECT_KNOWLEDGE', 'I-SUBJECT_KNOWLEDGE', 'I-SUBJECT_KNOWLEDGE', 'O', 'O', 'B-CLARITY_OF_INSTRUCTION', 'I-CLARITY_OF_INSTRUCTION', 'I-CLARITY_OF_INSTRUCTION', 'I-CLARITY_OF_INSTRUCTION', 'I-CLARITY_OF_INSTRUCTION', 'O', 'O', 'B-AVAILABILITY', 'I-AVAILABILITY', 'I-AVAILABILITY', 'I-AVAILABILITY', 'I-AVAILABILITY', 'I-AVAILABILITY', 'I-AVAILABILITY', 'I-AVAILABILITY', 'O']"
Machine Learning,CSC101,Dr Faith,4,"Backs up explanations with real-world examples from experience, and turns dry topics into lively discussions, and i always understand why i lost points.","[('Subject Knowledge', 'positive'), ('Engagement', 'positive'), ('Assessment', 'positive')]","['backs', 'up', 'explanations', 'with', 'real-world', 'examples', 'from', 'experience', ',', 'and', 'turns', 'dry', 'topics', 'into', 'lively', 'discussions', ',', 'and', 'i', 'always', 'understand', 'why', 'i', 'lost', 'points', '.']","['B-SUBJECT_KNOWLEDGE', 'I-SUBJECT_KNOWLEDGE', 'I-SUBJECT_KNOWLEDGE', 'I-SUBJECT_KNOWLEDGE', 'I-SUBJECT_KNOWLEDGE', 'I-SUBJECT_KNOWLEDGE', 'I-SUBJECT_KNOWLEDGE', 'I-SUBJECT_KNOWLEDGE', 'O', 'O', 'B-ENGAGEMENT', 'I-ENGAGEMENT', 'I-ENGAGEMENT', 'I-ENGAGEMENT', 'I-ENGAGEMENT', 'I-ENGAGEMENT', 'O', 'O', 'B-ASSESSMENT', 'I-ASSESSMENT', 'I-ASSESSMENT', 'I-ASSESSMENT', 'I-ASSESSMENT', 'I-ASSESSMENT', 'I-ASSESSMENT', 'O']"
Data Science,CSC408,Dr Martins,5,"Rarely interacts with students during lectures, also uses confusing terms without breaking them down, also can't connect concepts to real applications.","[('Engagement', 'negative'), ('Clarity of Instruction', 'negative'), ('Subject Knowledge', 'negative')]","['rarely', 'interacts', 'with', 'students', 'during', 'lectures', ',', 'also', 'uses', 'confusing', 'terms', 'without', 'breaking', 'them', 'down', ',', 'also', 'ca', ""n't"", 'connect', 'concepts', 'to', 'real', 'applications', '.']","['B-ENGAGEMENT', 'I-ENGAGEMENT', 'I-ENGAGEMENT', 'I-ENGAGEMENT', 'I-ENGAGEMENT', 'I-ENGAGEMENT', 'O', 'O', 'B-CLARITY_OF_INSTRUCTION', 'I-CLARITY_OF_INSTRUCTION', 'I-CLARITY_OF_INSTRUCTION', 'I-CLARITY_OF_INSTRUCTION', 'I-CLARITY_OF_INSTRUCTION', 'I-CLARITY_OF_INSTRUCTION', 'I-CLARITY_OF_INSTRUCTION', 'O', 'O', 'B-SUBJECT_KNOWLEDGE', 'I-SUBJECT_KNOWLEDGE', 'I-SUBJECT_KNOWLEDGE', 'I-SUBJECT_KNOWLEDGE', 'I-SUBJECT_KNOWLEDGE', 'I-SUBJECT_KNOWLEDGE', 'I-SUBJECT_KNOWLEDGE', 'O']"
Introduction to Computing,CSC406,Dr Pomele,5,"I always leave the class understanding the topic, and grades fairly and consistently, but people are on their phones the whole time.","[('Clarity of Instruction', 'positive'), ('Assessment', 'positive'), ('Engagement', 'negative')]","['i', 'always', 'leave', 'the', 'class', 'understanding', 'the', 'topic', ',', 'and', 'grades', 'fairly', 'and', 'consistently', ',', 'but', 'people', 'are', 'on', 'their', 'phones', 'the', 'whole', 'time', '.']","['B-CLARITY_OF_INSTRUCTION', 'I-CLARITY_OF_INSTRUCTION', 'I-CLARITY_OF_INSTRUCTION', 'I-CLARITY_OF_INSTRUCTION', 'I-CLARITY_OF_INSTRUCTION', 'I-CLARITY_OF_INSTRUCTION', 'I-CLARITY_OF_INSTRUCTION', 'I-CLARITY_OF_INSTRUCTION', 'O', 'O', 'B-ASSESSMENT', 'I-ASSESSMENT', 'I-ASSESSMENT', 'I-ASSESSMENT', 'O', 'O', 'B-ENGAGEMENT', 'I-ENGAGEMENT', 'I-ENGAGEMENT', 'I-ENGAGEMENT', 'I-ENGAGEMENT', 'I-ENGAGEMENT', 'I-ENGAGEMENT', 'I-ENGAGEMENT', 'O']"
Data Science,CSC406,Dr Faith,2,"Grades fairly and consistently, however cancels office hours without notice, and rarely interacts with students during lectures.","[('Assessment', 'positive'), ('Availability', 'negative'), ('Engagement', 'negative')]","['grades', 'fairly', 'and', 'consistently', ',', 'however', 'cancels', 'office', 'hours', 'without', 'notice', ',', 'and', 'rarely', 'interacts', 'with', 'students', 'during', 'lectures', '.']","['B-ASSESSMENT', 'I-ASSESSMENT', 'I-ASSESSMENT', 'I-ASSESSMENT', 'O', 'O', 'B-AVAILABILITY', 'I-AVAILABILITY', 'I-AVAILABILITY', 'I-AVAILABILITY', 'I-AVAILABILITY', 'O', 'O', 'B-ENGAGEMENT', 'I-ENGAGEMENT', 'I-ENGAGEMENT', 'I-ENGAGEMENT', 'I-ENGAGEMENT', 'I-ENGAGEMENT', 'O']"
Data Science,CSC406,Dr Adeyemi,5,Explains difficult material well.,"[('Clarity of Instruction', 'positive')]","['explains', 'difficult', 'material', 'well', '.']","['B-CLARITY_OF_INSTRUCTION', 'I-CLARITY_OF_INSTRUCTION', 'I-CLARITY_OF_INSTRUCTION', 'I-CLARITY_OF_INSTRUCTION', 'O']"
Data Science,CSC408,Dr Okafor,4,Replies on the discussion forum within a day.,"[('Availability', 'positive')]","['replies', 'on', 'the', 'discussion', 'forum', 'within', 'a', 'day', '.']","['B-AVAILABILITY', 'I-AVAILABILITY', 'I-AVAILABILITY', 'I-AVAILABILITY', 'I-AVAILABILITY', 'I-AVAILABILITY', 'I-AVAILABILITY', 'I-AVAILABILITY', 'O']"
Data Science,CSC408,Dr Adeyemi,2,doesn't explain well.,"[('Clarity of Instruction', 'negative')]","['does', ""n't"", 'explain', 'well', '.']","['B-CLARITY_OF_INSTRUCTION', 'I-CLARITY_OF_INSTRUCTION', 'I-CLARITY_OF_INSTRUCTION', 'I-CLARITY_OF_INSTRUCTION', 'O']"
Special Computing,CSC410,Dr Adeyemi,1,Makes time for students who are struggling.,"[('Availability', 'positive')]","['makes', 'time', 'for', 'students', 'who', 'are', 'struggling', '.']","['B-AVAILABILITY', 'I-AVAILABILITY', 'I-AVAILABILITY', 'I-AVAILABILITY', 'I-AVAILABILITY', 'I-AVAILABILITY', 'I-AVAILABILITY', 'O']"
Machine Learning,CSC101,Dr Faith,4,Has deep knowledge of the subject.,"[('Subject Knowledge', 'positive')]","['has', 'deep', 'knowledge', 'of', 'the', 'subject', '.']","['B-SUBJECT_KNOWLEDGE', 'I-SUBJECT_KNOWLEDGE', 'I-SUBJECT_KNOWLEDGE', 'I-SUBJECT_KNOWLEDGE', 'I-SUBJECT_KNOWLEDGE', 'I-SUBJECT_KNOWLEDGE', 'O']"
Cloud Computing,CSC412,Dr Martins,1,"Explains difficult material well, but hard to schedule any one-on-one time.","[('Clarity of Instruction', 'positive'), ('Availability', 'negative')]","['explains', 'difficult', 'material', 'well', ',', 'but', 'hard', 'to', 'schedule', 'any', 'one-on-one', 'time', '.']","['B-CLARITY_OF_INSTRUCTION', 'I-CLARITY_OF_INSTRUCTION', 'I-CLARITY_OF_INSTRUCTION', 'I-CLARITY_OF_INSTRUCTION', 'O', 'O', 'B-AVAILABILITY', 'I-AVAILABILITY', 'I-AVAILABILITY', 'I-AVAILABILITY', 'I-AVAILABILITY', 'I-AVAILABILITY', 'O']"
Special Computing,CSC408,Dr Pomele,3,"Simplifies difficult concepts well, although never asks questions or invites discussion.","[('Clarity of Instruction', 'positive'), ('Engagement', 'negative')]","['simplifies', 'difficult', 'concepts', 'well', ',', 'although', 'never', 'asks', 'questions', 'or', 'invites', 'discussion', '.']","['B-CLARITY_OF_INSTRUCTION', 'I-CLARITY_OF_INSTRUCTION', 'I-CLARITY_OF_INSTRUCTION', 'I-CLARITY_OF_INSTRUCTION', 'O', 'O', 'B-ENGAGEMENT', 'I-ENGAGEMENT', 'I-ENGAGEMENT', 'I-ENGAGEMENT', 'I-ENGAGEMENT', 'I-ENGAGEMENT', 'O']"
Cloud Computing,CSC101,Dr Pomele,1,Grading seems arbitrary from one submission to the next.,"[('Assessment', 'negative')]","['grading', 'seems', 'arbitrary', 'from', 'one', 'submission', 'to', 'the', 'next', '.']","['B-ASSESSMENT', 'I-ASSESSMENT', 'I-ASSESSMENT', 'I-ASSESSMENT', 'I-ASSESSMENT', 'I-ASSESSMENT', 'I-ASSESSMENT', 'I-ASSESSMENT', 'I-ASSESSMENT', 'O']"
Cloud Computing,CSC408,Dr Faith,3,"Simplifies difficult concepts well, also replies on the discussion forum within a day.","[('Clarity of Instruction', 'positive'), ('Availability', 'positive')]","['simplifies', 'difficult', 'concepts', 'well', ',', 'also', 'replies', 'on', 'the', 'discussion', 'forum', 'within', 'a', 'day', '.']","['B-CLARITY_OF_INSTRUCTION', 'I-CLARITY_OF_INSTRUCTION', 'I-CLARITY_OF_INSTRUCTION', 'I-CLARITY_OF_INSTRUCTION', 'O', 'O', 'B-AVAILABILITY', 'I-AVAILABILITY', 'I-AVAILABILITY', 'I-AVAILABILITY', 'I-AVAILABILITY', 'I-AVAILABILITY', 'I-AVAILABILITY', 'I-AVAILABILITY', 'O']"
Cloud Computing,CSC410,Dr Okafor,3,"Explains clearly, although the lecture drags on with no variation.","[('Clarity of Instruction', 'positive'), ('Engagement', 'negative')]","['explains', 'clearly', ',', 'although', 'the', 'lecture', 'drags', 'on', 'with', 'no', 'variation', '.']","['B-CLARITY_OF_INSTRUCTION', 'I-CLARITY_OF_INSTRUCTION', 'O', 'O', 'B-ENGAGEMENT', 'I-ENGAGEMENT', 'I-ENGAGEMENT', 'I-ENGAGEMENT', 'I-ENGAGEMENT', 'I-ENGAGEMENT', 'I-ENGAGEMENT', 'O']"
Data Science,CSC406,Dr Okafor,1,I never know why I lost points.,"[('Assessment', 'negative')]","['i', 'never', 'know', 'why', 'i', 'lost', 'points', '.']","['B-ASSESSMENT', 'I-ASSESSMENT', 'I-ASSESSMENT', 'I-ASSESSMENT', 'I-ASSESSMENT', 'I-ASSESSMENT', 'I-ASSESSMENT', 'O']"
Special Computing,CSC406,Dr Pomele,3,"Very approachable outside of lecture time, but feels like a one-way monologue every time.","[('Availability', 'positive'), ('Engagement', 'negative')]","['very', 'approachable', 'outside', 'of', 'lecture', 'time', ',', 'but', 'feels', 'like', 'a', 'one-way', 'monologue', 'every', 'time', '.']","['B-AVAILABILITY', 'I-AVAILABILITY', 'I-AVAILABILITY', 'I-AVAILABILITY', 'I-AVAILABILITY', 'I-AVAILABILITY', 'O', 'O', 'B-ENGAGEMENT', 'I-ENGAGEMENT', 'I-ENGAGEMENT', 'I-ENGAGEMENT', 'I-ENGAGEMENT', 'I-ENGAGEMENT', 'I-ENGAGEMENT', 'O']"
Data Science,CSC101,Dr Pomele,1,Help with grading disputes is hard to get.,"[('Assessment', 'negative')]","['help', 'with', 'grading', 'disputes', 'is', 'hard', 'to', 'get', '.']","['B-ASSESSMENT', 'I-ASSESSMENT', 'I-ASSESSMENT', 'I-ASSESSMENT', 'I-ASSESSMENT', 'I-ASSESSMENT', 'I-ASSESSMENT', 'I-ASSESSMENT', 'O']"
Machine Learning,CSC408,Dr Okafor,1,"Ignores questions posted on the course forum, although returns graded work quickly, although hard to follow his explanations.","[('Availability', 'negative'), ('Assessment', 'positive'), ('Clarity of Instruction', 'negative')]","['ignores', 'questions', 'posted', 'on', 'the', 'course', 'forum', ',', 'although', 'returns', 'graded', 'work', 'quickly', ',', 'although', 'hard', 'to', 'follow', 'his', 'explanations', '.']","['B-AVAILABILITY', 'I-AVAILABILITY', 'I-AVAILABILITY', 'I-AVAILABILITY', 'I-AVAILABILITY', 'I-AVAILABILITY', 'I-AVAILABILITY', 'O', 'O', 'B-ASSESSMENT', 'I-ASSESSMENT', 'I-ASSESSMENT', 'I-ASSESSMENT', 'O', 'O', 'B-CLARITY_OF_INSTRUCTION', 'I-CLARITY_OF_INSTRUCTION', 'I-CLARITY_OF_INSTRUCTION', 'I-CLARITY_OF_INSTRUCTION', 'I-CLARITY_OF_INSTRUCTION', 'O']"
Special Computing,CSC408,Dr Adeyemi,2,"Complicates simple topics, and feels like a one-way monologue every time.","[('Clarity of Instruction', 'negative'), ('Engagement', 'negative')]","['complicates', 'simple', 'topics', ',', 'and', 'feels', 'like', 'a', 'one-way', 'monologue', 'every', 'time', '.']","['B-CLARITY_OF_INSTRUCTION', 'I-CLARITY_OF_INSTRUCTION', 'I-CLARITY_OF_INSTRUCTION', 'O', 'O', 'B-ENGAGEMENT', 'I-ENGAGEMENT', 'I-ENGAGEMENT', 'I-ENGAGEMENT', 'I-ENGAGEMENT', 'I-ENGAGEMENT', 'I-ENGAGEMENT', 'O']"
Cloud Computing,CSC101,Dr Pomele,5,Breaks complex structures into understandable ones.,"[('Clarity of Instruction', 'positive')]","['breaks', 'complex', 'structures', 'into', 'understandable', 'ones', '.']","['B-CLARITY_OF_INSTRUCTION', 'I-CLARITY_OF_INSTRUCTION', 'I-CLARITY_OF_INSTRUCTION', 'I-CLARITY_OF_INSTRUCTION', 'I-CLARITY_OF_INSTRUCTION', 'I-CLARITY_OF_INSTRUCTION', 'O']"
Introduction to Computing,CSC406,Dr Okafor,5,"I've never had trouble reaching him for help, and explains difficult concepts with real depth, and rubrics are clear before submitting work.","[('Availability', 'positive'), ('Subject Knowledge', 'positive'), ('Assessment', 'positive')]","['i', ""'ve"", 'never', 'had', 'trouble', 'reaching', 'him', 'for', 'help', ',', 'and', 'explains', 'difficult', 'concepts', 'with', 'real', 'depth', ',', 'and', 'rubrics', 'are', 'clear', 'before', 'submitting', 'work', '.']","['B-AVAILABILITY', 'I-AVAILABILITY', 'I-AVAILABILITY', 'I-AVAILABILITY', 'I-AVAILABILITY', 'I-AVAILABILITY', 'I-AVAILABILITY', 'I-AVAILABILITY', 'I-AVAILABILITY', 'O', 'O', 'B-SUBJECT_KNOWLEDGE', 'I-SUBJECT_KNOWLEDGE', 'I-SUBJECT_KNOWLEDGE', 'I-SUBJECT_KNOWLEDGE', 'I-SUBJECT_KNOWLEDGE', 'I-SUBJECT_KNOWLEDGE', 'O', 'O', 'B-ASSESSMENT', 'I-ASSESSMENT', 'I-ASSESSMENT', 'I-ASSESSMENT', 'I-ASSESSMENT', 'I-ASSESSMENT', 'O']"
Data Science,CSC410,Dr Okafor,3,"Feedback is vague or nonexistent, however replies on the discussion forum within a day.","[('Assessment', 'negative'), ('Availability', 'positive')]","['feedback', 'is', 'vague', 'or', 'nonexistent', ',', 'however', 'replies', 'on', 'the', 'discussion', 'forum', 'within', 'a', 'day', '.']","['B-ASSESSMENT', 'I-ASSESSMENT', 'I-ASSESSMENT', 'I-ASSESSMENT', 'I-ASSESSMENT', 'O', 'O', 'B-AVAILABILITY', 'I-AVAILABILITY', 'I-AVAILABILITY', 'I-AVAILABILITY', 'I-AVAILABILITY', 'I-AVAILABILITY', 'I-AVAILABILITY', 'I-AVAILABILITY', 'O']"
Introduction to Computing,CSC410,Dr Faith,5,"Very approachable outside of lecture time, and i trust his understanding of even advanced topics, but exams cover things never taught in class.","[('Availability', 'positive'), ('Subject Knowledge', 'positive'), ('Assessment', 'negative')]","['very', 'approachable', 'outside', 'of', 'lecture', 'time', ',', 'and', 'i', 'trust', 'his', 'understanding', 'of', 'even', 'advanced', 'topics', ',', 'but', 'exams', 'cover', 'things', 'never', 'taught', 'in', 'class', '.']","['B-AVAILABILITY', 'I-AVAILABILITY', 'I-AVAILABILITY', 'I-AVAILABILITY', 'I-AVAILABILITY', 'I-AVAILABILITY', 'O', 'O', 'B-SUBJECT_KNOWLEDGE', 'I-SUBJECT_KNOWLEDGE', 'I-SUBJECT_KNOWLEDGE', 'I-SUBJECT_KNOWLEDGE', 'I-SUBJECT_KNOWLEDGE', 'I-SUBJECT_KNOWLEDGE', 'I-SUBJECT_KNOWLEDGE', 'I-SUBJECT_KNOWLEDGE', 'O', 'O', 'B-ASSESSMENT', 'I-ASSESSMENT', 'I-ASSESSMENT', 'I-ASSESSMENT', 'I-ASSESSMENT', 'I-ASSESSMENT', 'I-ASSESSMENT', 'O']"
Cloud Computing,CSC406,Dr Martins,5,I find it hard to stay awake in this class.,"[('Engagement', 'negative')]","['i', 'find', 'it', 'hard', 'to', 'stay', 'awake', 'in', 'this', 'class', '.']","['B-ENGAGEMENT', 'I-ENGAGEMENT', 'I-ENGAGEMENT', 'I-ENGAGEMENT', 'I-ENGAGEMENT', 'I-ENGAGEMENT', 'I-ENGAGEMENT', 'I-ENGAGEMENT', 'I-ENGAGEMENT', 'I-ENGAGEMENT', 'O']"
Machine Learning,CSC410,Dr Pomele,3,"Hard to follow his explanations, although makes the class genuinely interesting.","[('Clarity of Instruction', 'negative'), ('Engagement', 'positive')]","['hard', 'to', 'follow', 'his', 'explanations', ',', 'although', 'makes', 'the', 'class', 'genuinely', 'interesting', '.']","['B-CLARITY_OF_INSTRUCTION', 'I-CLARITY_OF_INSTRUCTION', 'I-CLARITY_OF_INSTRUCTION', 'I-CLARITY_OF_INSTRUCTION', 'I-CLARITY_OF_INSTRUCTION', 'O', 'O', 'B-ENGAGEMENT', 'I-ENGAGEMENT', 'I-ENGAGEMENT', 'I-ENGAGEMENT', 'I-ENGAGEMENT', 'O']"
Cloud Computing,CSC101,Dr Martins,4,Every explanation is easy to follow.,"[('Clarity of Instruction', 'positive')]","['every', 'explanation', 'is', 'easy', 'to', 'follow', '.']","['B-CLARITY_OF_INSTRUCTION', 'I-CLARITY_OF_INSTRUCTION', 'I-CLARITY_OF_INSTRUCTION', 'I-CLARITY_OF_INSTRUCTION', 'I-CLARITY_OF_INSTRUCTION', 'I-CLARITY_OF_INSTRUCTION', 'O']"
Machine Learning,CSC412,Dr Pomele,4,Returns graded work quickly.,"[('Assessment', 'positive')]","['returns', 'graded', 'work', 'quickly', '.']","['B-ASSESSMENT', 'I-ASSESSMENT', 'I-ASSESSMENT', 'I-ASSESSMENT', 'O']"
Introduction to Computing,CSC408,Dr Adeyemi,4,I couldn't get a response before the deadline.,"[('Availability', 'negative')]","['i', 'could', ""n't"", 'get', 'a', 'response', 'before', 'the', 'deadline', '.']","['B-AVAILABILITY', 'I-AVAILABILITY', 'I-AVAILABILITY', 'I-AVAILABILITY', 'I-AVAILABILITY', 'I-AVAILABILITY', 'I-AVAILABILITY', 'I-AVAILABILITY', 'I-AVAILABILITY', 'O']"
Special Computing,CSC101,Dr Pomele,4,People are on their phones the whole time.,"[('Engagement', 'negative')]","['people', 'are', 'on', 'their', 'phones', 'the', 'whole', 'time', '.']","['B-ENGAGEMENT', 'I-ENGAGEMENT', 'I-ENGAGEMENT', 'I-ENGAGEMENT', 'I-ENGAGEMENT', 'I-ENGAGEMENT', 'I-ENGAGEMENT', 'I-ENGAGEMENT', 'O']"
Special Computing,CSC410,Dr Okafor,3,"Explains clearly, although help with grading disputes is hard to get.","[('Clarity of Instruction', 'positive'), ('Assessment', 'negative')]","['explains', 'clearly', ',', 'although', 'help', 'with', 'grading', 'disputes', 'is', 'hard', 'to', 'get', '.']","['B-CLARITY_OF_INSTRUCTION', 'I-CLARITY_OF_INSTRUCTION', 'O', 'O', 'B-ASSESSMENT', 'I-ASSESSMENT', 'I-ASSESSMENT', 'I-ASSESSMENT', 'I-ASSESSMENT', 'I-ASSESSMENT', 'I-ASSESSMENT', 'I-ASSESSMENT', 'O']"
Data Science,CSC101,Dr Okafor,4,"His energy makes the lecture fly by, also makes topics easier to understand, but never holds actual office hours.","[('Engagement', 'positive'), ('Clarity of Instruction', 'positive'), ('Availability', 'negative')]","['his', 'energy', 'makes', 'the', 'lecture', 'fly', 'by', ',', 'also', 'makes', 'topics', 'easier', 'to', 'understand', ',', 'but', 'never', 'holds', 'actual', 'office', 'hours', '.']","['B-ENGAGEMENT', 'I-ENGAGEMENT', 'I-ENGAGEMENT', 'I-ENGAGEMENT', 'I-ENGAGEMENT', 'I-ENGAGEMENT', 'I-ENGAGEMENT', 'O', 'O', 'B-CLARITY_OF_INSTRUCTION', 'I-CLARITY_OF_INSTRUCTION', 'I-CLARITY_OF_INSTRUCTION', 'I-CLARITY_OF_INSTRUCTION', 'I-CLARITY_OF_INSTRUCTION', 'O', 'O', 'B-AVAILABILITY', 'I-AVAILABILITY', 'I-AVAILABILITY', 'I-AVAILABILITY', 'I-AVAILABILITY', 'O']"
Special Computing,CSC408,Dr Pomele,5,"Goes beyond the textbook when explaining concepts, and very approachable outside of lecture time, however doesn't explain well.","[('Subject Knowledge', 'positive'), ('Availability', 'positive'), ('Clarity of Instruction', 'negative')]","['goes', 'beyond', 'the', 'textbook', 'when', 'explaining', 'concepts', ',', 'and', 'very', 'approachable', 'outside', 'of', 'lecture', 'time', ',', 'however', 'does', ""n't"", 'explain', 'well', '.']","['B-SUBJECT_KNOWLEDGE', 'I-SUBJECT_KNOWLEDGE', 'I-SUBJECT_KNOWLEDGE', 'I-SUBJECT_KNOWLEDGE', 'I-SUBJECT_KNOWLEDGE', 'I-SUBJECT_KNOWLEDGE', 'I-SUBJECT_KNOWLEDGE', 'O', 'O', 'B-AVAILABILITY', 'I-AVAILABILITY', 'I-AVAILABILITY', 'I-AVAILABILITY', 'I-AVAILABILITY', 'I-AVAILABILITY', 'O', 'O', 'B-CLARITY_OF_INSTRUCTION', 'I-CLARITY_OF_INSTRUCTION', 'I-CLARITY_OF_INSTRUCTION', 'I-CLARITY_OF_INSTRUCTION', 'O']"
Introduction to Computing,CSC412,Dr Faith,3,"Seems annoyed when students ask for extra help, however his energy makes the lecture fly by.","[('Availability', 'negative'), ('Engagement', 'positive')]","['seems', 'annoyed', 'when', 'students', 'ask', 'for', 'extra', 'help', ',', 'however', 'his', 'energy', 'makes', 'the', 'lecture', 'fly', 'by', '.']","['B-AVAILABILITY', 'I-AVAILABILITY', 'I-AVAILABILITY', 'I-AVAILABILITY', 'I-AVAILABILITY', 'I-AVAILABILITY', 'I-AVAILABILITY', 'I-AVAILABILITY', 'O', 'O', 'B-ENGAGEMENT', 'I-ENGAGEMENT', 'I-ENGAGEMENT', 'I-ENGAGEMENT', 'I-ENGAGEMENT', 'I-ENGAGEMENT', 'I-ENGAGEMENT', 'O']"
Introduction to Computing,CSC412,Dr Faith,5,"His grasp of the subject feels shaky, although involves the class with questions and debates.","[('Subject Knowledge', 'negative'), ('Engagement', 'positive')]","['his', 'grasp', 'of', 'the', 'subject', 'feels', 'shaky', ',', 'although', 'involves', 'the', 'class', 'with', 'questions', 'and', 'debates', '.']","['B-SUBJECT_KNOWLEDGE', 'I-SUBJECT_KNOWLEDGE', 'I-SUBJECT_KNOWLEDGE', 'I-SUBJECT_KNOWLEDGE', 'I-SUBJECT_KNOWLEDGE', 'I-SUBJECT_KNOWLEDGE', 'I-SUBJECT_KNOWLEDGE', 'O', 'O', 'B-ENGAGEMENT', 'I-ENGAGEMENT', 'I-ENGAGEMENT', 'I-ENGAGEMENT', 'I-ENGAGEMENT', 'I-ENGAGEMENT', 'I-ENGAGEMENT', 'O']"
Special Computing,CSC412,Dr Martins,3,Encourages students to participate often.,"[('Engagement', 'positive')]","['encourages', 'students', 'to', 'participate', 'often', '.']","['B-ENGAGEMENT', 'I-ENGAGEMENT', 'I-ENGAGEMENT', 'I-ENGAGEMENT', 'I-ENGAGEMENT', 'O']"
Data Science,CSC101,Dr Pomele,4,"Responds to emails quickly, however i never know why i lost points, however the way he breaks down ideas makes sense.","[('Availability', 'positive'), ('Assessment', 'negative'), ('Clarity of Instruction', 'positive')]","['responds', 'to', 'emails', 'quickly', ',', 'however', 'i', 'never', 'know', 'why', 'i', 'lost', 'points', ',', 'however', 'the', 'way', 'he', 'breaks', 'down', 'ideas', 'makes', 'sense', '.']","['B-AVAILABILITY', 'I-AVAILABILITY', 'I-AVAILABILITY', 'I-AVAILABILITY', 'O', 'O', 'B-ASSESSMENT', 'I-ASSESSMENT', 'I-ASSESSMENT', 'I-ASSESSMENT', 'I-ASSESSMENT', 'I-ASSESSMENT', 'I-ASSESSMENT', 'O', 'O', 'B-CLARITY_OF_INSTRUCTION', 'I-CLARITY_OF_INSTRUCTION', 'I-CLARITY_OF_INSTRUCTION', 'I-CLARITY_OF_INSTRUCTION', 'I-CLARITY_OF_INSTRUCTION', 'I-CLARITY_OF_INSTRUCTION', 'I-CLARITY_OF_INSTRUCTION', 'I-CLARITY_OF_INSTRUCTION', 'O']"
Machine Learning,CSC412,Dr Pomele,4,Help with grading disputes is hard to get.,"[('Assessment', 'negative')]","['help', 'with', 'grading', 'disputes', 'is', 'hard', 'to', 'get', '.']","['B-ASSESSMENT', 'I-ASSESSMENT', 'I-ASSESSMENT', 'I-ASSESSMENT', 'I-ASSESSMENT', 'I-ASSESSMENT', 'I-ASSESSMENT', 'I-ASSESSMENT', 'O']"
Introduction to Computing,CSC410,Dr Martins,2,"Explains difficult concepts with real depth, however rarely interacts with students during lectures, also seems annoyed when students ask for extra help.","[('Subject Knowledge', 'positive'), ('Engagement', 'negative'), ('Availability', 'negative')]","['explains', 'difficult', 'concepts', 'with', 'real', 'depth', ',', 'however', 'rarely', 'interacts', 'with', 'students', 'during', 'lectures', ',', 'also', 'seems', 'annoyed', 'when', 'students', 'ask', 'for', 'extra', 'help', '.']","['B-SUBJECT_KNOWLEDGE', 'I-SUBJECT_KNOWLEDGE', 'I-SUBJECT_KNOWLEDGE', 'I-SUBJECT_KNOWLEDGE', 'I-SUBJECT_KNOWLEDGE', 'I-SUBJECT_KNOWLEDGE', 'O', 'O', 'B-ENGAGEMENT', 'I-ENGAGEMENT', 'I-ENGAGEMENT', 'I-ENGAGEMENT', 'I-ENGAGEMENT', 'I-ENGAGEMENT', 'O', 'O', 'B-AVAILABILITY', 'I-AVAILABILITY', 'I-AVAILABILITY', 'I-AVAILABILITY', 'I-AVAILABILITY', 'I-AVAILABILITY', 'I-AVAILABILITY', 'I-AVAILABILITY', 'O']"
Cloud Computing,CSC406,Dr Okafor,3,"Uses confusing terms without breaking them down, however feedback actually helps me improve next time.","[('Clarity of Instruction', 'negative'), ('Assessment', 'positive')]","['uses', 'confusing', 'terms', 'without', 'breaking', 'them', 'down', ',', 'however', 'feedback', 'actually', 'helps', 'me', 'improve', 'next', 'time', '.']","['B-CLARITY_OF_INSTRUCTION', 'I-CLARITY_OF_INSTRUCTION', 'I-CLARITY_OF_INSTRUCTION', 'I-CLARITY_OF_INSTRUCTION', 'I-CLARITY_OF_INSTRUCTION', 'I-CLARITY_OF_INSTRUCTION', 'I-CLARITY_OF_INSTRUCTION', 'O', 'O', 'B-ASSESSMENT', 'I-ASSESSMENT', 'I-ASSESSMENT', 'I-ASSESSMENT', 'I-ASSESSMENT', 'I-ASSESSMENT', 'I-ASSESSMENT', 'O']"
Cloud Computing,CSC410,Dr Pomele,4,"Exams match what was actually taught, also has deep knowledge of the subject.","[('Assessment', 'positive'), ('Subject Knowledge', 'positive')]","['exams', 'match', 'what', 'was', 'actually', 'taught', ',', 'also', 'has', 'deep', 'knowledge', 'of', 'the', 'subject', '.']","['B-ASSESSMENT', 'I-ASSESSMENT', 'I-ASSESSMENT', 'I-ASSESSMENT', 'I-ASSESSMENT', 'I-ASSESSMENT', 'O', 'O', 'B-SUBJECT_KNOWLEDGE', 'I-SUBJECT_KNOWLEDGE', 'I-SUBJECT_KNOWLEDGE', 'I-SUBJECT_KNOWLEDGE', 'I-SUBJECT_KNOWLEDGE', 'I-SUBJECT_KNOWLEDGE', 'O']"
Introduction to Computing,CSC101,Dr Okafor,4,Clearly knows the material inside and out.,"[('Subject Knowledge', 'positive')]","['clearly', 'knows', 'the', 'material', 'inside', 'and', 'out', '.']","['B-SUBJECT_KNOWLEDGE', 'I-SUBJECT_KNOWLEDGE', 'I-SUBJECT_KNOWLEDGE', 'I-SUBJECT_KNOWLEDGE', 'I-SUBJECT_KNOWLEDGE', 'I-SUBJECT_KNOWLEDGE', 'I-SUBJECT_KNOWLEDGE', 'O']"
Cloud Computing,CSC406,Dr Okafor,2,"Lectures feel disorganized and hard to follow, and doesn't seem to know the material well, however exams match what was actually taught.","[('Clarity of Instruction', 'negative'), ('Subject Knowledge', 'negative'), ('Assessment', 'positive')]","['lectures', 'feel', 'disorganized', 'and', 'hard', 'to', 'follow', ',', 'and', 'does', ""n't"", 'seem', 'to', 'know', 'the', 'material', 'well', ',', 'however', 'exams', 'match', 'what', 'was', 'actually', 'taught', '.']","['B-CLARITY_OF_INSTRUCTION', 'I-CLARITY_OF_INSTRUCTION', 'I-CLARITY_OF_INSTRUCTION', 'I-CLARITY_OF_INSTRUCTION', 'I-CLARITY_OF_INSTRUCTION', 'I-CLARITY_OF_INSTRUCTION', 'I-CLARITY_OF_INSTRUCTION', 'O', 'O', 'B-SUBJECT_KNOWLEDGE', 'I-SUBJECT_KNOWLEDGE', 'I-SUBJECT_KNOWLEDGE', 'I-SUBJECT_KNOWLEDGE', 'I-SUBJECT_KNOWLEDGE', 'I-SUBJECT_KNOWLEDGE', 'I-SUBJECT_KNOWLEDGE', 'I-SUBJECT_KNOWLEDGE', 'O', 'O', 'B-ASSESSMENT', 'I-ASSESSMENT', 'I-ASSESSMENT', 'I-ASSESSMENT', 'I-ASSESSMENT', 'I-ASSESSMENT', 'O']"
Special Computing,CSC410,Dr Martins,2,"Answers even the toughest questions confidently, but i struggle to follow most explanations, and grades inconsistently between students.","[('Subject Knowledge', 'positive'), ('Clarity of Instruction', 'negative'), ('Assessment', 'negative')]","['answers', 'even', 'the', 'toughest', 'questions', 'confidently', ',', 'but', 'i', 'struggle', 'to', 'follow', 'most', 'explanations', ',', 'and', 'grades', 'inconsistently', 'between', 'students', '.']","['B-SUBJECT_KNOWLEDGE', 'I-SUBJECT_KNOWLEDGE', 'I-SUBJECT_KNOWLEDGE', 'I-SUBJECT_KNOWLEDGE', 'I-SUBJECT_KNOWLEDGE', 'I-SUBJECT_KNOWLEDGE', 'O', 'O', 'B-CLARITY_OF_INSTRUCTION', 'I-CLARITY_OF_INSTRUCTION', 'I-CLARITY_OF_INSTRUCTION', 'I-CLARITY_OF_INSTRUCTION', 'I-CLARITY_OF_INSTRUCTION', 'I-CLARITY_OF_INSTRUCTION', 'O', 'O', 'B-ASSESSMENT', 'I-ASSESSMENT', 'I-ASSESSMENT', 'I-ASSESSMENT', 'O']"
Introduction to Computing,CSC406,Dr Faith,5,Uses humor to keep the room awake.,"[('Engagement', 'positive')]","['uses', 'humor', 'to', 'keep', 'the', 'room', 'awake', '.']","['B-ENGAGEMENT', 'I-ENGAGEMENT', 'I-ENGAGEMENT', 'I-ENGAGEMENT', 'I-ENGAGEMENT', 'I-ENGAGEMENT', 'I-ENGAGEMENT', 'O']"
Introduction to Computing,CSC410,Dr Martins,4,"I couldn't get a response before the deadline, although his energy makes the lecture fly by, and i always leave the class understanding the topic.","[('Availability', 'negative'), ('Engagement', 'positive'), ('Clarity of Instruction', 'positive')]","['i', 'could', ""n't"", 'get', 'a', 'response', 'before', 'the', 'deadline', ',', 'although', 'his', 'energy', 'makes', 'the', 'lecture', 'fly', 'by', ',', 'and', 'i', 'always', 'leave', 'the', 'class', 'understanding', 'the', 'topic', '.']","['B-AVAILABILITY', 'I-AVAILABILITY', 'I-AVAILABILITY', 'I-AVAILABILITY', 'I-AVAILABILITY', 'I-AVAILABILITY', 'I-AVAILABILITY', 'I-AVAILABILITY', 'I-AVAILABILITY', 'O', 'O', 'B-ENGAGEMENT', 'I-ENGAGEMENT', 'I-ENGAGEMENT', 'I-ENGAGEMENT', 'I-ENGAGEMENT', 'I-ENGAGEMENT', 'I-ENGAGEMENT', 'O', 'O', 'B-CLARITY_OF_INSTRUCTION', 'I-CLARITY_OF_INSTRUCTION', 'I-CLARITY_OF_INSTRUCTION', 'I-CLARITY_OF_INSTRUCTION', 'I-CLARITY_OF_INSTRUCTION', 'I-CLARITY_OF_INSTRUCTION', 'I-CLARITY_OF_INSTRUCTION', 'I-CLARITY_OF_INSTRUCTION', 'O']"
Special Computing,CSC412,Dr Pomele,5,"Makes time for students who are struggling, also makes the class genuinely interesting, and feedback actually helps me improve next time.","[('Availability', 'positive'), ('Engagement', 'positive'), ('Assessment', 'positive')]","['makes', 'time', 'for', 'students', 'who', 'are', 'struggling', ',', 'also', 'makes', 'the', 'class', 'genuinely', 'interesting', ',', 'and', 'feedback', 'actually', 'helps', 'me', 'improve', 'next', 'time', '.']","['B-AVAILABILITY', 'I-AVAILABILITY', 'I-AVAILABILITY', 'I-AVAILABILITY', 'I-AVAILABILITY', 'I-AVAILABILITY', 'I-AVAILABILITY', 'O', 'O', 'B-ENGAGEMENT', 'I-ENGAGEMENT', 'I-ENGAGEMENT', 'I-ENGAGEMENT', 'I-ENGAGEMENT', 'O', 'O', 'B-ASSESSMENT', 'I-ASSESSMENT', 'I-ASSESSMENT', 'I-ASSESSMENT', 'I-ASSESSMENT', 'I-ASSESSMENT', 'I-ASSESSMENT', 'O']"
Data Science,CSC101,Dr Okafor,1,I struggle to follow most explanations.,"[('Clarity of Instruction', 'negative')]","['i', 'struggle', 'to', 'follow', 'most', 'explanations', '.']","['B-CLARITY_OF_INSTRUCTION', 'I-CLARITY_OF_INSTRUCTION', 'I-CLARITY_OF_INSTRUCTION', 'I-CLARITY_OF_INSTRUCTION', 'I-CLARITY_OF_INSTRUCTION', 'I-CLARITY_OF_INSTRUCTION', 'O']"
Introduction to Computing,CSC406,Dr Adeyemi,4,"I've never had trouble reaching him for help, also encourages students to participate often, however complicates simple topics.","[('Availability', 'positive'), ('Engagement', 'positive'), ('Clarity of Instruction', 'negative')]","['i', ""'ve"", 'never', 'had', 'trouble', 'reaching', 'him', 'for', 'help', ',', 'also', 'encourages', 'students', 'to', 'participate', 'often', ',', 'however', 'complicates', 'simple', 'topics', '.']","['B-AVAILABILITY', 'I-AVAILABILITY', 'I-AVAILABILITY', 'I-AVAILABILITY', 'I-AVAILABILITY', 'I-AVAILABILITY', 'I-AVAILABILITY', 'I-AVAILABILITY', 'I-AVAILABILITY', 'O', 'O', 'B-ENGAGEMENT', 'I-ENGAGEMENT', 'I-ENGAGEMENT', 'I-ENGAGEMENT', 'I-ENGAGEMENT', 'O', 'O', 'B-CLARITY_OF_INSTRUCTION', 'I-CLARITY_OF_INSTRUCTION', 'I-CLARITY_OF_INSTRUCTION', 'O']"
Introduction to Computing,CSC408,Dr Okafor,4,Just reads off slides with no energy.,"[('Engagement', 'negative')]","['just', 'reads', 'off', 'slides', 'with', 'no', 'energy', '.']","['B-ENGAGEMENT', 'I-ENGAGEMENT', 'I-ENGAGEMENT', 'I-ENGAGEMENT', 'I-ENGAGEMENT', 'I-ENGAGEMENT', 'I-ENGAGEMENT', 'O']"
Data Science,CSC101,Dr Pomele,1,"Hard to follow his explanations, however gives detailed feedback on assignments, however feels like a one-way monologue every time.","[('Clarity of Instruction', 'negative'), ('Assessment', 'positive'), ('Engagement', 'negative')]","['hard', 'to', 'follow', 'his', 'explanations', ',', 'however', 'gives', 'detailed', 'feedback', 'on', 'assignments', ',', 'however', 'feels', 'like', 'a', 'one-way', 'monologue', 'every', 'time', '.']","['B-CLARITY_OF_INSTRUCTION', 'I-CLARITY_OF_INSTRUCTION', 'I-CLARITY_OF_INSTRUCTION', 'I-CLARITY_OF_INSTRUCTION', 'I-CLARITY_OF_INSTRUCTION', 'O', 'O', 'B-ASSESSMENT', 'I-ASSESSMENT', 'I-ASSESSMENT', 'I-ASSESSMENT', 'I-ASSESSMENT', 'O', 'O', 'B-ENGAGEMENT', 'I-ENGAGEMENT', 'I-ENGAGEMENT', 'I-ENGAGEMENT', 'I-ENGAGEMENT', 'I-ENGAGEMENT', 'I-ENGAGEMENT', 'O']"
Machine Learning,CSC101,Dr Faith,4,"Backs up explanations with real-world examples from experience, but cancels office hours without notice.","[('Subject Knowledge', 'positive'), ('Availability', 'negative')]","['backs', 'up', 'explanations', 'with', 'real-world', 'examples', 'from', 'experience', ',', 'but', 'cancels', 'office', 'hours', 'without', 'notice', '.']","['B-SUBJECT_KNOWLEDGE', 'I-SUBJECT_KNOWLEDGE', 'I-SUBJECT_KNOWLEDGE', 'I-SUBJECT_KNOWLEDGE', 'I-SUBJECT_KNOWLEDGE', 'I-SUBJECT_KNOWLEDGE', 'I-SUBJECT_KNOWLEDGE', 'I-SUBJECT_KNOWLEDGE', 'O', 'O', 'B-AVAILABILITY', 'I-AVAILABILITY', 'I-AVAILABILITY', 'I-AVAILABILITY', 'I-AVAILABILITY', 'O']"
Cloud Computing,CSC410,Dr Okafor,1,the class feels boring and flat.,"[('Engagement', 'negative')]","['the', 'class', 'feels', 'boring', 'and', 'flat', '.']","['B-ENGAGEMENT', 'I-ENGAGEMENT', 'I-ENGAGEMENT', 'I-ENGAGEMENT', 'I-ENGAGEMENT', 'I-ENGAGEMENT', 'O']"
Machine Learning,CSC408,Dr Martins,3,"I've caught factual errors in lectures before, but feedback actually helps me improve next time.","[('Subject Knowledge', 'negative'), ('Assessment', 'positive')]","['i', ""'ve"", 'caught', 'factual', 'errors', 'in', 'lectures', 'before', ',', 'but', 'feedback', 'actually', 'helps', 'me', 'improve', 'next', 'time', '.']","['B-SUBJECT_KNOWLEDGE', 'I-SUBJECT_KNOWLEDGE', 'I-SUBJECT_KNOWLEDGE', 'I-SUBJECT_KNOWLEDGE', 'I-SUBJECT_KNOWLEDGE', 'I-SUBJECT_KNOWLEDGE', 'I-SUBJECT_KNOWLEDGE', 'I-SUBJECT_KNOWLEDGE', 'O', 'O', 'B-ASSESSMENT', 'I-ASSESSMENT', 'I-ASSESSMENT', 'I-ASSESSMENT', 'I-ASSESSMENT', 'I-ASSESSMENT', 'I-ASSESSMENT', 'O']"
Data Science,CSC406,Dr Martins,4,Happy to answer questions after class.,"[('Availability', 'positive')]","['happy', 'to', 'answer', 'questions', 'after', 'class', '.']","['B-AVAILABILITY', 'I-AVAILABILITY', 'I-AVAILABILITY', 'I-AVAILABILITY', 'I-AVAILABILITY', 'I-AVAILABILITY', 'O']"
Machine Learning,CSC410,Dr Martins,4,Explains clearly.,"[('Clarity of Instruction', 'positive')]","['explains', 'clearly', '.']","['B-CLARITY_OF_INSTRUCTION', 'I-CLARITY_OF_INSTRUCTION', 'O']"
Data Science,CSC410,Dr Okafor,2,Hard to follow his explanations.,"[('Clarity of Instruction', 'negative')]","['hard', 'to', 'follow', 'his', 'explanations', '.']","['B-CLARITY_OF_INSTRUCTION', 'I-CLARITY_OF_INSTRUCTION', 'I-CLARITY_OF_INSTRUCTION', 'I-CLARITY_OF_INSTRUCTION', 'I-CLARITY_OF_INSTRUCTION', 'O']"
Introduction to Computing,CSC408,Dr Pomele,5,"Exams match what was actually taught, also i've never had trouble reaching him for help.","[('Assessment', 'positive'), ('Availability', 'positive')]","['exams', 'match', 'what', 'was', 'actually', 'taught', ',', 'also', 'i', ""'ve"", 'never', 'had', 'trouble', 'reaching', 'him', 'for', 'help', '.']","['B-ASSESSMENT', 'I-ASSESSMENT', 'I-ASSESSMENT', 'I-ASSESSMENT', 'I-ASSESSMENT', 'I-ASSESSMENT', 'O', 'O', 'B-AVAILABILITY', 'I-AVAILABILITY', 'I-AVAILABILITY', 'I-AVAILABILITY', 'I-AVAILABILITY', 'I-AVAILABILITY', 'I-AVAILABILITY', 'I-AVAILABILITY', 'I-AVAILABILITY', 'O']"
Data Science,CSC412,Dr Faith,3,"Uses humor to keep the room awake, but i've caught factual errors in lectures before.","[('Engagement', 'positive'), ('Subject Knowledge', 'negative')]","['uses', 'humor', 'to', 'keep', 'the', 'room', 'awake', ',', 'but', 'i', ""'ve"", 'caught', 'factual', 'errors', 'in', 'lectures', 'before', '.']","['B-ENGAGEMENT', 'I-ENGAGEMENT', 'I-ENGAGEMENT', 'I-ENGAGEMENT', 'I-ENGAGEMENT', 'I-ENGAGEMENT', 'I-ENGAGEMENT', 'O', 'O', 'B-SUBJECT_KNOWLEDGE', 'I-SUBJECT_KNOWLEDGE', 'I-SUBJECT_KNOWLEDGE', 'I-SUBJECT_KNOWLEDGE', 'I-SUBJECT_KNOWLEDGE', 'I-SUBJECT_KNOWLEDGE', 'I-SUBJECT_KNOWLEDGE', 'I-SUBJECT_KNOWLEDGE', 'O']"
Introduction to Computing,CSC412,Dr Okafor,5,"Goes beyond the textbook when explaining concepts, however i struggle to follow most explanations, however keeps everyone engaged the whole session.","[('Subject Knowledge', 'positive'), ('Clarity of Instruction', 'negative'), ('Engagement', 'positive')]","['goes', 'beyond', 'the', 'textbook', 'when', 'explaining', 'concepts', ',', 'however', 'i', 'struggle', 'to', 'follow', 'most', 'explanations', ',', 'however', 'keeps', 'everyone', 'engaged', 'the', 'whole', 'session', '.']","['B-SUBJECT_KNOWLEDGE', 'I-SUBJECT_KNOWLEDGE', 'I-SUBJECT_KNOWLEDGE', 'I-SUBJECT_KNOWLEDGE', 'I-SUBJECT_KNOWLEDGE', 'I-SUBJECT_KNOWLEDGE', 'I-SUBJECT_KNOWLEDGE', 'O', 'O', 'B-CLARITY_OF_INSTRUCTION', 'I-CLARITY_OF_INSTRUCTION', 'I-CLARITY_OF_INSTRUCTION', 'I-CLARITY_OF_INSTRUCTION', 'I-CLARITY_OF_INSTRUCTION', 'I-CLARITY_OF_INSTRUCTION', 'O', 'O', 'B-ENGAGEMENT', 'I-ENGAGEMENT', 'I-ENGAGEMENT', 'I-ENGAGEMENT', 'I-ENGAGEMENT', 'I-ENGAGEMENT', 'O']"
Data Science,CSC410,Dr Pomele,3,"Complicates simple topics, but always available during office hours.","[('Clarity of Instruction', 'negative'), ('Availability', 'positive')]","['complicates', 'simple', 'topics', ',', 'but', 'always', 'available', 'during', 'office', 'hours', '.']","['B-CLARITY_OF_INSTRUCTION', 'I-CLARITY_OF_INSTRUCTION', 'I-CLARITY_OF_INSTRUCTION', 'O', 'O', 'B-AVAILABILITY', 'I-AVAILABILITY', 'I-AVAILABILITY', 'I-AVAILABILITY', 'I-AVAILABILITY', 'O']"
Data Science,CSC408,Dr Martins,1,"Explains difficult concepts with real depth, however doesn't explain well, and emails go unanswered for over a week.","[('Subject Knowledge', 'positive'), ('Clarity of Instruction', 'negative'), ('Availability', 'negative')]","['explains', 'difficult', 'concepts', 'with', 'real', 'depth', ',', 'however', 'does', ""n't"", 'explain', 'well', ',', 'and', 'emails', 'go', 'unanswered', 'for', 'over', 'a', 'week', '.']","['B-SUBJECT_KNOWLEDGE', 'I-SUBJECT_KNOWLEDGE', 'I-SUBJECT_KNOWLEDGE', 'I-SUBJECT_KNOWLEDGE', 'I-SUBJECT_KNOWLEDGE', 'I-SUBJECT_KNOWLEDGE', 'O', 'O', 'B-CLARITY_OF_INSTRUCTION', 'I-CLARITY_OF_INSTRUCTION', 'I-CLARITY_OF_INSTRUCTION', 'I-CLARITY_OF_INSTRUCTION', 'O', 'O', 'B-AVAILABILITY', 'I-AVAILABILITY', 'I-AVAILABILITY', 'I-AVAILABILITY', 'I-AVAILABILITY', 'I-AVAILABILITY', 'I-AVAILABILITY', 'O']"
Special Computing,CSC410,Dr Martins,2,"Ignores questions posted on the course forum, and complicates simple topics.","[('Availability', 'negative'), ('Clarity of Instruction', 'negative')]","['ignores', 'questions', 'posted', 'on', 'the', 'course', 'forum', ',', 'and', 'complicates', 'simple', 'topics', '.']","['B-AVAILABILITY', 'I-AVAILABILITY', 'I-AVAILABILITY', 'I-AVAILABILITY', 'I-AVAILABILITY', 'I-AVAILABILITY', 'I-AVAILABILITY', 'O', 'O', 'B-CLARITY_OF_INSTRUCTION', 'I-CLARITY_OF_INSTRUCTION', 'I-CLARITY_OF_INSTRUCTION', 'O']"
Data Science,CSC408,Dr Pomele,5,Gives detailed feedback on assignments.,"[('Assessment', 'positive')]","['gives', 'detailed', 'feedback', 'on', 'assignments', '.']","['B-ASSESSMENT', 'I-ASSESSMENT', 'I-ASSESSMENT', 'I-ASSESSMENT', 'I-ASSESSMENT', 'O']"
Data Science,CSC410,Dr Okafor,4,"I've caught factual errors in lectures before, although keeps everyone engaged the whole session.","[('Subject Knowledge', 'negative'), ('Engagement', 'positive')]","['i', ""'ve"", 'caught', 'factual', 'errors', 'in', 'lectures', 'before', ',', 'although', 'keeps', 'everyone', 'engaged', 'the', 'whole', 'session', '.']","['B-SUBJECT_KNOWLEDGE', 'I-SUBJECT_KNOWLEDGE', 'I-SUBJECT_KNOWLEDGE', 'I-SUBJECT_KNOWLEDGE', 'I-SUBJECT_KNOWLEDGE', 'I-SUBJECT_KNOWLEDGE', 'I-SUBJECT_KNOWLEDGE', 'I-SUBJECT_KNOWLEDGE', 'O', 'O', 'B-ENGAGEMENT', 'I-ENGAGEMENT', 'I-ENGAGEMENT', 'I-ENGAGEMENT', 'I-ENGAGEMENT', 'I-ENGAGEMENT', 'O']"
Data Science,CSC412,Dr Adeyemi,4,I've never had trouble reaching him for help.,"[('Availability', 'positive')]","['i', ""'ve"", 'never', 'had', 'trouble', 'reaching', 'him', 'for', 'help', '.']","['B-AVAILABILITY', 'I-AVAILABILITY', 'I-AVAILABILITY', 'I-AVAILABILITY', 'I-AVAILABILITY', 'I-AVAILABILITY', 'I-AVAILABILITY', 'I-AVAILABILITY', 'I-AVAILABILITY', 'O']"
Cloud Computing,CSC412,Dr Adeyemi,5,I actually look forward to this class.,"[('Engagement', 'positive')]","['i', 'actually', 'look', 'forward', 'to', 'this', 'class', '.']","['B-ENGAGEMENT', 'I-ENGAGEMENT', 'I-ENGAGEMENT', 'I-ENGAGEMENT', 'I-ENGAGEMENT', 'I-ENGAGEMENT', 'I-ENGAGEMENT', 'O']"
Cloud Computing,CSC412,Dr Adeyemi,4,"Cancels office hours without notice, but explains clearly, and grades fairly and consistently.","[('Availability', 'negative'), ('Clarity of Instruction', 'positive'), ('Assessment', 'positive')]","['cancels', 'office', 'hours', 'without', 'notice', ',', 'but', 'explains', 'clearly', ',', 'and', 'grades', 'fairly', 'and', 'consistently', '.']","['B-AVAILABILITY', 'I-AVAILABILITY', 'I-AVAILABILITY', 'I-AVAILABILITY', 'I-AVAILABILITY', 'O', 'O', 'B-CLARITY_OF_INSTRUCTION', 'I-CLARITY_OF_INSTRUCTION', 'O', 'O', 'B-ASSESSMENT', 'I-ASSESSMENT', 'I-ASSESSMENT', 'I-ASSESSMENT', 'O']"
Data Science,CSC410,Dr Adeyemi,2,His grasp of the subject feels shaky.,"[('Subject Knowledge', 'negative')]","['his', 'grasp', 'of', 'the', 'subject', 'feels', 'shaky', '.']","['B-SUBJECT_KNOWLEDGE', 'I-SUBJECT_KNOWLEDGE', 'I-SUBJECT_KNOWLEDGE', 'I-SUBJECT_KNOWLEDGE', 'I-SUBJECT_KNOWLEDGE', 'I-SUBJECT_KNOWLEDGE', 'I-SUBJECT_KNOWLEDGE', 'O']"
Machine Learning,CSC412,Dr Okafor,4,"Explains difficult concepts with real depth, also every explanation is easy to follow.","[('Subject Knowledge', 'positive'), ('Clarity of Instruction', 'positive')]","['explains', 'difficult', 'concepts', 'with', 'real', 'depth', ',', 'also', 'every', 'explanation', 'is', 'easy', 'to', 'follow', '.']","['B-SUBJECT_KNOWLEDGE', 'I-SUBJECT_KNOWLEDGE', 'I-SUBJECT_KNOWLEDGE', 'I-SUBJECT_KNOWLEDGE', 'I-SUBJECT_KNOWLEDGE', 'I-SUBJECT_KNOWLEDGE', 'O', 'O', 'B-CLARITY_OF_INSTRUCTION', 'I-CLARITY_OF_INSTRUCTION', 'I-CLARITY_OF_INSTRUCTION', 'I-CLARITY_OF_INSTRUCTION', 'I-CLARITY_OF_INSTRUCTION', 'I-CLARITY_OF_INSTRUCTION', 'O']"
Special Computing,CSC412,Dr Pomele,1,"I always leave the class understanding the topic, although feels like a one-way monologue every time, and grading seems arbitrary from one submission to the next.","[('Clarity of Instruction', 'positive'), ('Engagement', 'negative'), ('Assessment', 'negative')]","['i', 'always', 'leave', 'the', 'class', 'understanding', 'the', 'topic', ',', 'although', 'feels', 'like', 'a', 'one-way', 'monologue', 'every', 'time', ',', 'and', 'grading', 'seems', 'arbitrary', 'from', 'one', 'submission', 'to', 'the', 'next', '.']","['B-CLARITY_OF_INSTRUCTION', 'I-CLARITY_OF_INSTRUCTION', 'I-CLARITY_OF_INSTRUCTION', 'I-CLARITY_OF_INSTRUCTION', 'I-CLARITY_OF_INSTRUCTION', 'I-CLARITY_OF_INSTRUCTION', 'I-CLARITY_OF_INSTRUCTION', 'I-CLARITY_OF_INSTRUCTION', 'O', 'O', 'B-ENGAGEMENT', 'I-ENGAGEMENT', 'I-ENGAGEMENT', 'I-ENGAGEMENT', 'I-ENGAGEMENT', 'I-ENGAGEMENT', 'I-ENGAGEMENT', 'O', 'O', 'B-ASSESSMENT', 'I-ASSESSMENT', 'I-ASSESSMENT', 'I-ASSESSMENT', 'I-ASSESSMENT', 'I-ASSESSMENT', 'I-ASSESSMENT', 'I-ASSESSMENT', 'I-ASSESSMENT', 'O']"
Introduction to Computing,CSC410,Dr Adeyemi,5,Grading feels transparent and well-justified.,"[('Assessment', 'positive')]","['grading', 'feels', 'transparent', 'and', 'well-justified', '.']","['B-ASSESSMENT', 'I-ASSESSMENT', 'I-ASSESSMENT', 'I-ASSESSMENT', 'I-ASSESSMENT', 'O']"
Special Computing,CSC412,Dr Okafor,4,"I've never had trouble reaching him for help, also explains difficult concepts with real depth, however makes topics difficult to understand.","[('Availability', 'positive'), ('Subject Knowledge', 'positive'), ('Clarity of Instruction', 'negative')]","['i', ""'ve"", 'never', 'had', 'trouble', 'reaching', 'him', 'for', 'help', ',', 'also', 'explains', 'difficult', 'concepts', 'with', 'real', 'depth', ',', 'however', 'makes', 'topics', 'difficult', 'to', 'understand', '.']","['B-AVAILABILITY', 'I-AVAILABILITY', 'I-AVAILABILITY', 'I-AVAILABILITY', 'I-AVAILABILITY', 'I-AVAILABILITY', 'I-AVAILABILITY', 'I-AVAILABILITY', 'I-AVAILABILITY', 'O', 'O', 'B-SUBJECT_KNOWLEDGE', 'I-SUBJECT_KNOWLEDGE', 'I-SUBJECT_KNOWLEDGE', 'I-SUBJECT_KNOWLEDGE', 'I-SUBJECT_KNOWLEDGE', 'I-SUBJECT_KNOWLEDGE', 'O', 'O', 'B-CLARITY_OF_INSTRUCTION', 'I-CLARITY_OF_INSTRUCTION', 'I-CLARITY_OF_INSTRUCTION', 'I-CLARITY_OF_INSTRUCTION', 'I-CLARITY_OF_INSTRUCTION', 'O']"
Machine Learning,CSC101,Dr Faith,3,"Rubrics are clear before submitting work, however hard to follow his explanations.","[('Assessment', 'positive'), ('Clarity of Instruction', 'negative')]","['rubrics', 'are', 'clear', 'before', 'submitting', 'work', ',', 'however', 'hard', 'to', 'follow', 'his', 'explanations', '.']","['B-ASSESSMENT', 'I-ASSESSMENT', 'I-ASSESSMENT', 'I-ASSESSMENT', 'I-ASSESSMENT', 'I-ASSESSMENT', 'O', 'O', 'B-CLARITY_OF_INSTRUCTION', 'I-CLARITY_OF_INSTRUCTION', 'I-CLARITY_OF_INSTRUCTION', 'I-CLARITY_OF_INSTRUCTION', 'I-CLARITY_OF_INSTRUCTION', 'O']"
Machine Learning,CSC406,Dr Martins,5,Feedback actually helps me improve next time.,"[('Assessment', 'positive')]","['feedback', 'actually', 'helps', 'me', 'improve', 'next', 'time', '.']","['B-ASSESSMENT', 'I-ASSESSMENT', 'I-ASSESSMENT', 'I-ASSESSMENT', 'I-ASSESSMENT', 'I-ASSESSMENT', 'I-ASSESSMENT', 'O']"
Machine Learning,CSC101,Dr Faith,2,I find it hard to stay awake in this class.,"[('Engagement', 'negative')]","['i', 'find', 'it', 'hard', 'to', 'stay', 'awake', 'in', 'this', 'class', '.']","['B-ENGAGEMENT', 'I-ENGAGEMENT', 'I-ENGAGEMENT', 'I-ENGAGEMENT', 'I-ENGAGEMENT', 'I-ENGAGEMENT', 'I-ENGAGEMENT', 'I-ENGAGEMENT', 'I-ENGAGEMENT', 'I-ENGAGEMENT', 'O']"
Cloud Computing,CSC408,Dr Faith,5,Encourages students to participate often.,"[('Engagement', 'positive')]","['encourages', 'students', 'to', 'participate', 'often', '.']","['B-ENGAGEMENT', 'I-ENGAGEMENT', 'I-ENGAGEMENT', 'I-ENGAGEMENT', 'I-ENGAGEMENT', 'O']"
Machine Learning,CSC410,Dr Okafor,4,Exams match what was actually taught.,"[('Assessment', 'positive')]","['exams', 'match', 'what', 'was', 'actually', 'taught', '.']","['B-ASSESSMENT', 'I-ASSESSMENT', 'I-ASSESSMENT', 'I-ASSESSMENT', 'I-ASSESSMENT', 'I-ASSESSMENT', 'O']"
Special Computing,CSC408,Dr Pomele,5,"I trust his understanding of even advanced topics, also turns dry topics into lively discussions.","[('Subject Knowledge', 'positive'), ('Engagement', 'positive')]","['i', 'trust', 'his', 'understanding', 'of', 'even', 'advanced', 'topics', ',', 'also', 'turns', 'dry', 'topics', 'into', 'lively', 'discussions', '.']","['B-SUBJECT_KNOWLEDGE', 'I-SUBJECT_KNOWLEDGE', 'I-SUBJECT_KNOWLEDGE', 'I-SUBJECT_KNOWLEDGE', 'I-SUBJECT_KNOWLEDGE', 'I-SUBJECT_KNOWLEDGE', 'I-SUBJECT_KNOWLEDGE', 'I-SUBJECT_KNOWLEDGE', 'O', 'O', 'B-ENGAGEMENT', 'I-ENGAGEMENT', 'I-ENGAGEMENT', 'I-ENGAGEMENT', 'I-ENGAGEMENT', 'I-ENGAGEMENT', 'O']"
Cloud Computing,CSC412,Dr Adeyemi,4,"Every explanation is easy to follow, also returns graded work quickly, however just reads off slides with no energy.","[('Clarity of Instruction', 'positive'), ('Assessment', 'positive'), ('Engagement', 'negative')]","['every', 'explanation', 'is', 'easy', 'to', 'follow', ',', 'also', 'returns', 'graded', 'work', 'quickly', ',', 'however', 'just', 'reads', 'off', 'slides', 'with', 'no', 'energy', '.']","['B-CLARITY_OF_INSTRUCTION', 'I-CLARITY_OF_INSTRUCTION', 'I-CLARITY_OF_INSTRUCTION', 'I-CLARITY_OF_INSTRUCTION', 'I-CLARITY_OF_INSTRUCTION', 'I-CLARITY_OF_INSTRUCTION', 'O', 'O', 'B-ASSESSMENT', 'I-ASSESSMENT', 'I-ASSESSMENT', 'I-ASSESSMENT', 'O', 'O', 'B-ENGAGEMENT', 'I-ENGAGEMENT', 'I-ENGAGEMENT', 'I-ENGAGEMENT', 'I-ENGAGEMENT', 'I-ENGAGEMENT', 'I-ENGAGEMENT', 'O']"
Special Computing,CSC412,Dr Okafor,1,"the class feels boring and flat, and help with grading disputes is hard to get, however simplifies difficult concepts well.","[('Engagement', 'negative'), ('Assessment', 'negative'), ('Clarity of Instruction', 'positive')]","['the', 'class', 'feels', 'boring', 'and', 'flat', ',', 'and', 'help', 'with', 'grading', 'disputes', 'is', 'hard', 'to', 'get', ',', 'however', 'simplifies', 'difficult', 'concepts', 'well', '.']","['B-ENGAGEMENT', 'I-ENGAGEMENT', 'I-ENGAGEMENT', 'I-ENGAGEMENT', 'I-ENGAGEMENT', 'I-ENGAGEMENT', 'O', 'O', 'B-ASSESSMENT', 'I-ASSESSMENT', 'I-ASSESSMENT', 'I-ASSESSMENT', 'I-ASSESSMENT', 'I-ASSESSMENT', 'I-ASSESSMENT', 'I-ASSESSMENT', 'O', 'O', 'B-CLARITY_OF_INSTRUCTION', 'I-CLARITY_OF_INSTRUCTION', 'I-CLARITY_OF_INSTRUCTION', 'I-CLARITY_OF_INSTRUCTION', 'O']"
Cloud Computing,CSC406,Dr Faith,1,The lecture drags on with no variation.,"[('Engagement', 'negative')]","['the', 'lecture', 'drags', 'on', 'with', 'no', 'variation', '.']","['B-ENGAGEMENT', 'I-ENGAGEMENT', 'I-ENGAGEMENT', 'I-ENGAGEMENT', 'I-ENGAGEMENT', 'I-ENGAGEMENT', 'I-ENGAGEMENT', 'O']"
Machine Learning,CSC406,Dr Faith,2,"Comments on assignments are unhelpful or missing, also i find it hard to stay awake in this class, and seems to be reading straight from slides.","[('Assessment', 'negative'), ('Engagement', 'negative'), ('Subject Knowledge', 'negative')]","['comments', 'on', 'assignments', 'are', 'unhelpful', 'or', 'missing', ',', 'also', 'i', 'find', 'it', 'hard', 'to', 'stay', 'awake', 'in', 'this', 'class', ',', 'and', 'seems', 'to', 'be', 'reading', 'straight', 'from', 'slides', '.']","['B-ASSESSMENT', 'I-ASSESSMENT', 'I-ASSESSMENT', 'I-ASSESSMENT', 'I-ASSESSMENT', 'I-ASSESSMENT', 'I-ASSESSMENT', 'O', 'O', 'B-ENGAGEMENT', 'I-ENGAGEMENT', 'I-ENGAGEMENT', 'I-ENGAGEMENT', 'I-ENGAGEMENT', 'I-ENGAGEMENT', 'I-ENGAGEMENT', 'I-ENGAGEMENT', 'I-ENGAGEMENT', 'I-ENGAGEMENT', 'O', 'O', 'B-SUBJECT_KNOWLEDGE', 'I-SUBJECT_KNOWLEDGE', 'I-SUBJECT_KNOWLEDGE', 'I-SUBJECT_KNOWLEDGE', 'I-SUBJECT_KNOWLEDGE', 'I-SUBJECT_KNOWLEDGE', 'I-SUBJECT_KNOWLEDGE', 'O']"
Cloud Computing,CSC406,Dr Okafor,4,"Very approachable outside of lecture time, and i always understand why i lost points.","[('Availability', 'positive'), ('Assessment', 'positive')]","['very', 'approachable', 'outside', 'of', 'lecture', 'time', ',', 'and', 'i', 'always', 'understand', 'why', 'i', 'lost', 'points', '.']","['B-AVAILABILITY', 'I-AVAILABILITY', 'I-AVAILABILITY', 'I-AVAILABILITY', 'I-AVAILABILITY', 'I-AVAILABILITY', 'O', 'O', 'B-ASSESSMENT', 'I-ASSESSMENT', 'I-ASSESSMENT', 'I-ASSESSMENT', 'I-ASSESSMENT', 'I-ASSESSMENT', 'I-ASSESSMENT', 'O']"
Cloud Computing,CSC408,Dr Faith,5,"Hard to follow his explanations, although turns dry topics into lively discussions, and feedback actually helps me improve next time.","[('Clarity of Instruction', 'negative'), ('Engagement', 'positive'), ('Assessment', 'positive')]","['hard', 'to', 'follow', 'his', 'explanations', ',', 'although', 'turns', 'dry', 'topics', 'into', 'lively', 'discussions', ',', 'and', 'feedback', 'actually', 'helps', 'me', 'improve', 'next', 'time', '.']","['B-CLARITY_OF_INSTRUCTION', 'I-CLARITY_OF_INSTRUCTION', 'I-CLARITY_OF_INSTRUCTION', 'I-CLARITY_OF_INSTRUCTION', 'I-CLARITY_OF_INSTRUCTION', 'O', 'O', 'B-ENGAGEMENT', 'I-ENGAGEMENT', 'I-ENGAGEMENT', 'I-ENGAGEMENT', 'I-ENGAGEMENT', 'I-ENGAGEMENT', 'O', 'O', 'B-ASSESSMENT', 'I-ASSESSMENT', 'I-ASSESSMENT', 'I-ASSESSMENT', 'I-ASSESSMENT', 'I-ASSESSMENT', 'I-ASSESSMENT', 'O']"
Introduction to Computing,CSC410,Dr Martins,3,"Keeps everyone engaged the whole session, also grades fairly and consistently.","[('Engagement', 'positive'), ('Assessment', 'positive')]","['keeps', 'everyone', 'engaged', 'the', 'whole', 'session', ',', 'also', 'grades', 'fairly', 'and', 'consistently', '.']","['B-ENGAGEMENT', 'I-ENGAGEMENT', 'I-ENGAGEMENT', 'I-ENGAGEMENT', 'I-ENGAGEMENT', 'I-ENGAGEMENT', 'O', 'O', 'B-ASSESSMENT', 'I-ASSESSMENT', 'I-ASSESSMENT', 'I-ASSESSMENT', 'O']"
Cloud Computing,CSC408,Dr Pomele,4,I always understand why I lost points.,"[('Assessment', 'positive')]","['i', 'always', 'understand', 'why', 'i', 'lost', 'points', '.']","['B-ASSESSMENT', 'I-ASSESSMENT', 'I-ASSESSMENT', 'I-ASSESSMENT', 'I-ASSESSMENT', 'I-ASSESSMENT', 'I-ASSESSMENT', 'O']"
Cloud Computing,CSC406,Dr Adeyemi,4,I trust his understanding of even advanced topics.,"[('Subject Knowledge', 'positive')]","['i', 'trust', 'his', 'understanding', 'of', 'even', 'advanced', 'topics', '.']","['B-SUBJECT_KNOWLEDGE', 'I-SUBJECT_KNOWLEDGE', 'I-SUBJECT_KNOWLEDGE', 'I-SUBJECT_KNOWLEDGE', 'I-SUBJECT_KNOWLEDGE', 'I-SUBJECT_KNOWLEDGE', 'I-SUBJECT_KNOWLEDGE', 'I-SUBJECT_KNOWLEDGE', 'O']"
Introduction to Computing,CSC406,Dr Adeyemi,1,"Rushes through explanations, and takes weeks to return graded assignments, although makes the class genuinely interesting.","[('Clarity of Instruction', 'negative'), ('Assessment', 'negative'), ('Engagement', 'positive')]","['rushes', 'through', 'explanations', ',', 'and', 'takes', 'weeks', 'to', 'return', 'graded', 'assignments', ',', 'although', 'makes', 'the', 'class', 'genuinely', 'interesting', '.']","['B-CLARITY_OF_INSTRUCTION', 'I-CLARITY_OF_INSTRUCTION', 'I-CLARITY_OF_INSTRUCTION', 'O', 'O', 'B-ASSESSMENT', 'I-ASSESSMENT', 'I-ASSESSMENT', 'I-ASSESSMENT', 'I-ASSESSMENT', 'I-ASSESSMENT', 'O', 'O', 'B-ENGAGEMENT', 'I-ENGAGEMENT', 'I-ENGAGEMENT', 'I-ENGAGEMENT', 'I-ENGAGEMENT', 'O']"
Cloud Computing,CSC406,Dr Adeyemi,5,The way he breaks down ideas makes sense.,"[('Clarity of Instruction', 'positive')]","['the', 'way', 'he', 'breaks', 'down', 'ideas', 'makes', 'sense', '.']","['B-CLARITY_OF_INSTRUCTION', 'I-CLARITY_OF_INSTRUCTION', 'I-CLARITY_OF_INSTRUCTION', 'I-CLARITY_OF_INSTRUCTION', 'I-CLARITY_OF_INSTRUCTION', 'I-CLARITY_OF_INSTRUCTION', 'I-CLARITY_OF_INSTRUCTION', 'I-CLARITY_OF_INSTRUCTION', 'O']"
Introduction to Computing,CSC101,Dr Martins,2,Rarely interacts with students during lectures.,"[('Engagement', 'negative')]","['rarely', 'interacts', 'with', 'students', 'during', 'lectures', '.']","['B-ENGAGEMENT', 'I-ENGAGEMENT', 'I-ENGAGEMENT', 'I-ENGAGEMENT', 'I-ENGAGEMENT', 'I-ENGAGEMENT', 'O']"
Data Science,CSC412,Dr Faith,5,"Grading feels transparent and well-justified, and breaks complex structures into understandable ones.","[('Assessment', 'positive'), ('Clarity of Instruction', 'positive')]","['grading', 'feels', 'transparent', 'and', 'well-justified', ',', 'and', 'breaks', 'complex', 'structures', 'into', 'understandable', 'ones', '.']","['B-ASSESSMENT', 'I-ASSESSMENT', 'I-ASSESSMENT', 'I-ASSESSMENT', 'I-ASSESSMENT', 'O', 'O', 'B-CLARITY_OF_INSTRUCTION', 'I-CLARITY_OF_INSTRUCTION', 'I-CLARITY_OF_INSTRUCTION', 'I-CLARITY_OF_INSTRUCTION', 'I-CLARITY_OF_INSTRUCTION', 'I-CLARITY_OF_INSTRUCTION', 'O']"
Special Computing,CSC406,Dr Okafor,1,"Grading seems arbitrary from one submission to the next, and avoids questions that go beyond the syllabus.","[('Assessment', 'negative'), ('Subject Knowledge', 'negative')]","['grading', 'seems', 'arbitrary', 'from', 'one', 'submission', 'to', 'the', 'next', ',', 'and', 'avoids', 'questions', 'that', 'go', 'beyond', 'the', 'syllabus', '.']","['B-ASSESSMENT', 'I-ASSESSMENT', 'I-ASSESSMENT', 'I-ASSESSMENT', 'I-ASSESSMENT', 'I-ASSESSMENT', 'I-ASSESSMENT', 'I-ASSESSMENT', 'I-ASSESSMENT', 'O', 'O', 'B-SUBJECT_KNOWLEDGE', 'I-SUBJECT_KNOWLEDGE', 'I-SUBJECT_KNOWLEDGE', 'I-SUBJECT_KNOWLEDGE', 'I-SUBJECT_KNOWLEDGE', 'I-SUBJECT_KNOWLEDGE', 'I-SUBJECT_KNOWLEDGE', 'O']"
Machine Learning,CSC412,Dr Adeyemi,2,"Hard to follow his explanations, although makes the class genuinely interesting, although cancels office hours without notice.","[('Clarity of Instruction', 'negative'), ('Engagement', 'positive'), ('Availability', 'negative')]","['hard', 'to', 'follow', 'his', 'explanations', ',', 'although', 'makes', 'the', 'class', 'genuinely', 'interesting', ',', 'although', 'cancels', 'office', 'hours', 'without', 'notice', '.']","['B-CLARITY_OF_INSTRUCTION', 'I-CLARITY_OF_INSTRUCTION', 'I-CLARITY_OF_INSTRUCTION', 'I-CLARITY_OF_INSTRUCTION', 'I-CLARITY_OF_INSTRUCTION', 'O', 'O', 'B-ENGAGEMENT', 'I-ENGAGEMENT', 'I-ENGAGEMENT', 'I-ENGAGEMENT', 'I-ENGAGEMENT', 'O', 'O', 'B-AVAILABILITY', 'I-AVAILABILITY', 'I-AVAILABILITY', 'I-AVAILABILITY', 'I-AVAILABILITY', 'O']"
Data Science,CSC410,Dr Faith,5,Turns dry topics into lively discussions.,"[('Engagement', 'positive')]","['turns', 'dry', 'topics', 'into', 'lively', 'discussions', '.']","['B-ENGAGEMENT', 'I-ENGAGEMENT', 'I-ENGAGEMENT', 'I-ENGAGEMENT', 'I-ENGAGEMENT', 'I-ENGAGEMENT', 'O']"
Data Science,CSC101,Dr Pomele,1,Seems annoyed when students ask for extra help.,"[('Availability', 'negative')]","['seems', 'annoyed', 'when', 'students', 'ask', 'for', 'extra', 'help', '.']","['B-AVAILABILITY', 'I-AVAILABILITY', 'I-AVAILABILITY', 'I-AVAILABILITY', 'I-AVAILABILITY', 'I-AVAILABILITY', 'I-AVAILABILITY', 'I-AVAILABILITY', 'O']"
Machine Learning,CSC412,Dr Okafor,4,"Simplifies difficult concepts well, also returns graded work quickly, although cancels office hours without notice.","[('Clarity of Instruction', 'positive'), ('Assessment', 'positive'), ('Availability', 'negative')]","['simplifies', 'difficult', 'concepts', 'well', ',', 'also', 'returns', 'graded', 'work', 'quickly', ',', 'although', 'cancels', 'office', 'hours', 'without', 'notice', '.']","['B-CLARITY_OF_INSTRUCTION', 'I-CLARITY_OF_INSTRUCTION', 'I-CLARITY_OF_INSTRUCTION', 'I-CLARITY_OF_INSTRUCTION', 'O', 'O', 'B-ASSESSMENT', 'I-ASSESSMENT', 'I-ASSESSMENT', 'I-ASSESSMENT', 'O', 'O', 'B-AVAILABILITY', 'I-AVAILABILITY', 'I-AVAILABILITY', 'I-AVAILABILITY', 'I-AVAILABILITY', 'O']"
Machine Learning,CSC412,Dr Pomele,1,"Gives vague answers when pushed for detail, and no rubric is given before assignments are due, but simplifies difficult concepts well.","[('Subject Knowledge', 'negative'), ('Assessment', 'negative'), ('Clarity of Instruction', 'positive')]","['gives', 'vague', 'answers', 'when', 'pushed', 'for', 'detail', ',', 'and', 'no', 'rubric', 'is', 'given', 'before', 'assignments', 'are', 'due', ',', 'but', 'simplifies', 'difficult', 'concepts', 'well', '.']","['B-SUBJECT_KNOWLEDGE', 'I-SUBJECT_KNOWLEDGE', 'I-SUBJECT_KNOWLEDGE', 'I-SUBJECT_KNOWLEDGE', 'I-SUBJECT_KNOWLEDGE', 'I-SUBJECT_KNOWLEDGE', 'I-SUBJECT_KNOWLEDGE', 'O', 'O', 'B-ASSESSMENT', 'I-ASSESSMENT', 'I-ASSESSMENT', 'I-ASSESSMENT', 'I-ASSESSMENT', 'I-ASSESSMENT', 'I-ASSESSMENT', 'I-ASSESSMENT', 'O', 'O', 'B-CLARITY_OF_INSTRUCTION', 'I-CLARITY_OF_INSTRUCTION', 'I-CLARITY_OF_INSTRUCTION', 'I-CLARITY_OF_INSTRUCTION', 'O']"
Machine Learning,CSC412,Dr Martins,5,Always available during office hours.,"[('Availability', 'positive')]","['always', 'available', 'during', 'office', 'hours', '.']","['B-AVAILABILITY', 'I-AVAILABILITY', 'I-AVAILABILITY', 'I-AVAILABILITY', 'I-AVAILABILITY', 'O']"
Special Computing,CSC101,Dr Faith,3,I trust his understanding of even advanced topics.,"[('Subject Knowledge', 'positive')]","['i', 'trust', 'his', 'understanding', 'of', 'even', 'advanced', 'topics', '.']","['B-SUBJECT_KNOWLEDGE', 'I-SUBJECT_KNOWLEDGE', 'I-SUBJECT_KNOWLEDGE', 'I-SUBJECT_KNOWLEDGE', 'I-SUBJECT_KNOWLEDGE', 'I-SUBJECT_KNOWLEDGE', 'I-SUBJECT_KNOWLEDGE', 'I-SUBJECT_KNOWLEDGE', 'O']"
Machine Learning,CSC410,Dr Pomele,1,doesn't explain well.,"[('Clarity of Instruction', 'negative')]","['does', ""n't"", 'explain', 'well', '.']","['B-CLARITY_OF_INSTRUCTION', 'I-CLARITY_OF_INSTRUCTION', 'I-CLARITY_OF_INSTRUCTION', 'I-CLARITY_OF_INSTRUCTION', 'O']"
Data Science,CSC101,Dr Okafor,1,doesn't seem to know the material well.,"[('Subject Knowledge', 'negative')]","['does', ""n't"", 'seem', 'to', 'know', 'the', 'material', 'well', '.']","['B-SUBJECT_KNOWLEDGE', 'I-SUBJECT_KNOWLEDGE', 'I-SUBJECT_KNOWLEDGE', 'I-SUBJECT_KNOWLEDGE', 'I-SUBJECT_KNOWLEDGE', 'I-SUBJECT_KNOWLEDGE', 'I-SUBJECT_KNOWLEDGE', 'I-SUBJECT_KNOWLEDGE', 'O']"
Introduction to Computing,CSC406,Dr Faith,3,"Responds to emails quickly, although avoids questions that go beyond the syllabus.","[('Availability', 'positive'), ('Subject Knowledge', 'negative')]","['responds', 'to', 'emails', 'quickly', ',', 'although', 'avoids', 'questions', 'that', 'go', 'beyond', 'the', 'syllabus', '.']","['B-AVAILABILITY', 'I-AVAILABILITY', 'I-AVAILABILITY', 'I-AVAILABILITY', 'O', 'O', 'B-SUBJECT_KNOWLEDGE', 'I-SUBJECT_KNOWLEDGE', 'I-SUBJECT_KNOWLEDGE', 'I-SUBJECT_KNOWLEDGE', 'I-SUBJECT_KNOWLEDGE', 'I-SUBJECT_KNOWLEDGE', 'I-SUBJECT_KNOWLEDGE', 'O']"
Data Science,CSC412,Dr Adeyemi,3,"I've caught factual errors in lectures before, but uses humor to keep the room awake.","[('Subject Knowledge', 'negative'), ('Engagement', 'positive')]","['i', ""'ve"", 'caught', 'factual', 'errors', 'in', 'lectures', 'before', ',', 'but', 'uses', 'humor', 'to', 'keep', 'the', 'room', 'awake', '.']","['B-SUBJECT_KNOWLEDGE', 'I-SUBJECT_KNOWLEDGE', 'I-SUBJECT_KNOWLEDGE', 'I-SUBJECT_KNOWLEDGE', 'I-SUBJECT_KNOWLEDGE', 'I-SUBJECT_KNOWLEDGE', 'I-SUBJECT_KNOWLEDGE', 'I-SUBJECT_KNOWLEDGE', 'O', 'O', 'B-ENGAGEMENT', 'I-ENGAGEMENT', 'I-ENGAGEMENT', 'I-ENGAGEMENT', 'I-ENGAGEMENT', 'I-ENGAGEMENT', 'I-ENGAGEMENT', 'O']"
Data Science,CSC406,Dr Pomele,5,Responds to emails quickly.,"[('Availability', 'positive')]","['responds', 'to', 'emails', 'quickly', '.']","['B-AVAILABILITY', 'I-AVAILABILITY', 'I-AVAILABILITY', 'I-AVAILABILITY', 'O']"
Special Computing,CSC101,Dr Adeyemi,5,"Happy to answer questions after class, but avoids questions that go beyond the syllabus, although involves the class with questions and debates.","[('Availability', 'positive'), ('Subject Knowledge', 'negative'), ('Engagement', 'positive')]","['happy', 'to', 'answer', 'questions', 'after', 'class', ',', 'but', 'avoids', 'questions', 'that', 'go', 'beyond', 'the', 'syllabus', ',', 'although', 'involves', 'the', 'class', 'with', 'questions', 'and', 'debates', '.']","['B-AVAILABILITY', 'I-AVAILABILITY', 'I-AVAILABILITY', 'I-AVAILABILITY', 'I-AVAILABILITY', 'I-AVAILABILITY', 'O', 'O', 'B-SUBJECT_KNOWLEDGE', 'I-SUBJECT_KNOWLEDGE', 'I-SUBJECT_KNOWLEDGE', 'I-SUBJECT_KNOWLEDGE', 'I-SUBJECT_KNOWLEDGE', 'I-SUBJECT_KNOWLEDGE', 'I-SUBJECT_KNOWLEDGE', 'O', 'O', 'B-ENGAGEMENT', 'I-ENGAGEMENT', 'I-ENGAGEMENT', 'I-ENGAGEMENT', 'I-ENGAGEMENT', 'I-ENGAGEMENT', 'I-ENGAGEMENT', 'O']"
Cloud Computing,CSC412,Dr Pomele,1,"Grades fairly and consistently, but avoids questions that go beyond the syllabus, and uses confusing terms without breaking them down.","[('Assessment', 'positive'), ('Subject Knowledge', 'negative'), ('Clarity of Instruction', 'negative')]","['grades', 'fairly', 'and', 'consistently', ',', 'but', 'avoids', 'questions', 'that', 'go', 'beyond', 'the', 'syllabus', ',', 'and', 'uses', 'confusing', 'terms', 'without', 'breaking', 'them', 'down', '.']","['B-ASSESSMENT', 'I-ASSESSMENT', 'I-ASSESSMENT', 'I-ASSESSMENT', 'O', 'O', 'B-SUBJECT_KNOWLEDGE', 'I-SUBJECT_KNOWLEDGE', 'I-SUBJECT_KNOWLEDGE', 'I-SUBJECT_KNOWLEDGE', 'I-SUBJECT_KNOWLEDGE', 'I-SUBJECT_KNOWLEDGE', 'I-SUBJECT_KNOWLEDGE', 'O', 'O', 'B-CLARITY_OF_INSTRUCTION', 'I-CLARITY_OF_INSTRUCTION', 'I-CLARITY_OF_INSTRUCTION', 'I-CLARITY_OF_INSTRUCTION', 'I-CLARITY_OF_INSTRUCTION', 'I-CLARITY_OF_INSTRUCTION', 'I-CLARITY_OF_INSTRUCTION', 'O']"
Special Computing,CSC408,Dr Martins,4,"Explains clearly, also encourages students to participate often.","[('Clarity of Instruction', 'positive'), ('Engagement', 'positive')]","['explains', 'clearly', ',', 'also', 'encourages', 'students', 'to', 'participate', 'often', '.']","['B-CLARITY_OF_INSTRUCTION', 'I-CLARITY_OF_INSTRUCTION', 'O', 'O', 'B-ENGAGEMENT', 'I-ENGAGEMENT', 'I-ENGAGEMENT', 'I-ENGAGEMENT', 'I-ENGAGEMENT', 'O']"
Introduction to Computing,CSC410,Dr Adeyemi,2,"No rubric is given before assignments are due, also struggles to answer basic questions, and i find it hard to stay awake in this class.","[('Assessment', 'negative'), ('Subject Knowledge', 'negative'), ('Engagement', 'negative')]","['no', 'rubric', 'is', 'given', 'before', 'assignments', 'are', 'due', ',', 'also', 'struggles', 'to', 'answer', 'basic', 'questions', ',', 'and', 'i', 'find', 'it', 'hard', 'to', 'stay', 'awake', 'in', 'this', 'class', '.']","['B-ASSESSMENT', 'I-ASSESSMENT', 'I-ASSESSMENT', 'I-ASSESSMENT', 'I-ASSESSMENT', 'I-ASSESSMENT', 'I-ASSESSMENT', 'I-ASSESSMENT', 'O', 'O', 'B-SUBJECT_KNOWLEDGE', 'I-SUBJECT_KNOWLEDGE', 'I-SUBJECT_KNOWLEDGE', 'I-SUBJECT_KNOWLEDGE', 'I-SUBJECT_KNOWLEDGE', 'O', 'O', 'B-ENGAGEMENT', 'I-ENGAGEMENT', 'I-ENGAGEMENT', 'I-ENGAGEMENT', 'I-ENGAGEMENT', 'I-ENGAGEMENT', 'I-ENGAGEMENT', 'I-ENGAGEMENT', 'I-ENGAGEMENT', 'I-ENGAGEMENT', 'O']"
Special Computing,CSC408,Dr Faith,1,"Uses confusing terms without breaking them down, however keeps everyone engaged the whole session, however cancels office hours without notice.","[('Clarity of Instruction', 'negative'), ('Engagement', 'positive'), ('Availability', 'negative')]","['uses', 'confusing', 'terms', 'without', 'breaking', 'them', 'down', ',', 'however', 'keeps', 'everyone', 'engaged', 'the', 'whole', 'session', ',', 'however', 'cancels', 'office', 'hours', 'without', 'notice', '.']","['B-CLARITY_OF_INSTRUCTION', 'I-CLARITY_OF_INSTRUCTION', 'I-CLARITY_OF_INSTRUCTION', 'I-CLARITY_OF_INSTRUCTION', 'I-CLARITY_OF_INSTRUCTION', 'I-CLARITY_OF_INSTRUCTION', 'I-CLARITY_OF_INSTRUCTION', 'O', 'O', 'B-ENGAGEMENT', 'I-ENGAGEMENT', 'I-ENGAGEMENT', 'I-ENGAGEMENT', 'I-ENGAGEMENT', 'I-ENGAGEMENT', 'O', 'O', 'B-AVAILABILITY', 'I-AVAILABILITY', 'I-AVAILABILITY', 'I-AVAILABILITY', 'I-AVAILABILITY', 'O']"
Data Science,CSC410,Dr Okafor,2,"Can't connect concepts to real applications, but makes the class genuinely interesting, but is nearly impossible to reach outside class.","[('Subject Knowledge', 'negative'), ('Engagement', 'positive'), ('Availability', 'negative')]","['ca', ""n't"", 'connect', 'concepts', 'to', 'real', 'applications', ',', 'but', 'makes', 'the', 'class', 'genuinely', 'interesting', ',', 'but', 'is', 'nearly', 'impossible', 'to', 'reach', 'outside', 'class', '.']","['B-SUBJECT_KNOWLEDGE', 'I-SUBJECT_KNOWLEDGE', 'I-SUBJECT_KNOWLEDGE', 'I-SUBJECT_KNOWLEDGE', 'I-SUBJECT_KNOWLEDGE', 'I-SUBJECT_KNOWLEDGE', 'I-SUBJECT_KNOWLEDGE', 'O', 'O', 'B-ENGAGEMENT', 'I-ENGAGEMENT', 'I-ENGAGEMENT', 'I-ENGAGEMENT', 'I-ENGAGEMENT', 'O', 'O', 'B-AVAILABILITY', 'I-AVAILABILITY', 'I-AVAILABILITY', 'I-AVAILABILITY', 'I-AVAILABILITY', 'I-AVAILABILITY', 'I-AVAILABILITY', 'O']"
Introduction to Computing,CSC101,Dr Faith,5,"Exams match what was actually taught, although makes topics difficult to understand, however makes time for students who are struggling.","[('Assessment', 'positive'), ('Clarity of Instruction', 'negative'), ('Availability', 'positive')]","['exams', 'match', 'what', 'was', 'actually', 'taught', ',', 'although', 'makes', 'topics', 'difficult', 'to', 'understand', ',', 'however', 'makes', 'time', 'for', 'students', 'who', 'are', 'struggling', '.']","['B-ASSESSMENT', 'I-ASSESSMENT', 'I-ASSESSMENT', 'I-ASSESSMENT', 'I-ASSESSMENT', 'I-ASSESSMENT', 'O', 'O', 'B-CLARITY_OF_INSTRUCTION', 'I-CLARITY_OF_INSTRUCTION', 'I-CLARITY_OF_INSTRUCTION', 'I-CLARITY_OF_INSTRUCTION', 'I-CLARITY_OF_INSTRUCTION', 'O', 'O', 'B-AVAILABILITY', 'I-AVAILABILITY', 'I-AVAILABILITY', 'I-AVAILABILITY', 'I-AVAILABILITY', 'I-AVAILABILITY', 'I-AVAILABILITY', 'O']"
Machine Learning,CSC101,Dr Adeyemi,1,Seems annoyed when students ask for extra help.,"[('Availability', 'negative')]","['seems', 'annoyed', 'when', 'students', 'ask', 'for', 'extra', 'help', '.']","['B-AVAILABILITY', 'I-AVAILABILITY', 'I-AVAILABILITY', 'I-AVAILABILITY', 'I-AVAILABILITY', 'I-AVAILABILITY', 'I-AVAILABILITY', 'I-AVAILABILITY', 'O']"
Special Computing,CSC101,Dr Martins,5,Happy to answer questions after class.,"[('Availability', 'positive')]","['happy', 'to', 'answer', 'questions', 'after', 'class', '.']","['B-AVAILABILITY', 'I-AVAILABILITY', 'I-AVAILABILITY', 'I-AVAILABILITY', 'I-AVAILABILITY', 'I-AVAILABILITY', 'O']"
Machine Learning,CSC406,Dr Martins,1,"Cancels office hours without notice, but returns graded work quickly, although people are on their phones the whole time.","[('Availability', 'negative'), ('Assessment', 'positive'), ('Engagement', 'negative')]","['cancels', 'office', 'hours', 'without', 'notice', ',', 'but', 'returns', 'graded', 'work', 'quickly', ',', 'although', 'people', 'are', 'on', 'their', 'phones', 'the', 'whole', 'time', '.']","['B-AVAILABILITY', 'I-AVAILABILITY', 'I-AVAILABILITY', 'I-AVAILABILITY', 'I-AVAILABILITY', 'O', 'O', 'B-ASSESSMENT', 'I-ASSESSMENT', 'I-ASSESSMENT', 'I-ASSESSMENT', 'O', 'O', 'B-ENGAGEMENT', 'I-ENGAGEMENT', 'I-ENGAGEMENT', 'I-ENGAGEMENT', 'I-ENGAGEMENT', 'I-ENGAGEMENT', 'I-ENGAGEMENT', 'I-ENGAGEMENT', 'O']"
Data Science,CSC410,Dr Pomele,1,Complicates simple topics.,"[('Clarity of Instruction', 'negative')]","['complicates', 'simple', 'topics', '.']","['B-CLARITY_OF_INSTRUCTION', 'I-CLARITY_OF_INSTRUCTION', 'I-CLARITY_OF_INSTRUCTION', 'O']"
Cloud Computing,CSC406,Dr Pomele,5,Turns dry topics into lively discussions.,"[('Engagement', 'positive')]","['turns', 'dry', 'topics', 'into', 'lively', 'discussions', '.']","['B-ENGAGEMENT', 'I-ENGAGEMENT', 'I-ENGAGEMENT', 'I-ENGAGEMENT', 'I-ENGAGEMENT', 'I-ENGAGEMENT', 'O']"
Machine Learning,CSC101,Dr Faith,5,"Grades fairly and consistently, also uses humor to keep the room awake, however his grasp of the subject feels shaky.","[('Assessment', 'positive'), ('Engagement', 'positive'), ('Subject Knowledge', 'negative')]","['grades', 'fairly', 'and', 'consistently', ',', 'also', 'uses', 'humor', 'to', 'keep', 'the', 'room', 'awake', ',', 'however', 'his', 'grasp', 'of', 'the', 'subject', 'feels', 'shaky', '.']","['B-ASSESSMENT', 'I-ASSESSMENT', 'I-ASSESSMENT', 'I-ASSESSMENT', 'O', 'O', 'B-ENGAGEMENT', 'I-ENGAGEMENT', 'I-ENGAGEMENT', 'I-ENGAGEMENT', 'I-ENGAGEMENT', 'I-ENGAGEMENT', 'I-ENGAGEMENT', 'O', 'O', 'B-SUBJECT_KNOWLEDGE', 'I-SUBJECT_KNOWLEDGE', 'I-SUBJECT_KNOWLEDGE', 'I-SUBJECT_KNOWLEDGE', 'I-SUBJECT_KNOWLEDGE', 'I-SUBJECT_KNOWLEDGE', 'I-SUBJECT_KNOWLEDGE', 'O']"
Cloud Computing,CSC101,Dr Okafor,3,"I couldn't get a response before the deadline, but feedback actually helps me improve next time.","[('Availability', 'negative'), ('Assessment', 'positive')]","['i', 'could', ""n't"", 'get', 'a', 'response', 'before', 'the', 'deadline', ',', 'but', 'feedback', 'actually', 'helps', 'me', 'improve', 'next', 'time', '.']","['B-AVAILABILITY', 'I-AVAILABILITY', 'I-AVAILABILITY', 'I-AVAILABILITY', 'I-AVAILABILITY', 'I-AVAILABILITY', 'I-AVAILABILITY', 'I-AVAILABILITY', 'I-AVAILABILITY', 'O', 'O', 'B-ASSESSMENT', 'I-ASSESSMENT', 'I-ASSESSMENT', 'I-ASSESSMENT', 'I-ASSESSMENT', 'I-ASSESSMENT', 'I-ASSESSMENT', 'O']"
Special Computing,CSC408,Dr Faith,4,"Involves the class with questions and debates, also the way he breaks down ideas makes sense.","[('Engagement', 'positive'), ('Clarity of Instruction', 'positive')]","['involves', 'the', 'class', 'with', 'questions', 'and', 'debates', ',', 'also', 'the', 'way', 'he', 'breaks', 'down', 'ideas', 'makes', 'sense', '.']","['B-ENGAGEMENT', 'I-ENGAGEMENT', 'I-ENGAGEMENT', 'I-ENGAGEMENT', 'I-ENGAGEMENT', 'I-ENGAGEMENT', 'I-ENGAGEMENT', 'O', 'O', 'B-CLARITY_OF_INSTRUCTION', 'I-CLARITY_OF_INSTRUCTION', 'I-CLARITY_OF_INSTRUCTION', 'I-CLARITY_OF_INSTRUCTION', 'I-CLARITY_OF_INSTRUCTION', 'I-CLARITY_OF_INSTRUCTION', 'I-CLARITY_OF_INSTRUCTION', 'I-CLARITY_OF_INSTRUCTION', 'O']"
Introduction to Computing,CSC406,Dr Adeyemi,3,"Replies on the discussion forum within a day, but feedback is vague or nonexistent.","[('Availability', 'positive'), ('Assessment', 'negative')]","['replies', 'on', 'the', 'discussion', 'forum', 'within', 'a', 'day', ',', 'but', 'feedback', 'is', 'vague', 'or', 'nonexistent', '.']","['B-AVAILABILITY', 'I-AVAILABILITY', 'I-AVAILABILITY', 'I-AVAILABILITY', 'I-AVAILABILITY', 'I-AVAILABILITY', 'I-AVAILABILITY', 'I-AVAILABILITY', 'O', 'O', 'B-ASSESSMENT', 'I-ASSESSMENT', 'I-ASSESSMENT', 'I-ASSESSMENT', 'I-ASSESSMENT', 'O']"
Data Science,CSC101,Dr Faith,4,"Grades fairly and consistently, however his grasp of the subject feels shaky, however happy to answer questions after class.","[('Assessment', 'positive'), ('Subject Knowledge', 'negative'), ('Availability', 'positive')]","['grades', 'fairly', 'and', 'consistently', ',', 'however', 'his', 'grasp', 'of', 'the', 'subject', 'feels', 'shaky', ',', 'however', 'happy', 'to', 'answer', 'questions', 'after', 'class', '.']","['B-ASSESSMENT', 'I-ASSESSMENT', 'I-ASSESSMENT', 'I-ASSESSMENT', 'O', 'O', 'B-SUBJECT_KNOWLEDGE', 'I-SUBJECT_KNOWLEDGE', 'I-SUBJECT_KNOWLEDGE', 'I-SUBJECT_KNOWLEDGE', 'I-SUBJECT_KNOWLEDGE', 'I-SUBJECT_KNOWLEDGE', 'I-SUBJECT_KNOWLEDGE', 'O', 'O', 'B-AVAILABILITY', 'I-AVAILABILITY', 'I-AVAILABILITY', 'I-AVAILABILITY', 'I-AVAILABILITY', 'I-AVAILABILITY', 'O']"
Data Science,CSC406,Dr Martins,2,"Clearly knows the material inside and out, however i never know why i lost points, also hard to schedule any one-on-one time.","[('Subject Knowledge', 'positive'), ('Assessment', 'negative'), ('Availability', 'negative')]","['clearly', 'knows', 'the', 'material', 'inside', 'and', 'out', ',', 'however', 'i', 'never', 'know', 'why', 'i', 'lost', 'points', ',', 'also', 'hard', 'to', 'schedule', 'any', 'one-on-one', 'time', '.']","['B-SUBJECT_KNOWLEDGE', 'I-SUBJECT_KNOWLEDGE', 'I-SUBJECT_KNOWLEDGE', 'I-SUBJECT_KNOWLEDGE', 'I-SUBJECT_KNOWLEDGE', 'I-SUBJECT_KNOWLEDGE', 'I-SUBJECT_KNOWLEDGE', 'O', 'O', 'B-ASSESSMENT', 'I-ASSESSMENT', 'I-ASSESSMENT', 'I-ASSESSMENT', 'I-ASSESSMENT', 'I-ASSESSMENT', 'I-ASSESSMENT', 'O', 'O', 'B-AVAILABILITY', 'I-AVAILABILITY', 'I-AVAILABILITY', 'I-AVAILABILITY', 'I-AVAILABILITY', 'I-AVAILABILITY', 'O']"
Introduction to Computing,CSC408,Dr Adeyemi,5,"I find it hard to stay awake in this class, although backs up explanations with real-world examples from experience.","[('Engagement', 'negative'), ('Subject Knowledge', 'positive')]","['i', 'find', 'it', 'hard', 'to', 'stay', 'awake', 'in', 'this', 'class', ',', 'although', 'backs', 'up', 'explanations', 'with', 'real-world', 'examples', 'from', 'experience', '.']","['B-ENGAGEMENT', 'I-ENGAGEMENT', 'I-ENGAGEMENT', 'I-ENGAGEMENT', 'I-ENGAGEMENT', 'I-ENGAGEMENT', 'I-ENGAGEMENT', 'I-ENGAGEMENT', 'I-ENGAGEMENT', 'I-ENGAGEMENT', 'O', 'O', 'B-SUBJECT_KNOWLEDGE', 'I-SUBJECT_KNOWLEDGE', 'I-SUBJECT_KNOWLEDGE', 'I-SUBJECT_KNOWLEDGE', 'I-SUBJECT_KNOWLEDGE', 'I-SUBJECT_KNOWLEDGE', 'I-SUBJECT_KNOWLEDGE', 'I-SUBJECT_KNOWLEDGE', 'O']"
Introduction to Computing,CSC406,Dr Pomele,1,"I've caught factual errors in lectures before, but i actually look forward to this class, although i couldn't get a response before the deadline.","[('Subject Knowledge', 'negative'), ('Engagement', 'positive'), ('Availability', 'negative')]","['i', ""'ve"", 'caught', 'factual', 'errors', 'in', 'lectures', 'before', ',', 'but', 'i', 'actually', 'look', 'forward', 'to', 'this', 'class', ',', 'although', 'i', 'could', ""n't"", 'get', 'a', 'response', 'before', 'the', 'deadline', '.']","['B-SUBJECT_KNOWLEDGE', 'I-SUBJECT_KNOWLEDGE', 'I-SUBJECT_KNOWLEDGE', 'I-SUBJECT_KNOWLEDGE', 'I-SUBJECT_KNOWLEDGE', 'I-SUBJECT_KNOWLEDGE', 'I-SUBJECT_KNOWLEDGE', 'I-SUBJECT_KNOWLEDGE', 'O', 'O', 'B-ENGAGEMENT', 'I-ENGAGEMENT', 'I-ENGAGEMENT', 'I-ENGAGEMENT', 'I-ENGAGEMENT', 'I-ENGAGEMENT', 'I-ENGAGEMENT', 'O', 'O', 'B-AVAILABILITY', 'I-AVAILABILITY', 'I-AVAILABILITY', 'I-AVAILABILITY', 'I-AVAILABILITY', 'I-AVAILABILITY', 'I-AVAILABILITY', 'I-AVAILABILITY', 'I-AVAILABILITY', 'O']"
Special Computing,CSC408,Dr Faith,3,"Explains difficult concepts with real depth, but feedback is vague or nonexistent.","[('Subject Knowledge', 'positive'), ('Assessment', 'negative')]","['explains', 'difficult', 'concepts', 'with', 'real', 'depth', ',', 'but', 'feedback', 'is', 'vague', 'or', 'nonexistent', '.']","['B-SUBJECT_KNOWLEDGE', 'I-SUBJECT_KNOWLEDGE', 'I-SUBJECT_KNOWLEDGE', 'I-SUBJECT_KNOWLEDGE', 'I-SUBJECT_KNOWLEDGE', 'I-SUBJECT_KNOWLEDGE', 'O', 'O', 'B-ASSESSMENT', 'I-ASSESSMENT', 'I-ASSESSMENT', 'I-ASSESSMENT', 'I-ASSESSMENT', 'O']"
Machine Learning,CSC406,Dr Martins,5,Makes topics easier to understand.,"[('Clarity of Instruction', 'positive')]","['makes', 'topics', 'easier', 'to', 'understand', '.']","['B-CLARITY_OF_INSTRUCTION', 'I-CLARITY_OF_INSTRUCTION', 'I-CLARITY_OF_INSTRUCTION', 'I-CLARITY_OF_INSTRUCTION', 'I-CLARITY_OF_INSTRUCTION', 'O']"
Introduction to Computing,CSC101,Dr Martins,3,"Never asks questions or invites discussion, and his grasp of the subject feels shaky, but exams match what was actually taught.","[('Engagement', 'negative'), ('Subject Knowledge', 'negative'), ('Assessment', 'positive')]","['never', 'asks', 'questions', 'or', 'invites', 'discussion', ',', 'and', 'his', 'grasp', 'of', 'the', 'subject', 'feels', 'shaky', ',', 'but', 'exams', 'match', 'what', 'was', 'actually', 'taught', '.']","['B-ENGAGEMENT', 'I-ENGAGEMENT', 'I-ENGAGEMENT', 'I-ENGAGEMENT', 'I-ENGAGEMENT', 'I-ENGAGEMENT', 'O', 'O', 'B-SUBJECT_KNOWLEDGE', 'I-SUBJECT_KNOWLEDGE', 'I-SUBJECT_KNOWLEDGE', 'I-SUBJECT_KNOWLEDGE', 'I-SUBJECT_KNOWLEDGE', 'I-SUBJECT_KNOWLEDGE', 'I-SUBJECT_KNOWLEDGE', 'O', 'O', 'B-ASSESSMENT', 'I-ASSESSMENT', 'I-ASSESSMENT', 'I-ASSESSMENT', 'I-ASSESSMENT', 'I-ASSESSMENT', 'O']"
Data Science,CSC101,Dr Martins,1,"Explains clearly, also answers even the toughest questions confidently.","[('Clarity of Instruction', 'positive'), ('Subject Knowledge', 'positive')]","['explains', 'clearly', ',', 'also', 'answers', 'even', 'the', 'toughest', 'questions', 'confidently', '.']","['B-CLARITY_OF_INSTRUCTION', 'I-CLARITY_OF_INSTRUCTION', 'O', 'O', 'B-SUBJECT_KNOWLEDGE', 'I-SUBJECT_KNOWLEDGE', 'I-SUBJECT_KNOWLEDGE', 'I-SUBJECT_KNOWLEDGE', 'I-SUBJECT_KNOWLEDGE', 'I-SUBJECT_KNOWLEDGE', 'O']"
Machine Learning,CSC410,Dr Pomele,3,"Turns dry topics into lively discussions, but comments on assignments are unhelpful or missing.","[('Engagement', 'positive'), ('Assessment', 'negative')]","['turns', 'dry', 'topics', 'into', 'lively', 'discussions', ',', 'but', 'comments', 'on', 'assignments', 'are', 'unhelpful', 'or', 'missing', '.']","['B-ENGAGEMENT', 'I-ENGAGEMENT', 'I-ENGAGEMENT', 'I-ENGAGEMENT', 'I-ENGAGEMENT', 'I-ENGAGEMENT', 'O', 'O', 'B-ASSESSMENT', 'I-ASSESSMENT', 'I-ASSESSMENT', 'I-ASSESSMENT', 'I-ASSESSMENT', 'I-ASSESSMENT', 'I-ASSESSMENT', 'O']"
Introduction to Computing,CSC406,Dr Okafor,5,"I've caught factual errors in lectures before, however uses good examples when teaching, but hard to schedule any one-on-one time.","[('Subject Knowledge', 'negative'), ('Clarity of Instruction', 'positive'), ('Availability', 'negative')]","['i', ""'ve"", 'caught', 'factual', 'errors', 'in', 'lectures', 'before', ',', 'however', 'uses', 'good', 'examples', 'when', 'teaching', ',', 'but', 'hard', 'to', 'schedule', 'any', 'one-on-one', 'time', '.']","['B-SUBJECT_KNOWLEDGE', 'I-SUBJECT_KNOWLEDGE', 'I-SUBJECT_KNOWLEDGE', 'I-SUBJECT_KNOWLEDGE', 'I-SUBJECT_KNOWLEDGE', 'I-SUBJECT_KNOWLEDGE', 'I-SUBJECT_KNOWLEDGE', 'I-SUBJECT_KNOWLEDGE', 'O', 'O', 'B-CLARITY_OF_INSTRUCTION', 'I-CLARITY_OF_INSTRUCTION', 'I-CLARITY_OF_INSTRUCTION', 'I-CLARITY_OF_INSTRUCTION', 'I-CLARITY_OF_INSTRUCTION', 'O', 'O', 'B-AVAILABILITY', 'I-AVAILABILITY', 'I-AVAILABILITY', 'I-AVAILABILITY', 'I-AVAILABILITY', 'I-AVAILABILITY', 'O']"
Data Science,CSC410,Dr Adeyemi,5,Encourages students to participate often.,"[('Engagement', 'positive')]","['encourages', 'students', 'to', 'participate', 'often', '.']","['B-ENGAGEMENT', 'I-ENGAGEMENT', 'I-ENGAGEMENT', 'I-ENGAGEMENT', 'I-ENGAGEMENT', 'O']"
Data Science,CSC410,Dr Okafor,1,I find it hard to stay awake in this class.,"[('Engagement', 'negative')]","['i', 'find', 'it', 'hard', 'to', 'stay', 'awake', 'in', 'this', 'class', '.']","['B-ENGAGEMENT', 'I-ENGAGEMENT', 'I-ENGAGEMENT', 'I-ENGAGEMENT', 'I-ENGAGEMENT', 'I-ENGAGEMENT', 'I-ENGAGEMENT', 'I-ENGAGEMENT', 'I-ENGAGEMENT', 'I-ENGAGEMENT', 'O']"
Cloud Computing,CSC412,Dr Pomele,3,"Avoids questions that go beyond the syllabus, although grades fairly and consistently.","[('Subject Knowledge', 'negative'), ('Assessment', 'positive')]","['avoids', 'questions', 'that', 'go', 'beyond', 'the', 'syllabus', ',', 'although', 'grades', 'fairly', 'and', 'consistently', '.']","['B-SUBJECT_KNOWLEDGE', 'I-SUBJECT_KNOWLEDGE', 'I-SUBJECT_KNOWLEDGE', 'I-SUBJECT_KNOWLEDGE', 'I-SUBJECT_KNOWLEDGE', 'I-SUBJECT_KNOWLEDGE', 'I-SUBJECT_KNOWLEDGE', 'O', 'O', 'B-ASSESSMENT', 'I-ASSESSMENT', 'I-ASSESSMENT', 'I-ASSESSMENT', 'O']"
Data Science,CSC410,Dr Martins,3,"Gives detailed feedback on assignments, however lectures feel disorganized and hard to follow.","[('Assessment', 'positive'), ('Clarity of Instruction', 'negative')]","['gives', 'detailed', 'feedback', 'on', 'assignments', ',', 'however', 'lectures', 'feel', 'disorganized', 'and', 'hard', 'to', 'follow', '.']","['B-ASSESSMENT', 'I-ASSESSMENT', 'I-ASSESSMENT', 'I-ASSESSMENT', 'I-ASSESSMENT', 'O', 'O', 'B-CLARITY_OF_INSTRUCTION', 'I-CLARITY_OF_INSTRUCTION', 'I-CLARITY_OF_INSTRUCTION', 'I-CLARITY_OF_INSTRUCTION', 'I-CLARITY_OF_INSTRUCTION', 'I-CLARITY_OF_INSTRUCTION', 'I-CLARITY_OF_INSTRUCTION', 'O']"
Cloud Computing,CSC410,Dr Adeyemi,4,Uses humor to keep the room awake.,"[('Engagement', 'positive')]","['uses', 'humor', 'to', 'keep', 'the', 'room', 'awake', '.']","['B-ENGAGEMENT', 'I-ENGAGEMENT', 'I-ENGAGEMENT', 'I-ENGAGEMENT', 'I-ENGAGEMENT', 'I-ENGAGEMENT', 'I-ENGAGEMENT', 'O']"
Machine Learning,CSC406,Dr Adeyemi,2,Hard to schedule any one-on-one time.,"[('Availability', 'negative')]","['hard', 'to', 'schedule', 'any', 'one-on-one', 'time', '.']","['B-AVAILABILITY', 'I-AVAILABILITY', 'I-AVAILABILITY', 'I-AVAILABILITY', 'I-AVAILABILITY', 'I-AVAILABILITY', 'O']"
Data Science,CSC410,Dr Adeyemi,4,Explains difficult concepts with real depth.,"[('Subject Knowledge', 'positive')]","['explains', 'difficult', 'concepts', 'with', 'real', 'depth', '.']","['B-SUBJECT_KNOWLEDGE', 'I-SUBJECT_KNOWLEDGE', 'I-SUBJECT_KNOWLEDGE', 'I-SUBJECT_KNOWLEDGE', 'I-SUBJECT_KNOWLEDGE', 'I-SUBJECT_KNOWLEDGE', 'O']"
Special Computing,CSC412,Dr Okafor,1,Avoids questions that go beyond the syllabus.,"[('Subject Knowledge', 'negative')]","['avoids', 'questions', 'that', 'go', 'beyond', 'the', 'syllabus', '.']","['B-SUBJECT_KNOWLEDGE', 'I-SUBJECT_KNOWLEDGE', 'I-SUBJECT_KNOWLEDGE', 'I-SUBJECT_KNOWLEDGE', 'I-SUBJECT_KNOWLEDGE', 'I-SUBJECT_KNOWLEDGE', 'I-SUBJECT_KNOWLEDGE', 'O']"
Special Computing,CSC101,Dr Faith,2,Avoids questions that go beyond the syllabus.,"[('Subject Knowledge', 'negative')]","['avoids', 'questions', 'that', 'go', 'beyond', 'the', 'syllabus', '.']","['B-SUBJECT_KNOWLEDGE', 'I-SUBJECT_KNOWLEDGE', 'I-SUBJECT_KNOWLEDGE', 'I-SUBJECT_KNOWLEDGE', 'I-SUBJECT_KNOWLEDGE', 'I-SUBJECT_KNOWLEDGE', 'I-SUBJECT_KNOWLEDGE', 'O']"
Special Computing,CSC412,Dr Martins,1,"Complicates simple topics, also no rubric is given before assignments are due.","[('Clarity of Instruction', 'negative'), ('Assessment', 'negative')]","['complicates', 'simple', 'topics', ',', 'also', 'no', 'rubric', 'is', 'given', 'before', 'assignments', 'are', 'due', '.']","['B-CLARITY_OF_INSTRUCTION', 'I-CLARITY_OF_INSTRUCTION', 'I-CLARITY_OF_INSTRUCTION', 'O', 'O', 'B-ASSESSMENT', 'I-ASSESSMENT', 'I-ASSESSMENT', 'I-ASSESSMENT', 'I-ASSESSMENT', 'I-ASSESSMENT', 'I-ASSESSMENT', 'I-ASSESSMENT', 'O']"
Data Science,CSC410,Dr Adeyemi,4,"Uses humor to keep the room awake, and explains difficult concepts with real depth, but lectures feel disorganized and hard to follow.","[('Engagement', 'positive'), ('Subject Knowledge', 'positive'), ('Clarity of Instruction', 'negative')]","['uses', 'humor', 'to', 'keep', 'the', 'room', 'awake', ',', 'and', 'explains', 'difficult', 'concepts', 'with', 'real', 'depth', ',', 'but', 'lectures', 'feel', 'disorganized', 'and', 'hard', 'to', 'follow', '.']","['B-ENGAGEMENT', 'I-ENGAGEMENT', 'I-ENGAGEMENT', 'I-ENGAGEMENT', 'I-ENGAGEMENT', 'I-ENGAGEMENT', 'I-ENGAGEMENT', 'O', 'O', 'B-SUBJECT_KNOWLEDGE', 'I-SUBJECT_KNOWLEDGE', 'I-SUBJECT_KNOWLEDGE', 'I-SUBJECT_KNOWLEDGE', 'I-SUBJECT_KNOWLEDGE', 'I-SUBJECT_KNOWLEDGE', 'O', 'O', 'B-CLARITY_OF_INSTRUCTION', 'I-CLARITY_OF_INSTRUCTION', 'I-CLARITY_OF_INSTRUCTION', 'I-CLARITY_OF_INSTRUCTION', 'I-CLARITY_OF_INSTRUCTION', 'I-CLARITY_OF_INSTRUCTION', 'I-CLARITY_OF_INSTRUCTION', 'O']"
Cloud Computing,CSC408,Dr Faith,4,"Keeps everyone engaged the whole session, however exams cover things never taught in class, but breaks complex structures into understandable ones.","[('Engagement', 'positive'), ('Assessment', 'negative'), ('Clarity of Instruction', 'positive')]","['keeps', 'everyone', 'engaged', 'the', 'whole', 'session', ',', 'however', 'exams', 'cover', 'things', 'never', 'taught', 'in', 'class', ',', 'but', 'breaks', 'complex', 'structures', 'into', 'understandable', 'ones', '.']","['B-ENGAGEMENT', 'I-ENGAGEMENT', 'I-ENGAGEMENT', 'I-ENGAGEMENT', 'I-ENGAGEMENT', 'I-ENGAGEMENT', 'O', 'O', 'B-ASSESSMENT', 'I-ASSESSMENT', 'I-ASSESSMENT', 'I-ASSESSMENT', 'I-ASSESSMENT', 'I-ASSESSMENT', 'I-ASSESSMENT', 'O', 'O', 'B-CLARITY_OF_INSTRUCTION', 'I-CLARITY_OF_INSTRUCTION', 'I-CLARITY_OF_INSTRUCTION', 'I-CLARITY_OF_INSTRUCTION', 'I-CLARITY_OF_INSTRUCTION', 'I-CLARITY_OF_INSTRUCTION', 'O']"
Introduction to Computing,CSC412,Dr Pomele,2,"I struggle to follow most explanations, also grading seems arbitrary from one submission to the next, but uses humor to keep the room awake.","[('Clarity of Instruction', 'negative'), ('Assessment', 'negative'), ('Engagement', 'positive')]","['i', 'struggle', 'to', 'follow', 'most', 'explanations', ',', 'also', 'grading', 'seems', 'arbitrary', 'from', 'one', 'submission', 'to', 'the', 'next', ',', 'but', 'uses', 'humor', 'to', 'keep', 'the', 'room', 'awake', '.']","['B-CLARITY_OF_INSTRUCTION', 'I-CLARITY_OF_INSTRUCTION', 'I-CLARITY_OF_INSTRUCTION', 'I-CLARITY_OF_INSTRUCTION', 'I-CLARITY_OF_INSTRUCTION', 'I-CLARITY_OF_INSTRUCTION', 'O', 'O', 'B-ASSESSMENT', 'I-ASSESSMENT', 'I-ASSESSMENT', 'I-ASSESSMENT', 'I-ASSESSMENT', 'I-ASSESSMENT', 'I-ASSESSMENT', 'I-ASSESSMENT', 'I-ASSESSMENT', 'O', 'O', 'B-ENGAGEMENT', 'I-ENGAGEMENT', 'I-ENGAGEMENT', 'I-ENGAGEMENT', 'I-ENGAGEMENT', 'I-ENGAGEMENT', 'I-ENGAGEMENT', 'O']"
Introduction to Computing,CSC406,Dr Faith,5,"Never seems caught off guard by a question, and exams match what was actually taught.","[('Subject Knowledge', 'positive'), ('Assessment', 'positive')]","['never', 'seems', 'caught', 'off', 'guard', 'by', 'a', 'question', ',', 'and', 'exams', 'match', 'what', 'was', 'actually', 'taught', '.']","['B-SUBJECT_KNOWLEDGE', 'I-SUBJECT_KNOWLEDGE', 'I-SUBJECT_KNOWLEDGE', 'I-SUBJECT_KNOWLEDGE', 'I-SUBJECT_KNOWLEDGE', 'I-SUBJECT_KNOWLEDGE', 'I-SUBJECT_KNOWLEDGE', 'I-SUBJECT_KNOWLEDGE', 'O', 'O', 'B-ASSESSMENT', 'I-ASSESSMENT', 'I-ASSESSMENT', 'I-ASSESSMENT', 'I-ASSESSMENT', 'I-ASSESSMENT', 'O']"
Data Science,CSC101,Dr Pomele,3,"Help is hard to get outside class, however encourages students to participate often.","[('Availability', 'negative'), ('Engagement', 'positive')]","['help', 'is', 'hard', 'to', 'get', 'outside', 'class', ',', 'however', 'encourages', 'students', 'to', 'participate', 'often', '.']","['B-AVAILABILITY', 'I-AVAILABILITY', 'I-AVAILABILITY', 'I-AVAILABILITY', 'I-AVAILABILITY', 'I-AVAILABILITY', 'I-AVAILABILITY', 'O', 'O', 'B-ENGAGEMENT', 'I-ENGAGEMENT', 'I-ENGAGEMENT', 'I-ENGAGEMENT', 'I-ENGAGEMENT', 'O']"
Special Computing,CSC408,Dr Faith,1,Answers even the toughest questions confidently.,"[('Subject Knowledge', 'positive')]","['answers', 'even', 'the', 'toughest', 'questions', 'confidently', '.']","['B-SUBJECT_KNOWLEDGE', 'I-SUBJECT_KNOWLEDGE', 'I-SUBJECT_KNOWLEDGE', 'I-SUBJECT_KNOWLEDGE', 'I-SUBJECT_KNOWLEDGE', 'I-SUBJECT_KNOWLEDGE', 'O']"
Data Science,CSC408,Dr Adeyemi,2,"Hard to follow his explanations, and doesn't seem to know the material well, however his energy makes the lecture fly by.","[('Clarity of Instruction', 'negative'), ('Subject Knowledge', 'negative'), ('Engagement', 'positive')]","['hard', 'to', 'follow', 'his', 'explanations', ',', 'and', 'does', ""n't"", 'seem', 'to', 'know', 'the', 'material', 'well', ',', 'however', 'his', 'energy', 'makes', 'the', 'lecture', 'fly', 'by', '.']","['B-CLARITY_OF_INSTRUCTION', 'I-CLARITY_OF_INSTRUCTION', 'I-CLARITY_OF_INSTRUCTION', 'I-CLARITY_OF_INSTRUCTION', 'I-CLARITY_OF_INSTRUCTION', 'O', 'O', 'B-SUBJECT_KNOWLEDGE', 'I-SUBJECT_KNOWLEDGE', 'I-SUBJECT_KNOWLEDGE', 'I-SUBJECT_KNOWLEDGE', 'I-SUBJECT_KNOWLEDGE', 'I-SUBJECT_KNOWLEDGE', 'I-SUBJECT_KNOWLEDGE', 'I-SUBJECT_KNOWLEDGE', 'O', 'O', 'B-ENGAGEMENT', 'I-ENGAGEMENT', 'I-ENGAGEMENT', 'I-ENGAGEMENT', 'I-ENGAGEMENT', 'I-ENGAGEMENT', 'I-ENGAGEMENT', 'O']"
Data Science,CSC101,Dr Faith,1,"Complicates simple topics, also just reads off slides with no energy.","[('Clarity of Instruction', 'negative'), ('Engagement', 'negative')]","['complicates', 'simple', 'topics', ',', 'also', 'just', 'reads', 'off', 'slides', 'with', 'no', 'energy', '.']","['B-CLARITY_OF_INSTRUCTION', 'I-CLARITY_OF_INSTRUCTION', 'I-CLARITY_OF_INSTRUCTION', 'O', 'O', 'B-ENGAGEMENT', 'I-ENGAGEMENT', 'I-ENGAGEMENT', 'I-ENGAGEMENT', 'I-ENGAGEMENT', 'I-ENGAGEMENT', 'I-ENGAGEMENT', 'O']"
Machine Learning,CSC406,Dr Martins,1,"Rarely interacts with students during lectures, but has deep knowledge of the subject, but uses confusing terms without breaking them down.","[('Engagement', 'negative'), ('Subject Knowledge', 'positive'), ('Clarity of Instruction', 'negative')]","['rarely', 'interacts', 'with', 'students', 'during', 'lectures', ',', 'but', 'has', 'deep', 'knowledge', 'of', 'the', 'subject', ',', 'but', 'uses', 'confusing', 'terms', 'without', 'breaking', 'them', 'down', '.']","['B-ENGAGEMENT', 'I-ENGAGEMENT', 'I-ENGAGEMENT', 'I-ENGAGEMENT', 'I-ENGAGEMENT', 'I-ENGAGEMENT', 'O', 'O', 'B-SUBJECT_KNOWLEDGE', 'I-SUBJECT_KNOWLEDGE', 'I-SUBJECT_KNOWLEDGE', 'I-SUBJECT_KNOWLEDGE', 'I-SUBJECT_KNOWLEDGE', 'I-SUBJECT_KNOWLEDGE', 'O', 'O', 'B-CLARITY_OF_INSTRUCTION', 'I-CLARITY_OF_INSTRUCTION', 'I-CLARITY_OF_INSTRUCTION', 'I-CLARITY_OF_INSTRUCTION', 'I-CLARITY_OF_INSTRUCTION', 'I-CLARITY_OF_INSTRUCTION', 'I-CLARITY_OF_INSTRUCTION', 'O']"
Introduction to Computing,CSC101,Dr Pomele,5,"Returns graded work quickly, also backs up explanations with real-world examples from experience, but uses confusing terms without breaking them down.","[('Assessment', 'positive'), ('Subject Knowledge', 'positive'), ('Clarity of Instruction', 'negative')]","['returns', 'graded', 'work', 'quickly', ',', 'also', 'backs', 'up', 'explanations', 'with', 'real-world', 'examples', 'from', 'experience', ',', 'but', 'uses', 'confusing', 'terms', 'without', 'breaking', 'them', 'down', '.']","['B-ASSESSMENT', 'I-ASSESSMENT', 'I-ASSESSMENT', 'I-ASSESSMENT', 'O', 'O', 'B-SUBJECT_KNOWLEDGE', 'I-SUBJECT_KNOWLEDGE', 'I-SUBJECT_KNOWLEDGE', 'I-SUBJECT_KNOWLEDGE', 'I-SUBJECT_KNOWLEDGE', 'I-SUBJECT_KNOWLEDGE', 'I-SUBJECT_KNOWLEDGE', 'I-SUBJECT_KNOWLEDGE', 'O', 'O', 'B-CLARITY_OF_INSTRUCTION', 'I-CLARITY_OF_INSTRUCTION', 'I-CLARITY_OF_INSTRUCTION', 'I-CLARITY_OF_INSTRUCTION', 'I-CLARITY_OF_INSTRUCTION', 'I-CLARITY_OF_INSTRUCTION', 'I-CLARITY_OF_INSTRUCTION', 'O']"
Data Science,CSC101,Dr Faith,3,"Ignores questions posted on the course forum, although uses humor to keep the room awake, also the way he breaks down ideas makes sense.","[('Availability', 'negative'), ('Engagement', 'positive'), ('Clarity of Instruction', 'positive')]","['ignores', 'questions', 'posted', 'on', 'the', 'course', 'forum', ',', 'although', 'uses', 'humor', 'to', 'keep', 'the', 'room', 'awake', ',', 'also', 'the', 'way', 'he', 'breaks', 'down', 'ideas', 'makes', 'sense', '.']","['B-AVAILABILITY', 'I-AVAILABILITY', 'I-AVAILABILITY', 'I-AVAILABILITY', 'I-AVAILABILITY', 'I-AVAILABILITY', 'I-AVAILABILITY', 'O', 'O', 'B-ENGAGEMENT', 'I-ENGAGEMENT', 'I-ENGAGEMENT', 'I-ENGAGEMENT', 'I-ENGAGEMENT', 'I-ENGAGEMENT', 'I-ENGAGEMENT', 'O', 'O', 'B-CLARITY_OF_INSTRUCTION', 'I-CLARITY_OF_INSTRUCTION', 'I-CLARITY_OF_INSTRUCTION', 'I-CLARITY_OF_INSTRUCTION', 'I-CLARITY_OF_INSTRUCTION', 'I-CLARITY_OF_INSTRUCTION', 'I-CLARITY_OF_INSTRUCTION', 'I-CLARITY_OF_INSTRUCTION', 'O']"
Machine Learning,CSC412,Dr Martins,3,"Hard to schedule any one-on-one time, although answers even the toughest questions confidently.","[('Availability', 'negative'), ('Subject Knowledge', 'positive')]","['hard', 'to', 'schedule', 'any', 'one-on-one', 'time', ',', 'although', 'answers', 'even', 'the', 'toughest', 'questions', 'confidently', '.']","['B-AVAILABILITY', 'I-AVAILABILITY', 'I-AVAILABILITY', 'I-AVAILABILITY', 'I-AVAILABILITY', 'I-AVAILABILITY', 'O', 'O', 'B-SUBJECT_KNOWLEDGE', 'I-SUBJECT_KNOWLEDGE', 'I-SUBJECT_KNOWLEDGE', 'I-SUBJECT_KNOWLEDGE', 'I-SUBJECT_KNOWLEDGE', 'I-SUBJECT_KNOWLEDGE', 'O']"
Data Science,CSC406,Dr Pomele,2,Comments on assignments are unhelpful or missing.,"[('Assessment', 'negative')]","['comments', 'on', 'assignments', 'are', 'unhelpful', 'or', 'missing', '.']","['B-ASSESSMENT', 'I-ASSESSMENT', 'I-ASSESSMENT', 'I-ASSESSMENT', 'I-ASSESSMENT', 'I-ASSESSMENT', 'I-ASSESSMENT', 'O']"
Special Computing,CSC412,Dr Pomele,2,Makes topics difficult to understand.,"[('Clarity of Instruction', 'negative')]","['makes', 'topics', 'difficult', 'to', 'understand', '.']","['B-CLARITY_OF_INSTRUCTION', 'I-CLARITY_OF_INSTRUCTION', 'I-CLARITY_OF_INSTRUCTION', 'I-CLARITY_OF_INSTRUCTION', 'I-CLARITY_OF_INSTRUCTION', 'O']"
Special Computing,CSC410,Dr Martins,1,Complicates simple topics.,"[('Clarity of Instruction', 'negative')]","['complicates', 'simple', 'topics', '.']","['B-CLARITY_OF_INSTRUCTION', 'I-CLARITY_OF_INSTRUCTION', 'I-CLARITY_OF_INSTRUCTION', 'O']"
Machine Learning,CSC412,Dr Faith,3,"Never seems caught off guard by a question, but skips important details when explaining.","[('Subject Knowledge', 'positive'), ('Clarity of Instruction', 'negative')]","['never', 'seems', 'caught', 'off', 'guard', 'by', 'a', 'question', ',', 'but', 'skips', 'important', 'details', 'when', 'explaining', '.']","['B-SUBJECT_KNOWLEDGE', 'I-SUBJECT_KNOWLEDGE', 'I-SUBJECT_KNOWLEDGE', 'I-SUBJECT_KNOWLEDGE', 'I-SUBJECT_KNOWLEDGE', 'I-SUBJECT_KNOWLEDGE', 'I-SUBJECT_KNOWLEDGE', 'I-SUBJECT_KNOWLEDGE', 'O', 'O', 'B-CLARITY_OF_INSTRUCTION', 'I-CLARITY_OF_INSTRUCTION', 'I-CLARITY_OF_INSTRUCTION', 'I-CLARITY_OF_INSTRUCTION', 'I-CLARITY_OF_INSTRUCTION', 'O']"
Special Computing,CSC406,Dr Martins,1,Never holds actual office hours.,"[('Availability', 'negative')]","['never', 'holds', 'actual', 'office', 'hours', '.']","['B-AVAILABILITY', 'I-AVAILABILITY', 'I-AVAILABILITY', 'I-AVAILABILITY', 'I-AVAILABILITY', 'O']"
Introduction to Computing,CSC412,Dr Adeyemi,4,"Emails go unanswered for over a week, although simplifies difficult concepts well, and encourages students to participate often.","[('Availability', 'negative'), ('Clarity of Instruction', 'positive'), ('Engagement', 'positive')]","['emails', 'go', 'unanswered', 'for', 'over', 'a', 'week', ',', 'although', 'simplifies', 'difficult', 'concepts', 'well', ',', 'and', 'encourages', 'students', 'to', 'participate', 'often', '.']","['B-AVAILABILITY', 'I-AVAILABILITY', 'I-AVAILABILITY', 'I-AVAILABILITY', 'I-AVAILABILITY', 'I-AVAILABILITY', 'I-AVAILABILITY', 'O', 'O', 'B-CLARITY_OF_INSTRUCTION', 'I-CLARITY_OF_INSTRUCTION', 'I-CLARITY_OF_INSTRUCTION', 'I-CLARITY_OF_INSTRUCTION', 'O', 'O', 'B-ENGAGEMENT', 'I-ENGAGEMENT', 'I-ENGAGEMENT', 'I-ENGAGEMENT', 'I-ENGAGEMENT', 'O']"
Data Science,CSC410,Dr Martins,4,Breaks complex structures into understandable ones.,"[('Clarity of Instruction', 'positive')]","['breaks', 'complex', 'structures', 'into', 'understandable', 'ones', '.']","['B-CLARITY_OF_INSTRUCTION', 'I-CLARITY_OF_INSTRUCTION', 'I-CLARITY_OF_INSTRUCTION', 'I-CLARITY_OF_INSTRUCTION', 'I-CLARITY_OF_INSTRUCTION', 'I-CLARITY_OF_INSTRUCTION', 'O']"
Special Computing,CSC408,Dr Okafor,2,"Hard to stay interested in this class, however every explanation is easy to follow, however help is hard to get outside class.","[('Engagement', 'negative'), ('Clarity of Instruction', 'positive'), ('Availability', 'negative')]","['hard', 'to', 'stay', 'interested', 'in', 'this', 'class', ',', 'however', 'every', 'explanation', 'is', 'easy', 'to', 'follow', ',', 'however', 'help', 'is', 'hard', 'to', 'get', 'outside', 'class', '.']","['B-ENGAGEMENT', 'I-ENGAGEMENT', 'I-ENGAGEMENT', 'I-ENGAGEMENT', 'I-ENGAGEMENT', 'I-ENGAGEMENT', 'I-ENGAGEMENT', 'O', 'O', 'B-CLARITY_OF_INSTRUCTION', 'I-CLARITY_OF_INSTRUCTION', 'I-CLARITY_OF_INSTRUCTION', 'I-CLARITY_OF_INSTRUCTION', 'I-CLARITY_OF_INSTRUCTION', 'I-CLARITY_OF_INSTRUCTION', 'O', 'O', 'B-AVAILABILITY', 'I-AVAILABILITY', 'I-AVAILABILITY', 'I-AVAILABILITY', 'I-AVAILABILITY', 'I-AVAILABILITY', 'I-AVAILABILITY', 'O']"
Introduction to Computing,CSC101,Dr Faith,4,"Involves the class with questions and debates, but i couldn't get a response before the deadline, however grades fairly and consistently.","[('Engagement', 'positive'), ('Availability', 'negative'), ('Assessment', 'positive')]","['involves', 'the', 'class', 'with', 'questions', 'and', 'debates', ',', 'but', 'i', 'could', ""n't"", 'get', 'a', 'response', 'before', 'the', 'deadline', ',', 'however', 'grades', 'fairly', 'and', 'consistently', '.']","['B-ENGAGEMENT', 'I-ENGAGEMENT', 'I-ENGAGEMENT', 'I-ENGAGEMENT', 'I-ENGAGEMENT', 'I-ENGAGEMENT', 'I-ENGAGEMENT', 'O', 'O', 'B-AVAILABILITY', 'I-AVAILABILITY', 'I-AVAILABILITY', 'I-AVAILABILITY', 'I-AVAILABILITY', 'I-AVAILABILITY', 'I-AVAILABILITY', 'I-AVAILABILITY', 'I-AVAILABILITY', 'O', 'O', 'B-ASSESSMENT', 'I-ASSESSMENT', 'I-ASSESSMENT', 'I-ASSESSMENT', 'O']"
Data Science,CSC412,Dr Martins,1,"Help is hard to get outside class, also grading seems arbitrary from one submission to the next, also uses confusing terms without breaking them down.","[('Availability', 'negative'), ('Assessment', 'negative'), ('Clarity of Instruction', 'negative')]","['help', 'is', 'hard', 'to', 'get', 'outside', 'class', ',', 'also', 'grading', 'seems', 'arbitrary', 'from', 'one', 'submission', 'to', 'the', 'next', ',', 'also', 'uses', 'confusing', 'terms', 'without', 'breaking', 'them', 'down', '.']","['B-AVAILABILITY', 'I-AVAILABILITY', 'I-AVAILABILITY', 'I-AVAILABILITY', 'I-AVAILABILITY', 'I-AVAILABILITY', 'I-AVAILABILITY', 'O', 'O', 'B-ASSESSMENT', 'I-ASSESSMENT', 'I-ASSESSMENT', 'I-ASSESSMENT', 'I-ASSESSMENT', 'I-ASSESSMENT', 'I-ASSESSMENT', 'I-ASSESSMENT', 'I-ASSESSMENT', 'O', 'O', 'B-CLARITY_OF_INSTRUCTION', 'I-CLARITY_OF_INSTRUCTION', 'I-CLARITY_OF_INSTRUCTION', 'I-CLARITY_OF_INSTRUCTION', 'I-CLARITY_OF_INSTRUCTION', 'I-CLARITY_OF_INSTRUCTION', 'I-CLARITY_OF_INSTRUCTION', 'O']"
Special Computing,CSC406,Dr Adeyemi,5,"I trust his understanding of even advanced topics, and breaks complex structures into understandable ones, and encourages students to participate often.","[('Subject Knowledge', 'positive'), ('Clarity of Instruction', 'positive'), ('Engagement', 'positive')]","['i', 'trust', 'his', 'understanding', 'of', 'even', 'advanced', 'topics', ',', 'and', 'breaks', 'complex', 'structures', 'into', 'understandable', 'ones', ',', 'and', 'encourages', 'students', 'to', 'participate', 'often', '.']","['B-SUBJECT_KNOWLEDGE', 'I-SUBJECT_KNOWLEDGE', 'I-SUBJECT_KNOWLEDGE', 'I-SUBJECT_KNOWLEDGE', 'I-SUBJECT_KNOWLEDGE', 'I-SUBJECT_KNOWLEDGE', 'I-SUBJECT_KNOWLEDGE', 'I-SUBJECT_KNOWLEDGE', 'O', 'O', 'B-CLARITY_OF_INSTRUCTION', 'I-CLARITY_OF_INSTRUCTION', 'I-CLARITY_OF_INSTRUCTION', 'I-CLARITY_OF_INSTRUCTION', 'I-CLARITY_OF_INSTRUCTION', 'I-CLARITY_OF_INSTRUCTION', 'O', 'O', 'B-ENGAGEMENT', 'I-ENGAGEMENT', 'I-ENGAGEMENT', 'I-ENGAGEMENT', 'I-ENGAGEMENT', 'O']"
Introduction to Computing,CSC410,Dr Adeyemi,2,"Feels like a one-way monologue every time, but clearly knows the material inside and out, however lectures feel disorganized and hard to follow.","[('Engagement', 'negative'), ('Subject Knowledge', 'positive'), ('Clarity of Instruction', 'negative')]","['feels', 'like', 'a', 'one-way', 'monologue', 'every', 'time', ',', 'but', 'clearly', 'knows', 'the', 'material', 'inside', 'and', 'out', ',', 'however', 'lectures', 'feel', 'disorganized', 'and', 'hard', 'to', 'follow', '.']","['B-ENGAGEMENT', 'I-ENGAGEMENT', 'I-ENGAGEMENT', 'I-ENGAGEMENT', 'I-ENGAGEMENT', 'I-ENGAGEMENT', 'I-ENGAGEMENT', 'O', 'O', 'B-SUBJECT_KNOWLEDGE', 'I-SUBJECT_KNOWLEDGE', 'I-SUBJECT_KNOWLEDGE', 'I-SUBJECT_KNOWLEDGE', 'I-SUBJECT_KNOWLEDGE', 'I-SUBJECT_KNOWLEDGE', 'I-SUBJECT_KNOWLEDGE', 'O', 'O', 'B-CLARITY_OF_INSTRUCTION', 'I-CLARITY_OF_INSTRUCTION', 'I-CLARITY_OF_INSTRUCTION', 'I-CLARITY_OF_INSTRUCTION', 'I-CLARITY_OF_INSTRUCTION', 'I-CLARITY_OF_INSTRUCTION', 'I-CLARITY_OF_INSTRUCTION', 'O']"
Special Computing,CSC410,Dr Martins,4,"Has deep knowledge of the subject, and every explanation is easy to follow, although the lecture drags on with no variation.","[('Subject Knowledge', 'positive'), ('Clarity of Instruction', 'positive'), ('Engagement', 'negative')]","['has', 'deep', 'knowledge', 'of', 'the', 'subject', ',', 'and', 'every', 'explanation', 'is', 'easy', 'to', 'follow', ',', 'although', 'the', 'lecture', 'drags', 'on', 'with', 'no', 'variation', '.']","['B-SUBJECT_KNOWLEDGE', 'I-SUBJECT_KNOWLEDGE', 'I-SUBJECT_KNOWLEDGE', 'I-SUBJECT_KNOWLEDGE', 'I-SUBJECT_KNOWLEDGE', 'I-SUBJECT_KNOWLEDGE', 'O', 'O', 'B-CLARITY_OF_INSTRUCTION', 'I-CLARITY_OF_INSTRUCTION', 'I-CLARITY_OF_INSTRUCTION', 'I-CLARITY_OF_INSTRUCTION', 'I-CLARITY_OF_INSTRUCTION', 'I-CLARITY_OF_INSTRUCTION', 'O', 'O', 'B-ENGAGEMENT', 'I-ENGAGEMENT', 'I-ENGAGEMENT', 'I-ENGAGEMENT', 'I-ENGAGEMENT', 'I-ENGAGEMENT', 'I-ENGAGEMENT', 'O']"
Special Computing,CSC410,Dr Martins,2,Seems to be reading straight from slides.,"[('Subject Knowledge', 'negative')]","['seems', 'to', 'be', 'reading', 'straight', 'from', 'slides', '.']","['B-SUBJECT_KNOWLEDGE', 'I-SUBJECT_KNOWLEDGE', 'I-SUBJECT_KNOWLEDGE', 'I-SUBJECT_KNOWLEDGE', 'I-SUBJECT_KNOWLEDGE', 'I-SUBJECT_KNOWLEDGE', 'I-SUBJECT_KNOWLEDGE', 'O']"
Introduction to Computing,CSC412,Dr Pomele,2,"Rushes through explanations, although makes the class genuinely interesting, but help is hard to get outside class.","[('Clarity of Instruction', 'negative'), ('Engagement', 'positive'), ('Availability', 'negative')]","['rushes', 'through', 'explanations', ',', 'although', 'makes', 'the', 'class', 'genuinely', 'interesting', ',', 'but', 'help', 'is', 'hard', 'to', 'get', 'outside', 'class', '.']","['B-CLARITY_OF_INSTRUCTION', 'I-CLARITY_OF_INSTRUCTION', 'I-CLARITY_OF_INSTRUCTION', 'O', 'O', 'B-ENGAGEMENT', 'I-ENGAGEMENT', 'I-ENGAGEMENT', 'I-ENGAGEMENT', 'I-ENGAGEMENT', 'O', 'O', 'B-AVAILABILITY', 'I-AVAILABILITY', 'I-AVAILABILITY', 'I-AVAILABILITY', 'I-AVAILABILITY', 'I-AVAILABILITY', 'I-AVAILABILITY', 'O']"
Data Science,CSC408,Dr Pomele,1,"Hard to follow his explanations, and never holds actual office hours, and avoids questions that go beyond the syllabus.","[('Clarity of Instruction', 'negative'), ('Availability', 'negative'), ('Subject Knowledge', 'negative')]","['hard', 'to', 'follow', 'his', 'explanations', ',', 'and', 'never', 'holds', 'actual', 'office', 'hours', ',', 'and', 'avoids', 'questions', 'that', 'go', 'beyond', 'the', 'syllabus', '.']","['B-CLARITY_OF_INSTRUCTION', 'I-CLARITY_OF_INSTRUCTION', 'I-CLARITY_OF_INSTRUCTION', 'I-CLARITY_OF_INSTRUCTION', 'I-CLARITY_OF_INSTRUCTION', 'O', 'O', 'B-AVAILABILITY', 'I-AVAILABILITY', 'I-AVAILABILITY', 'I-AVAILABILITY', 'I-AVAILABILITY', 'O', 'O', 'B-SUBJECT_KNOWLEDGE', 'I-SUBJECT_KNOWLEDGE', 'I-SUBJECT_KNOWLEDGE', 'I-SUBJECT_KNOWLEDGE', 'I-SUBJECT_KNOWLEDGE', 'I-SUBJECT_KNOWLEDGE', 'I-SUBJECT_KNOWLEDGE', 'O']"
Machine Learning,CSC412,Dr Faith,5,"Avoids questions that go beyond the syllabus, although sets up extra sessions when needed.","[('Subject Knowledge', 'negative'), ('Availability', 'positive')]","['avoids', 'questions', 'that', 'go', 'beyond', 'the', 'syllabus', ',', 'although', 'sets', 'up', 'extra', 'sessions', 'when', 'needed', '.']","['B-SUBJECT_KNOWLEDGE', 'I-SUBJECT_KNOWLEDGE', 'I-SUBJECT_KNOWLEDGE', 'I-SUBJECT_KNOWLEDGE', 'I-SUBJECT_KNOWLEDGE', 'I-SUBJECT_KNOWLEDGE', 'I-SUBJECT_KNOWLEDGE', 'O', 'O', 'B-AVAILABILITY', 'I-AVAILABILITY', 'I-AVAILABILITY', 'I-AVAILABILITY', 'I-AVAILABILITY', 'I-AVAILABILITY', 'O']"
Introduction to Computing,CSC412,Dr Adeyemi,1,"Hard to follow his explanations, and struggles to answer basic questions.","[('Clarity of Instruction', 'negative'), ('Subject Knowledge', 'negative')]","['hard', 'to', 'follow', 'his', 'explanations', ',', 'and', 'struggles', 'to', 'answer', 'basic', 'questions', '.']","['B-CLARITY_OF_INSTRUCTION', 'I-CLARITY_OF_INSTRUCTION', 'I-CLARITY_OF_INSTRUCTION', 'I-CLARITY_OF_INSTRUCTION', 'I-CLARITY_OF_INSTRUCTION', 'O', 'O', 'B-SUBJECT_KNOWLEDGE', 'I-SUBJECT_KNOWLEDGE', 'I-SUBJECT_KNOWLEDGE', 'I-SUBJECT_KNOWLEDGE', 'I-SUBJECT_KNOWLEDGE', 'O']"
Data Science,CSC101,Dr Pomele,4,Responds to emails quickly.,"[('Availability', 'positive')]","['responds', 'to', 'emails', 'quickly', '.']","['B-AVAILABILITY', 'I-AVAILABILITY', 'I-AVAILABILITY', 'I-AVAILABILITY', 'O']"
Cloud Computing,CSC408,Dr Adeyemi,2,"Every explanation is easy to follow, although comments on assignments are unhelpful or missing, and struggles to answer basic questions.","[('Clarity of Instruction', 'positive'), ('Assessment', 'negative'), ('Subject Knowledge', 'negative')]","['every', 'explanation', 'is', 'easy', 'to', 'follow', ',', 'although', 'comments', 'on', 'assignments', 'are', 'unhelpful', 'or', 'missing', ',', 'and', 'struggles', 'to', 'answer', 'basic', 'questions', '.']","['B-CLARITY_OF_INSTRUCTION', 'I-CLARITY_OF_INSTRUCTION', 'I-CLARITY_OF_INSTRUCTION', 'I-CLARITY_OF_INSTRUCTION', 'I-CLARITY_OF_INSTRUCTION', 'I-CLARITY_OF_INSTRUCTION', 'O', 'O', 'B-ASSESSMENT', 'I-ASSESSMENT', 'I-ASSESSMENT', 'I-ASSESSMENT', 'I-ASSESSMENT', 'I-ASSESSMENT', 'I-ASSESSMENT', 'O', 'O', 'B-SUBJECT_KNOWLEDGE', 'I-SUBJECT_KNOWLEDGE', 'I-SUBJECT_KNOWLEDGE', 'I-SUBJECT_KNOWLEDGE', 'I-SUBJECT_KNOWLEDGE', 'O']"
Introduction to Computing,CSC412,Dr Faith,4,I've never had trouble reaching him for help.,"[('Availability', 'positive')]","['i', ""'ve"", 'never', 'had', 'trouble', 'reaching', 'him', 'for', 'help', '.']","['B-AVAILABILITY', 'I-AVAILABILITY', 'I-AVAILABILITY', 'I-AVAILABILITY', 'I-AVAILABILITY', 'I-AVAILABILITY', 'I-AVAILABILITY', 'I-AVAILABILITY', 'I-AVAILABILITY', 'O']"
Machine Learning,CSC412,Dr Okafor,2,"Help with grading disputes is hard to get, although sets up extra sessions when needed, but hard to follow his explanations.","[('Assessment', 'negative'), ('Availability', 'positive'), ('Clarity of Instruction', 'negative')]","['help', 'with', 'grading', 'disputes', 'is', 'hard', 'to', 'get', ',', 'although', 'sets', 'up', 'extra', 'sessions', 'when', 'needed', ',', 'but', 'hard', 'to', 'follow', 'his', 'explanations', '.']","['B-ASSESSMENT', 'I-ASSESSMENT', 'I-ASSESSMENT', 'I-ASSESSMENT', 'I-ASSESSMENT', 'I-ASSESSMENT', 'I-ASSESSMENT', 'I-ASSESSMENT', 'O', 'O', 'B-AVAILABILITY', 'I-AVAILABILITY', 'I-AVAILABILITY', 'I-AVAILABILITY', 'I-AVAILABILITY', 'I-AVAILABILITY', 'O', 'O', 'B-CLARITY_OF_INSTRUCTION', 'I-CLARITY_OF_INSTRUCTION', 'I-CLARITY_OF_INSTRUCTION', 'I-CLARITY_OF_INSTRUCTION', 'I-CLARITY_OF_INSTRUCTION', 'O']"
Introduction to Computing,CSC408,Dr Pomele,2,"Avoids questions that go beyond the syllabus, and exams cover things never taught in class, also emails go unanswered for over a week.","[('Subject Knowledge', 'negative'), ('Assessment', 'negative'), ('Availability', 'negative')]","['avoids', 'questions', 'that', 'go', 'beyond', 'the', 'syllabus', ',', 'and', 'exams', 'cover', 'things', 'never', 'taught', 'in', 'class', ',', 'also', 'emails', 'go', 'unanswered', 'for', 'over', 'a', 'week', '.']","['B-SUBJECT_KNOWLEDGE', 'I-SUBJECT_KNOWLEDGE', 'I-SUBJECT_KNOWLEDGE', 'I-SUBJECT_KNOWLEDGE', 'I-SUBJECT_KNOWLEDGE', 'I-SUBJECT_KNOWLEDGE', 'I-SUBJECT_KNOWLEDGE', 'O', 'O', 'B-ASSESSMENT', 'I-ASSESSMENT', 'I-ASSESSMENT', 'I-ASSESSMENT', 'I-ASSESSMENT', 'I-ASSESSMENT', 'I-ASSESSMENT', 'O', 'O', 'B-AVAILABILITY', 'I-AVAILABILITY', 'I-AVAILABILITY', 'I-AVAILABILITY', 'I-AVAILABILITY', 'I-AVAILABILITY', 'I-AVAILABILITY', 'O']"
Machine Learning,CSC412,Dr Pomele,2,"Backs up explanations with real-world examples from experience, but the class feels boring and flat, and i couldn't get a response before the deadline.","[('Subject Knowledge', 'positive'), ('Engagement', 'negative'), ('Availability', 'negative')]","['backs', 'up', 'explanations', 'with', 'real-world', 'examples', 'from', 'experience', ',', 'but', 'the', 'class', 'feels', 'boring', 'and', 'flat', ',', 'and', 'i', 'could', ""n't"", 'get', 'a', 'response', 'before', 'the', 'deadline', '.']","['B-SUBJECT_KNOWLEDGE', 'I-SUBJECT_KNOWLEDGE', 'I-SUBJECT_KNOWLEDGE', 'I-SUBJECT_KNOWLEDGE', 'I-SUBJECT_KNOWLEDGE', 'I-SUBJECT_KNOWLEDGE', 'I-SUBJECT_KNOWLEDGE', 'I-SUBJECT_KNOWLEDGE', 'O', 'O', 'B-ENGAGEMENT', 'I-ENGAGEMENT', 'I-ENGAGEMENT', 'I-ENGAGEMENT', 'I-ENGAGEMENT', 'I-ENGAGEMENT', 'O', 'O', 'B-AVAILABILITY', 'I-AVAILABILITY', 'I-AVAILABILITY', 'I-AVAILABILITY', 'I-AVAILABILITY', 'I-AVAILABILITY', 'I-AVAILABILITY', 'I-AVAILABILITY', 'I-AVAILABILITY', 'O']"
Introduction to Computing,CSC408,Dr Faith,3,"Grading feels transparent and well-justified, but feels like a one-way monologue every time.","[('Assessment', 'positive'), ('Engagement', 'negative')]","['grading', 'feels', 'transparent', 'and', 'well-justified', ',', 'but', 'feels', 'like', 'a', 'one-way', 'monologue', 'every', 'time', '.']","['B-ASSESSMENT', 'I-ASSESSMENT', 'I-ASSESSMENT', 'I-ASSESSMENT', 'I-ASSESSMENT', 'O', 'O', 'B-ENGAGEMENT', 'I-ENGAGEMENT', 'I-ENGAGEMENT', 'I-ENGAGEMENT', 'I-ENGAGEMENT', 'I-ENGAGEMENT', 'I-ENGAGEMENT', 'O']"
Introduction to Computing,CSC406,Dr Okafor,1,"I never know why I lost points, and i find it hard to stay awake in this class.","[('Assessment', 'negative'), ('Engagement', 'negative')]","['i', 'never', 'know', 'why', 'i', 'lost', 'points', ',', 'and', 'i', 'find', 'it', 'hard', 'to', 'stay', 'awake', 'in', 'this', 'class', '.']","['B-ASSESSMENT', 'I-ASSESSMENT', 'I-ASSESSMENT', 'I-ASSESSMENT', 'I-ASSESSMENT', 'I-ASSESSMENT', 'I-ASSESSMENT', 'O', 'O', 'B-ENGAGEMENT', 'I-ENGAGEMENT', 'I-ENGAGEMENT', 'I-ENGAGEMENT', 'I-ENGAGEMENT', 'I-ENGAGEMENT', 'I-ENGAGEMENT', 'I-ENGAGEMENT', 'I-ENGAGEMENT', 'I-ENGAGEMENT', 'O']"
Cloud Computing,CSC408,Dr Pomele,1,"Comments on assignments are unhelpful or missing, also seems to be reading straight from slides.","[('Assessment', 'negative'), ('Subject Knowledge', 'negative')]","['comments', 'on', 'assignments', 'are', 'unhelpful', 'or', 'missing', ',', 'also', 'seems', 'to', 'be', 'reading', 'straight', 'from', 'slides', '.']","['B-ASSESSMENT', 'I-ASSESSMENT', 'I-ASSESSMENT', 'I-ASSESSMENT', 'I-ASSESSMENT', 'I-ASSESSMENT', 'I-ASSESSMENT', 'O', 'O', 'B-SUBJECT_KNOWLEDGE', 'I-SUBJECT_KNOWLEDGE', 'I-SUBJECT_KNOWLEDGE', 'I-SUBJECT_KNOWLEDGE', 'I-SUBJECT_KNOWLEDGE', 'I-SUBJECT_KNOWLEDGE', 'I-SUBJECT_KNOWLEDGE', 'O']"
Data Science,CSC408,Dr Faith,1,Never asks questions or invites discussion.,"[('Engagement', 'negative')]","['never', 'asks', 'questions', 'or', 'invites', 'discussion', '.']","['B-ENGAGEMENT', 'I-ENGAGEMENT', 'I-ENGAGEMENT', 'I-ENGAGEMENT', 'I-ENGAGEMENT', 'I-ENGAGEMENT', 'O']"
Data Science,CSC101,Dr Okafor,4,Keeps everyone engaged the whole session.,"[('Engagement', 'positive')]","['keeps', 'everyone', 'engaged', 'the', 'whole', 'session', '.']","['B-ENGAGEMENT', 'I-ENGAGEMENT', 'I-ENGAGEMENT', 'I-ENGAGEMENT', 'I-ENGAGEMENT', 'I-ENGAGEMENT', 'O']"
Data Science,CSC410,Dr Pomele,5,"Grades fairly and consistently, also i actually look forward to this class.","[('Assessment', 'positive'), ('Engagement', 'positive')]","['grades', 'fairly', 'and', 'consistently', ',', 'also', 'i', 'actually', 'look', 'forward', 'to', 'this', 'class', '.']","['B-ASSESSMENT', 'I-ASSESSMENT', 'I-ASSESSMENT', 'I-ASSESSMENT', 'O', 'O', 'B-ENGAGEMENT', 'I-ENGAGEMENT', 'I-ENGAGEMENT', 'I-ENGAGEMENT', 'I-ENGAGEMENT', 'I-ENGAGEMENT', 'I-ENGAGEMENT', 'O']"
Machine Learning,CSC412,Dr Okafor,4,"Sets up extra sessions when needed, however i've caught factual errors in lectures before, although his energy makes the lecture fly by.","[('Availability', 'positive'), ('Subject Knowledge', 'negative'), ('Engagement', 'positive')]","['sets', 'up', 'extra', 'sessions', 'when', 'needed', ',', 'however', 'i', ""'ve"", 'caught', 'factual', 'errors', 'in', 'lectures', 'before', ',', 'although', 'his', 'energy', 'makes', 'the', 'lecture', 'fly', 'by', '.']","['B-AVAILABILITY', 'I-AVAILABILITY', 'I-AVAILABILITY', 'I-AVAILABILITY', 'I-AVAILABILITY', 'I-AVAILABILITY', 'O', 'O', 'B-SUBJECT_KNOWLEDGE', 'I-SUBJECT_KNOWLEDGE', 'I-SUBJECT_KNOWLEDGE', 'I-SUBJECT_KNOWLEDGE', 'I-SUBJECT_KNOWLEDGE', 'I-SUBJECT_KNOWLEDGE', 'I-SUBJECT_KNOWLEDGE', 'I-SUBJECT_KNOWLEDGE', 'O', 'O', 'B-ENGAGEMENT', 'I-ENGAGEMENT', 'I-ENGAGEMENT', 'I-ENGAGEMENT', 'I-ENGAGEMENT', 'I-ENGAGEMENT', 'I-ENGAGEMENT', 'O']"
Cloud Computing,CSC101,Dr Faith,1,grades inconsistently between students.,"[('Assessment', 'negative')]","['grades', 'inconsistently', 'between', 'students', '.']","['B-ASSESSMENT', 'I-ASSESSMENT', 'I-ASSESSMENT', 'I-ASSESSMENT', 'O']"
Cloud Computing,CSC101,Dr Martins,1,Seems annoyed when students ask for extra help.,"[('Availability', 'negative')]","['seems', 'annoyed', 'when', 'students', 'ask', 'for', 'extra', 'help', '.']","['B-AVAILABILITY', 'I-AVAILABILITY', 'I-AVAILABILITY', 'I-AVAILABILITY', 'I-AVAILABILITY', 'I-AVAILABILITY', 'I-AVAILABILITY', 'I-AVAILABILITY', 'O']"
Cloud Computing,CSC101,Dr Faith,2,Seems annoyed when students ask for extra help.,"[('Availability', 'negative')]","['seems', 'annoyed', 'when', 'students', 'ask', 'for', 'extra', 'help', '.']","['B-AVAILABILITY', 'I-AVAILABILITY', 'I-AVAILABILITY', 'I-AVAILABILITY', 'I-AVAILABILITY', 'I-AVAILABILITY', 'I-AVAILABILITY', 'I-AVAILABILITY', 'O']"
Special Computing,CSC410,Dr Adeyemi,1,"Makes topics easier to understand, but exams cover things never taught in class, and the class feels boring and flat.","[('Clarity of Instruction', 'positive'), ('Assessment', 'negative'), ('Engagement', 'negative')]","['makes', 'topics', 'easier', 'to', 'understand', ',', 'but', 'exams', 'cover', 'things', 'never', 'taught', 'in', 'class', ',', 'and', 'the', 'class', 'feels', 'boring', 'and', 'flat', '.']","['B-CLARITY_OF_INSTRUCTION', 'I-CLARITY_OF_INSTRUCTION', 'I-CLARITY_OF_INSTRUCTION', 'I-CLARITY_OF_INSTRUCTION', 'I-CLARITY_OF_INSTRUCTION', 'O', 'O', 'B-ASSESSMENT', 'I-ASSESSMENT', 'I-ASSESSMENT', 'I-ASSESSMENT', 'I-ASSESSMENT', 'I-ASSESSMENT', 'I-ASSESSMENT', 'O', 'O', 'B-ENGAGEMENT', 'I-ENGAGEMENT', 'I-ENGAGEMENT', 'I-ENGAGEMENT', 'I-ENGAGEMENT', 'I-ENGAGEMENT', 'O']"
Cloud Computing,CSC101,Dr Pomele,3,"Rarely interacts with students during lectures, however very approachable outside of lecture time.","[('Engagement', 'negative'), ('Availability', 'positive')]","['rarely', 'interacts', 'with', 'students', 'during', 'lectures', ',', 'however', 'very', 'approachable', 'outside', 'of', 'lecture', 'time', '.']","['B-ENGAGEMENT', 'I-ENGAGEMENT', 'I-ENGAGEMENT', 'I-ENGAGEMENT', 'I-ENGAGEMENT', 'I-ENGAGEMENT', 'O', 'O', 'B-AVAILABILITY', 'I-AVAILABILITY', 'I-AVAILABILITY', 'I-AVAILABILITY', 'I-AVAILABILITY', 'I-AVAILABILITY', 'O']"
Cloud Computing,CSC408,Dr Pomele,1,"the class feels boring and flat, and gives vague answers when pushed for detail.","[('Engagement', 'negative'), ('Subject Knowledge', 'negative')]","['the', 'class', 'feels', 'boring', 'and', 'flat', ',', 'and', 'gives', 'vague', 'answers', 'when', 'pushed', 'for', 'detail', '.']","['B-ENGAGEMENT', 'I-ENGAGEMENT', 'I-ENGAGEMENT', 'I-ENGAGEMENT', 'I-ENGAGEMENT', 'I-ENGAGEMENT', 'O', 'O', 'B-SUBJECT_KNOWLEDGE', 'I-SUBJECT_KNOWLEDGE', 'I-SUBJECT_KNOWLEDGE', 'I-SUBJECT_KNOWLEDGE', 'I-SUBJECT_KNOWLEDGE', 'I-SUBJECT_KNOWLEDGE', 'I-SUBJECT_KNOWLEDGE', 'O']"
Cloud Computing,CSC412,Dr Adeyemi,1,"Grading seems arbitrary from one submission to the next, but answers even the toughest questions confidently.","[('Assessment', 'negative'), ('Subject Knowledge', 'positive')]","['grading', 'seems', 'arbitrary', 'from', 'one', 'submission', 'to', 'the', 'next', ',', 'but', 'answers', 'even', 'the', 'toughest', 'questions', 'confidently', '.']","['B-ASSESSMENT', 'I-ASSESSMENT', 'I-ASSESSMENT', 'I-ASSESSMENT', 'I-ASSESSMENT', 'I-ASSESSMENT', 'I-ASSESSMENT', 'I-ASSESSMENT', 'I-ASSESSMENT', 'O', 'O', 'B-SUBJECT_KNOWLEDGE', 'I-SUBJECT_KNOWLEDGE', 'I-SUBJECT_KNOWLEDGE', 'I-SUBJECT_KNOWLEDGE', 'I-SUBJECT_KNOWLEDGE', 'I-SUBJECT_KNOWLEDGE', 'O']"
Introduction to Computing,CSC101,Dr Martins,2,"Feels like a one-way monologue every time, also comments on assignments are unhelpful or missing, also uses confusing terms without breaking them down.","[('Engagement', 'negative'), ('Assessment', 'negative'), ('Clarity of Instruction', 'negative')]","['feels', 'like', 'a', 'one-way', 'monologue', 'every', 'time', ',', 'also', 'comments', 'on', 'assignments', 'are', 'unhelpful', 'or', 'missing', ',', 'also', 'uses', 'confusing', 'terms', 'without', 'breaking', 'them', 'down', '.']","['B-ENGAGEMENT', 'I-ENGAGEMENT', 'I-ENGAGEMENT', 'I-ENGAGEMENT', 'I-ENGAGEMENT', 'I-ENGAGEMENT', 'I-ENGAGEMENT', 'O', 'O', 'B-ASSESSMENT', 'I-ASSESSMENT', 'I-ASSESSMENT', 'I-ASSESSMENT', 'I-ASSESSMENT', 'I-ASSESSMENT', 'I-ASSESSMENT', 'O', 'O', 'B-CLARITY_OF_INSTRUCTION', 'I-CLARITY_OF_INSTRUCTION', 'I-CLARITY_OF_INSTRUCTION', 'I-CLARITY_OF_INSTRUCTION', 'I-CLARITY_OF_INSTRUCTION', 'I-CLARITY_OF_INSTRUCTION', 'I-CLARITY_OF_INSTRUCTION', 'O']"
Machine Learning,CSC410,Dr Adeyemi,4,Explains difficult material well.,"[('Clarity of Instruction', 'positive')]","['explains', 'difficult', 'material', 'well', '.']","['B-CLARITY_OF_INSTRUCTION', 'I-CLARITY_OF_INSTRUCTION', 'I-CLARITY_OF_INSTRUCTION', 'I-CLARITY_OF_INSTRUCTION', 'O']"
Data Science,CSC410,Dr Okafor,4,"Keeps everyone engaged the whole session, and always available during office hours.","[('Engagement', 'positive'), ('Availability', 'positive')]","['keeps', 'everyone', 'engaged', 'the', 'whole', 'session', ',', 'and', 'always', 'available', 'during', 'office', 'hours', '.']","['B-ENGAGEMENT', 'I-ENGAGEMENT', 'I-ENGAGEMENT', 'I-ENGAGEMENT', 'I-ENGAGEMENT', 'I-ENGAGEMENT', 'O', 'O', 'B-AVAILABILITY', 'I-AVAILABILITY', 'I-AVAILABILITY', 'I-AVAILABILITY', 'I-AVAILABILITY', 'O']"
Cloud Computing,CSC408,Dr Martins,2,"Grading feels transparent and well-justified, although gives vague answers when pushed for detail, and i find it hard to stay awake in this class.","[('Assessment', 'positive'), ('Subject Knowledge', 'negative'), ('Engagement', 'negative')]","['grading', 'feels', 'transparent', 'and', 'well-justified', ',', 'although', 'gives', 'vague', 'answers', 'when', 'pushed', 'for', 'detail', ',', 'and', 'i', 'find', 'it', 'hard', 'to', 'stay', 'awake', 'in', 'this', 'class', '.']","['B-ASSESSMENT', 'I-ASSESSMENT', 'I-ASSESSMENT', 'I-ASSESSMENT', 'I-ASSESSMENT', 'O', 'O', 'B-SUBJECT_KNOWLEDGE', 'I-SUBJECT_KNOWLEDGE', 'I-SUBJECT_KNOWLEDGE', 'I-SUBJECT_KNOWLEDGE', 'I-SUBJECT_KNOWLEDGE', 'I-SUBJECT_KNOWLEDGE', 'I-SUBJECT_KNOWLEDGE', 'O', 'O', 'B-ENGAGEMENT', 'I-ENGAGEMENT', 'I-ENGAGEMENT', 'I-ENGAGEMENT', 'I-ENGAGEMENT', 'I-ENGAGEMENT', 'I-ENGAGEMENT', 'I-ENGAGEMENT', 'I-ENGAGEMENT', 'I-ENGAGEMENT', 'O']"
Special Computing,CSC101,Dr Okafor,3,Gives vague answers when pushed for detail.,"[('Subject Knowledge', 'negative')]","['gives', 'vague', 'answers', 'when', 'pushed', 'for', 'detail', '.']","['B-SUBJECT_KNOWLEDGE', 'I-SUBJECT_KNOWLEDGE', 'I-SUBJECT_KNOWLEDGE', 'I-SUBJECT_KNOWLEDGE', 'I-SUBJECT_KNOWLEDGE', 'I-SUBJECT_KNOWLEDGE', 'I-SUBJECT_KNOWLEDGE', 'O']"
Cloud Computing,CSC101,Dr Faith,5,"His energy makes the lecture fly by, and grades fairly and consistently, however doesn't seem to know the material well.","[('Engagement', 'positive'), ('Assessment', 'positive'), ('Subject Knowledge', 'negative')]","['his', 'energy', 'makes', 'the', 'lecture', 'fly', 'by', ',', 'and', 'grades', 'fairly', 'and', 'consistently', ',', 'however', 'does', ""n't"", 'seem', 'to', 'know', 'the', 'material', 'well', '.']","['B-ENGAGEMENT', 'I-ENGAGEMENT', 'I-ENGAGEMENT', 'I-ENGAGEMENT', 'I-ENGAGEMENT', 'I-ENGAGEMENT', 'I-ENGAGEMENT', 'O', 'O', 'B-ASSESSMENT', 'I-ASSESSMENT', 'I-ASSESSMENT', 'I-ASSESSMENT', 'O', 'O', 'B-SUBJECT_KNOWLEDGE', 'I-SUBJECT_KNOWLEDGE', 'I-SUBJECT_KNOWLEDGE', 'I-SUBJECT_KNOWLEDGE', 'I-SUBJECT_KNOWLEDGE', 'I-SUBJECT_KNOWLEDGE', 'I-SUBJECT_KNOWLEDGE', 'I-SUBJECT_KNOWLEDGE', 'O']"
Introduction to Computing,CSC406,Dr Okafor,5,"Turns dry topics into lively discussions, and rubrics are clear before submitting work.","[('Engagement', 'positive'), ('Assessment', 'positive')]","['turns', 'dry', 'topics', 'into', 'lively', 'discussions', ',', 'and', 'rubrics', 'are', 'clear', 'before', 'submitting', 'work', '.']","['B-ENGAGEMENT', 'I-ENGAGEMENT', 'I-ENGAGEMENT', 'I-ENGAGEMENT', 'I-ENGAGEMENT', 'I-ENGAGEMENT', 'O', 'O', 'B-ASSESSMENT', 'I-ASSESSMENT', 'I-ASSESSMENT', 'I-ASSESSMENT', 'I-ASSESSMENT', 'I-ASSESSMENT', 'O']"
Introduction to Computing,CSC412,Dr Okafor,3,"Lectures feel disorganized and hard to follow, however i actually look forward to this class.","[('Clarity of Instruction', 'negative'), ('Engagement', 'positive')]","['lectures', 'feel', 'disorganized', 'and', 'hard', 'to', 'follow', ',', 'however', 'i', 'actually', 'look', 'forward', 'to', 'this', 'class', '.']","['B-CLARITY_OF_INSTRUCTION', 'I-CLARITY_OF_INSTRUCTION', 'I-CLARITY_OF_INSTRUCTION', 'I-CLARITY_OF_INSTRUCTION', 'I-CLARITY_OF_INSTRUCTION', 'I-CLARITY_OF_INSTRUCTION', 'I-CLARITY_OF_INSTRUCTION', 'O', 'O', 'B-ENGAGEMENT', 'I-ENGAGEMENT', 'I-ENGAGEMENT', 'I-ENGAGEMENT', 'I-ENGAGEMENT', 'I-ENGAGEMENT', 'I-ENGAGEMENT', 'O']"
Data Science,CSC412,Dr Pomele,1,"You can tell he's mastered this field, and gives detailed feedback on assignments.","[('Subject Knowledge', 'positive'), ('Assessment', 'positive')]","['you', 'can', 'tell', 'he', ""'s"", 'mastered', 'this', 'field', ',', 'and', 'gives', 'detailed', 'feedback', 'on', 'assignments', '.']","['B-SUBJECT_KNOWLEDGE', 'I-SUBJECT_KNOWLEDGE', 'I-SUBJECT_KNOWLEDGE', 'I-SUBJECT_KNOWLEDGE', 'I-SUBJECT_KNOWLEDGE', 'I-SUBJECT_KNOWLEDGE', 'I-SUBJECT_KNOWLEDGE', 'I-SUBJECT_KNOWLEDGE', 'O', 'O', 'B-ASSESSMENT', 'I-ASSESSMENT', 'I-ASSESSMENT', 'I-ASSESSMENT', 'I-ASSESSMENT', 'O']"
Machine Learning,CSC412,Dr Martins,5,"Gives vague answers when pushed for detail, although rubrics are clear before submitting work, also i always leave the class understanding the topic.","[('Subject Knowledge', 'negative'), ('Assessment', 'positive'), ('Clarity of Instruction', 'positive')]","['gives', 'vague', 'answers', 'when', 'pushed', 'for', 'detail', ',', 'although', 'rubrics', 'are', 'clear', 'before', 'submitting', 'work', ',', 'also', 'i', 'always', 'leave', 'the', 'class', 'understanding', 'the', 'topic', '.']","['B-SUBJECT_KNOWLEDGE', 'I-SUBJECT_KNOWLEDGE', 'I-SUBJECT_KNOWLEDGE', 'I-SUBJECT_KNOWLEDGE', 'I-SUBJECT_KNOWLEDGE', 'I-SUBJECT_KNOWLEDGE', 'I-SUBJECT_KNOWLEDGE', 'O', 'O', 'B-ASSESSMENT', 'I-ASSESSMENT', 'I-ASSESSMENT', 'I-ASSESSMENT', 'I-ASSESSMENT', 'I-ASSESSMENT', 'O', 'O', 'B-CLARITY_OF_INSTRUCTION', 'I-CLARITY_OF_INSTRUCTION', 'I-CLARITY_OF_INSTRUCTION', 'I-CLARITY_OF_INSTRUCTION', 'I-CLARITY_OF_INSTRUCTION', 'I-CLARITY_OF_INSTRUCTION', 'I-CLARITY_OF_INSTRUCTION', 'I-CLARITY_OF_INSTRUCTION', 'O']"
Introduction to Computing,CSC410,Dr Okafor,2,"I always leave the class understanding the topic, however the lecture drags on with no variation, and seems annoyed when students ask for extra help.","[('Clarity of Instruction', 'positive'), ('Engagement', 'negative'), ('Availability', 'negative')]","['i', 'always', 'leave', 'the', 'class', 'understanding', 'the', 'topic', ',', 'however', 'the', 'lecture', 'drags', 'on', 'with', 'no', 'variation', ',', 'and', 'seems', 'annoyed', 'when', 'students', 'ask', 'for', 'extra', 'help', '.']","['B-CLARITY_OF_INSTRUCTION', 'I-CLARITY_OF_INSTRUCTION', 'I-CLARITY_OF_INSTRUCTION', 'I-CLARITY_OF_INSTRUCTION', 'I-CLARITY_OF_INSTRUCTION', 'I-CLARITY_OF_INSTRUCTION', 'I-CLARITY_OF_INSTRUCTION', 'I-CLARITY_OF_INSTRUCTION', 'O', 'O', 'B-ENGAGEMENT', 'I-ENGAGEMENT', 'I-ENGAGEMENT', 'I-ENGAGEMENT', 'I-ENGAGEMENT', 'I-ENGAGEMENT', 'I-ENGAGEMENT', 'O', 'O', 'B-AVAILABILITY', 'I-AVAILABILITY', 'I-AVAILABILITY', 'I-AVAILABILITY', 'I-AVAILABILITY', 'I-AVAILABILITY', 'I-AVAILABILITY', 'I-AVAILABILITY', 'O']"
Machine Learning,CSC412,Dr Pomele,2,"Ignores questions posted on the course forum, however uses good examples when teaching, but avoids questions that go beyond the syllabus.","[('Availability', 'negative'), ('Clarity of Instruction', 'positive'), ('Subject Knowledge', 'negative')]","['ignores', 'questions', 'posted', 'on', 'the', 'course', 'forum', ',', 'however', 'uses', 'good', 'examples', 'when', 'teaching', ',', 'but', 'avoids', 'questions', 'that', 'go', 'beyond', 'the', 'syllabus', '.']","['B-AVAILABILITY', 'I-AVAILABILITY', 'I-AVAILABILITY', 'I-AVAILABILITY', 'I-AVAILABILITY', 'I-AVAILABILITY', 'I-AVAILABILITY', 'O', 'O', 'B-CLARITY_OF_INSTRUCTION', 'I-CLARITY_OF_INSTRUCTION', 'I-CLARITY_OF_INSTRUCTION', 'I-CLARITY_OF_INSTRUCTION', 'I-CLARITY_OF_INSTRUCTION', 'O', 'O', 'B-SUBJECT_KNOWLEDGE', 'I-SUBJECT_KNOWLEDGE', 'I-SUBJECT_KNOWLEDGE', 'I-SUBJECT_KNOWLEDGE', 'I-SUBJECT_KNOWLEDGE', 'I-SUBJECT_KNOWLEDGE', 'I-SUBJECT_KNOWLEDGE', 'O']"
Introduction to Computing,CSC406,Dr Faith,3,"Seems annoyed when students ask for extra help, but every explanation is easy to follow.","[('Availability', 'negative'), ('Clarity of Instruction', 'positive')]","['seems', 'annoyed', 'when', 'students', 'ask', 'for', 'extra', 'help', ',', 'but', 'every', 'explanation', 'is', 'easy', 'to', 'follow', '.']","['B-AVAILABILITY', 'I-AVAILABILITY', 'I-AVAILABILITY', 'I-AVAILABILITY', 'I-AVAILABILITY', 'I-AVAILABILITY', 'I-AVAILABILITY', 'I-AVAILABILITY', 'O', 'O', 'B-CLARITY_OF_INSTRUCTION', 'I-CLARITY_OF_INSTRUCTION', 'I-CLARITY_OF_INSTRUCTION', 'I-CLARITY_OF_INSTRUCTION', 'I-CLARITY_OF_INSTRUCTION', 'I-CLARITY_OF_INSTRUCTION', 'O']"
Introduction to Computing,CSC412,Dr Martins,4,"Grades fairly and consistently, also keeps everyone engaged the whole session, also explains difficult concepts with real depth.","[('Assessment', 'positive'), ('Engagement', 'positive'), ('Subject Knowledge', 'positive')]","['grades', 'fairly', 'and', 'consistently', ',', 'also', 'keeps', 'everyone', 'engaged', 'the', 'whole', 'session', ',', 'also', 'explains', 'difficult', 'concepts', 'with', 'real', 'depth', '.']","['B-ASSESSMENT', 'I-ASSESSMENT', 'I-ASSESSMENT', 'I-ASSESSMENT', 'O', 'O', 'B-ENGAGEMENT', 'I-ENGAGEMENT', 'I-ENGAGEMENT', 'I-ENGAGEMENT', 'I-ENGAGEMENT', 'I-ENGAGEMENT', 'O', 'O', 'B-SUBJECT_KNOWLEDGE', 'I-SUBJECT_KNOWLEDGE', 'I-SUBJECT_KNOWLEDGE', 'I-SUBJECT_KNOWLEDGE', 'I-SUBJECT_KNOWLEDGE', 'I-SUBJECT_KNOWLEDGE', 'O']"
Cloud Computing,CSC406,Dr Adeyemi,5,Explains difficult material well.,"[('Clarity of Instruction', 'positive')]","['explains', 'difficult', 'material', 'well', '.']","['B-CLARITY_OF_INSTRUCTION', 'I-CLARITY_OF_INSTRUCTION', 'I-CLARITY_OF_INSTRUCTION', 'I-CLARITY_OF_INSTRUCTION', 'O']"
Introduction to Computing,CSC406,Dr Pomele,2,"Feels like a one-way monologue every time, also comments on assignments are unhelpful or missing, however explains difficult concepts with real depth.","[('Engagement', 'negative'), ('Assessment', 'negative'), ('Subject Knowledge', 'positive')]","['feels', 'like', 'a', 'one-way', 'monologue', 'every', 'time', ',', 'also', 'comments', 'on', 'assignments', 'are', 'unhelpful', 'or', 'missing', ',', 'however', 'explains', 'difficult', 'concepts', 'with', 'real', 'depth', '.']","['B-ENGAGEMENT', 'I-ENGAGEMENT', 'I-ENGAGEMENT', 'I-ENGAGEMENT', 'I-ENGAGEMENT', 'I-ENGAGEMENT', 'I-ENGAGEMENT', 'O', 'O', 'B-ASSESSMENT', 'I-ASSESSMENT', 'I-ASSESSMENT', 'I-ASSESSMENT', 'I-ASSESSMENT', 'I-ASSESSMENT', 'I-ASSESSMENT', 'O', 'O', 'B-SUBJECT_KNOWLEDGE', 'I-SUBJECT_KNOWLEDGE', 'I-SUBJECT_KNOWLEDGE', 'I-SUBJECT_KNOWLEDGE', 'I-SUBJECT_KNOWLEDGE', 'I-SUBJECT_KNOWLEDGE', 'O']"
Introduction to Computing,CSC101,Dr Pomele,4,Always available during office hours.,"[('Availability', 'positive')]","['always', 'available', 'during', 'office', 'hours', '.']","['B-AVAILABILITY', 'I-AVAILABILITY', 'I-AVAILABILITY', 'I-AVAILABILITY', 'I-AVAILABILITY', 'O']"
Cloud Computing,CSC412,Dr Faith,5,"I always leave the class understanding the topic, also goes beyond the textbook when explaining concepts, also rubrics are clear before submitting work.","[('Clarity of Instruction', 'positive'), ('Subject Knowledge', 'positive'), ('Assessment', 'positive')]","['i', 'always', 'leave', 'the', 'class', 'understanding', 'the', 'topic', ',', 'also', 'goes', 'beyond', 'the', 'textbook', 'when', 'explaining', 'concepts', ',', 'also', 'rubrics', 'are', 'clear', 'before', 'submitting', 'work', '.']","['B-CLARITY_OF_INSTRUCTION', 'I-CLARITY_OF_INSTRUCTION', 'I-CLARITY_OF_INSTRUCTION', 'I-CLARITY_OF_INSTRUCTION', 'I-CLARITY_OF_INSTRUCTION', 'I-CLARITY_OF_INSTRUCTION', 'I-CLARITY_OF_INSTRUCTION', 'I-CLARITY_OF_INSTRUCTION', 'O', 'O', 'B-SUBJECT_KNOWLEDGE', 'I-SUBJECT_KNOWLEDGE', 'I-SUBJECT_KNOWLEDGE', 'I-SUBJECT_KNOWLEDGE', 'I-SUBJECT_KNOWLEDGE', 'I-SUBJECT_KNOWLEDGE', 'I-SUBJECT_KNOWLEDGE', 'O', 'O', 'B-ASSESSMENT', 'I-ASSESSMENT', 'I-ASSESSMENT', 'I-ASSESSMENT', 'I-ASSESSMENT', 'I-ASSESSMENT', 'O']"
Cloud Computing,CSC101,Dr Pomele,4,"Clearly knows the material inside and out, and returns graded work quickly.","[('Subject Knowledge', 'positive'), ('Assessment', 'positive')]","['clearly', 'knows', 'the', 'material', 'inside', 'and', 'out', ',', 'and', 'returns', 'graded', 'work', 'quickly', '.']","['B-SUBJECT_KNOWLEDGE', 'I-SUBJECT_KNOWLEDGE', 'I-SUBJECT_KNOWLEDGE', 'I-SUBJECT_KNOWLEDGE', 'I-SUBJECT_KNOWLEDGE', 'I-SUBJECT_KNOWLEDGE', 'I-SUBJECT_KNOWLEDGE', 'O', 'O', 'B-ASSESSMENT', 'I-ASSESSMENT', 'I-ASSESSMENT', 'I-ASSESSMENT', 'O']"
Cloud Computing,CSC408,Dr Okafor,4,I always leave the class understanding the topic.,"[('Clarity of Instruction', 'positive')]","['i', 'always', 'leave', 'the', 'class', 'understanding', 'the', 'topic', '.']","['B-CLARITY_OF_INSTRUCTION', 'I-CLARITY_OF_INSTRUCTION', 'I-CLARITY_OF_INSTRUCTION', 'I-CLARITY_OF_INSTRUCTION', 'I-CLARITY_OF_INSTRUCTION', 'I-CLARITY_OF_INSTRUCTION', 'I-CLARITY_OF_INSTRUCTION', 'I-CLARITY_OF_INSTRUCTION', 'O']"
Special Computing,CSC406,Dr Martins,5,Responds to emails quickly.,"[('Availability', 'positive')]","['responds', 'to', 'emails', 'quickly', '.']","['B-AVAILABILITY', 'I-AVAILABILITY', 'I-AVAILABILITY', 'I-AVAILABILITY', 'O']"
Cloud Computing,CSC410,Dr Martins,1,Hard to schedule any one-on-one time.,"[('Availability', 'negative')]","['hard', 'to', 'schedule', 'any', 'one-on-one', 'time', '.']","['B-AVAILABILITY', 'I-AVAILABILITY', 'I-AVAILABILITY', 'I-AVAILABILITY', 'I-AVAILABILITY', 'I-AVAILABILITY', 'O']"
Introduction to Computing,CSC410,Dr Okafor,2,"is nearly impossible to reach outside class, and rushes through explanations, although involves the class with questions and debates.","[('Availability', 'negative'), ('Clarity of Instruction', 'negative'), ('Engagement', 'positive')]","['is', 'nearly', 'impossible', 'to', 'reach', 'outside', 'class', ',', 'and', 'rushes', 'through', 'explanations', ',', 'although', 'involves', 'the', 'class', 'with', 'questions', 'and', 'debates', '.']","['B-AVAILABILITY', 'I-AVAILABILITY', 'I-AVAILABILITY', 'I-AVAILABILITY', 'I-AVAILABILITY', 'I-AVAILABILITY', 'I-AVAILABILITY', 'O', 'O', 'B-CLARITY_OF_INSTRUCTION', 'I-CLARITY_OF_INSTRUCTION', 'I-CLARITY_OF_INSTRUCTION', 'O', 'O', 'B-ENGAGEMENT', 'I-ENGAGEMENT', 'I-ENGAGEMENT', 'I-ENGAGEMENT', 'I-ENGAGEMENT', 'I-ENGAGEMENT', 'I-ENGAGEMENT', 'O']"
Cloud Computing,CSC410,Dr Adeyemi,3,Replies on the discussion forum within a day.,"[('Availability', 'positive')]","['replies', 'on', 'the', 'discussion', 'forum', 'within', 'a', 'day', '.']","['B-AVAILABILITY', 'I-AVAILABILITY', 'I-AVAILABILITY', 'I-AVAILABILITY', 'I-AVAILABILITY', 'I-AVAILABILITY', 'I-AVAILABILITY', 'I-AVAILABILITY', 'O']"
Cloud Computing,CSC412,Dr Faith,4,"Rubrics are clear before submitting work, also explains difficult material well, also makes the class genuinely interesting.","[('Assessment', 'positive'), ('Clarity of Instruction', 'positive'), ('Engagement', 'positive')]","['rubrics', 'are', 'clear', 'before', 'submitting', 'work', ',', 'also', 'explains', 'difficult', 'material', 'well', ',', 'also', 'makes', 'the', 'class', 'genuinely', 'interesting', '.']","['B-ASSESSMENT', 'I-ASSESSMENT', 'I-ASSESSMENT', 'I-ASSESSMENT', 'I-ASSESSMENT', 'I-ASSESSMENT', 'O', 'O', 'B-CLARITY_OF_INSTRUCTION', 'I-CLARITY_OF_INSTRUCTION', 'I-CLARITY_OF_INSTRUCTION', 'I-CLARITY_OF_INSTRUCTION', 'O', 'O', 'B-ENGAGEMENT', 'I-ENGAGEMENT', 'I-ENGAGEMENT', 'I-ENGAGEMENT', 'I-ENGAGEMENT', 'O']"
Machine Learning,CSC412,Dr Faith,5,Rubrics are clear before submitting work.,"[('Assessment', 'positive')]","['rubrics', 'are', 'clear', 'before', 'submitting', 'work', '.']","['B-ASSESSMENT', 'I-ASSESSMENT', 'I-ASSESSMENT', 'I-ASSESSMENT', 'I-ASSESSMENT', 'I-ASSESSMENT', 'O']"
Data Science,CSC408,Dr Okafor,1,Avoids questions that go beyond the syllabus.,"[('Subject Knowledge', 'negative')]","['avoids', 'questions', 'that', 'go', 'beyond', 'the', 'syllabus', '.']","['B-SUBJECT_KNOWLEDGE', 'I-SUBJECT_KNOWLEDGE', 'I-SUBJECT_KNOWLEDGE', 'I-SUBJECT_KNOWLEDGE', 'I-SUBJECT_KNOWLEDGE', 'I-SUBJECT_KNOWLEDGE', 'I-SUBJECT_KNOWLEDGE', 'O']"
Machine Learning,CSC101,Dr Adeyemi,1,"Skips important details when explaining, although turns dry topics into lively discussions, but comments on assignments are unhelpful or missing.","[('Clarity of Instruction', 'negative'), ('Engagement', 'positive'), ('Assessment', 'negative')]","['skips', 'important', 'details', 'when', 'explaining', ',', 'although', 'turns', 'dry', 'topics', 'into', 'lively', 'discussions', ',', 'but', 'comments', 'on', 'assignments', 'are', 'unhelpful', 'or', 'missing', '.']","['B-CLARITY_OF_INSTRUCTION', 'I-CLARITY_OF_INSTRUCTION', 'I-CLARITY_OF_INSTRUCTION', 'I-CLARITY_OF_INSTRUCTION', 'I-CLARITY_OF_INSTRUCTION', 'O', 'O', 'B-ENGAGEMENT', 'I-ENGAGEMENT', 'I-ENGAGEMENT', 'I-ENGAGEMENT', 'I-ENGAGEMENT', 'I-ENGAGEMENT', 'O', 'O', 'B-ASSESSMENT', 'I-ASSESSMENT', 'I-ASSESSMENT', 'I-ASSESSMENT', 'I-ASSESSMENT', 'I-ASSESSMENT', 'I-ASSESSMENT', 'O']"
Introduction to Computing,CSC412,Dr Faith,1,"Feedback is vague or nonexistent, however i trust his understanding of even advanced topics, although seems annoyed when students ask for extra help.","[('Assessment', 'negative'), ('Subject Knowledge', 'positive'), ('Availability', 'negative')]","['feedback', 'is', 'vague', 'or', 'nonexistent', ',', 'however', 'i', 'trust', 'his', 'understanding', 'of', 'even', 'advanced', 'topics', ',', 'although', 'seems', 'annoyed', 'when', 'students', 'ask', 'for', 'extra', 'help', '.']","['B-ASSESSMENT', 'I-ASSESSMENT', 'I-ASSESSMENT', 'I-ASSESSMENT', 'I-ASSESSMENT', 'O', 'O', 'B-SUBJECT_KNOWLEDGE', 'I-SUBJECT_KNOWLEDGE', 'I-SUBJECT_KNOWLEDGE', 'I-SUBJECT_KNOWLEDGE', 'I-SUBJECT_KNOWLEDGE', 'I-SUBJECT_KNOWLEDGE', 'I-SUBJECT_KNOWLEDGE', 'I-SUBJECT_KNOWLEDGE', 'O', 'O', 'B-AVAILABILITY', 'I-AVAILABILITY', 'I-AVAILABILITY', 'I-AVAILABILITY', 'I-AVAILABILITY', 'I-AVAILABILITY', 'I-AVAILABILITY', 'I-AVAILABILITY', 'O']"
Cloud Computing,CSC412,Dr Pomele,2,"Answers even the toughest questions confidently, however grading seems arbitrary from one submission to the next.","[('Subject Knowledge', 'positive'), ('Assessment', 'negative')]","['answers', 'even', 'the', 'toughest', 'questions', 'confidently', ',', 'however', 'grading', 'seems', 'arbitrary', 'from', 'one', 'submission', 'to', 'the', 'next', '.']","['B-SUBJECT_KNOWLEDGE', 'I-SUBJECT_KNOWLEDGE', 'I-SUBJECT_KNOWLEDGE', 'I-SUBJECT_KNOWLEDGE', 'I-SUBJECT_KNOWLEDGE', 'I-SUBJECT_KNOWLEDGE', 'O', 'O', 'B-ASSESSMENT', 'I-ASSESSMENT', 'I-ASSESSMENT', 'I-ASSESSMENT', 'I-ASSESSMENT', 'I-ASSESSMENT', 'I-ASSESSMENT', 'I-ASSESSMENT', 'I-ASSESSMENT', 'O']"
Machine Learning,CSC410,Dr Okafor,1,I never know why I lost points.,"[('Assessment', 'negative')]","['i', 'never', 'know', 'why', 'i', 'lost', 'points', '.']","['B-ASSESSMENT', 'I-ASSESSMENT', 'I-ASSESSMENT', 'I-ASSESSMENT', 'I-ASSESSMENT', 'I-ASSESSMENT', 'I-ASSESSMENT', 'O']"
Cloud Computing,CSC101,Dr Martins,1,Cancels office hours without notice.,"[('Availability', 'negative')]","['cancels', 'office', 'hours', 'without', 'notice', '.']","['B-AVAILABILITY', 'I-AVAILABILITY', 'I-AVAILABILITY', 'I-AVAILABILITY', 'I-AVAILABILITY', 'O']"
Introduction to Computing,CSC410,Dr Adeyemi,4,Makes the class genuinely interesting.,"[('Engagement', 'positive')]","['makes', 'the', 'class', 'genuinely', 'interesting', '.']","['B-ENGAGEMENT', 'I-ENGAGEMENT', 'I-ENGAGEMENT', 'I-ENGAGEMENT', 'I-ENGAGEMENT', 'O']"
Special Computing,CSC406,Dr Martins,5,"Gives vague answers when pushed for detail, and skips important details when explaining.","[('Subject Knowledge', 'negative'), ('Clarity of Instruction', 'negative')]","['gives', 'vague', 'answers', 'when', 'pushed', 'for', 'detail', ',', 'and', 'skips', 'important', 'details', 'when', 'explaining', '.']","['B-SUBJECT_KNOWLEDGE', 'I-SUBJECT_KNOWLEDGE', 'I-SUBJECT_KNOWLEDGE', 'I-SUBJECT_KNOWLEDGE', 'I-SUBJECT_KNOWLEDGE', 'I-SUBJECT_KNOWLEDGE', 'I-SUBJECT_KNOWLEDGE', 'O', 'O', 'B-CLARITY_OF_INSTRUCTION', 'I-CLARITY_OF_INSTRUCTION', 'I-CLARITY_OF_INSTRUCTION', 'I-CLARITY_OF_INSTRUCTION', 'I-CLARITY_OF_INSTRUCTION', 'O']"
Introduction to Computing,CSC410,Dr Pomele,5,"Turns dry topics into lively discussions, also grades fairly and consistently, however doesn't explain well.","[('Engagement', 'positive'), ('Assessment', 'positive'), ('Clarity of Instruction', 'negative')]","['turns', 'dry', 'topics', 'into', 'lively', 'discussions', ',', 'also', 'grades', 'fairly', 'and', 'consistently', ',', 'however', 'does', ""n't"", 'explain', 'well', '.']","['B-ENGAGEMENT', 'I-ENGAGEMENT', 'I-ENGAGEMENT', 'I-ENGAGEMENT', 'I-ENGAGEMENT', 'I-ENGAGEMENT', 'O', 'O', 'B-ASSESSMENT', 'I-ASSESSMENT', 'I-ASSESSMENT', 'I-ASSESSMENT', 'O', 'O', 'B-CLARITY_OF_INSTRUCTION', 'I-CLARITY_OF_INSTRUCTION', 'I-CLARITY_OF_INSTRUCTION', 'I-CLARITY_OF_INSTRUCTION', 'O']"
Cloud Computing,CSC410,Dr Adeyemi,2,His grasp of the subject feels shaky.,"[('Subject Knowledge', 'negative')]","['his', 'grasp', 'of', 'the', 'subject', 'feels', 'shaky', '.']","['B-SUBJECT_KNOWLEDGE', 'I-SUBJECT_KNOWLEDGE', 'I-SUBJECT_KNOWLEDGE', 'I-SUBJECT_KNOWLEDGE', 'I-SUBJECT_KNOWLEDGE', 'I-SUBJECT_KNOWLEDGE', 'I-SUBJECT_KNOWLEDGE', 'O']"
Introduction to Computing,CSC408,Dr Okafor,4,"Replies on the discussion forum within a day, also grading feels transparent and well-justified.","[('Availability', 'positive'), ('Assessment', 'positive')]","['replies', 'on', 'the', 'discussion', 'forum', 'within', 'a', 'day', ',', 'also', 'grading', 'feels', 'transparent', 'and', 'well-justified', '.']","['B-AVAILABILITY', 'I-AVAILABILITY', 'I-AVAILABILITY', 'I-AVAILABILITY', 'I-AVAILABILITY', 'I-AVAILABILITY', 'I-AVAILABILITY', 'I-AVAILABILITY', 'O', 'O', 'B-ASSESSMENT', 'I-ASSESSMENT', 'I-ASSESSMENT', 'I-ASSESSMENT', 'I-ASSESSMENT', 'O']"
Data Science,CSC408,Dr Pomele,1,grades inconsistently between students.,"[('Assessment', 'negative')]","['grades', 'inconsistently', 'between', 'students', '.']","['B-ASSESSMENT', 'I-ASSESSMENT', 'I-ASSESSMENT', 'I-ASSESSMENT', 'O']"
Machine Learning,CSC410,Dr Martins,2,"Lectures feel disorganized and hard to follow, and help with grading disputes is hard to get, however makes time for students who are struggling.","[('Clarity of Instruction', 'negative'), ('Assessment', 'negative'), ('Availability', 'positive')]","['lectures', 'feel', 'disorganized', 'and', 'hard', 'to', 'follow', ',', 'and', 'help', 'with', 'grading', 'disputes', 'is', 'hard', 'to', 'get', ',', 'however', 'makes', 'time', 'for', 'students', 'who', 'are', 'struggling', '.']","['B-CLARITY_OF_INSTRUCTION', 'I-CLARITY_OF_INSTRUCTION', 'I-CLARITY_OF_INSTRUCTION', 'I-CLARITY_OF_INSTRUCTION', 'I-CLARITY_OF_INSTRUCTION', 'I-CLARITY_OF_INSTRUCTION', 'I-CLARITY_OF_INSTRUCTION', 'O', 'O', 'B-ASSESSMENT', 'I-ASSESSMENT', 'I-ASSESSMENT', 'I-ASSESSMENT', 'I-ASSESSMENT', 'I-ASSESSMENT', 'I-ASSESSMENT', 'I-ASSESSMENT', 'O', 'O', 'B-AVAILABILITY', 'I-AVAILABILITY', 'I-AVAILABILITY', 'I-AVAILABILITY', 'I-AVAILABILITY', 'I-AVAILABILITY', 'I-AVAILABILITY', 'O']"
Cloud Computing,CSC412,Dr Pomele,4,Has deep knowledge of the subject.,"[('Subject Knowledge', 'positive')]","['has', 'deep', 'knowledge', 'of', 'the', 'subject', '.']","['B-SUBJECT_KNOWLEDGE', 'I-SUBJECT_KNOWLEDGE', 'I-SUBJECT_KNOWLEDGE', 'I-SUBJECT_KNOWLEDGE', 'I-SUBJECT_KNOWLEDGE', 'I-SUBJECT_KNOWLEDGE', 'O']"
Data Science,CSC412,Dr Okafor,4,"Feedback actually helps me improve next time, and the way he breaks down ideas makes sense, however never holds actual office hours.","[('Assessment', 'positive'), ('Clarity of Instruction', 'positive'), ('Availability', 'negative')]","['feedback', 'actually', 'helps', 'me', 'improve', 'next', 'time', ',', 'and', 'the', 'way', 'he', 'breaks', 'down', 'ideas', 'makes', 'sense', ',', 'however', 'never', 'holds', 'actual', 'office', 'hours', '.']","['B-ASSESSMENT', 'I-ASSESSMENT', 'I-ASSESSMENT', 'I-ASSESSMENT', 'I-ASSESSMENT', 'I-ASSESSMENT', 'I-ASSESSMENT', 'O', 'O', 'B-CLARITY_OF_INSTRUCTION', 'I-CLARITY_OF_INSTRUCTION', 'I-CLARITY_OF_INSTRUCTION', 'I-CLARITY_OF_INSTRUCTION', 'I-CLARITY_OF_INSTRUCTION', 'I-CLARITY_OF_INSTRUCTION', 'I-CLARITY_OF_INSTRUCTION', 'I-CLARITY_OF_INSTRUCTION', 'O', 'O', 'B-AVAILABILITY', 'I-AVAILABILITY', 'I-AVAILABILITY', 'I-AVAILABILITY', 'I-AVAILABILITY', 'O']"
Cloud Computing,CSC410,Dr Pomele,2,"Complicates simple topics, but i actually look forward to this class, but struggles to answer basic questions.","[('Clarity of Instruction', 'negative'), ('Engagement', 'positive'), ('Subject Knowledge', 'negative')]","['complicates', 'simple', 'topics', ',', 'but', 'i', 'actually', 'look', 'forward', 'to', 'this', 'class', ',', 'but', 'struggles', 'to', 'answer', 'basic', 'questions', '.']","['B-CLARITY_OF_INSTRUCTION', 'I-CLARITY_OF_INSTRUCTION', 'I-CLARITY_OF_INSTRUCTION', 'O', 'O', 'B-ENGAGEMENT', 'I-ENGAGEMENT', 'I-ENGAGEMENT', 'I-ENGAGEMENT', 'I-ENGAGEMENT', 'I-ENGAGEMENT', 'I-ENGAGEMENT', 'O', 'O', 'B-SUBJECT_KNOWLEDGE', 'I-SUBJECT_KNOWLEDGE', 'I-SUBJECT_KNOWLEDGE', 'I-SUBJECT_KNOWLEDGE', 'I-SUBJECT_KNOWLEDGE', 'O']"
Special Computing,CSC410,Dr Pomele,1,Can't connect concepts to real applications.,"[('Subject Knowledge', 'negative')]","['ca', ""n't"", 'connect', 'concepts', 'to', 'real', 'applications', '.']","['B-SUBJECT_KNOWLEDGE', 'I-SUBJECT_KNOWLEDGE', 'I-SUBJECT_KNOWLEDGE', 'I-SUBJECT_KNOWLEDGE', 'I-SUBJECT_KNOWLEDGE', 'I-SUBJECT_KNOWLEDGE', 'I-SUBJECT_KNOWLEDGE', 'O']"
Introduction to Computing,CSC101,Dr Adeyemi,4,"Happy to answer questions after class, also i actually look forward to this class.","[('Availability', 'positive'), ('Engagement', 'positive')]","['happy', 'to', 'answer', 'questions', 'after', 'class', ',', 'also', 'i', 'actually', 'look', 'forward', 'to', 'this', 'class', '.']","['B-AVAILABILITY', 'I-AVAILABILITY', 'I-AVAILABILITY', 'I-AVAILABILITY', 'I-AVAILABILITY', 'I-AVAILABILITY', 'O', 'O', 'B-ENGAGEMENT', 'I-ENGAGEMENT', 'I-ENGAGEMENT', 'I-ENGAGEMENT', 'I-ENGAGEMENT', 'I-ENGAGEMENT', 'I-ENGAGEMENT', 'O']"
Special Computing,CSC406,Dr Adeyemi,1,"Takes weeks to return graded assignments, however uses humor to keep the room awake, however emails go unanswered for over a week.","[('Assessment', 'negative'), ('Engagement', 'positive'), ('Availability', 'negative')]","['takes', 'weeks', 'to', 'return', 'graded', 'assignments', ',', 'however', 'uses', 'humor', 'to', 'keep', 'the', 'room', 'awake', ',', 'however', 'emails', 'go', 'unanswered', 'for', 'over', 'a', 'week', '.']","['B-ASSESSMENT', 'I-ASSESSMENT', 'I-ASSESSMENT', 'I-ASSESSMENT', 'I-ASSESSMENT', 'I-ASSESSMENT', 'O', 'O', 'B-ENGAGEMENT', 'I-ENGAGEMENT', 'I-ENGAGEMENT', 'I-ENGAGEMENT', 'I-ENGAGEMENT', 'I-ENGAGEMENT', 'I-ENGAGEMENT', 'O', 'O', 'B-AVAILABILITY', 'I-AVAILABILITY', 'I-AVAILABILITY', 'I-AVAILABILITY', 'I-AVAILABILITY', 'I-AVAILABILITY', 'I-AVAILABILITY', 'O']"
Machine Learning,CSC408,Dr Faith,3,Gives detailed feedback on assignments.,"[('Assessment', 'positive')]","['gives', 'detailed', 'feedback', 'on', 'assignments', '.']","['B-ASSESSMENT', 'I-ASSESSMENT', 'I-ASSESSMENT', 'I-ASSESSMENT', 'I-ASSESSMENT', 'O']"
Machine Learning,CSC101,Dr Adeyemi,5,Grades fairly and consistently.,"[('Assessment', 'positive')]","['grades', 'fairly', 'and', 'consistently', '.']","['B-ASSESSMENT', 'I-ASSESSMENT', 'I-ASSESSMENT', 'I-ASSESSMENT', 'O']"
Data Science,CSC101,Dr Faith,5,Has deep knowledge of the subject.,"[('Subject Knowledge', 'positive')]","['has', 'deep', 'knowledge', 'of', 'the', 'subject', '.']","['B-SUBJECT_KNOWLEDGE', 'I-SUBJECT_KNOWLEDGE', 'I-SUBJECT_KNOWLEDGE', 'I-SUBJECT_KNOWLEDGE', 'I-SUBJECT_KNOWLEDGE', 'I-SUBJECT_KNOWLEDGE', 'O']"
Special Computing,CSC410,Dr Okafor,2,"Seems to be reading straight from slides, also hard to follow his explanations, however makes the class genuinely interesting.","[('Subject Knowledge', 'negative'), ('Clarity of Instruction', 'negative'), ('Engagement', 'positive')]","['seems', 'to', 'be', 'reading', 'straight', 'from', 'slides', ',', 'also', 'hard', 'to', 'follow', 'his', 'explanations', ',', 'however', 'makes', 'the', 'class', 'genuinely', 'interesting', '.']","['B-SUBJECT_KNOWLEDGE', 'I-SUBJECT_KNOWLEDGE', 'I-SUBJECT_KNOWLEDGE', 'I-SUBJECT_KNOWLEDGE', 'I-SUBJECT_KNOWLEDGE', 'I-SUBJECT_KNOWLEDGE', 'I-SUBJECT_KNOWLEDGE', 'O', 'O', 'B-CLARITY_OF_INSTRUCTION', 'I-CLARITY_OF_INSTRUCTION', 'I-CLARITY_OF_INSTRUCTION', 'I-CLARITY_OF_INSTRUCTION', 'I-CLARITY_OF_INSTRUCTION', 'O', 'O', 'B-ENGAGEMENT', 'I-ENGAGEMENT', 'I-ENGAGEMENT', 'I-ENGAGEMENT', 'I-ENGAGEMENT', 'O']"
Special Computing,CSC412,Dr Okafor,3,"doesn't seem to know the material well, but replies on the discussion forum within a day.","[('Subject Knowledge', 'negative'), ('Availability', 'positive')]","['does', ""n't"", 'seem', 'to', 'know', 'the', 'material', 'well', ',', 'but', 'replies', 'on', 'the', 'discussion', 'forum', 'within', 'a', 'day', '.']","['B-SUBJECT_KNOWLEDGE', 'I-SUBJECT_KNOWLEDGE', 'I-SUBJECT_KNOWLEDGE', 'I-SUBJECT_KNOWLEDGE', 'I-SUBJECT_KNOWLEDGE', 'I-SUBJECT_KNOWLEDGE', 'I-SUBJECT_KNOWLEDGE', 'I-SUBJECT_KNOWLEDGE', 'O', 'O', 'B-AVAILABILITY', 'I-AVAILABILITY', 'I-AVAILABILITY', 'I-AVAILABILITY', 'I-AVAILABILITY', 'I-AVAILABILITY', 'I-AVAILABILITY', 'I-AVAILABILITY', 'O']"
Data Science,CSC410,Dr Okafor,5,"Gives detailed feedback on assignments, also explains difficult concepts with real depth, but doesn't explain well.","[('Assessment', 'positive'), ('Subject Knowledge', 'positive'), ('Clarity of Instruction', 'negative')]","['gives', 'detailed', 'feedback', 'on', 'assignments', ',', 'also', 'explains', 'difficult', 'concepts', 'with', 'real', 'depth', ',', 'but', 'does', ""n't"", 'explain', 'well', '.']","['B-ASSESSMENT', 'I-ASSESSMENT', 'I-ASSESSMENT', 'I-ASSESSMENT', 'I-ASSESSMENT', 'O', 'O', 'B-SUBJECT_KNOWLEDGE', 'I-SUBJECT_KNOWLEDGE', 'I-SUBJECT_KNOWLEDGE', 'I-SUBJECT_KNOWLEDGE', 'I-SUBJECT_KNOWLEDGE', 'I-SUBJECT_KNOWLEDGE', 'O', 'O', 'B-CLARITY_OF_INSTRUCTION', 'I-CLARITY_OF_INSTRUCTION', 'I-CLARITY_OF_INSTRUCTION', 'I-CLARITY_OF_INSTRUCTION', 'O']"
Special Computing,CSC101,Dr Martins,1,"Just reads off slides with no energy, and emails go unanswered for over a week.","[('Engagement', 'negative'), ('Availability', 'negative')]","['just', 'reads', 'off', 'slides', 'with', 'no', 'energy', ',', 'and', 'emails', 'go', 'unanswered', 'for', 'over', 'a', 'week', '.']","['B-ENGAGEMENT', 'I-ENGAGEMENT', 'I-ENGAGEMENT', 'I-ENGAGEMENT', 'I-ENGAGEMENT', 'I-ENGAGEMENT', 'I-ENGAGEMENT', 'O', 'O', 'B-AVAILABILITY', 'I-AVAILABILITY', 'I-AVAILABILITY', 'I-AVAILABILITY', 'I-AVAILABILITY', 'I-AVAILABILITY', 'I-AVAILABILITY', 'O']"
Data Science,CSC410,Dr Faith,4,"Answers even the toughest questions confidently, also i always understand why i lost points.","[('Subject Knowledge', 'positive'), ('Assessment', 'positive')]","['answers', 'even', 'the', 'toughest', 'questions', 'confidently', ',', 'also', 'i', 'always', 'understand', 'why', 'i', 'lost', 'points', '.']","['B-SUBJECT_KNOWLEDGE', 'I-SUBJECT_KNOWLEDGE', 'I-SUBJECT_KNOWLEDGE', 'I-SUBJECT_KNOWLEDGE', 'I-SUBJECT_KNOWLEDGE', 'I-SUBJECT_KNOWLEDGE', 'O', 'O', 'B-ASSESSMENT', 'I-ASSESSMENT', 'I-ASSESSMENT', 'I-ASSESSMENT', 'I-ASSESSMENT', 'I-ASSESSMENT', 'I-ASSESSMENT', 'O']"
Cloud Computing,CSC410,Dr Adeyemi,1,Gives vague answers when pushed for detail.,"[('Subject Knowledge', 'negative')]","['gives', 'vague', 'answers', 'when', 'pushed', 'for', 'detail', '.']","['B-SUBJECT_KNOWLEDGE', 'I-SUBJECT_KNOWLEDGE', 'I-SUBJECT_KNOWLEDGE', 'I-SUBJECT_KNOWLEDGE', 'I-SUBJECT_KNOWLEDGE', 'I-SUBJECT_KNOWLEDGE', 'I-SUBJECT_KNOWLEDGE', 'O']"
Cloud Computing,CSC406,Dr Okafor,5,"Lectures feel disorganized and hard to follow, although involves the class with questions and debates, and you can tell he's mastered this field.","[('Clarity of Instruction', 'negative'), ('Engagement', 'positive'), ('Subject Knowledge', 'positive')]","['lectures', 'feel', 'disorganized', 'and', 'hard', 'to', 'follow', ',', 'although', 'involves', 'the', 'class', 'with', 'questions', 'and', 'debates', ',', 'and', 'you', 'can', 'tell', 'he', ""'s"", 'mastered', 'this', 'field', '.']","['B-CLARITY_OF_INSTRUCTION', 'I-CLARITY_OF_INSTRUCTION', 'I-CLARITY_OF_INSTRUCTION', 'I-CLARITY_OF_INSTRUCTION', 'I-CLARITY_OF_INSTRUCTION', 'I-CLARITY_OF_INSTRUCTION', 'I-CLARITY_OF_INSTRUCTION', 'O', 'O', 'B-ENGAGEMENT', 'I-ENGAGEMENT', 'I-ENGAGEMENT', 'I-ENGAGEMENT', 'I-ENGAGEMENT', 'I-ENGAGEMENT', 'I-ENGAGEMENT', 'O', 'O', 'B-SUBJECT_KNOWLEDGE', 'I-SUBJECT_KNOWLEDGE', 'I-SUBJECT_KNOWLEDGE', 'I-SUBJECT_KNOWLEDGE', 'I-SUBJECT_KNOWLEDGE', 'I-SUBJECT_KNOWLEDGE', 'I-SUBJECT_KNOWLEDGE', 'I-SUBJECT_KNOWLEDGE', 'O']"
Introduction to Computing,CSC406,Dr Pomele,1,Avoids questions that go beyond the syllabus.,"[('Subject Knowledge', 'negative')]","['avoids', 'questions', 'that', 'go', 'beyond', 'the', 'syllabus', '.']","['B-SUBJECT_KNOWLEDGE', 'I-SUBJECT_KNOWLEDGE', 'I-SUBJECT_KNOWLEDGE', 'I-SUBJECT_KNOWLEDGE', 'I-SUBJECT_KNOWLEDGE', 'I-SUBJECT_KNOWLEDGE', 'I-SUBJECT_KNOWLEDGE', 'O']"
Cloud Computing,CSC410,Dr Faith,2,Can't connect concepts to real applications.,"[('Subject Knowledge', 'negative')]","['ca', ""n't"", 'connect', 'concepts', 'to', 'real', 'applications', '.']","['B-SUBJECT_KNOWLEDGE', 'I-SUBJECT_KNOWLEDGE', 'I-SUBJECT_KNOWLEDGE', 'I-SUBJECT_KNOWLEDGE', 'I-SUBJECT_KNOWLEDGE', 'I-SUBJECT_KNOWLEDGE', 'I-SUBJECT_KNOWLEDGE', 'O']"
Introduction to Computing,CSC408,Dr Okafor,4,Clearly knows the material inside and out.,"[('Subject Knowledge', 'positive')]","['clearly', 'knows', 'the', 'material', 'inside', 'and', 'out', '.']","['B-SUBJECT_KNOWLEDGE', 'I-SUBJECT_KNOWLEDGE', 'I-SUBJECT_KNOWLEDGE', 'I-SUBJECT_KNOWLEDGE', 'I-SUBJECT_KNOWLEDGE', 'I-SUBJECT_KNOWLEDGE', 'I-SUBJECT_KNOWLEDGE', 'O']"
Introduction to Computing,CSC101,Dr Pomele,2,I never know why I lost points.,"[('Assessment', 'negative')]","['i', 'never', 'know', 'why', 'i', 'lost', 'points', '.']","['B-ASSESSMENT', 'I-ASSESSMENT', 'I-ASSESSMENT', 'I-ASSESSMENT', 'I-ASSESSMENT', 'I-ASSESSMENT', 'I-ASSESSMENT', 'O']"
Data Science,CSC101,Dr Pomele,1,"Grading seems arbitrary from one submission to the next, however has deep knowledge of the subject, however uses confusing terms without breaking them down.","[('Assessment', 'negative'), ('Subject Knowledge', 'positive'), ('Clarity of Instruction', 'negative')]","['grading', 'seems', 'arbitrary', 'from', 'one', 'submission', 'to', 'the', 'next', ',', 'however', 'has', 'deep', 'knowledge', 'of', 'the', 'subject', ',', 'however', 'uses', 'confusing', 'terms', 'without', 'breaking', 'them', 'down', '.']","['B-ASSESSMENT', 'I-ASSESSMENT', 'I-ASSESSMENT', 'I-ASSESSMENT', 'I-ASSESSMENT', 'I-ASSESSMENT', 'I-ASSESSMENT', 'I-ASSESSMENT', 'I-ASSESSMENT', 'O', 'O', 'B-SUBJECT_KNOWLEDGE', 'I-SUBJECT_KNOWLEDGE', 'I-SUBJECT_KNOWLEDGE', 'I-SUBJECT_KNOWLEDGE', 'I-SUBJECT_KNOWLEDGE', 'I-SUBJECT_KNOWLEDGE', 'O', 'O', 'B-CLARITY_OF_INSTRUCTION', 'I-CLARITY_OF_INSTRUCTION', 'I-CLARITY_OF_INSTRUCTION', 'I-CLARITY_OF_INSTRUCTION', 'I-CLARITY_OF_INSTRUCTION', 'I-CLARITY_OF_INSTRUCTION', 'I-CLARITY_OF_INSTRUCTION', 'O']"
Introduction to Computing,CSC412,Dr Okafor,5,Always available during office hours.,"[('Availability', 'positive')]","['always', 'available', 'during', 'office', 'hours', '.']","['B-AVAILABILITY', 'I-AVAILABILITY', 'I-AVAILABILITY', 'I-AVAILABILITY', 'I-AVAILABILITY', 'O']"
Data Science,CSC406,Dr Pomele,4,"Involves the class with questions and debates, and every explanation is easy to follow.","[('Engagement', 'positive'), ('Clarity of Instruction', 'positive')]","['involves', 'the', 'class', 'with', 'questions', 'and', 'debates', ',', 'and', 'every', 'explanation', 'is', 'easy', 'to', 'follow', '.']","['B-ENGAGEMENT', 'I-ENGAGEMENT', 'I-ENGAGEMENT', 'I-ENGAGEMENT', 'I-ENGAGEMENT', 'I-ENGAGEMENT', 'I-ENGAGEMENT', 'O', 'O', 'B-CLARITY_OF_INSTRUCTION', 'I-CLARITY_OF_INSTRUCTION', 'I-CLARITY_OF_INSTRUCTION', 'I-CLARITY_OF_INSTRUCTION', 'I-CLARITY_OF_INSTRUCTION', 'I-CLARITY_OF_INSTRUCTION', 'O']"
Introduction to Computing,CSC101,Dr Martins,3,"Ignores questions posted on the course forum, but exams match what was actually taught.","[('Availability', 'negative'), ('Assessment', 'positive')]","['ignores', 'questions', 'posted', 'on', 'the', 'course', 'forum', ',', 'but', 'exams', 'match', 'what', 'was', 'actually', 'taught', '.']","['B-AVAILABILITY', 'I-AVAILABILITY', 'I-AVAILABILITY', 'I-AVAILABILITY', 'I-AVAILABILITY', 'I-AVAILABILITY', 'I-AVAILABILITY', 'O', 'O', 'B-ASSESSMENT', 'I-ASSESSMENT', 'I-ASSESSMENT', 'I-ASSESSMENT', 'I-ASSESSMENT', 'I-ASSESSMENT', 'O']"
Machine Learning,CSC412,Dr Okafor,4,"Grades fairly and consistently, and clearly knows the material inside and out.","[('Assessment', 'positive'), ('Subject Knowledge', 'positive')]","['grades', 'fairly', 'and', 'consistently', ',', 'and', 'clearly', 'knows', 'the', 'material', 'inside', 'and', 'out', '.']","['B-ASSESSMENT', 'I-ASSESSMENT', 'I-ASSESSMENT', 'I-ASSESSMENT', 'O', 'O', 'B-SUBJECT_KNOWLEDGE', 'I-SUBJECT_KNOWLEDGE', 'I-SUBJECT_KNOWLEDGE', 'I-SUBJECT_KNOWLEDGE', 'I-SUBJECT_KNOWLEDGE', 'I-SUBJECT_KNOWLEDGE', 'I-SUBJECT_KNOWLEDGE', 'O']"
Machine Learning,CSC412,Dr Martins,4,"Encourages students to participate often, and explains clearly.","[('Engagement', 'positive'), ('Clarity of Instruction', 'positive')]","['encourages', 'students', 'to', 'participate', 'often', ',', 'and', 'explains', 'clearly', '.']","['B-ENGAGEMENT', 'I-ENGAGEMENT', 'I-ENGAGEMENT', 'I-ENGAGEMENT', 'I-ENGAGEMENT', 'O', 'O', 'B-CLARITY_OF_INSTRUCTION', 'I-CLARITY_OF_INSTRUCTION', 'O']"
Machine Learning,CSC408,Dr Adeyemi,1,"Grades fairly and consistently, and responds to emails quickly, also uses good examples when teaching.","[('Assessment', 'positive'), ('Availability', 'positive'), ('Clarity of Instruction', 'positive')]","['grades', 'fairly', 'and', 'consistently', ',', 'and', 'responds', 'to', 'emails', 'quickly', ',', 'also', 'uses', 'good', 'examples', 'when', 'teaching', '.']","['B-ASSESSMENT', 'I-ASSESSMENT', 'I-ASSESSMENT', 'I-ASSESSMENT', 'O', 'O', 'B-AVAILABILITY', 'I-AVAILABILITY', 'I-AVAILABILITY', 'I-AVAILABILITY', 'O', 'O', 'B-CLARITY_OF_INSTRUCTION', 'I-CLARITY_OF_INSTRUCTION', 'I-CLARITY_OF_INSTRUCTION', 'I-CLARITY_OF_INSTRUCTION', 'I-CLARITY_OF_INSTRUCTION', 'O']"
Introduction to Computing,CSC408,Dr Pomele,2,Seems to be reading straight from slides.,"[('Subject Knowledge', 'negative')]","['seems', 'to', 'be', 'reading', 'straight', 'from', 'slides', '.']","['B-SUBJECT_KNOWLEDGE', 'I-SUBJECT_KNOWLEDGE', 'I-SUBJECT_KNOWLEDGE', 'I-SUBJECT_KNOWLEDGE', 'I-SUBJECT_KNOWLEDGE', 'I-SUBJECT_KNOWLEDGE', 'I-SUBJECT_KNOWLEDGE', 'O']"
Special Computing,CSC410,Dr Okafor,5,"Rubrics are clear before submitting work, however hard to follow his explanations, however explains difficult concepts with real depth.","[('Assessment', 'positive'), ('Clarity of Instruction', 'negative'), ('Subject Knowledge', 'positive')]","['rubrics', 'are', 'clear', 'before', 'submitting', 'work', ',', 'however', 'hard', 'to', 'follow', 'his', 'explanations', ',', 'however', 'explains', 'difficult', 'concepts', 'with', 'real', 'depth', '.']","['B-ASSESSMENT', 'I-ASSESSMENT', 'I-ASSESSMENT', 'I-ASSESSMENT', 'I-ASSESSMENT', 'I-ASSESSMENT', 'O', 'O', 'B-CLARITY_OF_INSTRUCTION', 'I-CLARITY_OF_INSTRUCTION', 'I-CLARITY_OF_INSTRUCTION', 'I-CLARITY_OF_INSTRUCTION', 'I-CLARITY_OF_INSTRUCTION', 'O', 'O', 'B-SUBJECT_KNOWLEDGE', 'I-SUBJECT_KNOWLEDGE', 'I-SUBJECT_KNOWLEDGE', 'I-SUBJECT_KNOWLEDGE', 'I-SUBJECT_KNOWLEDGE', 'I-SUBJECT_KNOWLEDGE', 'O']"
Special Computing,CSC406,Dr Okafor,4,"Makes time for students who are struggling, however just reads off slides with no energy, but returns graded work quickly.","[('Availability', 'positive'), ('Engagement', 'negative'), ('Assessment', 'positive')]","['makes', 'time', 'for', 'students', 'who', 'are', 'struggling', ',', 'however', 'just', 'reads', 'off', 'slides', 'with', 'no', 'energy', ',', 'but', 'returns', 'graded', 'work', 'quickly', '.']","['B-AVAILABILITY', 'I-AVAILABILITY', 'I-AVAILABILITY', 'I-AVAILABILITY', 'I-AVAILABILITY', 'I-AVAILABILITY', 'I-AVAILABILITY', 'O', 'O', 'B-ENGAGEMENT', 'I-ENGAGEMENT', 'I-ENGAGEMENT', 'I-ENGAGEMENT', 'I-ENGAGEMENT', 'I-ENGAGEMENT', 'I-ENGAGEMENT', 'O', 'O', 'B-ASSESSMENT', 'I-ASSESSMENT', 'I-ASSESSMENT', 'I-ASSESSMENT', 'O']"
Cloud Computing,CSC412,Dr Martins,2,"Cancels office hours without notice, but i actually look forward to this class, also grades fairly and consistently.","[('Availability', 'negative'), ('Engagement', 'positive'), ('Assessment', 'positive')]","['cancels', 'office', 'hours', 'without', 'notice', ',', 'but', 'i', 'actually', 'look', 'forward', 'to', 'this', 'class', ',', 'also', 'grades', 'fairly', 'and', 'consistently', '.']","['B-AVAILABILITY', 'I-AVAILABILITY', 'I-AVAILABILITY', 'I-AVAILABILITY', 'I-AVAILABILITY', 'O', 'O', 'B-ENGAGEMENT', 'I-ENGAGEMENT', 'I-ENGAGEMENT', 'I-ENGAGEMENT', 'I-ENGAGEMENT', 'I-ENGAGEMENT', 'I-ENGAGEMENT', 'O', 'O', 'B-ASSESSMENT', 'I-ASSESSMENT', 'I-ASSESSMENT', 'I-ASSESSMENT', 'O']"
Machine Learning,CSC101,Dr Adeyemi,2,"No rubric is given before assignments are due, also uses confusing terms without breaking them down.","[('Assessment', 'negative'), ('Clarity of Instruction', 'negative')]","['no', 'rubric', 'is', 'given', 'before', 'assignments', 'are', 'due', ',', 'also', 'uses', 'confusing', 'terms', 'without', 'breaking', 'them', 'down', '.']","['B-ASSESSMENT', 'I-ASSESSMENT', 'I-ASSESSMENT', 'I-ASSESSMENT', 'I-ASSESSMENT', 'I-ASSESSMENT', 'I-ASSESSMENT', 'I-ASSESSMENT', 'O', 'O', 'B-CLARITY_OF_INSTRUCTION', 'I-CLARITY_OF_INSTRUCTION', 'I-CLARITY_OF_INSTRUCTION', 'I-CLARITY_OF_INSTRUCTION', 'I-CLARITY_OF_INSTRUCTION', 'I-CLARITY_OF_INSTRUCTION', 'I-CLARITY_OF_INSTRUCTION', 'O']"
Cloud Computing,CSC410,Dr Adeyemi,5,"Uses good examples when teaching, and happy to answer questions after class, and exams match what was actually taught.","[('Clarity of Instruction', 'positive'), ('Availability', 'positive'), ('Assessment', 'positive')]","['uses', 'good', 'examples', 'when', 'teaching', ',', 'and', 'happy', 'to', 'answer', 'questions', 'after', 'class', ',', 'and', 'exams', 'match', 'what', 'was', 'actually', 'taught', '.']","['B-CLARITY_OF_INSTRUCTION', 'I-CLARITY_OF_INSTRUCTION', 'I-CLARITY_OF_INSTRUCTION', 'I-CLARITY_OF_INSTRUCTION', 'I-CLARITY_OF_INSTRUCTION', 'O', 'O', 'B-AVAILABILITY', 'I-AVAILABILITY', 'I-AVAILABILITY', 'I-AVAILABILITY', 'I-AVAILABILITY', 'I-AVAILABILITY', 'O', 'O', 'B-ASSESSMENT', 'I-ASSESSMENT', 'I-ASSESSMENT', 'I-ASSESSMENT', 'I-ASSESSMENT', 'I-ASSESSMENT', 'O']"
Cloud Computing,CSC412,Dr Faith,1,"Struggles to answer basic questions, also uses confusing terms without breaking them down.","[('Subject Knowledge', 'negative'), ('Clarity of Instruction', 'negative')]","['struggles', 'to', 'answer', 'basic', 'questions', ',', 'also', 'uses', 'confusing', 'terms', 'without', 'breaking', 'them', 'down', '.']","['B-SUBJECT_KNOWLEDGE', 'I-SUBJECT_KNOWLEDGE', 'I-SUBJECT_KNOWLEDGE', 'I-SUBJECT_KNOWLEDGE', 'I-SUBJECT_KNOWLEDGE', 'O', 'O', 'B-CLARITY_OF_INSTRUCTION', 'I-CLARITY_OF_INSTRUCTION', 'I-CLARITY_OF_INSTRUCTION', 'I-CLARITY_OF_INSTRUCTION', 'I-CLARITY_OF_INSTRUCTION', 'I-CLARITY_OF_INSTRUCTION', 'I-CLARITY_OF_INSTRUCTION', 'O']"
Special Computing,CSC408,Dr Adeyemi,5,"His grasp of the subject feels shaky, however always available during office hours.","[('Subject Knowledge', 'negative'), ('Availability', 'positive')]","['his', 'grasp', 'of', 'the', 'subject', 'feels', 'shaky', ',', 'however', 'always', 'available', 'during', 'office', 'hours', '.']","['B-SUBJECT_KNOWLEDGE', 'I-SUBJECT_KNOWLEDGE', 'I-SUBJECT_KNOWLEDGE', 'I-SUBJECT_KNOWLEDGE', 'I-SUBJECT_KNOWLEDGE', 'I-SUBJECT_KNOWLEDGE', 'I-SUBJECT_KNOWLEDGE', 'O', 'O', 'B-AVAILABILITY', 'I-AVAILABILITY', 'I-AVAILABILITY', 'I-AVAILABILITY', 'I-AVAILABILITY', 'O']"
Special Computing,CSC101,Dr Pomele,1,"Involves the class with questions and debates, and breaks complex structures into understandable ones, however cancels office hours without notice.","[('Engagement', 'positive'), ('Clarity of Instruction', 'positive'), ('Availability', 'negative')]","['involves', 'the', 'class', 'with', 'questions', 'and', 'debates', ',', 'and', 'breaks', 'complex', 'structures', 'into', 'understandable', 'ones', ',', 'however', 'cancels', 'office', 'hours', 'without', 'notice', '.']","['B-ENGAGEMENT', 'I-ENGAGEMENT', 'I-ENGAGEMENT', 'I-ENGAGEMENT', 'I-ENGAGEMENT', 'I-ENGAGEMENT', 'I-ENGAGEMENT', 'O', 'O', 'B-CLARITY_OF_INSTRUCTION', 'I-CLARITY_OF_INSTRUCTION', 'I-CLARITY_OF_INSTRUCTION', 'I-CLARITY_OF_INSTRUCTION', 'I-CLARITY_OF_INSTRUCTION', 'I-CLARITY_OF_INSTRUCTION', 'O', 'O', 'B-AVAILABILITY', 'I-AVAILABILITY', 'I-AVAILABILITY', 'I-AVAILABILITY', 'I-AVAILABILITY', 'O']"
Special Computing,CSC410,Dr Adeyemi,5,Backs up explanations with real-world examples from experience.,"[('Subject Knowledge', 'positive')]","['backs', 'up', 'explanations', 'with', 'real-world', 'examples', 'from', 'experience', '.']","['B-SUBJECT_KNOWLEDGE', 'I-SUBJECT_KNOWLEDGE', 'I-SUBJECT_KNOWLEDGE', 'I-SUBJECT_KNOWLEDGE', 'I-SUBJECT_KNOWLEDGE', 'I-SUBJECT_KNOWLEDGE', 'I-SUBJECT_KNOWLEDGE', 'I-SUBJECT_KNOWLEDGE', 'O']"
Cloud Computing,CSC408,Dr Martins,1,"Has deep knowledge of the subject, also happy to answer questions after class, and exams match what was actually taught.","[('Subject Knowledge', 'positive'), ('Availability', 'positive'), ('Assessment', 'positive')]","['has', 'deep', 'knowledge', 'of', 'the', 'subject', ',', 'also', 'happy', 'to', 'answer', 'questions', 'after', 'class', ',', 'and', 'exams', 'match', 'what', 'was', 'actually', 'taught', '.']","['B-SUBJECT_KNOWLEDGE', 'I-SUBJECT_KNOWLEDGE', 'I-SUBJECT_KNOWLEDGE', 'I-SUBJECT_KNOWLEDGE', 'I-SUBJECT_KNOWLEDGE', 'I-SUBJECT_KNOWLEDGE', 'O', 'O', 'B-AVAILABILITY', 'I-AVAILABILITY', 'I-AVAILABILITY', 'I-AVAILABILITY', 'I-AVAILABILITY', 'I-AVAILABILITY', 'O', 'O', 'B-ASSESSMENT', 'I-ASSESSMENT', 'I-ASSESSMENT', 'I-ASSESSMENT', 'I-ASSESSMENT', 'I-ASSESSMENT', 'O']"
Cloud Computing,CSC406,Dr Faith,2,Grading seems arbitrary from one submission to the next.,"[('Assessment', 'negative')]","['grading', 'seems', 'arbitrary', 'from', 'one', 'submission', 'to', 'the', 'next', '.']","['B-ASSESSMENT', 'I-ASSESSMENT', 'I-ASSESSMENT', 'I-ASSESSMENT', 'I-ASSESSMENT', 'I-ASSESSMENT', 'I-ASSESSMENT', 'I-ASSESSMENT', 'I-ASSESSMENT', 'O']"
Cloud Computing,CSC412,Dr Okafor,4,"Breaks complex structures into understandable ones, however the lecture drags on with no variation, but i always understand why i lost points.","[('Clarity of Instruction', 'positive'), ('Engagement', 'negative'), ('Assessment', 'positive')]","['breaks', 'complex', 'structures', 'into', 'understandable', 'ones', ',', 'however', 'the', 'lecture', 'drags', 'on', 'with', 'no', 'variation', ',', 'but', 'i', 'always', 'understand', 'why', 'i', 'lost', 'points', '.']","['B-CLARITY_OF_INSTRUCTION', 'I-CLARITY_OF_INSTRUCTION', 'I-CLARITY_OF_INSTRUCTION', 'I-CLARITY_OF_INSTRUCTION', 'I-CLARITY_OF_INSTRUCTION', 'I-CLARITY_OF_INSTRUCTION', 'O', 'O', 'B-ENGAGEMENT', 'I-ENGAGEMENT', 'I-ENGAGEMENT', 'I-ENGAGEMENT', 'I-ENGAGEMENT', 'I-ENGAGEMENT', 'I-ENGAGEMENT', 'O', 'O', 'B-ASSESSMENT', 'I-ASSESSMENT', 'I-ASSESSMENT', 'I-ASSESSMENT', 'I-ASSESSMENT', 'I-ASSESSMENT', 'I-ASSESSMENT', 'O']"
Machine Learning,CSC410,Dr Faith,3,"Comments on assignments are unhelpful or missing, but backs up explanations with real-world examples from experience.","[('Assessment', 'negative'), ('Subject Knowledge', 'positive')]","['comments', 'on', 'assignments', 'are', 'unhelpful', 'or', 'missing', ',', 'but', 'backs', 'up', 'explanations', 'with', 'real-world', 'examples', 'from', 'experience', '.']","['B-ASSESSMENT', 'I-ASSESSMENT', 'I-ASSESSMENT', 'I-ASSESSMENT', 'I-ASSESSMENT', 'I-ASSESSMENT', 'I-ASSESSMENT', 'O', 'O', 'B-SUBJECT_KNOWLEDGE', 'I-SUBJECT_KNOWLEDGE', 'I-SUBJECT_KNOWLEDGE', 'I-SUBJECT_KNOWLEDGE', 'I-SUBJECT_KNOWLEDGE', 'I-SUBJECT_KNOWLEDGE', 'I-SUBJECT_KNOWLEDGE', 'I-SUBJECT_KNOWLEDGE', 'O']"
Special Computing,CSC408,Dr Faith,4,"Sets up extra sessions when needed, also answers even the toughest questions confidently.","[('Availability', 'positive'), ('Subject Knowledge', 'positive')]","['sets', 'up', 'extra', 'sessions', 'when', 'needed', ',', 'also', 'answers', 'even', 'the', 'toughest', 'questions', 'confidently', '.']","['B-AVAILABILITY', 'I-AVAILABILITY', 'I-AVAILABILITY', 'I-AVAILABILITY', 'I-AVAILABILITY', 'I-AVAILABILITY', 'O', 'O', 'B-SUBJECT_KNOWLEDGE', 'I-SUBJECT_KNOWLEDGE', 'I-SUBJECT_KNOWLEDGE', 'I-SUBJECT_KNOWLEDGE', 'I-SUBJECT_KNOWLEDGE', 'I-SUBJECT_KNOWLEDGE', 'O']"
Introduction to Computing,CSC101,Dr Faith,3,"Exams cover things never taught in class, but i actually look forward to this class.","[('Assessment', 'negative'), ('Engagement', 'positive')]","['exams', 'cover', 'things', 'never', 'taught', 'in', 'class', ',', 'but', 'i', 'actually', 'look', 'forward', 'to', 'this', 'class', '.']","['B-ASSESSMENT', 'I-ASSESSMENT', 'I-ASSESSMENT', 'I-ASSESSMENT', 'I-ASSESSMENT', 'I-ASSESSMENT', 'I-ASSESSMENT', 'O', 'O', 'B-ENGAGEMENT', 'I-ENGAGEMENT', 'I-ENGAGEMENT', 'I-ENGAGEMENT', 'I-ENGAGEMENT', 'I-ENGAGEMENT', 'I-ENGAGEMENT', 'O']"
Introduction to Computing,CSC406,Dr Pomele,1,"Comments on assignments are unhelpful or missing, and just reads off slides with no energy, however always available during office hours.","[('Assessment', 'negative'), ('Engagement', 'negative'), ('Availability', 'positive')]","['comments', 'on', 'assignments', 'are', 'unhelpful', 'or', 'missing', ',', 'and', 'just', 'reads', 'off', 'slides', 'with', 'no', 'energy', ',', 'however', 'always', 'available', 'during', 'office', 'hours', '.']","['B-ASSESSMENT', 'I-ASSESSMENT', 'I-ASSESSMENT', 'I-ASSESSMENT', 'I-ASSESSMENT', 'I-ASSESSMENT', 'I-ASSESSMENT', 'O', 'O', 'B-ENGAGEMENT', 'I-ENGAGEMENT', 'I-ENGAGEMENT', 'I-ENGAGEMENT', 'I-ENGAGEMENT', 'I-ENGAGEMENT', 'I-ENGAGEMENT', 'O', 'O', 'B-AVAILABILITY', 'I-AVAILABILITY', 'I-AVAILABILITY', 'I-AVAILABILITY', 'I-AVAILABILITY', 'O']"
Machine Learning,CSC408,Dr Adeyemi,5,"Returns graded work quickly, but i find it hard to stay awake in this class, however uses good examples when teaching.","[('Assessment', 'positive'), ('Engagement', 'negative'), ('Clarity of Instruction', 'positive')]","['returns', 'graded', 'work', 'quickly', ',', 'but', 'i', 'find', 'it', 'hard', 'to', 'stay', 'awake', 'in', 'this', 'class', ',', 'however', 'uses', 'good', 'examples', 'when', 'teaching', '.']","['B-ASSESSMENT', 'I-ASSESSMENT', 'I-ASSESSMENT', 'I-ASSESSMENT', 'O', 'O', 'B-ENGAGEMENT', 'I-ENGAGEMENT', 'I-ENGAGEMENT', 'I-ENGAGEMENT', 'I-ENGAGEMENT', 'I-ENGAGEMENT', 'I-ENGAGEMENT', 'I-ENGAGEMENT', 'I-ENGAGEMENT', 'I-ENGAGEMENT', 'O', 'O', 'B-CLARITY_OF_INSTRUCTION', 'I-CLARITY_OF_INSTRUCTION', 'I-CLARITY_OF_INSTRUCTION', 'I-CLARITY_OF_INSTRUCTION', 'I-CLARITY_OF_INSTRUCTION', 'O']"
Introduction to Computing,CSC406,Dr Adeyemi,5,Never seems caught off guard by a question.,"[('Subject Knowledge', 'positive')]","['never', 'seems', 'caught', 'off', 'guard', 'by', 'a', 'question', '.']","['B-SUBJECT_KNOWLEDGE', 'I-SUBJECT_KNOWLEDGE', 'I-SUBJECT_KNOWLEDGE', 'I-SUBJECT_KNOWLEDGE', 'I-SUBJECT_KNOWLEDGE', 'I-SUBJECT_KNOWLEDGE', 'I-SUBJECT_KNOWLEDGE', 'I-SUBJECT_KNOWLEDGE', 'O']"
Special Computing,CSC410,Dr Pomele,3,"Involves the class with questions and debates, although i've caught factual errors in lectures before.","[('Engagement', 'positive'), ('Subject Knowledge', 'negative')]","['involves', 'the', 'class', 'with', 'questions', 'and', 'debates', ',', 'although', 'i', ""'ve"", 'caught', 'factual', 'errors', 'in', 'lectures', 'before', '.']","['B-ENGAGEMENT', 'I-ENGAGEMENT', 'I-ENGAGEMENT', 'I-ENGAGEMENT', 'I-ENGAGEMENT', 'I-ENGAGEMENT', 'I-ENGAGEMENT', 'O', 'O', 'B-SUBJECT_KNOWLEDGE', 'I-SUBJECT_KNOWLEDGE', 'I-SUBJECT_KNOWLEDGE', 'I-SUBJECT_KNOWLEDGE', 'I-SUBJECT_KNOWLEDGE', 'I-SUBJECT_KNOWLEDGE', 'I-SUBJECT_KNOWLEDGE', 'I-SUBJECT_KNOWLEDGE', 'O']"
Cloud Computing,CSC408,Dr Martins,4,"Goes beyond the textbook when explaining concepts, also explains clearly.","[('Subject Knowledge', 'positive'), ('Clarity of Instruction', 'positive')]","['goes', 'beyond', 'the', 'textbook', 'when', 'explaining', 'concepts', ',', 'also', 'explains', 'clearly', '.']","['B-SUBJECT_KNOWLEDGE', 'I-SUBJECT_KNOWLEDGE', 'I-SUBJECT_KNOWLEDGE', 'I-SUBJECT_KNOWLEDGE', 'I-SUBJECT_KNOWLEDGE', 'I-SUBJECT_KNOWLEDGE', 'I-SUBJECT_KNOWLEDGE', 'O', 'O', 'B-CLARITY_OF_INSTRUCTION', 'I-CLARITY_OF_INSTRUCTION', 'O']"
Special Computing,CSC410,Dr Adeyemi,2,"I've never had trouble reaching him for help, however doesn't seem to know the material well, and the lecture drags on with no variation.","[('Availability', 'positive'), ('Subject Knowledge', 'negative'), ('Engagement', 'negative')]","['i', ""'ve"", 'never', 'had', 'trouble', 'reaching', 'him', 'for', 'help', ',', 'however', 'does', ""n't"", 'seem', 'to', 'know', 'the', 'material', 'well', ',', 'and', 'the', 'lecture', 'drags', 'on', 'with', 'no', 'variation', '.']","['B-AVAILABILITY', 'I-AVAILABILITY', 'I-AVAILABILITY', 'I-AVAILABILITY', 'I-AVAILABILITY', 'I-AVAILABILITY', 'I-AVAILABILITY', 'I-AVAILABILITY', 'I-AVAILABILITY', 'O', 'O', 'B-SUBJECT_KNOWLEDGE', 'I-SUBJECT_KNOWLEDGE', 'I-SUBJECT_KNOWLEDGE', 'I-SUBJECT_KNOWLEDGE', 'I-SUBJECT_KNOWLEDGE', 'I-SUBJECT_KNOWLEDGE', 'I-SUBJECT_KNOWLEDGE', 'I-SUBJECT_KNOWLEDGE', 'O', 'O', 'B-ENGAGEMENT', 'I-ENGAGEMENT', 'I-ENGAGEMENT', 'I-ENGAGEMENT', 'I-ENGAGEMENT', 'I-ENGAGEMENT', 'I-ENGAGEMENT', 'O']"
Cloud Computing,CSC410,Dr Adeyemi,1,I've caught factual errors in lectures before.,"[('Subject Knowledge', 'negative')]","['i', ""'ve"", 'caught', 'factual', 'errors', 'in', 'lectures', 'before', '.']","['B-SUBJECT_KNOWLEDGE', 'I-SUBJECT_KNOWLEDGE', 'I-SUBJECT_KNOWLEDGE', 'I-SUBJECT_KNOWLEDGE', 'I-SUBJECT_KNOWLEDGE', 'I-SUBJECT_KNOWLEDGE', 'I-SUBJECT_KNOWLEDGE', 'I-SUBJECT_KNOWLEDGE', 'O']"
Introduction to Computing,CSC101,Dr Okafor,4,Every explanation is easy to follow.,"[('Clarity of Instruction', 'positive')]","['every', 'explanation', 'is', 'easy', 'to', 'follow', '.']","['B-CLARITY_OF_INSTRUCTION', 'I-CLARITY_OF_INSTRUCTION', 'I-CLARITY_OF_INSTRUCTION', 'I-CLARITY_OF_INSTRUCTION', 'I-CLARITY_OF_INSTRUCTION', 'I-CLARITY_OF_INSTRUCTION', 'O']"
Data Science,CSC412,Dr Okafor,1,Gives detailed feedback on assignments.,"[('Assessment', 'positive')]","['gives', 'detailed', 'feedback', 'on', 'assignments', '.']","['B-ASSESSMENT', 'I-ASSESSMENT', 'I-ASSESSMENT', 'I-ASSESSMENT', 'I-ASSESSMENT', 'O']"
Machine Learning,CSC410,Dr Adeyemi,2,"doesn't seem to know the material well, but makes topics easier to understand, but the class feels boring and flat.","[('Subject Knowledge', 'negative'), ('Clarity of Instruction', 'positive'), ('Engagement', 'negative')]","['does', ""n't"", 'seem', 'to', 'know', 'the', 'material', 'well', ',', 'but', 'makes', 'topics', 'easier', 'to', 'understand', ',', 'but', 'the', 'class', 'feels', 'boring', 'and', 'flat', '.']","['B-SUBJECT_KNOWLEDGE', 'I-SUBJECT_KNOWLEDGE', 'I-SUBJECT_KNOWLEDGE', 'I-SUBJECT_KNOWLEDGE', 'I-SUBJECT_KNOWLEDGE', 'I-SUBJECT_KNOWLEDGE', 'I-SUBJECT_KNOWLEDGE', 'I-SUBJECT_KNOWLEDGE', 'O', 'O', 'B-CLARITY_OF_INSTRUCTION', 'I-CLARITY_OF_INSTRUCTION', 'I-CLARITY_OF_INSTRUCTION', 'I-CLARITY_OF_INSTRUCTION', 'I-CLARITY_OF_INSTRUCTION', 'O', 'O', 'B-ENGAGEMENT', 'I-ENGAGEMENT', 'I-ENGAGEMENT', 'I-ENGAGEMENT', 'I-ENGAGEMENT', 'I-ENGAGEMENT', 'O']"
Machine Learning,CSC412,Dr Martins,1,Grading feels transparent and well-justified.,"[('Assessment', 'positive')]","['grading', 'feels', 'transparent', 'and', 'well-justified', '.']","['B-ASSESSMENT', 'I-ASSESSMENT', 'I-ASSESSMENT', 'I-ASSESSMENT', 'I-ASSESSMENT', 'O']"
Machine Learning,CSC406,Dr Adeyemi,1,"Emails go unanswered for over a week, and lectures feel disorganized and hard to follow, and never asks questions or invites discussion.","[('Availability', 'negative'), ('Clarity of Instruction', 'negative'), ('Engagement', 'negative')]","['emails', 'go', 'unanswered', 'for', 'over', 'a', 'week', ',', 'and', 'lectures', 'feel', 'disorganized', 'and', 'hard', 'to', 'follow', ',', 'and', 'never', 'asks', 'questions', 'or', 'invites', 'discussion', '.']","['B-AVAILABILITY', 'I-AVAILABILITY', 'I-AVAILABILITY', 'I-AVAILABILITY', 'I-AVAILABILITY', 'I-AVAILABILITY', 'I-AVAILABILITY', 'O', 'O', 'B-CLARITY_OF_INSTRUCTION', 'I-CLARITY_OF_INSTRUCTION', 'I-CLARITY_OF_INSTRUCTION', 'I-CLARITY_OF_INSTRUCTION', 'I-CLARITY_OF_INSTRUCTION', 'I-CLARITY_OF_INSTRUCTION', 'I-CLARITY_OF_INSTRUCTION', 'O', 'O', 'B-ENGAGEMENT', 'I-ENGAGEMENT', 'I-ENGAGEMENT', 'I-ENGAGEMENT', 'I-ENGAGEMENT', 'I-ENGAGEMENT', 'O']"
Machine Learning,CSC408,Dr Okafor,3,"Always available during office hours, although gives vague answers when pushed for detail.","[('Availability', 'positive'), ('Subject Knowledge', 'negative')]","['always', 'available', 'during', 'office', 'hours', ',', 'although', 'gives', 'vague', 'answers', 'when', 'pushed', 'for', 'detail', '.']","['B-AVAILABILITY', 'I-AVAILABILITY', 'I-AVAILABILITY', 'I-AVAILABILITY', 'I-AVAILABILITY', 'O', 'O', 'B-SUBJECT_KNOWLEDGE', 'I-SUBJECT_KNOWLEDGE', 'I-SUBJECT_KNOWLEDGE', 'I-SUBJECT_KNOWLEDGE', 'I-SUBJECT_KNOWLEDGE', 'I-SUBJECT_KNOWLEDGE', 'I-SUBJECT_KNOWLEDGE', 'O']"
Introduction to Computing,CSC408,Dr Okafor,1,"You can tell he's mastered this field, however feedback is vague or nonexistent.","[('Subject Knowledge', 'positive'), ('Assessment', 'negative')]","['you', 'can', 'tell', 'he', ""'s"", 'mastered', 'this', 'field', ',', 'however', 'feedback', 'is', 'vague', 'or', 'nonexistent', '.']","['B-SUBJECT_KNOWLEDGE', 'I-SUBJECT_KNOWLEDGE', 'I-SUBJECT_KNOWLEDGE', 'I-SUBJECT_KNOWLEDGE', 'I-SUBJECT_KNOWLEDGE', 'I-SUBJECT_KNOWLEDGE', 'I-SUBJECT_KNOWLEDGE', 'I-SUBJECT_KNOWLEDGE', 'O', 'O', 'B-ASSESSMENT', 'I-ASSESSMENT', 'I-ASSESSMENT', 'I-ASSESSMENT', 'I-ASSESSMENT', 'O']"
Data Science,CSC410,Dr Faith,2,"Feedback actually helps me improve next time, although his grasp of the subject feels shaky, and makes topics difficult to understand.","[('Assessment', 'positive'), ('Subject Knowledge', 'negative'), ('Clarity of Instruction', 'negative')]","['feedback', 'actually', 'helps', 'me', 'improve', 'next', 'time', ',', 'although', 'his', 'grasp', 'of', 'the', 'subject', 'feels', 'shaky', ',', 'and', 'makes', 'topics', 'difficult', 'to', 'understand', '.']","['B-ASSESSMENT', 'I-ASSESSMENT', 'I-ASSESSMENT', 'I-ASSESSMENT', 'I-ASSESSMENT', 'I-ASSESSMENT', 'I-ASSESSMENT', 'O', 'O', 'B-SUBJECT_KNOWLEDGE', 'I-SUBJECT_KNOWLEDGE', 'I-SUBJECT_KNOWLEDGE', 'I-SUBJECT_KNOWLEDGE', 'I-SUBJECT_KNOWLEDGE', 'I-SUBJECT_KNOWLEDGE', 'I-SUBJECT_KNOWLEDGE', 'O', 'O', 'B-CLARITY_OF_INSTRUCTION', 'I-CLARITY_OF_INSTRUCTION', 'I-CLARITY_OF_INSTRUCTION', 'I-CLARITY_OF_INSTRUCTION', 'I-CLARITY_OF_INSTRUCTION', 'O']"
Introduction to Computing,CSC406,Dr Martins,3,"Happy to answer questions after class, but hard to follow his explanations.","[('Availability', 'positive'), ('Clarity of Instruction', 'negative')]","['happy', 'to', 'answer', 'questions', 'after', 'class', ',', 'but', 'hard', 'to', 'follow', 'his', 'explanations', '.']","['B-AVAILABILITY', 'I-AVAILABILITY', 'I-AVAILABILITY', 'I-AVAILABILITY', 'I-AVAILABILITY', 'I-AVAILABILITY', 'O', 'O', 'B-CLARITY_OF_INSTRUCTION', 'I-CLARITY_OF_INSTRUCTION', 'I-CLARITY_OF_INSTRUCTION', 'I-CLARITY_OF_INSTRUCTION', 'I-CLARITY_OF_INSTRUCTION', 'O']"
Data Science,CSC412,Dr Faith,3,"Happy to answer questions after class, but uses confusing terms without breaking them down.","[('Availability', 'positive'), ('Clarity of Instruction', 'negative')]","['happy', 'to', 'answer', 'questions', 'after', 'class', ',', 'but', 'uses', 'confusing', 'terms', 'without', 'breaking', 'them', 'down', '.']","['B-AVAILABILITY', 'I-AVAILABILITY', 'I-AVAILABILITY', 'I-AVAILABILITY', 'I-AVAILABILITY', 'I-AVAILABILITY', 'O', 'O', 'B-CLARITY_OF_INSTRUCTION', 'I-CLARITY_OF_INSTRUCTION', 'I-CLARITY_OF_INSTRUCTION', 'I-CLARITY_OF_INSTRUCTION', 'I-CLARITY_OF_INSTRUCTION', 'I-CLARITY_OF_INSTRUCTION', 'I-CLARITY_OF_INSTRUCTION', 'O']"
Machine Learning,CSC408,Dr Faith,4,I trust his understanding of even advanced topics.,"[('Subject Knowledge', 'positive')]","['i', 'trust', 'his', 'understanding', 'of', 'even', 'advanced', 'topics', '.']","['B-SUBJECT_KNOWLEDGE', 'I-SUBJECT_KNOWLEDGE', 'I-SUBJECT_KNOWLEDGE', 'I-SUBJECT_KNOWLEDGE', 'I-SUBJECT_KNOWLEDGE', 'I-SUBJECT_KNOWLEDGE', 'I-SUBJECT_KNOWLEDGE', 'I-SUBJECT_KNOWLEDGE', 'O']"
Cloud Computing,CSC412,Dr Okafor,1,"Feels like a one-way monologue every time, but feedback actually helps me improve next time, however can't connect concepts to real applications.","[('Engagement', 'negative'), ('Assessment', 'positive'), ('Subject Knowledge', 'negative')]","['feels', 'like', 'a', 'one-way', 'monologue', 'every', 'time', ',', 'but', 'feedback', 'actually', 'helps', 'me', 'improve', 'next', 'time', ',', 'however', 'ca', ""n't"", 'connect', 'concepts', 'to', 'real', 'applications', '.']","['B-ENGAGEMENT', 'I-ENGAGEMENT', 'I-ENGAGEMENT', 'I-ENGAGEMENT', 'I-ENGAGEMENT', 'I-ENGAGEMENT', 'I-ENGAGEMENT', 'O', 'O', 'B-ASSESSMENT', 'I-ASSESSMENT', 'I-ASSESSMENT', 'I-ASSESSMENT', 'I-ASSESSMENT', 'I-ASSESSMENT', 'I-ASSESSMENT', 'O', 'O', 'B-SUBJECT_KNOWLEDGE', 'I-SUBJECT_KNOWLEDGE', 'I-SUBJECT_KNOWLEDGE', 'I-SUBJECT_KNOWLEDGE', 'I-SUBJECT_KNOWLEDGE', 'I-SUBJECT_KNOWLEDGE', 'I-SUBJECT_KNOWLEDGE', 'O']"
Data Science,CSC412,Dr Martins,1,"Uses confusing terms without breaking them down, but very approachable outside of lecture time.","[('Clarity of Instruction', 'negative'), ('Availability', 'positive')]","['uses', 'confusing', 'terms', 'without', 'breaking', 'them', 'down', ',', 'but', 'very', 'approachable', 'outside', 'of', 'lecture', 'time', '.']","['B-CLARITY_OF_INSTRUCTION', 'I-CLARITY_OF_INSTRUCTION', 'I-CLARITY_OF_INSTRUCTION', 'I-CLARITY_OF_INSTRUCTION', 'I-CLARITY_OF_INSTRUCTION', 'I-CLARITY_OF_INSTRUCTION', 'I-CLARITY_OF_INSTRUCTION', 'O', 'O', 'B-AVAILABILITY', 'I-AVAILABILITY', 'I-AVAILABILITY', 'I-AVAILABILITY', 'I-AVAILABILITY', 'I-AVAILABILITY', 'O']"
Special Computing,CSC408,Dr Pomele,2,Never holds actual office hours.,"[('Availability', 'negative')]","['never', 'holds', 'actual', 'office', 'hours', '.']","['B-AVAILABILITY', 'I-AVAILABILITY', 'I-AVAILABILITY', 'I-AVAILABILITY', 'I-AVAILABILITY', 'O']"
Data Science,CSC410,Dr Okafor,5,I've never had trouble reaching him for help.,"[('Availability', 'positive')]","['i', ""'ve"", 'never', 'had', 'trouble', 'reaching', 'him', 'for', 'help', '.']","['B-AVAILABILITY', 'I-AVAILABILITY', 'I-AVAILABILITY', 'I-AVAILABILITY', 'I-AVAILABILITY', 'I-AVAILABILITY', 'I-AVAILABILITY', 'I-AVAILABILITY', 'I-AVAILABILITY', 'O']"
Special Computing,CSC101,Dr Faith,3,"Explains clearly, but takes weeks to return graded assignments.","[('Clarity of Instruction', 'positive'), ('Assessment', 'negative')]","['explains', 'clearly', ',', 'but', 'takes', 'weeks', 'to', 'return', 'graded', 'assignments', '.']","['B-CLARITY_OF_INSTRUCTION', 'I-CLARITY_OF_INSTRUCTION', 'O', 'O', 'B-ASSESSMENT', 'I-ASSESSMENT', 'I-ASSESSMENT', 'I-ASSESSMENT', 'I-ASSESSMENT', 'I-ASSESSMENT', 'O']"
Special Computing,CSC410,Dr Martins,3,"The lecture drags on with no variation, however returns graded work quickly, although seems annoyed when students ask for extra help.","[('Engagement', 'negative'), ('Assessment', 'positive'), ('Availability', 'negative')]","['the', 'lecture', 'drags', 'on', 'with', 'no', 'variation', ',', 'however', 'returns', 'graded', 'work', 'quickly', ',', 'although', 'seems', 'annoyed', 'when', 'students', 'ask', 'for', 'extra', 'help', '.']","['B-ENGAGEMENT', 'I-ENGAGEMENT', 'I-ENGAGEMENT', 'I-ENGAGEMENT', 'I-ENGAGEMENT', 'I-ENGAGEMENT', 'I-ENGAGEMENT', 'O', 'O', 'B-ASSESSMENT', 'I-ASSESSMENT', 'I-ASSESSMENT', 'I-ASSESSMENT', 'O', 'O', 'B-AVAILABILITY', 'I-AVAILABILITY', 'I-AVAILABILITY', 'I-AVAILABILITY', 'I-AVAILABILITY', 'I-AVAILABILITY', 'I-AVAILABILITY', 'I-AVAILABILITY', 'O']"
Introduction to Computing,CSC406,Dr Martins,3,"Grading feels transparent and well-justified, however just reads off slides with no energy.","[('Assessment', 'positive'), ('Engagement', 'negative')]","['grading', 'feels', 'transparent', 'and', 'well-justified', ',', 'however', 'just', 'reads', 'off', 'slides', 'with', 'no', 'energy', '.']","['B-ASSESSMENT', 'I-ASSESSMENT', 'I-ASSESSMENT', 'I-ASSESSMENT', 'I-ASSESSMENT', 'O', 'O', 'B-ENGAGEMENT', 'I-ENGAGEMENT', 'I-ENGAGEMENT', 'I-ENGAGEMENT', 'I-ENGAGEMENT', 'I-ENGAGEMENT', 'I-ENGAGEMENT', 'O']"
Machine Learning,CSC408,Dr Okafor,5,"I always leave the class understanding the topic, but can't connect concepts to real applications, although uses humor to keep the room awake.","[('Clarity of Instruction', 'positive'), ('Subject Knowledge', 'negative'), ('Engagement', 'positive')]","['i', 'always', 'leave', 'the', 'class', 'understanding', 'the', 'topic', ',', 'but', 'ca', ""n't"", 'connect', 'concepts', 'to', 'real', 'applications', ',', 'although', 'uses', 'humor', 'to', 'keep', 'the', 'room', 'awake', '.']","['B-CLARITY_OF_INSTRUCTION', 'I-CLARITY_OF_INSTRUCTION', 'I-CLARITY_OF_INSTRUCTION', 'I-CLARITY_OF_INSTRUCTION', 'I-CLARITY_OF_INSTRUCTION', 'I-CLARITY_OF_INSTRUCTION', 'I-CLARITY_OF_INSTRUCTION', 'I-CLARITY_OF_INSTRUCTION', 'O', 'O', 'B-SUBJECT_KNOWLEDGE', 'I-SUBJECT_KNOWLEDGE', 'I-SUBJECT_KNOWLEDGE', 'I-SUBJECT_KNOWLEDGE', 'I-SUBJECT_KNOWLEDGE', 'I-SUBJECT_KNOWLEDGE', 'I-SUBJECT_KNOWLEDGE', 'O', 'O', 'B-ENGAGEMENT', 'I-ENGAGEMENT', 'I-ENGAGEMENT', 'I-ENGAGEMENT', 'I-ENGAGEMENT', 'I-ENGAGEMENT', 'I-ENGAGEMENT', 'O']"
Special Computing,CSC412,Dr Martins,4,"Involves the class with questions and debates, and replies on the discussion forum within a day.","[('Engagement', 'positive'), ('Availability', 'positive')]","['involves', 'the', 'class', 'with', 'questions', 'and', 'debates', ',', 'and', 'replies', 'on', 'the', 'discussion', 'forum', 'within', 'a', 'day', '.']","['B-ENGAGEMENT', 'I-ENGAGEMENT', 'I-ENGAGEMENT', 'I-ENGAGEMENT', 'I-ENGAGEMENT', 'I-ENGAGEMENT', 'I-ENGAGEMENT', 'O', 'O', 'B-AVAILABILITY', 'I-AVAILABILITY', 'I-AVAILABILITY', 'I-AVAILABILITY', 'I-AVAILABILITY', 'I-AVAILABILITY', 'I-AVAILABILITY', 'I-AVAILABILITY', 'O']"
Machine Learning,CSC410,Dr Okafor,1,"Grading seems arbitrary from one submission to the next, and feels like a one-way monologue every time.","[('Assessment', 'negative'), ('Engagement', 'negative')]","['grading', 'seems', 'arbitrary', 'from', 'one', 'submission', 'to', 'the', 'next', ',', 'and', 'feels', 'like', 'a', 'one-way', 'monologue', 'every', 'time', '.']","['B-ASSESSMENT', 'I-ASSESSMENT', 'I-ASSESSMENT', 'I-ASSESSMENT', 'I-ASSESSMENT', 'I-ASSESSMENT', 'I-ASSESSMENT', 'I-ASSESSMENT', 'I-ASSESSMENT', 'O', 'O', 'B-ENGAGEMENT', 'I-ENGAGEMENT', 'I-ENGAGEMENT', 'I-ENGAGEMENT', 'I-ENGAGEMENT', 'I-ENGAGEMENT', 'I-ENGAGEMENT', 'O']"
Data Science,CSC101,Dr Okafor,2,"Struggles to answer basic questions, also skips important details when explaining.","[('Subject Knowledge', 'negative'), ('Clarity of Instruction', 'negative')]","['struggles', 'to', 'answer', 'basic', 'questions', ',', 'also', 'skips', 'important', 'details', 'when', 'explaining', '.']","['B-SUBJECT_KNOWLEDGE', 'I-SUBJECT_KNOWLEDGE', 'I-SUBJECT_KNOWLEDGE', 'I-SUBJECT_KNOWLEDGE', 'I-SUBJECT_KNOWLEDGE', 'O', 'O', 'B-CLARITY_OF_INSTRUCTION', 'I-CLARITY_OF_INSTRUCTION', 'I-CLARITY_OF_INSTRUCTION', 'I-CLARITY_OF_INSTRUCTION', 'I-CLARITY_OF_INSTRUCTION', 'O']"
Introduction to Computing,CSC410,Dr Adeyemi,2,I struggle to follow most explanations.,"[('Clarity of Instruction', 'negative')]","['i', 'struggle', 'to', 'follow', 'most', 'explanations', '.']","['B-CLARITY_OF_INSTRUCTION', 'I-CLARITY_OF_INSTRUCTION', 'I-CLARITY_OF_INSTRUCTION', 'I-CLARITY_OF_INSTRUCTION', 'I-CLARITY_OF_INSTRUCTION', 'I-CLARITY_OF_INSTRUCTION', 'O']"
Data Science,CSC406,Dr Martins,5,"Hard to stay interested in this class, and lectures feel disorganized and hard to follow.","[('Engagement', 'negative'), ('Clarity of Instruction', 'negative')]","['hard', 'to', 'stay', 'interested', 'in', 'this', 'class', ',', 'and', 'lectures', 'feel', 'disorganized', 'and', 'hard', 'to', 'follow', '.']","['B-ENGAGEMENT', 'I-ENGAGEMENT', 'I-ENGAGEMENT', 'I-ENGAGEMENT', 'I-ENGAGEMENT', 'I-ENGAGEMENT', 'I-ENGAGEMENT', 'O', 'O', 'B-CLARITY_OF_INSTRUCTION', 'I-CLARITY_OF_INSTRUCTION', 'I-CLARITY_OF_INSTRUCTION', 'I-CLARITY_OF_INSTRUCTION', 'I-CLARITY_OF_INSTRUCTION', 'I-CLARITY_OF_INSTRUCTION', 'I-CLARITY_OF_INSTRUCTION', 'O']"
Cloud Computing,CSC412,Dr Okafor,5,"Replies on the discussion forum within a day, and i always understand why i lost points.","[('Availability', 'positive'), ('Assessment', 'positive')]","['replies', 'on', 'the', 'discussion', 'forum', 'within', 'a', 'day', ',', 'and', 'i', 'always', 'understand', 'why', 'i', 'lost', 'points', '.']","['B-AVAILABILITY', 'I-AVAILABILITY', 'I-AVAILABILITY', 'I-AVAILABILITY', 'I-AVAILABILITY', 'I-AVAILABILITY', 'I-AVAILABILITY', 'I-AVAILABILITY', 'O', 'O', 'B-ASSESSMENT', 'I-ASSESSMENT', 'I-ASSESSMENT', 'I-ASSESSMENT', 'I-ASSESSMENT', 'I-ASSESSMENT', 'I-ASSESSMENT', 'O']"
Machine Learning,CSC101,Dr Faith,4,"Grading feels transparent and well-justified, also you can tell he's mastered this field.","[('Assessment', 'positive'), ('Subject Knowledge', 'positive')]","['grading', 'feels', 'transparent', 'and', 'well-justified', ',', 'also', 'you', 'can', 'tell', 'he', ""'s"", 'mastered', 'this', 'field', '.']","['B-ASSESSMENT', 'I-ASSESSMENT', 'I-ASSESSMENT', 'I-ASSESSMENT', 'I-ASSESSMENT', 'O', 'O', 'B-SUBJECT_KNOWLEDGE', 'I-SUBJECT_KNOWLEDGE', 'I-SUBJECT_KNOWLEDGE', 'I-SUBJECT_KNOWLEDGE', 'I-SUBJECT_KNOWLEDGE', 'I-SUBJECT_KNOWLEDGE', 'I-SUBJECT_KNOWLEDGE', 'I-SUBJECT_KNOWLEDGE', 'O']"
Introduction to Computing,CSC101,Dr Pomele,2,"You can tell he's mastered this field, however hard to stay interested in this class, and grades inconsistently between students.","[('Subject Knowledge', 'positive'), ('Engagement', 'negative'), ('Assessment', 'negative')]","['you', 'can', 'tell', 'he', ""'s"", 'mastered', 'this', 'field', ',', 'however', 'hard', 'to', 'stay', 'interested', 'in', 'this', 'class', ',', 'and', 'grades', 'inconsistently', 'between', 'students', '.']","['B-SUBJECT_KNOWLEDGE', 'I-SUBJECT_KNOWLEDGE', 'I-SUBJECT_KNOWLEDGE', 'I-SUBJECT_KNOWLEDGE', 'I-SUBJECT_KNOWLEDGE', 'I-SUBJECT_KNOWLEDGE', 'I-SUBJECT_KNOWLEDGE', 'I-SUBJECT_KNOWLEDGE', 'O', 'O', 'B-ENGAGEMENT', 'I-ENGAGEMENT', 'I-ENGAGEMENT', 'I-ENGAGEMENT', 'I-ENGAGEMENT', 'I-ENGAGEMENT', 'I-ENGAGEMENT', 'O', 'O', 'B-ASSESSMENT', 'I-ASSESSMENT', 'I-ASSESSMENT', 'I-ASSESSMENT', 'O']"
Machine Learning,CSC410,Dr Martins,5,"Can't connect concepts to real applications, but i've never had trouble reaching him for help, and the way he breaks down ideas makes sense.","[('Subject Knowledge', 'negative'), ('Availability', 'positive'), ('Clarity of Instruction', 'positive')]","['ca', ""n't"", 'connect', 'concepts', 'to', 'real', 'applications', ',', 'but', 'i', ""'ve"", 'never', 'had', 'trouble', 'reaching', 'him', 'for', 'help', ',', 'and', 'the', 'way', 'he', 'breaks', 'down', 'ideas', 'makes', 'sense', '.']","['B-SUBJECT_KNOWLEDGE', 'I-SUBJECT_KNOWLEDGE', 'I-SUBJECT_KNOWLEDGE', 'I-SUBJECT_KNOWLEDGE', 'I-SUBJECT_KNOWLEDGE', 'I-SUBJECT_KNOWLEDGE', 'I-SUBJECT_KNOWLEDGE', 'O', 'O', 'B-AVAILABILITY', 'I-AVAILABILITY', 'I-AVAILABILITY', 'I-AVAILABILITY', 'I-AVAILABILITY', 'I-AVAILABILITY', 'I-AVAILABILITY', 'I-AVAILABILITY', 'I-AVAILABILITY', 'O', 'O', 'B-CLARITY_OF_INSTRUCTION', 'I-CLARITY_OF_INSTRUCTION', 'I-CLARITY_OF_INSTRUCTION', 'I-CLARITY_OF_INSTRUCTION', 'I-CLARITY_OF_INSTRUCTION', 'I-CLARITY_OF_INSTRUCTION', 'I-CLARITY_OF_INSTRUCTION', 'I-CLARITY_OF_INSTRUCTION', 'O']"
Machine Learning,CSC101,Dr Martins,5,"Rubrics are clear before submitting work, and sets up extra sessions when needed, although his grasp of the subject feels shaky.","[('Assessment', 'positive'), ('Availability', 'positive'), ('Subject Knowledge', 'negative')]","['rubrics', 'are', 'clear', 'before', 'submitting', 'work', ',', 'and', 'sets', 'up', 'extra', 'sessions', 'when', 'needed', ',', 'although', 'his', 'grasp', 'of', 'the', 'subject', 'feels', 'shaky', '.']","['B-ASSESSMENT', 'I-ASSESSMENT', 'I-ASSESSMENT', 'I-ASSESSMENT', 'I-ASSESSMENT', 'I-ASSESSMENT', 'O', 'O', 'B-AVAILABILITY', 'I-AVAILABILITY', 'I-AVAILABILITY', 'I-AVAILABILITY', 'I-AVAILABILITY', 'I-AVAILABILITY', 'O', 'O', 'B-SUBJECT_KNOWLEDGE', 'I-SUBJECT_KNOWLEDGE', 'I-SUBJECT_KNOWLEDGE', 'I-SUBJECT_KNOWLEDGE', 'I-SUBJECT_KNOWLEDGE', 'I-SUBJECT_KNOWLEDGE', 'I-SUBJECT_KNOWLEDGE', 'O']"
Data Science,CSC101,Dr Adeyemi,3,"Just reads off slides with no energy, although you can tell he's mastered this field.","[('Engagement', 'negative'), ('Subject Knowledge', 'positive')]","['just', 'reads', 'off', 'slides', 'with', 'no', 'energy', ',', 'although', 'you', 'can', 'tell', 'he', ""'s"", 'mastered', 'this', 'field', '.']","['B-ENGAGEMENT', 'I-ENGAGEMENT', 'I-ENGAGEMENT', 'I-ENGAGEMENT', 'I-ENGAGEMENT', 'I-ENGAGEMENT', 'I-ENGAGEMENT', 'O', 'O', 'B-SUBJECT_KNOWLEDGE', 'I-SUBJECT_KNOWLEDGE', 'I-SUBJECT_KNOWLEDGE', 'I-SUBJECT_KNOWLEDGE', 'I-SUBJECT_KNOWLEDGE', 'I-SUBJECT_KNOWLEDGE', 'I-SUBJECT_KNOWLEDGE', 'I-SUBJECT_KNOWLEDGE', 'O']"
Special Computing,CSC410,Dr Faith,4,"Answers even the toughest questions confidently, and exams match what was actually taught.","[('Subject Knowledge', 'positive'), ('Assessment', 'positive')]","['answers', 'even', 'the', 'toughest', 'questions', 'confidently', ',', 'and', 'exams', 'match', 'what', 'was', 'actually', 'taught', '.']","['B-SUBJECT_KNOWLEDGE', 'I-SUBJECT_KNOWLEDGE', 'I-SUBJECT_KNOWLEDGE', 'I-SUBJECT_KNOWLEDGE', 'I-SUBJECT_KNOWLEDGE', 'I-SUBJECT_KNOWLEDGE', 'O', 'O', 'B-ASSESSMENT', 'I-ASSESSMENT', 'I-ASSESSMENT', 'I-ASSESSMENT', 'I-ASSESSMENT', 'I-ASSESSMENT', 'O']"
Data Science,CSC408,Dr Pomele,4,"Grading feels transparent and well-justified, and very approachable outside of lecture time.","[('Assessment', 'positive'), ('Availability', 'positive')]","['grading', 'feels', 'transparent', 'and', 'well-justified', ',', 'and', 'very', 'approachable', 'outside', 'of', 'lecture', 'time', '.']","['B-ASSESSMENT', 'I-ASSESSMENT', 'I-ASSESSMENT', 'I-ASSESSMENT', 'I-ASSESSMENT', 'O', 'O', 'B-AVAILABILITY', 'I-AVAILABILITY', 'I-AVAILABILITY', 'I-AVAILABILITY', 'I-AVAILABILITY', 'I-AVAILABILITY', 'O']"
Special Computing,CSC101,Dr Pomele,1,"Hard to follow his explanations, and hard to stay interested in this class.","[('Clarity of Instruction', 'negative'), ('Engagement', 'negative')]","['hard', 'to', 'follow', 'his', 'explanations', ',', 'and', 'hard', 'to', 'stay', 'interested', 'in', 'this', 'class', '.']","['B-CLARITY_OF_INSTRUCTION', 'I-CLARITY_OF_INSTRUCTION', 'I-CLARITY_OF_INSTRUCTION', 'I-CLARITY_OF_INSTRUCTION', 'I-CLARITY_OF_INSTRUCTION', 'O', 'O', 'B-ENGAGEMENT', 'I-ENGAGEMENT', 'I-ENGAGEMENT', 'I-ENGAGEMENT', 'I-ENGAGEMENT', 'I-ENGAGEMENT', 'I-ENGAGEMENT', 'O']"
Machine Learning,CSC408,Dr Pomele,4,Answers even the toughest questions confidently.,"[('Subject Knowledge', 'positive')]","['answers', 'even', 'the', 'toughest', 'questions', 'confidently', '.']","['B-SUBJECT_KNOWLEDGE', 'I-SUBJECT_KNOWLEDGE', 'I-SUBJECT_KNOWLEDGE', 'I-SUBJECT_KNOWLEDGE', 'I-SUBJECT_KNOWLEDGE', 'I-SUBJECT_KNOWLEDGE', 'O']"
Special Computing,CSC410,Dr Faith,2,Complicates simple topics.,"[('Clarity of Instruction', 'negative')]","['complicates', 'simple', 'topics', '.']","['B-CLARITY_OF_INSTRUCTION', 'I-CLARITY_OF_INSTRUCTION', 'I-CLARITY_OF_INSTRUCTION', 'O']"
Special Computing,CSC406,Dr Pomele,2,"doesn't explain well, however responds to emails quickly, but seems to be reading straight from slides.","[('Clarity of Instruction', 'negative'), ('Availability', 'positive'), ('Subject Knowledge', 'negative')]","['does', ""n't"", 'explain', 'well', ',', 'however', 'responds', 'to', 'emails', 'quickly', ',', 'but', 'seems', 'to', 'be', 'reading', 'straight', 'from', 'slides', '.']","['B-CLARITY_OF_INSTRUCTION', 'I-CLARITY_OF_INSTRUCTION', 'I-CLARITY_OF_INSTRUCTION', 'I-CLARITY_OF_INSTRUCTION', 'O', 'O', 'B-AVAILABILITY', 'I-AVAILABILITY', 'I-AVAILABILITY', 'I-AVAILABILITY', 'O', 'O', 'B-SUBJECT_KNOWLEDGE', 'I-SUBJECT_KNOWLEDGE', 'I-SUBJECT_KNOWLEDGE', 'I-SUBJECT_KNOWLEDGE', 'I-SUBJECT_KNOWLEDGE', 'I-SUBJECT_KNOWLEDGE', 'I-SUBJECT_KNOWLEDGE', 'O']"
Cloud Computing,CSC101,Dr Pomele,5,I trust his understanding of even advanced topics.,"[('Subject Knowledge', 'positive')]","['i', 'trust', 'his', 'understanding', 'of', 'even', 'advanced', 'topics', '.']","['B-SUBJECT_KNOWLEDGE', 'I-SUBJECT_KNOWLEDGE', 'I-SUBJECT_KNOWLEDGE', 'I-SUBJECT_KNOWLEDGE', 'I-SUBJECT_KNOWLEDGE', 'I-SUBJECT_KNOWLEDGE', 'I-SUBJECT_KNOWLEDGE', 'I-SUBJECT_KNOWLEDGE', 'O']"
Machine Learning,CSC412,Dr Pomele,2,Complicates simple topics.,"[('Clarity of Instruction', 'negative')]","['complicates', 'simple', 'topics', '.']","['B-CLARITY_OF_INSTRUCTION', 'I-CLARITY_OF_INSTRUCTION', 'I-CLARITY_OF_INSTRUCTION', 'O']"
Cloud Computing,CSC406,Dr Okafor,5,Always available during office hours.,"[('Availability', 'positive')]","['always', 'available', 'during', 'office', 'hours', '.']","['B-AVAILABILITY', 'I-AVAILABILITY', 'I-AVAILABILITY', 'I-AVAILABILITY', 'I-AVAILABILITY', 'O']"
Data Science,CSC412,Dr Faith,1,Just reads off slides with no energy.,"[('Engagement', 'negative')]","['just', 'reads', 'off', 'slides', 'with', 'no', 'energy', '.']","['B-ENGAGEMENT', 'I-ENGAGEMENT', 'I-ENGAGEMENT', 'I-ENGAGEMENT', 'I-ENGAGEMENT', 'I-ENGAGEMENT', 'I-ENGAGEMENT', 'O']"
Machine Learning,CSC101,Dr Faith,4,"Answers even the toughest questions confidently, and feedback actually helps me improve next time, also the way he breaks down ideas makes sense.","[('Subject Knowledge', 'positive'), ('Assessment', 'positive'), ('Clarity of Instruction', 'positive')]","['answers', 'even', 'the', 'toughest', 'questions', 'confidently', ',', 'and', 'feedback', 'actually', 'helps', 'me', 'improve', 'next', 'time', ',', 'also', 'the', 'way', 'he', 'breaks', 'down', 'ideas', 'makes', 'sense', '.']","['B-SUBJECT_KNOWLEDGE', 'I-SUBJECT_KNOWLEDGE', 'I-SUBJECT_KNOWLEDGE', 'I-SUBJECT_KNOWLEDGE', 'I-SUBJECT_KNOWLEDGE', 'I-SUBJECT_KNOWLEDGE', 'O', 'O', 'B-ASSESSMENT', 'I-ASSESSMENT', 'I-ASSESSMENT', 'I-ASSESSMENT', 'I-ASSESSMENT', 'I-ASSESSMENT', 'I-ASSESSMENT', 'O', 'O', 'B-CLARITY_OF_INSTRUCTION', 'I-CLARITY_OF_INSTRUCTION', 'I-CLARITY_OF_INSTRUCTION', 'I-CLARITY_OF_INSTRUCTION', 'I-CLARITY_OF_INSTRUCTION', 'I-CLARITY_OF_INSTRUCTION', 'I-CLARITY_OF_INSTRUCTION', 'I-CLARITY_OF_INSTRUCTION', 'O']"
Special Computing,CSC408,Dr Pomele,1,"I actually look forward to this class, although seems to be reading straight from slides, also i never know why i lost points.","[('Engagement', 'positive'), ('Subject Knowledge', 'negative'), ('Assessment', 'negative')]","['i', 'actually', 'look', 'forward', 'to', 'this', 'class', ',', 'although', 'seems', 'to', 'be', 'reading', 'straight', 'from', 'slides', ',', 'also', 'i', 'never', 'know', 'why', 'i', 'lost', 'points', '.']","['B-ENGAGEMENT', 'I-ENGAGEMENT', 'I-ENGAGEMENT', 'I-ENGAGEMENT', 'I-ENGAGEMENT', 'I-ENGAGEMENT', 'I-ENGAGEMENT', 'O', 'O', 'B-SUBJECT_KNOWLEDGE', 'I-SUBJECT_KNOWLEDGE', 'I-SUBJECT_KNOWLEDGE', 'I-SUBJECT_KNOWLEDGE', 'I-SUBJECT_KNOWLEDGE', 'I-SUBJECT_KNOWLEDGE', 'I-SUBJECT_KNOWLEDGE', 'O', 'O', 'B-ASSESSMENT', 'I-ASSESSMENT', 'I-ASSESSMENT', 'I-ASSESSMENT', 'I-ASSESSMENT', 'I-ASSESSMENT', 'I-ASSESSMENT', 'O']"
Special Computing,CSC408,Dr Adeyemi,1,"Feels like a one-way monologue every time, and skips important details when explaining.","[('Engagement', 'negative'), ('Clarity of Instruction', 'negative')]","['feels', 'like', 'a', 'one-way', 'monologue', 'every', 'time', ',', 'and', 'skips', 'important', 'details', 'when', 'explaining', '.']","['B-ENGAGEMENT', 'I-ENGAGEMENT', 'I-ENGAGEMENT', 'I-ENGAGEMENT', 'I-ENGAGEMENT', 'I-ENGAGEMENT', 'I-ENGAGEMENT', 'O', 'O', 'B-CLARITY_OF_INSTRUCTION', 'I-CLARITY_OF_INSTRUCTION', 'I-CLARITY_OF_INSTRUCTION', 'I-CLARITY_OF_INSTRUCTION', 'I-CLARITY_OF_INSTRUCTION', 'O']"
Data Science,CSC412,Dr Martins,4,"The way he breaks down ideas makes sense, however seems to be reading straight from slides, although i've never had trouble reaching him for help.","[('Clarity of Instruction', 'positive'), ('Subject Knowledge', 'negative'), ('Availability', 'positive')]","['the', 'way', 'he', 'breaks', 'down', 'ideas', 'makes', 'sense', ',', 'however', 'seems', 'to', 'be', 'reading', 'straight', 'from', 'slides', ',', 'although', 'i', ""'ve"", 'never', 'had', 'trouble', 'reaching', 'him', 'for', 'help', '.']","['B-CLARITY_OF_INSTRUCTION', 'I-CLARITY_OF_INSTRUCTION', 'I-CLARITY_OF_INSTRUCTION', 'I-CLARITY_OF_INSTRUCTION', 'I-CLARITY_OF_INSTRUCTION', 'I-CLARITY_OF_INSTRUCTION', 'I-CLARITY_OF_INSTRUCTION', 'I-CLARITY_OF_INSTRUCTION', 'O', 'O', 'B-SUBJECT_KNOWLEDGE', 'I-SUBJECT_KNOWLEDGE', 'I-SUBJECT_KNOWLEDGE', 'I-SUBJECT_KNOWLEDGE', 'I-SUBJECT_KNOWLEDGE', 'I-SUBJECT_KNOWLEDGE', 'I-SUBJECT_KNOWLEDGE', 'O', 'O', 'B-AVAILABILITY', 'I-AVAILABILITY', 'I-AVAILABILITY', 'I-AVAILABILITY', 'I-AVAILABILITY', 'I-AVAILABILITY', 'I-AVAILABILITY', 'I-AVAILABILITY', 'I-AVAILABILITY', 'O']"
Data Science,CSC406,Dr Okafor,4,Answers even the toughest questions confidently.,"[('Subject Knowledge', 'positive')]","['answers', 'even', 'the', 'toughest', 'questions', 'confidently', '.']","['B-SUBJECT_KNOWLEDGE', 'I-SUBJECT_KNOWLEDGE', 'I-SUBJECT_KNOWLEDGE', 'I-SUBJECT_KNOWLEDGE', 'I-SUBJECT_KNOWLEDGE', 'I-SUBJECT_KNOWLEDGE', 'O']"
Special Computing,CSC410,Dr Pomele,2,Can't connect concepts to real applications.,"[('Subject Knowledge', 'negative')]","['ca', ""n't"", 'connect', 'concepts', 'to', 'real', 'applications', '.']","['B-SUBJECT_KNOWLEDGE', 'I-SUBJECT_KNOWLEDGE', 'I-SUBJECT_KNOWLEDGE', 'I-SUBJECT_KNOWLEDGE', 'I-SUBJECT_KNOWLEDGE', 'I-SUBJECT_KNOWLEDGE', 'I-SUBJECT_KNOWLEDGE', 'O']"
Data Science,CSC406,Dr Adeyemi,1,"doesn't seem to know the material well, although involves the class with questions and debates, but seems annoyed when students ask for extra help.","[('Subject Knowledge', 'negative'), ('Engagement', 'positive'), ('Availability', 'negative')]","['does', ""n't"", 'seem', 'to', 'know', 'the', 'material', 'well', ',', 'although', 'involves', 'the', 'class', 'with', 'questions', 'and', 'debates', ',', 'but', 'seems', 'annoyed', 'when', 'students', 'ask', 'for', 'extra', 'help', '.']","['B-SUBJECT_KNOWLEDGE', 'I-SUBJECT_KNOWLEDGE', 'I-SUBJECT_KNOWLEDGE', 'I-SUBJECT_KNOWLEDGE', 'I-SUBJECT_KNOWLEDGE', 'I-SUBJECT_KNOWLEDGE', 'I-SUBJECT_KNOWLEDGE', 'I-SUBJECT_KNOWLEDGE', 'O', 'O', 'B-ENGAGEMENT', 'I-ENGAGEMENT', 'I-ENGAGEMENT', 'I-ENGAGEMENT', 'I-ENGAGEMENT', 'I-ENGAGEMENT', 'I-ENGAGEMENT', 'O', 'O', 'B-AVAILABILITY', 'I-AVAILABILITY', 'I-AVAILABILITY', 'I-AVAILABILITY', 'I-AVAILABILITY', 'I-AVAILABILITY', 'I-AVAILABILITY', 'I-AVAILABILITY', 'O']"
Cloud Computing,CSC410,Dr Adeyemi,3,"Has deep knowledge of the subject, and rubrics are clear before submitting work.","[('Subject Knowledge', 'positive'), ('Assessment', 'positive')]","['has', 'deep', 'knowledge', 'of', 'the', 'subject', ',', 'and', 'rubrics', 'are', 'clear', 'before', 'submitting', 'work', '.']","['B-SUBJECT_KNOWLEDGE', 'I-SUBJECT_KNOWLEDGE', 'I-SUBJECT_KNOWLEDGE', 'I-SUBJECT_KNOWLEDGE', 'I-SUBJECT_KNOWLEDGE', 'I-SUBJECT_KNOWLEDGE', 'O', 'O', 'B-ASSESSMENT', 'I-ASSESSMENT', 'I-ASSESSMENT', 'I-ASSESSMENT', 'I-ASSESSMENT', 'I-ASSESSMENT', 'O']"
Machine Learning,CSC101,Dr Martins,5,"I struggle to follow most explanations, but grades fairly and consistently, also answers even the toughest questions confidently.","[('Clarity of Instruction', 'negative'), ('Assessment', 'positive'), ('Subject Knowledge', 'positive')]","['i', 'struggle', 'to', 'follow', 'most', 'explanations', ',', 'but', 'grades', 'fairly', 'and', 'consistently', ',', 'also', 'answers', 'even', 'the', 'toughest', 'questions', 'confidently', '.']","['B-CLARITY_OF_INSTRUCTION', 'I-CLARITY_OF_INSTRUCTION', 'I-CLARITY_OF_INSTRUCTION', 'I-CLARITY_OF_INSTRUCTION', 'I-CLARITY_OF_INSTRUCTION', 'I-CLARITY_OF_INSTRUCTION', 'O', 'O', 'B-ASSESSMENT', 'I-ASSESSMENT', 'I-ASSESSMENT', 'I-ASSESSMENT', 'O', 'O', 'B-SUBJECT_KNOWLEDGE', 'I-SUBJECT_KNOWLEDGE', 'I-SUBJECT_KNOWLEDGE', 'I-SUBJECT_KNOWLEDGE', 'I-SUBJECT_KNOWLEDGE', 'I-SUBJECT_KNOWLEDGE', 'O']"
Special Computing,CSC408,Dr Adeyemi,2,"Makes the class genuinely interesting, although never holds actual office hours, and makes topics difficult to understand.","[('Engagement', 'positive'), ('Availability', 'negative'), ('Clarity of Instruction', 'negative')]","['makes', 'the', 'class', 'genuinely', 'interesting', ',', 'although', 'never', 'holds', 'actual', 'office', 'hours', ',', 'and', 'makes', 'topics', 'difficult', 'to', 'understand', '.']","['B-ENGAGEMENT', 'I-ENGAGEMENT', 'I-ENGAGEMENT', 'I-ENGAGEMENT', 'I-ENGAGEMENT', 'O', 'O', 'B-AVAILABILITY', 'I-AVAILABILITY', 'I-AVAILABILITY', 'I-AVAILABILITY', 'I-AVAILABILITY', 'O', 'O', 'B-CLARITY_OF_INSTRUCTION', 'I-CLARITY_OF_INSTRUCTION', 'I-CLARITY_OF_INSTRUCTION', 'I-CLARITY_OF_INSTRUCTION', 'I-CLARITY_OF_INSTRUCTION', 'O']"
Data Science,CSC101,Dr Adeyemi,3,Feedback is vague or nonexistent.,"[('Assessment', 'negative')]","['feedback', 'is', 'vague', 'or', 'nonexistent', '.']","['B-ASSESSMENT', 'I-ASSESSMENT', 'I-ASSESSMENT', 'I-ASSESSMENT', 'I-ASSESSMENT', 'O']"
Data Science,CSC410,Dr Pomele,1,"Rarely interacts with students during lectures, also i never know why i lost points.","[('Engagement', 'negative'), ('Assessment', 'negative')]","['rarely', 'interacts', 'with', 'students', 'during', 'lectures', ',', 'also', 'i', 'never', 'know', 'why', 'i', 'lost', 'points', '.']","['B-ENGAGEMENT', 'I-ENGAGEMENT', 'I-ENGAGEMENT', 'I-ENGAGEMENT', 'I-ENGAGEMENT', 'I-ENGAGEMENT', 'O', 'O', 'B-ASSESSMENT', 'I-ASSESSMENT', 'I-ASSESSMENT', 'I-ASSESSMENT', 'I-ASSESSMENT', 'I-ASSESSMENT', 'I-ASSESSMENT', 'O']"
Cloud Computing,CSC410,Dr Adeyemi,5,"Explains clearly, also exams match what was actually taught.","[('Clarity of Instruction', 'positive'), ('Assessment', 'positive')]","['explains', 'clearly', ',', 'also', 'exams', 'match', 'what', 'was', 'actually', 'taught', '.']","['B-CLARITY_OF_INSTRUCTION', 'I-CLARITY_OF_INSTRUCTION', 'O', 'O', 'B-ASSESSMENT', 'I-ASSESSMENT', 'I-ASSESSMENT', 'I-ASSESSMENT', 'I-ASSESSMENT', 'I-ASSESSMENT', 'O']"
Cloud Computing,CSC410,Dr Martins,4,The way he breaks down ideas makes sense.,"[('Clarity of Instruction', 'positive')]","['the', 'way', 'he', 'breaks', 'down', 'ideas', 'makes', 'sense', '.']","['B-CLARITY_OF_INSTRUCTION', 'I-CLARITY_OF_INSTRUCTION', 'I-CLARITY_OF_INSTRUCTION', 'I-CLARITY_OF_INSTRUCTION', 'I-CLARITY_OF_INSTRUCTION', 'I-CLARITY_OF_INSTRUCTION', 'I-CLARITY_OF_INSTRUCTION', 'I-CLARITY_OF_INSTRUCTION', 'O']"
Special Computing,CSC406,Dr Adeyemi,4,Uses humor to keep the room awake.,"[('Engagement', 'positive')]","['uses', 'humor', 'to', 'keep', 'the', 'room', 'awake', '.']","['B-ENGAGEMENT', 'I-ENGAGEMENT', 'I-ENGAGEMENT', 'I-ENGAGEMENT', 'I-ENGAGEMENT', 'I-ENGAGEMENT', 'I-ENGAGEMENT', 'O']"
Introduction to Computing,CSC408,Dr Adeyemi,1,"Complicates simple topics, also comments on assignments are unhelpful or missing, but never seems caught off guard by a question.","[('Clarity of Instruction', 'negative'), ('Assessment', 'negative'), ('Subject Knowledge', 'positive')]","['complicates', 'simple', 'topics', ',', 'also', 'comments', 'on', 'assignments', 'are', 'unhelpful', 'or', 'missing', ',', 'but', 'never', 'seems', 'caught', 'off', 'guard', 'by', 'a', 'question', '.']","['B-CLARITY_OF_INSTRUCTION', 'I-CLARITY_OF_INSTRUCTION', 'I-CLARITY_OF_INSTRUCTION', 'O', 'O', 'B-ASSESSMENT', 'I-ASSESSMENT', 'I-ASSESSMENT', 'I-ASSESSMENT', 'I-ASSESSMENT', 'I-ASSESSMENT', 'I-ASSESSMENT', 'O', 'O', 'B-SUBJECT_KNOWLEDGE', 'I-SUBJECT_KNOWLEDGE', 'I-SUBJECT_KNOWLEDGE', 'I-SUBJECT_KNOWLEDGE', 'I-SUBJECT_KNOWLEDGE', 'I-SUBJECT_KNOWLEDGE', 'I-SUBJECT_KNOWLEDGE', 'I-SUBJECT_KNOWLEDGE', 'O']"
Introduction to Computing,CSC412,Dr Adeyemi,5,"Uses humor to keep the room awake, and i've never had trouble reaching him for help, however comments on assignments are unhelpful or missing.","[('Engagement', 'positive'), ('Availability', 'positive'), ('Assessment', 'negative')]","['uses', 'humor', 'to', 'keep', 'the', 'room', 'awake', ',', 'and', 'i', ""'ve"", 'never', 'had', 'trouble', 'reaching', 'him', 'for', 'help', ',', 'however', 'comments', 'on', 'assignments', 'are', 'unhelpful', 'or', 'missing', '.']","['B-ENGAGEMENT', 'I-ENGAGEMENT', 'I-ENGAGEMENT', 'I-ENGAGEMENT', 'I-ENGAGEMENT', 'I-ENGAGEMENT', 'I-ENGAGEMENT', 'O', 'O', 'B-AVAILABILITY', 'I-AVAILABILITY', 'I-AVAILABILITY', 'I-AVAILABILITY', 'I-AVAILABILITY', 'I-AVAILABILITY', 'I-AVAILABILITY', 'I-AVAILABILITY', 'I-AVAILABILITY', 'O', 'O', 'B-ASSESSMENT', 'I-ASSESSMENT', 'I-ASSESSMENT', 'I-ASSESSMENT', 'I-ASSESSMENT', 'I-ASSESSMENT', 'I-ASSESSMENT', 'O']"
Introduction to Computing,CSC410,Dr Adeyemi,1,Can't connect concepts to real applications.,"[('Subject Knowledge', 'negative')]","['ca', ""n't"", 'connect', 'concepts', 'to', 'real', 'applications', '.']","['B-SUBJECT_KNOWLEDGE', 'I-SUBJECT_KNOWLEDGE', 'I-SUBJECT_KNOWLEDGE', 'I-SUBJECT_KNOWLEDGE', 'I-SUBJECT_KNOWLEDGE', 'I-SUBJECT_KNOWLEDGE', 'I-SUBJECT_KNOWLEDGE', 'O']"
Cloud Computing,CSC408,Dr Pomele,3,"I never know why I lost points, although turns dry topics into lively discussions.","[('Assessment', 'negative'), ('Engagement', 'positive')]","['i', 'never', 'know', 'why', 'i', 'lost', 'points', ',', 'although', 'turns', 'dry', 'topics', 'into', 'lively', 'discussions', '.']","['B-ASSESSMENT', 'I-ASSESSMENT', 'I-ASSESSMENT', 'I-ASSESSMENT', 'I-ASSESSMENT', 'I-ASSESSMENT', 'I-ASSESSMENT', 'O', 'O', 'B-ENGAGEMENT', 'I-ENGAGEMENT', 'I-ENGAGEMENT', 'I-ENGAGEMENT', 'I-ENGAGEMENT', 'I-ENGAGEMENT', 'O']"
Machine Learning,CSC412,Dr Faith,5,Sets up extra sessions when needed.,"[('Availability', 'positive')]","['sets', 'up', 'extra', 'sessions', 'when', 'needed', '.']","['B-AVAILABILITY', 'I-AVAILABILITY', 'I-AVAILABILITY', 'I-AVAILABILITY', 'I-AVAILABILITY', 'I-AVAILABILITY', 'O']"
Data Science,CSC406,Dr Martins,5,Skips important details when explaining.,"[('Clarity of Instruction', 'negative')]","['skips', 'important', 'details', 'when', 'explaining', '.']","['B-CLARITY_OF_INSTRUCTION', 'I-CLARITY_OF_INSTRUCTION', 'I-CLARITY_OF_INSTRUCTION', 'I-CLARITY_OF_INSTRUCTION', 'I-CLARITY_OF_INSTRUCTION', 'O']"
Data Science,CSC412,Dr Adeyemi,2,Just reads off slides with no energy.,"[('Engagement', 'negative')]","['just', 'reads', 'off', 'slides', 'with', 'no', 'energy', '.']","['B-ENGAGEMENT', 'I-ENGAGEMENT', 'I-ENGAGEMENT', 'I-ENGAGEMENT', 'I-ENGAGEMENT', 'I-ENGAGEMENT', 'I-ENGAGEMENT', 'O']"
Introduction to Computing,CSC101,Dr Adeyemi,3,"The way he breaks down ideas makes sense, however never holds actual office hours.","[('Clarity of Instruction', 'positive'), ('Availability', 'negative')]","['the', 'way', 'he', 'breaks', 'down', 'ideas', 'makes', 'sense', ',', 'however', 'never', 'holds', 'actual', 'office', 'hours', '.']","['B-CLARITY_OF_INSTRUCTION', 'I-CLARITY_OF_INSTRUCTION', 'I-CLARITY_OF_INSTRUCTION', 'I-CLARITY_OF_INSTRUCTION', 'I-CLARITY_OF_INSTRUCTION', 'I-CLARITY_OF_INSTRUCTION', 'I-CLARITY_OF_INSTRUCTION', 'I-CLARITY_OF_INSTRUCTION', 'O', 'O', 'B-AVAILABILITY', 'I-AVAILABILITY', 'I-AVAILABILITY', 'I-AVAILABILITY', 'I-AVAILABILITY', 'O']"
Special Computing,CSC408,Dr Faith,4,"Keeps everyone engaged the whole session, and answers even the toughest questions confidently, also i've never had trouble reaching him for help.","[('Engagement', 'positive'), ('Subject Knowledge', 'positive'), ('Availability', 'positive')]","['keeps', 'everyone', 'engaged', 'the', 'whole', 'session', ',', 'and', 'answers', 'even', 'the', 'toughest', 'questions', 'confidently', ',', 'also', 'i', ""'ve"", 'never', 'had', 'trouble', 'reaching', 'him', 'for', 'help', '.']","['B-ENGAGEMENT', 'I-ENGAGEMENT', 'I-ENGAGEMENT', 'I-ENGAGEMENT', 'I-ENGAGEMENT', 'I-ENGAGEMENT', 'O', 'O', 'B-SUBJECT_KNOWLEDGE', 'I-SUBJECT_KNOWLEDGE', 'I-SUBJECT_KNOWLEDGE', 'I-SUBJECT_KNOWLEDGE', 'I-SUBJECT_KNOWLEDGE', 'I-SUBJECT_KNOWLEDGE', 'O', 'O', 'B-AVAILABILITY', 'I-AVAILABILITY', 'I-AVAILABILITY', 'I-AVAILABILITY', 'I-AVAILABILITY', 'I-AVAILABILITY', 'I-AVAILABILITY', 'I-AVAILABILITY', 'I-AVAILABILITY', 'O']"
Cloud Computing,CSC410,Dr Pomele,3,"Answers even the toughest questions confidently, but grading seems arbitrary from one submission to the next.","[('Subject Knowledge', 'positive'), ('Assessment', 'negative')]","['answers', 'even', 'the', 'toughest', 'questions', 'confidently', ',', 'but', 'grading', 'seems', 'arbitrary', 'from', 'one', 'submission', 'to', 'the', 'next', '.']","['B-SUBJECT_KNOWLEDGE', 'I-SUBJECT_KNOWLEDGE', 'I-SUBJECT_KNOWLEDGE', 'I-SUBJECT_KNOWLEDGE', 'I-SUBJECT_KNOWLEDGE', 'I-SUBJECT_KNOWLEDGE', 'O', 'O', 'B-ASSESSMENT', 'I-ASSESSMENT', 'I-ASSESSMENT', 'I-ASSESSMENT', 'I-ASSESSMENT', 'I-ASSESSMENT', 'I-ASSESSMENT', 'I-ASSESSMENT', 'I-ASSESSMENT', 'O']"
Introduction to Computing,CSC410,Dr Okafor,2,"Gives detailed feedback on assignments, although i've caught factual errors in lectures before.","[('Assessment', 'positive'), ('Subject Knowledge', 'negative')]","['gives', 'detailed', 'feedback', 'on', 'assignments', ',', 'although', 'i', ""'ve"", 'caught', 'factual', 'errors', 'in', 'lectures', 'before', '.']","['B-ASSESSMENT', 'I-ASSESSMENT', 'I-ASSESSMENT', 'I-ASSESSMENT', 'I-ASSESSMENT', 'O', 'O', 'B-SUBJECT_KNOWLEDGE', 'I-SUBJECT_KNOWLEDGE', 'I-SUBJECT_KNOWLEDGE', 'I-SUBJECT_KNOWLEDGE', 'I-SUBJECT_KNOWLEDGE', 'I-SUBJECT_KNOWLEDGE', 'I-SUBJECT_KNOWLEDGE', 'I-SUBJECT_KNOWLEDGE', 'O']"
Data Science,CSC101,Dr Okafor,4,"Rushes through explanations, however answers even the toughest questions confidently, and i've never had trouble reaching him for help.","[('Clarity of Instruction', 'negative'), ('Subject Knowledge', 'positive'), ('Availability', 'positive')]","['rushes', 'through', 'explanations', ',', 'however', 'answers', 'even', 'the', 'toughest', 'questions', 'confidently', ',', 'and', 'i', ""'ve"", 'never', 'had', 'trouble', 'reaching', 'him', 'for', 'help', '.']","['B-CLARITY_OF_INSTRUCTION', 'I-CLARITY_OF_INSTRUCTION', 'I-CLARITY_OF_INSTRUCTION', 'O', 'O', 'B-SUBJECT_KNOWLEDGE', 'I-SUBJECT_KNOWLEDGE', 'I-SUBJECT_KNOWLEDGE', 'I-SUBJECT_KNOWLEDGE', 'I-SUBJECT_KNOWLEDGE', 'I-SUBJECT_KNOWLEDGE', 'O', 'O', 'B-AVAILABILITY', 'I-AVAILABILITY', 'I-AVAILABILITY', 'I-AVAILABILITY', 'I-AVAILABILITY', 'I-AVAILABILITY', 'I-AVAILABILITY', 'I-AVAILABILITY', 'I-AVAILABILITY', 'O']"
Machine Learning,CSC410,Dr Faith,1,"I always leave the class understanding the topic, however grades inconsistently between students, also hard to schedule any one-on-one time.","[('Clarity of Instruction', 'positive'), ('Assessment', 'negative'), ('Availability', 'negative')]","['i', 'always', 'leave', 'the', 'class', 'understanding', 'the', 'topic', ',', 'however', 'grades', 'inconsistently', 'between', 'students', ',', 'also', 'hard', 'to', 'schedule', 'any', 'one-on-one', 'time', '.']","['B-CLARITY_OF_INSTRUCTION', 'I-CLARITY_OF_INSTRUCTION', 'I-CLARITY_OF_INSTRUCTION', 'I-CLARITY_OF_INSTRUCTION', 'I-CLARITY_OF_INSTRUCTION', 'I-CLARITY_OF_INSTRUCTION', 'I-CLARITY_OF_INSTRUCTION', 'I-CLARITY_OF_INSTRUCTION', 'O', 'O', 'B-ASSESSMENT', 'I-ASSESSMENT', 'I-ASSESSMENT', 'I-ASSESSMENT', 'O', 'O', 'B-AVAILABILITY', 'I-AVAILABILITY', 'I-AVAILABILITY', 'I-AVAILABILITY', 'I-AVAILABILITY', 'I-AVAILABILITY', 'O']"
Data Science,CSC412,Dr Martins,2,"Seems to be reading straight from slides, and grades inconsistently between students.","[('Subject Knowledge', 'negative'), ('Assessment', 'negative')]","['seems', 'to', 'be', 'reading', 'straight', 'from', 'slides', ',', 'and', 'grades', 'inconsistently', 'between', 'students', '.']","['B-SUBJECT_KNOWLEDGE', 'I-SUBJECT_KNOWLEDGE', 'I-SUBJECT_KNOWLEDGE', 'I-SUBJECT_KNOWLEDGE', 'I-SUBJECT_KNOWLEDGE', 'I-SUBJECT_KNOWLEDGE', 'I-SUBJECT_KNOWLEDGE', 'O', 'O', 'B-ASSESSMENT', 'I-ASSESSMENT', 'I-ASSESSMENT', 'I-ASSESSMENT', 'O']"
Data Science,CSC101,Dr Okafor,3,"Complicates simple topics, but gives detailed feedback on assignments.","[('Clarity of Instruction', 'negative'), ('Assessment', 'positive')]","['complicates', 'simple', 'topics', ',', 'but', 'gives', 'detailed', 'feedback', 'on', 'assignments', '.']","['B-CLARITY_OF_INSTRUCTION', 'I-CLARITY_OF_INSTRUCTION', 'I-CLARITY_OF_INSTRUCTION', 'O', 'O', 'B-ASSESSMENT', 'I-ASSESSMENT', 'I-ASSESSMENT', 'I-ASSESSMENT', 'I-ASSESSMENT', 'O']"
Cloud Computing,CSC412,Dr Adeyemi,1,I couldn't get a response before the deadline.,"[('Availability', 'negative')]","['i', 'could', ""n't"", 'get', 'a', 'response', 'before', 'the', 'deadline', '.']","['B-AVAILABILITY', 'I-AVAILABILITY', 'I-AVAILABILITY', 'I-AVAILABILITY', 'I-AVAILABILITY', 'I-AVAILABILITY', 'I-AVAILABILITY', 'I-AVAILABILITY', 'I-AVAILABILITY', 'O']"
Machine Learning,CSC101,Dr Okafor,2,"Uses confusing terms without breaking them down, however returns graded work quickly, however gives vague answers when pushed for detail.","[('Clarity of Instruction', 'negative'), ('Assessment', 'positive'), ('Subject Knowledge', 'negative')]","['uses', 'confusing', 'terms', 'without', 'breaking', 'them', 'down', ',', 'however', 'returns', 'graded', 'work', 'quickly', ',', 'however', 'gives', 'vague', 'answers', 'when', 'pushed', 'for', 'detail', '.']","['B-CLARITY_OF_INSTRUCTION', 'I-CLARITY_OF_INSTRUCTION', 'I-CLARITY_OF_INSTRUCTION', 'I-CLARITY_OF_INSTRUCTION', 'I-CLARITY_OF_INSTRUCTION', 'I-CLARITY_OF_INSTRUCTION', 'I-CLARITY_OF_INSTRUCTION', 'O', 'O', 'B-ASSESSMENT', 'I-ASSESSMENT', 'I-ASSESSMENT', 'I-ASSESSMENT', 'O', 'O', 'B-SUBJECT_KNOWLEDGE', 'I-SUBJECT_KNOWLEDGE', 'I-SUBJECT_KNOWLEDGE', 'I-SUBJECT_KNOWLEDGE', 'I-SUBJECT_KNOWLEDGE', 'I-SUBJECT_KNOWLEDGE', 'I-SUBJECT_KNOWLEDGE', 'O']"
Machine Learning,CSC406,Dr Martins,3,"Gives vague answers when pushed for detail, however i actually look forward to this class.","[('Subject Knowledge', 'negative'), ('Engagement', 'positive')]","['gives', 'vague', 'answers', 'when', 'pushed', 'for', 'detail', ',', 'however', 'i', 'actually', 'look', 'forward', 'to', 'this', 'class', '.']","['B-SUBJECT_KNOWLEDGE', 'I-SUBJECT_KNOWLEDGE', 'I-SUBJECT_KNOWLEDGE', 'I-SUBJECT_KNOWLEDGE', 'I-SUBJECT_KNOWLEDGE', 'I-SUBJECT_KNOWLEDGE', 'I-SUBJECT_KNOWLEDGE', 'O', 'O', 'B-ENGAGEMENT', 'I-ENGAGEMENT', 'I-ENGAGEMENT', 'I-ENGAGEMENT', 'I-ENGAGEMENT', 'I-ENGAGEMENT', 'I-ENGAGEMENT', 'O']"
Machine Learning,CSC408,Dr Pomele,1,is nearly impossible to reach outside class.,"[('Availability', 'negative')]","['is', 'nearly', 'impossible', 'to', 'reach', 'outside', 'class', '.']","['B-AVAILABILITY', 'I-AVAILABILITY', 'I-AVAILABILITY', 'I-AVAILABILITY', 'I-AVAILABILITY', 'I-AVAILABILITY', 'I-AVAILABILITY', 'O']"
Data Science,CSC412,Dr Martins,4,"Has deep knowledge of the subject, also i've never had trouble reaching him for help, also grading feels transparent and well-justified.","[('Subject Knowledge', 'positive'), ('Availability', 'positive'), ('Assessment', 'positive')]","['has', 'deep', 'knowledge', 'of', 'the', 'subject', ',', 'also', 'i', ""'ve"", 'never', 'had', 'trouble', 'reaching', 'him', 'for', 'help', ',', 'also', 'grading', 'feels', 'transparent', 'and', 'well-justified', '.']","['B-SUBJECT_KNOWLEDGE', 'I-SUBJECT_KNOWLEDGE', 'I-SUBJECT_KNOWLEDGE', 'I-SUBJECT_KNOWLEDGE', 'I-SUBJECT_KNOWLEDGE', 'I-SUBJECT_KNOWLEDGE', 'O', 'O', 'B-AVAILABILITY', 'I-AVAILABILITY', 'I-AVAILABILITY', 'I-AVAILABILITY', 'I-AVAILABILITY', 'I-AVAILABILITY', 'I-AVAILABILITY', 'I-AVAILABILITY', 'I-AVAILABILITY', 'O', 'O', 'B-ASSESSMENT', 'I-ASSESSMENT', 'I-ASSESSMENT', 'I-ASSESSMENT', 'I-ASSESSMENT', 'O']"
Special Computing,CSC412,Dr Martins,3,"Feedback actually helps me improve next time, although feels like a one-way monologue every time.","[('Assessment', 'positive'), ('Engagement', 'negative')]","['feedback', 'actually', 'helps', 'me', 'improve', 'next', 'time', ',', 'although', 'feels', 'like', 'a', 'one-way', 'monologue', 'every', 'time', '.']","['B-ASSESSMENT', 'I-ASSESSMENT', 'I-ASSESSMENT', 'I-ASSESSMENT', 'I-ASSESSMENT', 'I-ASSESSMENT', 'I-ASSESSMENT', 'O', 'O', 'B-ENGAGEMENT', 'I-ENGAGEMENT', 'I-ENGAGEMENT', 'I-ENGAGEMENT', 'I-ENGAGEMENT', 'I-ENGAGEMENT', 'I-ENGAGEMENT', 'O']"
Data Science,CSC412,Dr Pomele,5,"Very approachable outside of lecture time, and involves the class with questions and debates.","[('Availability', 'positive'), ('Engagement', 'positive')]","['very', 'approachable', 'outside', 'of', 'lecture', 'time', ',', 'and', 'involves', 'the', 'class', 'with', 'questions', 'and', 'debates', '.']","['B-AVAILABILITY', 'I-AVAILABILITY', 'I-AVAILABILITY', 'I-AVAILABILITY', 'I-AVAILABILITY', 'I-AVAILABILITY', 'O', 'O', 'B-ENGAGEMENT', 'I-ENGAGEMENT', 'I-ENGAGEMENT', 'I-ENGAGEMENT', 'I-ENGAGEMENT', 'I-ENGAGEMENT', 'I-ENGAGEMENT', 'O']"
Cloud Computing,CSC101,Dr Martins,3,"Makes the class genuinely interesting, although rushes through explanations.","[('Engagement', 'positive'), ('Clarity of Instruction', 'negative')]","['makes', 'the', 'class', 'genuinely', 'interesting', ',', 'although', 'rushes', 'through', 'explanations', '.']","['B-ENGAGEMENT', 'I-ENGAGEMENT', 'I-ENGAGEMENT', 'I-ENGAGEMENT', 'I-ENGAGEMENT', 'O', 'O', 'B-CLARITY_OF_INSTRUCTION', 'I-CLARITY_OF_INSTRUCTION', 'I-CLARITY_OF_INSTRUCTION', 'O']"
Introduction to Computing,CSC408,Dr Okafor,1,Uses confusing terms without breaking them down.,"[('Clarity of Instruction', 'negative')]","['uses', 'confusing', 'terms', 'without', 'breaking', 'them', 'down', '.']","['B-CLARITY_OF_INSTRUCTION', 'I-CLARITY_OF_INSTRUCTION', 'I-CLARITY_OF_INSTRUCTION', 'I-CLARITY_OF_INSTRUCTION', 'I-CLARITY_OF_INSTRUCTION', 'I-CLARITY_OF_INSTRUCTION', 'I-CLARITY_OF_INSTRUCTION', 'O']"
Machine Learning,CSC410,Dr Martins,4,Replies on the discussion forum within a day.,"[('Availability', 'positive')]","['replies', 'on', 'the', 'discussion', 'forum', 'within', 'a', 'day', '.']","['B-AVAILABILITY', 'I-AVAILABILITY', 'I-AVAILABILITY', 'I-AVAILABILITY', 'I-AVAILABILITY', 'I-AVAILABILITY', 'I-AVAILABILITY', 'I-AVAILABILITY', 'O']"
Special Computing,CSC101,Dr Faith,2,"Takes weeks to return graded assignments, also hard to follow his explanations.","[('Assessment', 'negative'), ('Clarity of Instruction', 'negative')]","['takes', 'weeks', 'to', 'return', 'graded', 'assignments', ',', 'also', 'hard', 'to', 'follow', 'his', 'explanations', '.']","['B-ASSESSMENT', 'I-ASSESSMENT', 'I-ASSESSMENT', 'I-ASSESSMENT', 'I-ASSESSMENT', 'I-ASSESSMENT', 'O', 'O', 'B-CLARITY_OF_INSTRUCTION', 'I-CLARITY_OF_INSTRUCTION', 'I-CLARITY_OF_INSTRUCTION', 'I-CLARITY_OF_INSTRUCTION', 'I-CLARITY_OF_INSTRUCTION', 'O']"
Machine Learning,CSC101,Dr Adeyemi,2,Cancels office hours without notice.,"[('Availability', 'negative')]","['cancels', 'office', 'hours', 'without', 'notice', '.']","['B-AVAILABILITY', 'I-AVAILABILITY', 'I-AVAILABILITY', 'I-AVAILABILITY', 'I-AVAILABILITY', 'O']"
Data Science,CSC408,Dr Okafor,4,"Rubrics are clear before submitting work, although struggles to answer basic questions, and help is hard to get outside class.","[('Assessment', 'positive'), ('Subject Knowledge', 'negative'), ('Availability', 'negative')]","['rubrics', 'are', 'clear', 'before', 'submitting', 'work', ',', 'although', 'struggles', 'to', 'answer', 'basic', 'questions', ',', 'and', 'help', 'is', 'hard', 'to', 'get', 'outside', 'class', '.']","['B-ASSESSMENT', 'I-ASSESSMENT', 'I-ASSESSMENT', 'I-ASSESSMENT', 'I-ASSESSMENT', 'I-ASSESSMENT', 'O', 'O', 'B-SUBJECT_KNOWLEDGE', 'I-SUBJECT_KNOWLEDGE', 'I-SUBJECT_KNOWLEDGE', 'I-SUBJECT_KNOWLEDGE', 'I-SUBJECT_KNOWLEDGE', 'O', 'O', 'B-AVAILABILITY', 'I-AVAILABILITY', 'I-AVAILABILITY', 'I-AVAILABILITY', 'I-AVAILABILITY', 'I-AVAILABILITY', 'I-AVAILABILITY', 'O']"
Introduction to Computing,CSC101,Dr Okafor,1,Cancels office hours without notice.,"[('Availability', 'negative')]","['cancels', 'office', 'hours', 'without', 'notice', '.']","['B-AVAILABILITY', 'I-AVAILABILITY', 'I-AVAILABILITY', 'I-AVAILABILITY', 'I-AVAILABILITY', 'O']"
Data Science,CSC101,Dr Martins,3,"Avoids questions that go beyond the syllabus, but turns dry topics into lively discussions.","[('Subject Knowledge', 'negative'), ('Engagement', 'positive')]","['avoids', 'questions', 'that', 'go', 'beyond', 'the', 'syllabus', ',', 'but', 'turns', 'dry', 'topics', 'into', 'lively', 'discussions', '.']","['B-SUBJECT_KNOWLEDGE', 'I-SUBJECT_KNOWLEDGE', 'I-SUBJECT_KNOWLEDGE', 'I-SUBJECT_KNOWLEDGE', 'I-SUBJECT_KNOWLEDGE', 'I-SUBJECT_KNOWLEDGE', 'I-SUBJECT_KNOWLEDGE', 'O', 'O', 'B-ENGAGEMENT', 'I-ENGAGEMENT', 'I-ENGAGEMENT', 'I-ENGAGEMENT', 'I-ENGAGEMENT', 'I-ENGAGEMENT', 'O']"
Data Science,CSC410,Dr Faith,3,"Always available during office hours, although his grasp of the subject feels shaky.","[('Availability', 'positive'), ('Subject Knowledge', 'negative')]","['always', 'available', 'during', 'office', 'hours', ',', 'although', 'his', 'grasp', 'of', 'the', 'subject', 'feels', 'shaky', '.']","['B-AVAILABILITY', 'I-AVAILABILITY', 'I-AVAILABILITY', 'I-AVAILABILITY', 'I-AVAILABILITY', 'O', 'O', 'B-SUBJECT_KNOWLEDGE', 'I-SUBJECT_KNOWLEDGE', 'I-SUBJECT_KNOWLEDGE', 'I-SUBJECT_KNOWLEDGE', 'I-SUBJECT_KNOWLEDGE', 'I-SUBJECT_KNOWLEDGE', 'I-SUBJECT_KNOWLEDGE', 'O']"
Cloud Computing,CSC410,Dr Pomele,3,"Breaks complex structures into understandable ones, however avoids questions that go beyond the syllabus.","[('Clarity of Instruction', 'positive'), ('Subject Knowledge', 'negative')]","['breaks', 'complex', 'structures', 'into', 'understandable', 'ones', ',', 'however', 'avoids', 'questions', 'that', 'go', 'beyond', 'the', 'syllabus', '.']","['B-CLARITY_OF_INSTRUCTION', 'I-CLARITY_OF_INSTRUCTION', 'I-CLARITY_OF_INSTRUCTION', 'I-CLARITY_OF_INSTRUCTION', 'I-CLARITY_OF_INSTRUCTION', 'I-CLARITY_OF_INSTRUCTION', 'O', 'O', 'B-SUBJECT_KNOWLEDGE', 'I-SUBJECT_KNOWLEDGE', 'I-SUBJECT_KNOWLEDGE', 'I-SUBJECT_KNOWLEDGE', 'I-SUBJECT_KNOWLEDGE', 'I-SUBJECT_KNOWLEDGE', 'I-SUBJECT_KNOWLEDGE', 'O']"
Introduction to Computing,CSC406,Dr Pomele,2,Help is hard to get outside class.,"[('Availability', 'negative')]","['help', 'is', 'hard', 'to', 'get', 'outside', 'class', '.']","['B-AVAILABILITY', 'I-AVAILABILITY', 'I-AVAILABILITY', 'I-AVAILABILITY', 'I-AVAILABILITY', 'I-AVAILABILITY', 'I-AVAILABILITY', 'O']"
Data Science,CSC408,Dr Pomele,2,Takes weeks to return graded assignments.,"[('Assessment', 'negative')]","['takes', 'weeks', 'to', 'return', 'graded', 'assignments', '.']","['B-ASSESSMENT', 'I-ASSESSMENT', 'I-ASSESSMENT', 'I-ASSESSMENT', 'I-ASSESSMENT', 'I-ASSESSMENT', 'O']"
Introduction to Computing,CSC101,Dr Okafor,4,"No rubric is given before assignments are due, but i've never had trouble reaching him for help, also breaks complex structures into understandable ones.","[('Assessment', 'negative'), ('Availability', 'positive'), ('Clarity of Instruction', 'positive')]","['no', 'rubric', 'is', 'given', 'before', 'assignments', 'are', 'due', ',', 'but', 'i', ""'ve"", 'never', 'had', 'trouble', 'reaching', 'him', 'for', 'help', ',', 'also', 'breaks', 'complex', 'structures', 'into', 'understandable', 'ones', '.']","['B-ASSESSMENT', 'I-ASSESSMENT', 'I-ASSESSMENT', 'I-ASSESSMENT', 'I-ASSESSMENT', 'I-ASSESSMENT', 'I-ASSESSMENT', 'I-ASSESSMENT', 'O', 'O', 'B-AVAILABILITY', 'I-AVAILABILITY', 'I-AVAILABILITY', 'I-AVAILABILITY', 'I-AVAILABILITY', 'I-AVAILABILITY', 'I-AVAILABILITY', 'I-AVAILABILITY', 'I-AVAILABILITY', 'O', 'O', 'B-CLARITY_OF_INSTRUCTION', 'I-CLARITY_OF_INSTRUCTION', 'I-CLARITY_OF_INSTRUCTION', 'I-CLARITY_OF_INSTRUCTION', 'I-CLARITY_OF_INSTRUCTION', 'I-CLARITY_OF_INSTRUCTION', 'O']"
Introduction to Computing,CSC408,Dr Adeyemi,4,"Grading seems arbitrary from one submission to the next, however happy to answer questions after class, and makes topics easier to understand.","[('Assessment', 'negative'), ('Availability', 'positive'), ('Clarity of Instruction', 'positive')]","['grading', 'seems', 'arbitrary', 'from', 'one', 'submission', 'to', 'the', 'next', ',', 'however', 'happy', 'to', 'answer', 'questions', 'after', 'class', ',', 'and', 'makes', 'topics', 'easier', 'to', 'understand', '.']","['B-ASSESSMENT', 'I-ASSESSMENT', 'I-ASSESSMENT', 'I-ASSESSMENT', 'I-ASSESSMENT', 'I-ASSESSMENT', 'I-ASSESSMENT', 'I-ASSESSMENT', 'I-ASSESSMENT', 'O', 'O', 'B-AVAILABILITY', 'I-AVAILABILITY', 'I-AVAILABILITY', 'I-AVAILABILITY', 'I-AVAILABILITY', 'I-AVAILABILITY', 'O', 'O', 'B-CLARITY_OF_INSTRUCTION', 'I-CLARITY_OF_INSTRUCTION', 'I-CLARITY_OF_INSTRUCTION', 'I-CLARITY_OF_INSTRUCTION', 'I-CLARITY_OF_INSTRUCTION', 'O']"
Machine Learning,CSC410,Dr Pomele,4,"Replies on the discussion forum within a day, also explains difficult material well, and involves the class with questions and debates.","[('Availability', 'positive'), ('Clarity of Instruction', 'positive'), ('Engagement', 'positive')]","['replies', 'on', 'the', 'discussion', 'forum', 'within', 'a', 'day', ',', 'also', 'explains', 'difficult', 'material', 'well', ',', 'and', 'involves', 'the', 'class', 'with', 'questions', 'and', 'debates', '.']","['B-AVAILABILITY', 'I-AVAILABILITY', 'I-AVAILABILITY', 'I-AVAILABILITY', 'I-AVAILABILITY', 'I-AVAILABILITY', 'I-AVAILABILITY', 'I-AVAILABILITY', 'O', 'O', 'B-CLARITY_OF_INSTRUCTION', 'I-CLARITY_OF_INSTRUCTION', 'I-CLARITY_OF_INSTRUCTION', 'I-CLARITY_OF_INSTRUCTION', 'O', 'O', 'B-ENGAGEMENT', 'I-ENGAGEMENT', 'I-ENGAGEMENT', 'I-ENGAGEMENT', 'I-ENGAGEMENT', 'I-ENGAGEMENT', 'I-ENGAGEMENT', 'O']"
Introduction to Computing,CSC408,Dr Adeyemi,3,"Involves the class with questions and debates, but never holds actual office hours.","[('Engagement', 'positive'), ('Availability', 'negative')]","['involves', 'the', 'class', 'with', 'questions', 'and', 'debates', ',', 'but', 'never', 'holds', 'actual', 'office', 'hours', '.']","['B-ENGAGEMENT', 'I-ENGAGEMENT', 'I-ENGAGEMENT', 'I-ENGAGEMENT', 'I-ENGAGEMENT', 'I-ENGAGEMENT', 'I-ENGAGEMENT', 'O', 'O', 'B-AVAILABILITY', 'I-AVAILABILITY', 'I-AVAILABILITY', 'I-AVAILABILITY', 'I-AVAILABILITY', 'O']"
Introduction to Computing,CSC408,Dr Faith,3,I've caught factual errors in lectures before.,"[('Subject Knowledge', 'negative')]","['i', ""'ve"", 'caught', 'factual', 'errors', 'in', 'lectures', 'before', '.']","['B-SUBJECT_KNOWLEDGE', 'I-SUBJECT_KNOWLEDGE', 'I-SUBJECT_KNOWLEDGE', 'I-SUBJECT_KNOWLEDGE', 'I-SUBJECT_KNOWLEDGE', 'I-SUBJECT_KNOWLEDGE', 'I-SUBJECT_KNOWLEDGE', 'I-SUBJECT_KNOWLEDGE', 'O']"
Cloud Computing,CSC406,Dr Pomele,3,"Makes topics easier to understand, however help with grading disputes is hard to get.","[('Clarity of Instruction', 'positive'), ('Assessment', 'negative')]","['makes', 'topics', 'easier', 'to', 'understand', ',', 'however', 'help', 'with', 'grading', 'disputes', 'is', 'hard', 'to', 'get', '.']","['B-CLARITY_OF_INSTRUCTION', 'I-CLARITY_OF_INSTRUCTION', 'I-CLARITY_OF_INSTRUCTION', 'I-CLARITY_OF_INSTRUCTION', 'I-CLARITY_OF_INSTRUCTION', 'O', 'O', 'B-ASSESSMENT', 'I-ASSESSMENT', 'I-ASSESSMENT', 'I-ASSESSMENT', 'I-ASSESSMENT', 'I-ASSESSMENT', 'I-ASSESSMENT', 'I-ASSESSMENT', 'O']"
Special Computing,CSC101,Dr Faith,5,"Seems to be reading straight from slides, although uses humor to keep the room awake, and i always leave the class understanding the topic.","[('Subject Knowledge', 'negative'), ('Engagement', 'positive'), ('Clarity of Instruction', 'positive')]","['seems', 'to', 'be', 'reading', 'straight', 'from', 'slides', ',', 'although', 'uses', 'humor', 'to', 'keep', 'the', 'room', 'awake', ',', 'and', 'i', 'always', 'leave', 'the', 'class', 'understanding', 'the', 'topic', '.']","['B-SUBJECT_KNOWLEDGE', 'I-SUBJECT_KNOWLEDGE', 'I-SUBJECT_KNOWLEDGE', 'I-SUBJECT_KNOWLEDGE', 'I-SUBJECT_KNOWLEDGE', 'I-SUBJECT_KNOWLEDGE', 'I-SUBJECT_KNOWLEDGE', 'O', 'O', 'B-ENGAGEMENT', 'I-ENGAGEMENT', 'I-ENGAGEMENT', 'I-ENGAGEMENT', 'I-ENGAGEMENT', 'I-ENGAGEMENT', 'I-ENGAGEMENT', 'O', 'O', 'B-CLARITY_OF_INSTRUCTION', 'I-CLARITY_OF_INSTRUCTION', 'I-CLARITY_OF_INSTRUCTION', 'I-CLARITY_OF_INSTRUCTION', 'I-CLARITY_OF_INSTRUCTION', 'I-CLARITY_OF_INSTRUCTION', 'I-CLARITY_OF_INSTRUCTION', 'I-CLARITY_OF_INSTRUCTION', 'O']"
Data Science,CSC101,Dr Okafor,4,"Turns dry topics into lively discussions, and clearly knows the material inside and out, although i couldn't get a response before the deadline.","[('Engagement', 'positive'), ('Subject Knowledge', 'positive'), ('Availability', 'negative')]","['turns', 'dry', 'topics', 'into', 'lively', 'discussions', ',', 'and', 'clearly', 'knows', 'the', 'material', 'inside', 'and', 'out', ',', 'although', 'i', 'could', ""n't"", 'get', 'a', 'response', 'before', 'the', 'deadline', '.']","['B-ENGAGEMENT', 'I-ENGAGEMENT', 'I-ENGAGEMENT', 'I-ENGAGEMENT', 'I-ENGAGEMENT', 'I-ENGAGEMENT', 'O', 'O', 'B-SUBJECT_KNOWLEDGE', 'I-SUBJECT_KNOWLEDGE', 'I-SUBJECT_KNOWLEDGE', 'I-SUBJECT_KNOWLEDGE', 'I-SUBJECT_KNOWLEDGE', 'I-SUBJECT_KNOWLEDGE', 'I-SUBJECT_KNOWLEDGE', 'O', 'O', 'B-AVAILABILITY', 'I-AVAILABILITY', 'I-AVAILABILITY', 'I-AVAILABILITY', 'I-AVAILABILITY', 'I-AVAILABILITY', 'I-AVAILABILITY', 'I-AVAILABILITY', 'I-AVAILABILITY', 'O']"
Special Computing,CSC101,Dr Okafor,5,Exams match what was actually taught.,"[('Assessment', 'positive')]","['exams', 'match', 'what', 'was', 'actually', 'taught', '.']","['B-ASSESSMENT', 'I-ASSESSMENT', 'I-ASSESSMENT', 'I-ASSESSMENT', 'I-ASSESSMENT', 'I-ASSESSMENT', 'O']"
Machine Learning,CSC412,Dr Pomele,4,Explains difficult material well.,"[('Clarity of Instruction', 'positive')]","['explains', 'difficult', 'material', 'well', '.']","['B-CLARITY_OF_INSTRUCTION', 'I-CLARITY_OF_INSTRUCTION', 'I-CLARITY_OF_INSTRUCTION', 'I-CLARITY_OF_INSTRUCTION', 'O']"
Cloud Computing,CSC406,Dr Pomele,1,Help is hard to get outside class.,"[('Availability', 'negative')]","['help', 'is', 'hard', 'to', 'get', 'outside', 'class', '.']","['B-AVAILABILITY', 'I-AVAILABILITY', 'I-AVAILABILITY', 'I-AVAILABILITY', 'I-AVAILABILITY', 'I-AVAILABILITY', 'I-AVAILABILITY', 'O']"
Introduction to Computing,CSC410,Dr Faith,4,"Complicates simple topics, also never holds actual office hours.","[('Clarity of Instruction', 'negative'), ('Availability', 'negative')]","['complicates', 'simple', 'topics', ',', 'also', 'never', 'holds', 'actual', 'office', 'hours', '.']","['B-CLARITY_OF_INSTRUCTION', 'I-CLARITY_OF_INSTRUCTION', 'I-CLARITY_OF_INSTRUCTION', 'O', 'O', 'B-AVAILABILITY', 'I-AVAILABILITY', 'I-AVAILABILITY', 'I-AVAILABILITY', 'I-AVAILABILITY', 'O']"
Data Science,CSC408,Dr Okafor,4,"I always leave the class understanding the topic, although grading seems arbitrary from one submission to the next, but always available during office hours.","[('Clarity of Instruction', 'positive'), ('Assessment', 'negative'), ('Availability', 'positive')]","['i', 'always', 'leave', 'the', 'class', 'understanding', 'the', 'topic', ',', 'although', 'grading', 'seems', 'arbitrary', 'from', 'one', 'submission', 'to', 'the', 'next', ',', 'but', 'always', 'available', 'during', 'office', 'hours', '.']","['B-CLARITY_OF_INSTRUCTION', 'I-CLARITY_OF_INSTRUCTION', 'I-CLARITY_OF_INSTRUCTION', 'I-CLARITY_OF_INSTRUCTION', 'I-CLARITY_OF_INSTRUCTION', 'I-CLARITY_OF_INSTRUCTION', 'I-CLARITY_OF_INSTRUCTION', 'I-CLARITY_OF_INSTRUCTION', 'O', 'O', 'B-ASSESSMENT', 'I-ASSESSMENT', 'I-ASSESSMENT', 'I-ASSESSMENT', 'I-ASSESSMENT', 'I-ASSESSMENT', 'I-ASSESSMENT', 'I-ASSESSMENT', 'I-ASSESSMENT', 'O', 'O', 'B-AVAILABILITY', 'I-AVAILABILITY', 'I-AVAILABILITY', 'I-AVAILABILITY', 'I-AVAILABILITY', 'O']"
Introduction to Computing,CSC101,Dr Adeyemi,1,"Rushes through explanations, also i've caught factual errors in lectures before.","[('Clarity of Instruction', 'negative'), ('Subject Knowledge', 'negative')]","['rushes', 'through', 'explanations', ',', 'also', 'i', ""'ve"", 'caught', 'factual', 'errors', 'in', 'lectures', 'before', '.']","['B-CLARITY_OF_INSTRUCTION', 'I-CLARITY_OF_INSTRUCTION', 'I-CLARITY_OF_INSTRUCTION', 'O', 'O', 'B-SUBJECT_KNOWLEDGE', 'I-SUBJECT_KNOWLEDGE', 'I-SUBJECT_KNOWLEDGE', 'I-SUBJECT_KNOWLEDGE', 'I-SUBJECT_KNOWLEDGE', 'I-SUBJECT_KNOWLEDGE', 'I-SUBJECT_KNOWLEDGE', 'I-SUBJECT_KNOWLEDGE', 'O']"
Cloud Computing,CSC412,Dr Faith,5,"the class feels boring and flat, although happy to answer questions after class, and i always understand why i lost points.","[('Engagement', 'negative'), ('Availability', 'positive'), ('Assessment', 'positive')]","['the', 'class', 'feels', 'boring', 'and', 'flat', ',', 'although', 'happy', 'to', 'answer', 'questions', 'after', 'class', ',', 'and', 'i', 'always', 'understand', 'why', 'i', 'lost', 'points', '.']","['B-ENGAGEMENT', 'I-ENGAGEMENT', 'I-ENGAGEMENT', 'I-ENGAGEMENT', 'I-ENGAGEMENT', 'I-ENGAGEMENT', 'O', 'O', 'B-AVAILABILITY', 'I-AVAILABILITY', 'I-AVAILABILITY', 'I-AVAILABILITY', 'I-AVAILABILITY', 'I-AVAILABILITY', 'O', 'O', 'B-ASSESSMENT', 'I-ASSESSMENT', 'I-ASSESSMENT', 'I-ASSESSMENT', 'I-ASSESSMENT', 'I-ASSESSMENT', 'I-ASSESSMENT', 'O']"
Special Computing,CSC412,Dr Pomele,5,"I always leave the class understanding the topic, although seems annoyed when students ask for extra help, however exams match what was actually taught.","[('Clarity of Instruction', 'positive'), ('Availability', 'negative'), ('Assessment', 'positive')]","['i', 'always', 'leave', 'the', 'class', 'understanding', 'the', 'topic', ',', 'although', 'seems', 'annoyed', 'when', 'students', 'ask', 'for', 'extra', 'help', ',', 'however', 'exams', 'match', 'what', 'was', 'actually', 'taught', '.']","['B-CLARITY_OF_INSTRUCTION', 'I-CLARITY_OF_INSTRUCTION', 'I-CLARITY_OF_INSTRUCTION', 'I-CLARITY_OF_INSTRUCTION', 'I-CLARITY_OF_INSTRUCTION', 'I-CLARITY_OF_INSTRUCTION', 'I-CLARITY_OF_INSTRUCTION', 'I-CLARITY_OF_INSTRUCTION', 'O', 'O', 'B-AVAILABILITY', 'I-AVAILABILITY', 'I-AVAILABILITY', 'I-AVAILABILITY', 'I-AVAILABILITY', 'I-AVAILABILITY', 'I-AVAILABILITY', 'I-AVAILABILITY', 'O', 'O', 'B-ASSESSMENT', 'I-ASSESSMENT', 'I-ASSESSMENT', 'I-ASSESSMENT', 'I-ASSESSMENT', 'I-ASSESSMENT', 'O']"
Cloud Computing,CSC410,Dr Martins,4,"I always understand why I lost points, also every explanation is easy to follow.","[('Assessment', 'positive'), ('Clarity of Instruction', 'positive')]","['i', 'always', 'understand', 'why', 'i', 'lost', 'points', ',', 'also', 'every', 'explanation', 'is', 'easy', 'to', 'follow', '.']","['B-ASSESSMENT', 'I-ASSESSMENT', 'I-ASSESSMENT', 'I-ASSESSMENT', 'I-ASSESSMENT', 'I-ASSESSMENT', 'I-ASSESSMENT', 'O', 'O', 'B-CLARITY_OF_INSTRUCTION', 'I-CLARITY_OF_INSTRUCTION', 'I-CLARITY_OF_INSTRUCTION', 'I-CLARITY_OF_INSTRUCTION', 'I-CLARITY_OF_INSTRUCTION', 'I-CLARITY_OF_INSTRUCTION', 'O']"
Machine Learning,CSC406,Dr Pomele,1,"Struggles to answer basic questions, also no rubric is given before assignments are due.","[('Subject Knowledge', 'negative'), ('Assessment', 'negative')]","['struggles', 'to', 'answer', 'basic', 'questions', ',', 'also', 'no', 'rubric', 'is', 'given', 'before', 'assignments', 'are', 'due', '.']","['B-SUBJECT_KNOWLEDGE', 'I-SUBJECT_KNOWLEDGE', 'I-SUBJECT_KNOWLEDGE', 'I-SUBJECT_KNOWLEDGE', 'I-SUBJECT_KNOWLEDGE', 'O', 'O', 'B-ASSESSMENT', 'I-ASSESSMENT', 'I-ASSESSMENT', 'I-ASSESSMENT', 'I-ASSESSMENT', 'I-ASSESSMENT', 'I-ASSESSMENT', 'I-ASSESSMENT', 'O']"
Data Science,CSC412,Dr Adeyemi,2,"His grasp of the subject feels shaky, although explains difficult material well, however i couldn't get a response before the deadline.","[('Subject Knowledge', 'negative'), ('Clarity of Instruction', 'positive'), ('Availability', 'negative')]","['his', 'grasp', 'of', 'the', 'subject', 'feels', 'shaky', ',', 'although', 'explains', 'difficult', 'material', 'well', ',', 'however', 'i', 'could', ""n't"", 'get', 'a', 'response', 'before', 'the', 'deadline', '.']","['B-SUBJECT_KNOWLEDGE', 'I-SUBJECT_KNOWLEDGE', 'I-SUBJECT_KNOWLEDGE', 'I-SUBJECT_KNOWLEDGE', 'I-SUBJECT_KNOWLEDGE', 'I-SUBJECT_KNOWLEDGE', 'I-SUBJECT_KNOWLEDGE', 'O', 'O', 'B-CLARITY_OF_INSTRUCTION', 'I-CLARITY_OF_INSTRUCTION', 'I-CLARITY_OF_INSTRUCTION', 'I-CLARITY_OF_INSTRUCTION', 'O', 'O', 'B-AVAILABILITY', 'I-AVAILABILITY', 'I-AVAILABILITY', 'I-AVAILABILITY', 'I-AVAILABILITY', 'I-AVAILABILITY', 'I-AVAILABILITY', 'I-AVAILABILITY', 'I-AVAILABILITY', 'O']"
Cloud Computing,CSC408,Dr Faith,1,"Lectures feel disorganized and hard to follow, and i never know why i lost points.","[('Clarity of Instruction', 'negative'), ('Assessment', 'negative')]","['lectures', 'feel', 'disorganized', 'and', 'hard', 'to', 'follow', ',', 'and', 'i', 'never', 'know', 'why', 'i', 'lost', 'points', '.']","['B-CLARITY_OF_INSTRUCTION', 'I-CLARITY_OF_INSTRUCTION', 'I-CLARITY_OF_INSTRUCTION', 'I-CLARITY_OF_INSTRUCTION', 'I-CLARITY_OF_INSTRUCTION', 'I-CLARITY_OF_INSTRUCTION', 'I-CLARITY_OF_INSTRUCTION', 'O', 'O', 'B-ASSESSMENT', 'I-ASSESSMENT', 'I-ASSESSMENT', 'I-ASSESSMENT', 'I-ASSESSMENT', 'I-ASSESSMENT', 'I-ASSESSMENT', 'O']"
Machine Learning,CSC410,Dr Faith,4,"Backs up explanations with real-world examples from experience, also very approachable outside of lecture time, and uses humor to keep the room awake.","[('Subject Knowledge', 'positive'), ('Availability', 'positive'), ('Engagement', 'positive')]","['backs', 'up', 'explanations', 'with', 'real-world', 'examples', 'from', 'experience', ',', 'also', 'very', 'approachable', 'outside', 'of', 'lecture', 'time', ',', 'and', 'uses', 'humor', 'to', 'keep', 'the', 'room', 'awake', '.']","['B-SUBJECT_KNOWLEDGE', 'I-SUBJECT_KNOWLEDGE', 'I-SUBJECT_KNOWLEDGE', 'I-SUBJECT_KNOWLEDGE', 'I-SUBJECT_KNOWLEDGE', 'I-SUBJECT_KNOWLEDGE', 'I-SUBJECT_KNOWLEDGE', 'I-SUBJECT_KNOWLEDGE', 'O', 'O', 'B-AVAILABILITY', 'I-AVAILABILITY', 'I-AVAILABILITY', 'I-AVAILABILITY', 'I-AVAILABILITY', 'I-AVAILABILITY', 'O', 'O', 'B-ENGAGEMENT', 'I-ENGAGEMENT', 'I-ENGAGEMENT', 'I-ENGAGEMENT', 'I-ENGAGEMENT', 'I-ENGAGEMENT', 'I-ENGAGEMENT', 'O']"
Machine Learning,CSC408,Dr Pomele,5,"Sets up extra sessions when needed, however exams cover things never taught in class, although simplifies difficult concepts well.","[('Availability', 'positive'), ('Assessment', 'negative'), ('Clarity of Instruction', 'positive')]","['sets', 'up', 'extra', 'sessions', 'when', 'needed', ',', 'however', 'exams', 'cover', 'things', 'never', 'taught', 'in', 'class', ',', 'although', 'simplifies', 'difficult', 'concepts', 'well', '.']","['B-AVAILABILITY', 'I-AVAILABILITY', 'I-AVAILABILITY', 'I-AVAILABILITY', 'I-AVAILABILITY', 'I-AVAILABILITY', 'O', 'O', 'B-ASSESSMENT', 'I-ASSESSMENT', 'I-ASSESSMENT', 'I-ASSESSMENT', 'I-ASSESSMENT', 'I-ASSESSMENT', 'I-ASSESSMENT', 'O', 'O', 'B-CLARITY_OF_INSTRUCTION', 'I-CLARITY_OF_INSTRUCTION', 'I-CLARITY_OF_INSTRUCTION', 'I-CLARITY_OF_INSTRUCTION', 'O']"
Introduction to Computing,CSC412,Dr Okafor,3,"Rubrics are clear before submitting work, however is nearly impossible to reach outside class.","[('Assessment', 'positive'), ('Availability', 'negative')]","['rubrics', 'are', 'clear', 'before', 'submitting', 'work', ',', 'however', 'is', 'nearly', 'impossible', 'to', 'reach', 'outside', 'class', '.']","['B-ASSESSMENT', 'I-ASSESSMENT', 'I-ASSESSMENT', 'I-ASSESSMENT', 'I-ASSESSMENT', 'I-ASSESSMENT', 'O', 'O', 'B-AVAILABILITY', 'I-AVAILABILITY', 'I-AVAILABILITY', 'I-AVAILABILITY', 'I-AVAILABILITY', 'I-AVAILABILITY', 'I-AVAILABILITY', 'O']"
Cloud Computing,CSC406,Dr Okafor,1,"People are on their phones the whole time, however clearly knows the material inside and out, and breaks complex structures into understandable ones.","[('Engagement', 'negative'), ('Subject Knowledge', 'positive'), ('Clarity of Instruction', 'positive')]","['people', 'are', 'on', 'their', 'phones', 'the', 'whole', 'time', ',', 'however', 'clearly', 'knows', 'the', 'material', 'inside', 'and', 'out', ',', 'and', 'breaks', 'complex', 'structures', 'into', 'understandable', 'ones', '.']","['B-ENGAGEMENT', 'I-ENGAGEMENT', 'I-ENGAGEMENT', 'I-ENGAGEMENT', 'I-ENGAGEMENT', 'I-ENGAGEMENT', 'I-ENGAGEMENT', 'I-ENGAGEMENT', 'O', 'O', 'B-SUBJECT_KNOWLEDGE', 'I-SUBJECT_KNOWLEDGE', 'I-SUBJECT_KNOWLEDGE', 'I-SUBJECT_KNOWLEDGE', 'I-SUBJECT_KNOWLEDGE', 'I-SUBJECT_KNOWLEDGE', 'I-SUBJECT_KNOWLEDGE', 'O', 'O', 'B-CLARITY_OF_INSTRUCTION', 'I-CLARITY_OF_INSTRUCTION', 'I-CLARITY_OF_INSTRUCTION', 'I-CLARITY_OF_INSTRUCTION', 'I-CLARITY_OF_INSTRUCTION', 'I-CLARITY_OF_INSTRUCTION', 'O']"
Introduction to Computing,CSC101,Dr Martins,5,"I always understand why I lost points, and always available during office hours, however makes topics difficult to understand.","[('Assessment', 'positive'), ('Availability', 'positive'), ('Clarity of Instruction', 'negative')]","['i', 'always', 'understand', 'why', 'i', 'lost', 'points', ',', 'and', 'always', 'available', 'during', 'office', 'hours', ',', 'however', 'makes', 'topics', 'difficult', 'to', 'understand', '.']","['B-ASSESSMENT', 'I-ASSESSMENT', 'I-ASSESSMENT', 'I-ASSESSMENT', 'I-ASSESSMENT', 'I-ASSESSMENT', 'I-ASSESSMENT', 'O', 'O', 'B-AVAILABILITY', 'I-AVAILABILITY', 'I-AVAILABILITY', 'I-AVAILABILITY', 'I-AVAILABILITY', 'O', 'O', 'B-CLARITY_OF_INSTRUCTION', 'I-CLARITY_OF_INSTRUCTION', 'I-CLARITY_OF_INSTRUCTION', 'I-CLARITY_OF_INSTRUCTION', 'I-CLARITY_OF_INSTRUCTION', 'O']"
Introduction to Computing,CSC101,Dr Martins,1,Never holds actual office hours.,"[('Availability', 'negative')]","['never', 'holds', 'actual', 'office', 'hours', '.']","['B-AVAILABILITY', 'I-AVAILABILITY', 'I-AVAILABILITY', 'I-AVAILABILITY', 'I-AVAILABILITY', 'O']"
Special Computing,CSC408,Dr Faith,5,"I always understand why I lost points, and turns dry topics into lively discussions, and explains clearly.","[('Assessment', 'positive'), ('Engagement', 'positive'), ('Clarity of Instruction', 'positive')]","['i', 'always', 'understand', 'why', 'i', 'lost', 'points', ',', 'and', 'turns', 'dry', 'topics', 'into', 'lively', 'discussions', ',', 'and', 'explains', 'clearly', '.']","['B-ASSESSMENT', 'I-ASSESSMENT', 'I-ASSESSMENT', 'I-ASSESSMENT', 'I-ASSESSMENT', 'I-ASSESSMENT', 'I-ASSESSMENT', 'O', 'O', 'B-ENGAGEMENT', 'I-ENGAGEMENT', 'I-ENGAGEMENT', 'I-ENGAGEMENT', 'I-ENGAGEMENT', 'I-ENGAGEMENT', 'O', 'O', 'B-CLARITY_OF_INSTRUCTION', 'I-CLARITY_OF_INSTRUCTION', 'O']"
Data Science,CSC410,Dr Okafor,2,"Help with grading disputes is hard to get, and complicates simple topics.","[('Assessment', 'negative'), ('Clarity of Instruction', 'negative')]","['help', 'with', 'grading', 'disputes', 'is', 'hard', 'to', 'get', ',', 'and', 'complicates', 'simple', 'topics', '.']","['B-ASSESSMENT', 'I-ASSESSMENT', 'I-ASSESSMENT', 'I-ASSESSMENT', 'I-ASSESSMENT', 'I-ASSESSMENT', 'I-ASSESSMENT', 'I-ASSESSMENT', 'O', 'O', 'B-CLARITY_OF_INSTRUCTION', 'I-CLARITY_OF_INSTRUCTION', 'I-CLARITY_OF_INSTRUCTION', 'O']"
Machine Learning,CSC408,Dr Martins,3,"His energy makes the lecture fly by, but avoids questions that go beyond the syllabus.","[('Engagement', 'positive'), ('Subject Knowledge', 'negative')]","['his', 'energy', 'makes', 'the', 'lecture', 'fly', 'by', ',', 'but', 'avoids', 'questions', 'that', 'go', 'beyond', 'the', 'syllabus', '.']","['B-ENGAGEMENT', 'I-ENGAGEMENT', 'I-ENGAGEMENT', 'I-ENGAGEMENT', 'I-ENGAGEMENT', 'I-ENGAGEMENT', 'I-ENGAGEMENT', 'O', 'O', 'B-SUBJECT_KNOWLEDGE', 'I-SUBJECT_KNOWLEDGE', 'I-SUBJECT_KNOWLEDGE', 'I-SUBJECT_KNOWLEDGE', 'I-SUBJECT_KNOWLEDGE', 'I-SUBJECT_KNOWLEDGE', 'I-SUBJECT_KNOWLEDGE', 'O']"
Cloud Computing,CSC412,Dr Okafor,2,"Backs up explanations with real-world examples from experience, also i actually look forward to this class.","[('Subject Knowledge', 'positive'), ('Engagement', 'positive')]","['backs', 'up', 'explanations', 'with', 'real-world', 'examples', 'from', 'experience', ',', 'also', 'i', 'actually', 'look', 'forward', 'to', 'this', 'class', '.']","['B-SUBJECT_KNOWLEDGE', 'I-SUBJECT_KNOWLEDGE', 'I-SUBJECT_KNOWLEDGE', 'I-SUBJECT_KNOWLEDGE', 'I-SUBJECT_KNOWLEDGE', 'I-SUBJECT_KNOWLEDGE', 'I-SUBJECT_KNOWLEDGE', 'I-SUBJECT_KNOWLEDGE', 'O', 'O', 'B-ENGAGEMENT', 'I-ENGAGEMENT', 'I-ENGAGEMENT', 'I-ENGAGEMENT', 'I-ENGAGEMENT', 'I-ENGAGEMENT', 'I-ENGAGEMENT', 'O']"
Special Computing,CSC101,Dr Martins,4,"Avoids questions that go beyond the syllabus, however grades fairly and consistently, also his energy makes the lecture fly by.","[('Subject Knowledge', 'negative'), ('Assessment', 'positive'), ('Engagement', 'positive')]","['avoids', 'questions', 'that', 'go', 'beyond', 'the', 'syllabus', ',', 'however', 'grades', 'fairly', 'and', 'consistently', ',', 'also', 'his', 'energy', 'makes', 'the', 'lecture', 'fly', 'by', '.']","['B-SUBJECT_KNOWLEDGE', 'I-SUBJECT_KNOWLEDGE', 'I-SUBJECT_KNOWLEDGE', 'I-SUBJECT_KNOWLEDGE', 'I-SUBJECT_KNOWLEDGE', 'I-SUBJECT_KNOWLEDGE', 'I-SUBJECT_KNOWLEDGE', 'O', 'O', 'B-ASSESSMENT', 'I-ASSESSMENT', 'I-ASSESSMENT', 'I-ASSESSMENT', 'O', 'O', 'B-ENGAGEMENT', 'I-ENGAGEMENT', 'I-ENGAGEMENT', 'I-ENGAGEMENT', 'I-ENGAGEMENT', 'I-ENGAGEMENT', 'I-ENGAGEMENT', 'O']"
Data Science,CSC406,Dr Pomele,1,Struggles to answer basic questions.,"[('Subject Knowledge', 'negative')]","['struggles', 'to', 'answer', 'basic', 'questions', '.']","['B-SUBJECT_KNOWLEDGE', 'I-SUBJECT_KNOWLEDGE', 'I-SUBJECT_KNOWLEDGE', 'I-SUBJECT_KNOWLEDGE', 'I-SUBJECT_KNOWLEDGE', 'O']"
Cloud Computing,CSC406,Dr Faith,4,"Replies on the discussion forum within a day, and simplifies difficult concepts well, however the class feels boring and flat.","[('Availability', 'positive'), ('Clarity of Instruction', 'positive'), ('Engagement', 'negative')]","['replies', 'on', 'the', 'discussion', 'forum', 'within', 'a', 'day', ',', 'and', 'simplifies', 'difficult', 'concepts', 'well', ',', 'however', 'the', 'class', 'feels', 'boring', 'and', 'flat', '.']","['B-AVAILABILITY', 'I-AVAILABILITY', 'I-AVAILABILITY', 'I-AVAILABILITY', 'I-AVAILABILITY', 'I-AVAILABILITY', 'I-AVAILABILITY', 'I-AVAILABILITY', 'O', 'O', 'B-CLARITY_OF_INSTRUCTION', 'I-CLARITY_OF_INSTRUCTION', 'I-CLARITY_OF_INSTRUCTION', 'I-CLARITY_OF_INSTRUCTION', 'O', 'O', 'B-ENGAGEMENT', 'I-ENGAGEMENT', 'I-ENGAGEMENT', 'I-ENGAGEMENT', 'I-ENGAGEMENT', 'I-ENGAGEMENT', 'O']"
Data Science,CSC406,Dr Okafor,2,"Ignores questions posted on the course forum, also doesn't explain well.","[('Availability', 'negative'), ('Clarity of Instruction', 'negative')]","['ignores', 'questions', 'posted', 'on', 'the', 'course', 'forum', ',', 'also', 'does', ""n't"", 'explain', 'well', '.']","['B-AVAILABILITY', 'I-AVAILABILITY', 'I-AVAILABILITY', 'I-AVAILABILITY', 'I-AVAILABILITY', 'I-AVAILABILITY', 'I-AVAILABILITY', 'O', 'O', 'B-CLARITY_OF_INSTRUCTION', 'I-CLARITY_OF_INSTRUCTION', 'I-CLARITY_OF_INSTRUCTION', 'I-CLARITY_OF_INSTRUCTION', 'O']"
Introduction to Computing,CSC410,Dr Faith,1,No rubric is given before assignments are due.,"[('Assessment', 'negative')]","['no', 'rubric', 'is', 'given', 'before', 'assignments', 'are', 'due', '.']","['B-ASSESSMENT', 'I-ASSESSMENT', 'I-ASSESSMENT', 'I-ASSESSMENT', 'I-ASSESSMENT', 'I-ASSESSMENT', 'I-ASSESSMENT', 'I-ASSESSMENT', 'O']"
Special Computing,CSC408,Dr Okafor,4,"Rushes through explanations, however turns dry topics into lively discussions, also i've never had trouble reaching him for help.","[('Clarity of Instruction', 'negative'), ('Engagement', 'positive'), ('Availability', 'positive')]","['rushes', 'through', 'explanations', ',', 'however', 'turns', 'dry', 'topics', 'into', 'lively', 'discussions', ',', 'also', 'i', ""'ve"", 'never', 'had', 'trouble', 'reaching', 'him', 'for', 'help', '.']","['B-CLARITY_OF_INSTRUCTION', 'I-CLARITY_OF_INSTRUCTION', 'I-CLARITY_OF_INSTRUCTION', 'O', 'O', 'B-ENGAGEMENT', 'I-ENGAGEMENT', 'I-ENGAGEMENT', 'I-ENGAGEMENT', 'I-ENGAGEMENT', 'I-ENGAGEMENT', 'O', 'O', 'B-AVAILABILITY', 'I-AVAILABILITY', 'I-AVAILABILITY', 'I-AVAILABILITY', 'I-AVAILABILITY', 'I-AVAILABILITY', 'I-AVAILABILITY', 'I-AVAILABILITY', 'I-AVAILABILITY', 'O']"
Data Science,CSC408,Dr Okafor,2,"Hard to stay interested in this class, however makes topics easier to understand, however his grasp of the subject feels shaky.","[('Engagement', 'negative'), ('Clarity of Instruction', 'positive'), ('Subject Knowledge', 'negative')]","['hard', 'to', 'stay', 'interested', 'in', 'this', 'class', ',', 'however', 'makes', 'topics', 'easier', 'to', 'understand', ',', 'however', 'his', 'grasp', 'of', 'the', 'subject', 'feels', 'shaky', '.']","['B-ENGAGEMENT', 'I-ENGAGEMENT', 'I-ENGAGEMENT', 'I-ENGAGEMENT', 'I-ENGAGEMENT', 'I-ENGAGEMENT', 'I-ENGAGEMENT', 'O', 'O', 'B-CLARITY_OF_INSTRUCTION', 'I-CLARITY_OF_INSTRUCTION', 'I-CLARITY_OF_INSTRUCTION', 'I-CLARITY_OF_INSTRUCTION', 'I-CLARITY_OF_INSTRUCTION', 'O', 'O', 'B-SUBJECT_KNOWLEDGE', 'I-SUBJECT_KNOWLEDGE', 'I-SUBJECT_KNOWLEDGE', 'I-SUBJECT_KNOWLEDGE', 'I-SUBJECT_KNOWLEDGE', 'I-SUBJECT_KNOWLEDGE', 'I-SUBJECT_KNOWLEDGE', 'O']"
Special Computing,CSC406,Dr Martins,3,"doesn't explain well, but i always understand why i lost points.","[('Clarity of Instruction', 'negative'), ('Assessment', 'positive')]","['does', ""n't"", 'explain', 'well', ',', 'but', 'i', 'always', 'understand', 'why', 'i', 'lost', 'points', '.']","['B-CLARITY_OF_INSTRUCTION', 'I-CLARITY_OF_INSTRUCTION', 'I-CLARITY_OF_INSTRUCTION', 'I-CLARITY_OF_INSTRUCTION', 'O', 'O', 'B-ASSESSMENT', 'I-ASSESSMENT', 'I-ASSESSMENT', 'I-ASSESSMENT', 'I-ASSESSMENT', 'I-ASSESSMENT', 'I-ASSESSMENT', 'O']"
Introduction to Computing,CSC101,Dr Faith,4,"Simplifies difficult concepts well, and uses humor to keep the room awake.","[('Clarity of Instruction', 'positive'), ('Engagement', 'positive')]","['simplifies', 'difficult', 'concepts', 'well', ',', 'and', 'uses', 'humor', 'to', 'keep', 'the', 'room', 'awake', '.']","['B-CLARITY_OF_INSTRUCTION', 'I-CLARITY_OF_INSTRUCTION', 'I-CLARITY_OF_INSTRUCTION', 'I-CLARITY_OF_INSTRUCTION', 'O', 'O', 'B-ENGAGEMENT', 'I-ENGAGEMENT', 'I-ENGAGEMENT', 'I-ENGAGEMENT', 'I-ENGAGEMENT', 'I-ENGAGEMENT', 'I-ENGAGEMENT', 'O']"
Introduction to Computing,CSC408,Dr Faith,5,Explains difficult material well.,"[('Clarity of Instruction', 'positive')]","['explains', 'difficult', 'material', 'well', '.']","['B-CLARITY_OF_INSTRUCTION', 'I-CLARITY_OF_INSTRUCTION', 'I-CLARITY_OF_INSTRUCTION', 'I-CLARITY_OF_INSTRUCTION', 'O']"
Cloud Computing,CSC101,Dr Pomele,4,"Hard to stay interested in this class, but breaks complex structures into understandable ones, although cancels office hours without notice.","[('Engagement', 'negative'), ('Clarity of Instruction', 'positive'), ('Availability', 'negative')]","['hard', 'to', 'stay', 'interested', 'in', 'this', 'class', ',', 'but', 'breaks', 'complex', 'structures', 'into', 'understandable', 'ones', ',', 'although', 'cancels', 'office', 'hours', 'without', 'notice', '.']","['B-ENGAGEMENT', 'I-ENGAGEMENT', 'I-ENGAGEMENT', 'I-ENGAGEMENT', 'I-ENGAGEMENT', 'I-ENGAGEMENT', 'I-ENGAGEMENT', 'O', 'O', 'B-CLARITY_OF_INSTRUCTION', 'I-CLARITY_OF_INSTRUCTION', 'I-CLARITY_OF_INSTRUCTION', 'I-CLARITY_OF_INSTRUCTION', 'I-CLARITY_OF_INSTRUCTION', 'I-CLARITY_OF_INSTRUCTION', 'O', 'O', 'B-AVAILABILITY', 'I-AVAILABILITY', 'I-AVAILABILITY', 'I-AVAILABILITY', 'I-AVAILABILITY', 'O']"
Data Science,CSC408,Dr Faith,1,Never seems caught off guard by a question.,"[('Subject Knowledge', 'positive')]","['never', 'seems', 'caught', 'off', 'guard', 'by', 'a', 'question', '.']","['B-SUBJECT_KNOWLEDGE', 'I-SUBJECT_KNOWLEDGE', 'I-SUBJECT_KNOWLEDGE', 'I-SUBJECT_KNOWLEDGE', 'I-SUBJECT_KNOWLEDGE', 'I-SUBJECT_KNOWLEDGE', 'I-SUBJECT_KNOWLEDGE', 'I-SUBJECT_KNOWLEDGE', 'O']"
Introduction to Computing,CSC408,Dr Faith,3,"Involves the class with questions and debates, although doesn't explain well.","[('Engagement', 'positive'), ('Clarity of Instruction', 'negative')]","['involves', 'the', 'class', 'with', 'questions', 'and', 'debates', ',', 'although', 'does', ""n't"", 'explain', 'well', '.']","['B-ENGAGEMENT', 'I-ENGAGEMENT', 'I-ENGAGEMENT', 'I-ENGAGEMENT', 'I-ENGAGEMENT', 'I-ENGAGEMENT', 'I-ENGAGEMENT', 'O', 'O', 'B-CLARITY_OF_INSTRUCTION', 'I-CLARITY_OF_INSTRUCTION', 'I-CLARITY_OF_INSTRUCTION', 'I-CLARITY_OF_INSTRUCTION', 'O']"
Introduction to Computing,CSC410,Dr Pomele,4,Always available during office hours.,"[('Availability', 'positive')]","['always', 'available', 'during', 'office', 'hours', '.']","['B-AVAILABILITY', 'I-AVAILABILITY', 'I-AVAILABILITY', 'I-AVAILABILITY', 'I-AVAILABILITY', 'O']"
Introduction to Computing,CSC410,Dr Martins,5,"Encourages students to participate often, and i trust his understanding of even advanced topics, however makes topics difficult to understand.","[('Engagement', 'positive'), ('Subject Knowledge', 'positive'), ('Clarity of Instruction', 'negative')]","['encourages', 'students', 'to', 'participate', 'often', ',', 'and', 'i', 'trust', 'his', 'understanding', 'of', 'even', 'advanced', 'topics', ',', 'however', 'makes', 'topics', 'difficult', 'to', 'understand', '.']","['B-ENGAGEMENT', 'I-ENGAGEMENT', 'I-ENGAGEMENT', 'I-ENGAGEMENT', 'I-ENGAGEMENT', 'O', 'O', 'B-SUBJECT_KNOWLEDGE', 'I-SUBJECT_KNOWLEDGE', 'I-SUBJECT_KNOWLEDGE', 'I-SUBJECT_KNOWLEDGE', 'I-SUBJECT_KNOWLEDGE', 'I-SUBJECT_KNOWLEDGE', 'I-SUBJECT_KNOWLEDGE', 'I-SUBJECT_KNOWLEDGE', 'O', 'O', 'B-CLARITY_OF_INSTRUCTION', 'I-CLARITY_OF_INSTRUCTION', 'I-CLARITY_OF_INSTRUCTION', 'I-CLARITY_OF_INSTRUCTION', 'I-CLARITY_OF_INSTRUCTION', 'O']"
Special Computing,CSC406,Dr Faith,4,Exams match what was actually taught.,"[('Assessment', 'positive')]","['exams', 'match', 'what', 'was', 'actually', 'taught', '.']","['B-ASSESSMENT', 'I-ASSESSMENT', 'I-ASSESSMENT', 'I-ASSESSMENT', 'I-ASSESSMENT', 'I-ASSESSMENT', 'O']"
Special Computing,CSC408,Dr Adeyemi,2,"Seems to be reading straight from slides, also is nearly impossible to reach outside class, also lectures feel disorganized and hard to follow.","[('Subject Knowledge', 'negative'), ('Availability', 'negative'), ('Clarity of Instruction', 'negative')]","['seems', 'to', 'be', 'reading', 'straight', 'from', 'slides', ',', 'also', 'is', 'nearly', 'impossible', 'to', 'reach', 'outside', 'class', ',', 'also', 'lectures', 'feel', 'disorganized', 'and', 'hard', 'to', 'follow', '.']","['B-SUBJECT_KNOWLEDGE', 'I-SUBJECT_KNOWLEDGE', 'I-SUBJECT_KNOWLEDGE', 'I-SUBJECT_KNOWLEDGE', 'I-SUBJECT_KNOWLEDGE', 'I-SUBJECT_KNOWLEDGE', 'I-SUBJECT_KNOWLEDGE', 'O', 'O', 'B-AVAILABILITY', 'I-AVAILABILITY', 'I-AVAILABILITY', 'I-AVAILABILITY', 'I-AVAILABILITY', 'I-AVAILABILITY', 'I-AVAILABILITY', 'O', 'O', 'B-CLARITY_OF_INSTRUCTION', 'I-CLARITY_OF_INSTRUCTION', 'I-CLARITY_OF_INSTRUCTION', 'I-CLARITY_OF_INSTRUCTION', 'I-CLARITY_OF_INSTRUCTION', 'I-CLARITY_OF_INSTRUCTION', 'I-CLARITY_OF_INSTRUCTION', 'O']"
Machine Learning,CSC101,Dr Faith,2,"Backs up explanations with real-world examples from experience, although makes topics difficult to understand, also seems annoyed when students ask for extra help.","[('Subject Knowledge', 'positive'), ('Clarity of Instruction', 'negative'), ('Availability', 'negative')]","['backs', 'up', 'explanations', 'with', 'real-world', 'examples', 'from', 'experience', ',', 'although', 'makes', 'topics', 'difficult', 'to', 'understand', ',', 'also', 'seems', 'annoyed', 'when', 'students', 'ask', 'for', 'extra', 'help', '.']","['B-SUBJECT_KNOWLEDGE', 'I-SUBJECT_KNOWLEDGE', 'I-SUBJECT_KNOWLEDGE', 'I-SUBJECT_KNOWLEDGE', 'I-SUBJECT_KNOWLEDGE', 'I-SUBJECT_KNOWLEDGE', 'I-SUBJECT_KNOWLEDGE', 'I-SUBJECT_KNOWLEDGE', 'O', 'O', 'B-CLARITY_OF_INSTRUCTION', 'I-CLARITY_OF_INSTRUCTION', 'I-CLARITY_OF_INSTRUCTION', 'I-CLARITY_OF_INSTRUCTION', 'I-CLARITY_OF_INSTRUCTION', 'O', 'O', 'B-AVAILABILITY', 'I-AVAILABILITY', 'I-AVAILABILITY', 'I-AVAILABILITY', 'I-AVAILABILITY', 'I-AVAILABILITY', 'I-AVAILABILITY', 'I-AVAILABILITY', 'O']"
Introduction to Computing,CSC101,Dr Okafor,5,Returns graded work quickly.,"[('Assessment', 'positive')]","['returns', 'graded', 'work', 'quickly', '.']","['B-ASSESSMENT', 'I-ASSESSMENT', 'I-ASSESSMENT', 'I-ASSESSMENT', 'O']"
Introduction to Computing,CSC101,Dr Okafor,4,"I trust his understanding of even advanced topics, also explains difficult material well.","[('Subject Knowledge', 'positive'), ('Clarity of Instruction', 'positive')]","['i', 'trust', 'his', 'understanding', 'of', 'even', 'advanced', 'topics', ',', 'also', 'explains', 'difficult', 'material', 'well', '.']","['B-SUBJECT_KNOWLEDGE', 'I-SUBJECT_KNOWLEDGE', 'I-SUBJECT_KNOWLEDGE', 'I-SUBJECT_KNOWLEDGE', 'I-SUBJECT_KNOWLEDGE', 'I-SUBJECT_KNOWLEDGE', 'I-SUBJECT_KNOWLEDGE', 'I-SUBJECT_KNOWLEDGE', 'O', 'O', 'B-CLARITY_OF_INSTRUCTION', 'I-CLARITY_OF_INSTRUCTION', 'I-CLARITY_OF_INSTRUCTION', 'I-CLARITY_OF_INSTRUCTION', 'O']"
Special Computing,CSC101,Dr Adeyemi,2,grades inconsistently between students.,"[('Assessment', 'negative')]","['grades', 'inconsistently', 'between', 'students', '.']","['B-ASSESSMENT', 'I-ASSESSMENT', 'I-ASSESSMENT', 'I-ASSESSMENT', 'O']"
Cloud Computing,CSC410,Dr Adeyemi,2,Takes weeks to return graded assignments.,"[('Assessment', 'negative')]","['takes', 'weeks', 'to', 'return', 'graded', 'assignments', '.']","['B-ASSESSMENT', 'I-ASSESSMENT', 'I-ASSESSMENT', 'I-ASSESSMENT', 'I-ASSESSMENT', 'I-ASSESSMENT', 'O']"
Special Computing,CSC412,Dr Okafor,4,"I couldn't get a response before the deadline, but explains difficult material well, and makes the class genuinely interesting.","[('Availability', 'negative'), ('Clarity of Instruction', 'positive'), ('Engagement', 'positive')]","['i', 'could', ""n't"", 'get', 'a', 'response', 'before', 'the', 'deadline', ',', 'but', 'explains', 'difficult', 'material', 'well', ',', 'and', 'makes', 'the', 'class', 'genuinely', 'interesting', '.']","['B-AVAILABILITY', 'I-AVAILABILITY', 'I-AVAILABILITY', 'I-AVAILABILITY', 'I-AVAILABILITY', 'I-AVAILABILITY', 'I-AVAILABILITY', 'I-AVAILABILITY', 'I-AVAILABILITY', 'O', 'O', 'B-CLARITY_OF_INSTRUCTION', 'I-CLARITY_OF_INSTRUCTION', 'I-CLARITY_OF_INSTRUCTION', 'I-CLARITY_OF_INSTRUCTION', 'O', 'O', 'B-ENGAGEMENT', 'I-ENGAGEMENT', 'I-ENGAGEMENT', 'I-ENGAGEMENT', 'I-ENGAGEMENT', 'O']"
Data Science,CSC101,Dr Martins,5,Makes the class genuinely interesting.,"[('Engagement', 'positive')]","['makes', 'the', 'class', 'genuinely', 'interesting', '.']","['B-ENGAGEMENT', 'I-ENGAGEMENT', 'I-ENGAGEMENT', 'I-ENGAGEMENT', 'I-ENGAGEMENT', 'O']"
Machine Learning,CSC406,Dr Faith,4,"Exams match what was actually taught, however the class feels boring and flat, but explains difficult material well.","[('Assessment', 'positive'), ('Engagement', 'negative'), ('Clarity of Instruction', 'positive')]","['exams', 'match', 'what', 'was', 'actually', 'taught', ',', 'however', 'the', 'class', 'feels', 'boring', 'and', 'flat', ',', 'but', 'explains', 'difficult', 'material', 'well', '.']","['B-ASSESSMENT', 'I-ASSESSMENT', 'I-ASSESSMENT', 'I-ASSESSMENT', 'I-ASSESSMENT', 'I-ASSESSMENT', 'O', 'O', 'B-ENGAGEMENT', 'I-ENGAGEMENT', 'I-ENGAGEMENT', 'I-ENGAGEMENT', 'I-ENGAGEMENT', 'I-ENGAGEMENT', 'O', 'O', 'B-CLARITY_OF_INSTRUCTION', 'I-CLARITY_OF_INSTRUCTION', 'I-CLARITY_OF_INSTRUCTION', 'I-CLARITY_OF_INSTRUCTION', 'O']"
Introduction to Computing,CSC406,Dr Martins,3,"Rarely interacts with students during lectures, however sets up extra sessions when needed.","[('Engagement', 'negative'), ('Availability', 'positive')]","['rarely', 'interacts', 'with', 'students', 'during', 'lectures', ',', 'however', 'sets', 'up', 'extra', 'sessions', 'when', 'needed', '.']","['B-ENGAGEMENT', 'I-ENGAGEMENT', 'I-ENGAGEMENT', 'I-ENGAGEMENT', 'I-ENGAGEMENT', 'I-ENGAGEMENT', 'O', 'O', 'B-AVAILABILITY', 'I-AVAILABILITY', 'I-AVAILABILITY', 'I-AVAILABILITY', 'I-AVAILABILITY', 'I-AVAILABILITY', 'O']"
Cloud Computing,CSC408,Dr Adeyemi,5,"Explains difficult concepts with real depth, and explains difficult material well.","[('Subject Knowledge', 'positive'), ('Clarity of Instruction', 'positive')]","['explains', 'difficult', 'concepts', 'with', 'real', 'depth', ',', 'and', 'explains', 'difficult', 'material', 'well', '.']","['B-SUBJECT_KNOWLEDGE', 'I-SUBJECT_KNOWLEDGE', 'I-SUBJECT_KNOWLEDGE', 'I-SUBJECT_KNOWLEDGE', 'I-SUBJECT_KNOWLEDGE', 'I-SUBJECT_KNOWLEDGE', 'O', 'O', 'B-CLARITY_OF_INSTRUCTION', 'I-CLARITY_OF_INSTRUCTION', 'I-CLARITY_OF_INSTRUCTION', 'I-CLARITY_OF_INSTRUCTION', 'O']"
Cloud Computing,CSC412,Dr Okafor,3,"The lecture drags on with no variation, although happy to answer questions after class.","[('Engagement', 'negative'), ('Availability', 'positive')]","['the', 'lecture', 'drags', 'on', 'with', 'no', 'variation', ',', 'although', 'happy', 'to', 'answer', 'questions', 'after', 'class', '.']","['B-ENGAGEMENT', 'I-ENGAGEMENT', 'I-ENGAGEMENT', 'I-ENGAGEMENT', 'I-ENGAGEMENT', 'I-ENGAGEMENT', 'I-ENGAGEMENT', 'O', 'O', 'B-AVAILABILITY', 'I-AVAILABILITY', 'I-AVAILABILITY', 'I-AVAILABILITY', 'I-AVAILABILITY', 'I-AVAILABILITY', 'O']"
Machine Learning,CSC410,Dr Faith,3,"Sets up extra sessions when needed, but grading seems arbitrary from one submission to the next.","[('Availability', 'positive'), ('Assessment', 'negative')]","['sets', 'up', 'extra', 'sessions', 'when', 'needed', ',', 'but', 'grading', 'seems', 'arbitrary', 'from', 'one', 'submission', 'to', 'the', 'next', '.']","['B-AVAILABILITY', 'I-AVAILABILITY', 'I-AVAILABILITY', 'I-AVAILABILITY', 'I-AVAILABILITY', 'I-AVAILABILITY', 'O', 'O', 'B-ASSESSMENT', 'I-ASSESSMENT', 'I-ASSESSMENT', 'I-ASSESSMENT', 'I-ASSESSMENT', 'I-ASSESSMENT', 'I-ASSESSMENT', 'I-ASSESSMENT', 'I-ASSESSMENT', 'O']"
Data Science,CSC101,Dr Faith,4,the class feels boring and flat.,"[('Engagement', 'negative')]","['the', 'class', 'feels', 'boring', 'and', 'flat', '.']","['B-ENGAGEMENT', 'I-ENGAGEMENT', 'I-ENGAGEMENT', 'I-ENGAGEMENT', 'I-ENGAGEMENT', 'I-ENGAGEMENT', 'O']"
Cloud Computing,CSC410,Dr Okafor,4,Never seems caught off guard by a question.,"[('Subject Knowledge', 'positive')]","['never', 'seems', 'caught', 'off', 'guard', 'by', 'a', 'question', '.']","['B-SUBJECT_KNOWLEDGE', 'I-SUBJECT_KNOWLEDGE', 'I-SUBJECT_KNOWLEDGE', 'I-SUBJECT_KNOWLEDGE', 'I-SUBJECT_KNOWLEDGE', 'I-SUBJECT_KNOWLEDGE', 'I-SUBJECT_KNOWLEDGE', 'I-SUBJECT_KNOWLEDGE', 'O']"
Cloud Computing,CSC101,Dr Okafor,5,"Goes beyond the textbook when explaining concepts, also makes topics easier to understand.","[('Subject Knowledge', 'positive'), ('Clarity of Instruction', 'positive')]","['goes', 'beyond', 'the', 'textbook', 'when', 'explaining', 'concepts', ',', 'also', 'makes', 'topics', 'easier', 'to', 'understand', '.']","['B-SUBJECT_KNOWLEDGE', 'I-SUBJECT_KNOWLEDGE', 'I-SUBJECT_KNOWLEDGE', 'I-SUBJECT_KNOWLEDGE', 'I-SUBJECT_KNOWLEDGE', 'I-SUBJECT_KNOWLEDGE', 'I-SUBJECT_KNOWLEDGE', 'O', 'O', 'B-CLARITY_OF_INSTRUCTION', 'I-CLARITY_OF_INSTRUCTION', 'I-CLARITY_OF_INSTRUCTION', 'I-CLARITY_OF_INSTRUCTION', 'I-CLARITY_OF_INSTRUCTION', 'O']"
Introduction to Computing,CSC406,Dr Martins,2,"Sets up extra sessions when needed, also exams match what was actually taught.","[('Availability', 'positive'), ('Assessment', 'positive')]","['sets', 'up', 'extra', 'sessions', 'when', 'needed', ',', 'also', 'exams', 'match', 'what', 'was', 'actually', 'taught', '.']","['B-AVAILABILITY', 'I-AVAILABILITY', 'I-AVAILABILITY', 'I-AVAILABILITY', 'I-AVAILABILITY', 'I-AVAILABILITY', 'O', 'O', 'B-ASSESSMENT', 'I-ASSESSMENT', 'I-ASSESSMENT', 'I-ASSESSMENT', 'I-ASSESSMENT', 'I-ASSESSMENT', 'O']"
Machine Learning,CSC408,Dr Okafor,3,"Very approachable outside of lecture time, but never asks questions or invites discussion.","[('Availability', 'positive'), ('Engagement', 'negative')]","['very', 'approachable', 'outside', 'of', 'lecture', 'time', ',', 'but', 'never', 'asks', 'questions', 'or', 'invites', 'discussion', '.']","['B-AVAILABILITY', 'I-AVAILABILITY', 'I-AVAILABILITY', 'I-AVAILABILITY', 'I-AVAILABILITY', 'I-AVAILABILITY', 'O', 'O', 'B-ENGAGEMENT', 'I-ENGAGEMENT', 'I-ENGAGEMENT', 'I-ENGAGEMENT', 'I-ENGAGEMENT', 'I-ENGAGEMENT', 'O']"
Data Science,CSC101,Dr Martins,3,"Feedback actually helps me improve next time, although uses confusing terms without breaking them down.","[('Assessment', 'positive'), ('Clarity of Instruction', 'negative')]","['feedback', 'actually', 'helps', 'me', 'improve', 'next', 'time', ',', 'although', 'uses', 'confusing', 'terms', 'without', 'breaking', 'them', 'down', '.']","['B-ASSESSMENT', 'I-ASSESSMENT', 'I-ASSESSMENT', 'I-ASSESSMENT', 'I-ASSESSMENT', 'I-ASSESSMENT', 'I-ASSESSMENT', 'O', 'O', 'B-CLARITY_OF_INSTRUCTION', 'I-CLARITY_OF_INSTRUCTION', 'I-CLARITY_OF_INSTRUCTION', 'I-CLARITY_OF_INSTRUCTION', 'I-CLARITY_OF_INSTRUCTION', 'I-CLARITY_OF_INSTRUCTION', 'I-CLARITY_OF_INSTRUCTION', 'O']"
Machine Learning,CSC101,Dr Pomele,3,"The way he breaks down ideas makes sense, although i've caught factual errors in lectures before.","[('Clarity of Instruction', 'positive'), ('Subject Knowledge', 'negative')]","['the', 'way', 'he', 'breaks', 'down', 'ideas', 'makes', 'sense', ',', 'although', 'i', ""'ve"", 'caught', 'factual', 'errors', 'in', 'lectures', 'before', '.']","['B-CLARITY_OF_INSTRUCTION', 'I-CLARITY_OF_INSTRUCTION', 'I-CLARITY_OF_INSTRUCTION', 'I-CLARITY_OF_INSTRUCTION', 'I-CLARITY_OF_INSTRUCTION', 'I-CLARITY_OF_INSTRUCTION', 'I-CLARITY_OF_INSTRUCTION', 'I-CLARITY_OF_INSTRUCTION', 'O', 'O', 'B-SUBJECT_KNOWLEDGE', 'I-SUBJECT_KNOWLEDGE', 'I-SUBJECT_KNOWLEDGE', 'I-SUBJECT_KNOWLEDGE', 'I-SUBJECT_KNOWLEDGE', 'I-SUBJECT_KNOWLEDGE', 'I-SUBJECT_KNOWLEDGE', 'I-SUBJECT_KNOWLEDGE', 'O']"
Machine Learning,CSC101,Dr Okafor,1,the class feels boring and flat.,"[('Engagement', 'negative')]","['the', 'class', 'feels', 'boring', 'and', 'flat', '.']","['B-ENGAGEMENT', 'I-ENGAGEMENT', 'I-ENGAGEMENT', 'I-ENGAGEMENT', 'I-ENGAGEMENT', 'I-ENGAGEMENT', 'O']"
Data Science,CSC408,Dr Faith,4,"Uses humor to keep the room awake, also has deep knowledge of the subject, but skips important details when explaining.","[('Engagement', 'positive'), ('Subject Knowledge', 'positive'), ('Clarity of Instruction', 'negative')]","['uses', 'humor', 'to', 'keep', 'the', 'room', 'awake', ',', 'also', 'has', 'deep', 'knowledge', 'of', 'the', 'subject', ',', 'but', 'skips', 'important', 'details', 'when', 'explaining', '.']","['B-ENGAGEMENT', 'I-ENGAGEMENT', 'I-ENGAGEMENT', 'I-ENGAGEMENT', 'I-ENGAGEMENT', 'I-ENGAGEMENT', 'I-ENGAGEMENT', 'O', 'O', 'B-SUBJECT_KNOWLEDGE', 'I-SUBJECT_KNOWLEDGE', 'I-SUBJECT_KNOWLEDGE', 'I-SUBJECT_KNOWLEDGE', 'I-SUBJECT_KNOWLEDGE', 'I-SUBJECT_KNOWLEDGE', 'O', 'O', 'B-CLARITY_OF_INSTRUCTION', 'I-CLARITY_OF_INSTRUCTION', 'I-CLARITY_OF_INSTRUCTION', 'I-CLARITY_OF_INSTRUCTION', 'I-CLARITY_OF_INSTRUCTION', 'O']"
Data Science,CSC408,Dr Adeyemi,5,I trust his understanding of even advanced topics.,"[('Subject Knowledge', 'positive')]","['i', 'trust', 'his', 'understanding', 'of', 'even', 'advanced', 'topics', '.']","['B-SUBJECT_KNOWLEDGE', 'I-SUBJECT_KNOWLEDGE', 'I-SUBJECT_KNOWLEDGE', 'I-SUBJECT_KNOWLEDGE', 'I-SUBJECT_KNOWLEDGE', 'I-SUBJECT_KNOWLEDGE', 'I-SUBJECT_KNOWLEDGE', 'I-SUBJECT_KNOWLEDGE', 'O']"
Data Science,CSC408,Dr Adeyemi,1,"His grasp of the subject feels shaky, also never holds actual office hours.","[('Subject Knowledge', 'negative'), ('Availability', 'negative')]","['his', 'grasp', 'of', 'the', 'subject', 'feels', 'shaky', ',', 'also', 'never', 'holds', 'actual', 'office', 'hours', '.']","['B-SUBJECT_KNOWLEDGE', 'I-SUBJECT_KNOWLEDGE', 'I-SUBJECT_KNOWLEDGE', 'I-SUBJECT_KNOWLEDGE', 'I-SUBJECT_KNOWLEDGE', 'I-SUBJECT_KNOWLEDGE', 'I-SUBJECT_KNOWLEDGE', 'O', 'O', 'B-AVAILABILITY', 'I-AVAILABILITY', 'I-AVAILABILITY', 'I-AVAILABILITY', 'I-AVAILABILITY', 'O']"
Special Computing,CSC408,Dr Okafor,2,Never holds actual office hours.,"[('Availability', 'negative')]","['never', 'holds', 'actual', 'office', 'hours', '.']","['B-AVAILABILITY', 'I-AVAILABILITY', 'I-AVAILABILITY', 'I-AVAILABILITY', 'I-AVAILABILITY', 'O']"
Data Science,CSC412,Dr Martins,3,"Rushes through explanations, although happy to answer questions after class.","[('Clarity of Instruction', 'negative'), ('Availability', 'positive')]","['rushes', 'through', 'explanations', ',', 'although', 'happy', 'to', 'answer', 'questions', 'after', 'class', '.']","['B-CLARITY_OF_INSTRUCTION', 'I-CLARITY_OF_INSTRUCTION', 'I-CLARITY_OF_INSTRUCTION', 'O', 'O', 'B-AVAILABILITY', 'I-AVAILABILITY', 'I-AVAILABILITY', 'I-AVAILABILITY', 'I-AVAILABILITY', 'I-AVAILABILITY', 'O']"
Cloud Computing,CSC406,Dr Adeyemi,3,"I always leave the class understanding the topic, but can't connect concepts to real applications.","[('Clarity of Instruction', 'positive'), ('Subject Knowledge', 'negative')]","['i', 'always', 'leave', 'the', 'class', 'understanding', 'the', 'topic', ',', 'but', 'ca', ""n't"", 'connect', 'concepts', 'to', 'real', 'applications', '.']","['B-CLARITY_OF_INSTRUCTION', 'I-CLARITY_OF_INSTRUCTION', 'I-CLARITY_OF_INSTRUCTION', 'I-CLARITY_OF_INSTRUCTION', 'I-CLARITY_OF_INSTRUCTION', 'I-CLARITY_OF_INSTRUCTION', 'I-CLARITY_OF_INSTRUCTION', 'I-CLARITY_OF_INSTRUCTION', 'O', 'O', 'B-SUBJECT_KNOWLEDGE', 'I-SUBJECT_KNOWLEDGE', 'I-SUBJECT_KNOWLEDGE', 'I-SUBJECT_KNOWLEDGE', 'I-SUBJECT_KNOWLEDGE', 'I-SUBJECT_KNOWLEDGE', 'I-SUBJECT_KNOWLEDGE', 'O']"
Special Computing,CSC410,Dr Okafor,3,"Skips important details when explaining, although returns graded work quickly.","[('Clarity of Instruction', 'negative'), ('Assessment', 'positive')]","['skips', 'important', 'details', 'when', 'explaining', ',', 'although', 'returns', 'graded', 'work', 'quickly', '.']","['B-CLARITY_OF_INSTRUCTION', 'I-CLARITY_OF_INSTRUCTION', 'I-CLARITY_OF_INSTRUCTION', 'I-CLARITY_OF_INSTRUCTION', 'I-CLARITY_OF_INSTRUCTION', 'O', 'O', 'B-ASSESSMENT', 'I-ASSESSMENT', 'I-ASSESSMENT', 'I-ASSESSMENT', 'O']"
Data Science,CSC410,Dr Faith,5,"Exams match what was actually taught, also involves the class with questions and debates, also breaks complex structures into understandable ones.","[('Assessment', 'positive'), ('Engagement', 'positive'), ('Clarity of Instruction', 'positive')]","['exams', 'match', 'what', 'was', 'actually', 'taught', ',', 'also', 'involves', 'the', 'class', 'with', 'questions', 'and', 'debates', ',', 'also', 'breaks', 'complex', 'structures', 'into', 'understandable', 'ones', '.']","['B-ASSESSMENT', 'I-ASSESSMENT', 'I-ASSESSMENT', 'I-ASSESSMENT', 'I-ASSESSMENT', 'I-ASSESSMENT', 'O', 'O', 'B-ENGAGEMENT', 'I-ENGAGEMENT', 'I-ENGAGEMENT', 'I-ENGAGEMENT', 'I-ENGAGEMENT', 'I-ENGAGEMENT', 'I-ENGAGEMENT', 'O', 'O', 'B-CLARITY_OF_INSTRUCTION', 'I-CLARITY_OF_INSTRUCTION', 'I-CLARITY_OF_INSTRUCTION', 'I-CLARITY_OF_INSTRUCTION', 'I-CLARITY_OF_INSTRUCTION', 'I-CLARITY_OF_INSTRUCTION', 'O']"
Special Computing,CSC406,Dr Pomele,1,"I couldn't get a response before the deadline, and doesn't explain well, also doesn't seem to know the material well.","[('Availability', 'negative'), ('Clarity of Instruction', 'negative'), ('Subject Knowledge', 'negative')]","['i', 'could', ""n't"", 'get', 'a', 'response', 'before', 'the', 'deadline', ',', 'and', 'does', ""n't"", 'explain', 'well', ',', 'also', 'does', ""n't"", 'seem', 'to', 'know', 'the', 'material', 'well', '.']","['B-AVAILABILITY', 'I-AVAILABILITY', 'I-AVAILABILITY', 'I-AVAILABILITY', 'I-AVAILABILITY', 'I-AVAILABILITY', 'I-AVAILABILITY', 'I-AVAILABILITY', 'I-AVAILABILITY', 'O', 'O', 'B-CLARITY_OF_INSTRUCTION', 'I-CLARITY_OF_INSTRUCTION', 'I-CLARITY_OF_INSTRUCTION', 'I-CLARITY_OF_INSTRUCTION', 'O', 'O', 'B-SUBJECT_KNOWLEDGE', 'I-SUBJECT_KNOWLEDGE', 'I-SUBJECT_KNOWLEDGE', 'I-SUBJECT_KNOWLEDGE', 'I-SUBJECT_KNOWLEDGE', 'I-SUBJECT_KNOWLEDGE', 'I-SUBJECT_KNOWLEDGE', 'I-SUBJECT_KNOWLEDGE', 'O']"
Data Science,CSC101,Dr Martins,5,"Backs up explanations with real-world examples from experience, also makes the class genuinely interesting.","[('Subject Knowledge', 'positive'), ('Engagement', 'positive')]","['backs', 'up', 'explanations', 'with', 'real-world', 'examples', 'from', 'experience', ',', 'also', 'makes', 'the', 'class', 'genuinely', 'interesting', '.']","['B-SUBJECT_KNOWLEDGE', 'I-SUBJECT_KNOWLEDGE', 'I-SUBJECT_KNOWLEDGE', 'I-SUBJECT_KNOWLEDGE', 'I-SUBJECT_KNOWLEDGE', 'I-SUBJECT_KNOWLEDGE', 'I-SUBJECT_KNOWLEDGE', 'I-SUBJECT_KNOWLEDGE', 'O', 'O', 'B-ENGAGEMENT', 'I-ENGAGEMENT', 'I-ENGAGEMENT', 'I-ENGAGEMENT', 'I-ENGAGEMENT', 'O']"
Machine Learning,CSC412,Dr Martins,1,No rubric is given before assignments are due.,"[('Assessment', 'negative')]","['no', 'rubric', 'is', 'given', 'before', 'assignments', 'are', 'due', '.']","['B-ASSESSMENT', 'I-ASSESSMENT', 'I-ASSESSMENT', 'I-ASSESSMENT', 'I-ASSESSMENT', 'I-ASSESSMENT', 'I-ASSESSMENT', 'I-ASSESSMENT', 'O']"
Cloud Computing,CSC408,Dr Faith,5,"Explains clearly, also feedback actually helps me improve next time, also sets up extra sessions when needed.","[('Clarity of Instruction', 'positive'), ('Assessment', 'positive'), ('Availability', 'positive')]","['explains', 'clearly', ',', 'also', 'feedback', 'actually', 'helps', 'me', 'improve', 'next', 'time', ',', 'also', 'sets', 'up', 'extra', 'sessions', 'when', 'needed', '.']","['B-CLARITY_OF_INSTRUCTION', 'I-CLARITY_OF_INSTRUCTION', 'O', 'O', 'B-ASSESSMENT', 'I-ASSESSMENT', 'I-ASSESSMENT', 'I-ASSESSMENT', 'I-ASSESSMENT', 'I-ASSESSMENT', 'I-ASSESSMENT', 'O', 'O', 'B-AVAILABILITY', 'I-AVAILABILITY', 'I-AVAILABILITY', 'I-AVAILABILITY', 'I-AVAILABILITY', 'I-AVAILABILITY', 'O']"
Introduction to Computing,CSC101,Dr Okafor,4,"Keeps everyone engaged the whole session, also grading feels transparent and well-justified.","[('Engagement', 'positive'), ('Assessment', 'positive')]","['keeps', 'everyone', 'engaged', 'the', 'whole', 'session', ',', 'also', 'grading', 'feels', 'transparent', 'and', 'well-justified', '.']","['B-ENGAGEMENT', 'I-ENGAGEMENT', 'I-ENGAGEMENT', 'I-ENGAGEMENT', 'I-ENGAGEMENT', 'I-ENGAGEMENT', 'O', 'O', 'B-ASSESSMENT', 'I-ASSESSMENT', 'I-ASSESSMENT', 'I-ASSESSMENT', 'I-ASSESSMENT', 'O']"
Introduction to Computing,CSC406,Dr Faith,2,"I've never had trouble reaching him for help, also uses humor to keep the room awake, but avoids questions that go beyond the syllabus.","[('Availability', 'positive'), ('Engagement', 'positive'), ('Subject Knowledge', 'negative')]","['i', ""'ve"", 'never', 'had', 'trouble', 'reaching', 'him', 'for', 'help', ',', 'also', 'uses', 'humor', 'to', 'keep', 'the', 'room', 'awake', ',', 'but', 'avoids', 'questions', 'that', 'go', 'beyond', 'the', 'syllabus', '.']","['B-AVAILABILITY', 'I-AVAILABILITY', 'I-AVAILABILITY', 'I-AVAILABILITY', 'I-AVAILABILITY', 'I-AVAILABILITY', 'I-AVAILABILITY', 'I-AVAILABILITY', 'I-AVAILABILITY', 'O', 'O', 'B-ENGAGEMENT', 'I-ENGAGEMENT', 'I-ENGAGEMENT', 'I-ENGAGEMENT', 'I-ENGAGEMENT', 'I-ENGAGEMENT', 'I-ENGAGEMENT', 'O', 'O', 'B-SUBJECT_KNOWLEDGE', 'I-SUBJECT_KNOWLEDGE', 'I-SUBJECT_KNOWLEDGE', 'I-SUBJECT_KNOWLEDGE', 'I-SUBJECT_KNOWLEDGE', 'I-SUBJECT_KNOWLEDGE', 'I-SUBJECT_KNOWLEDGE', 'O']"
Special Computing,CSC406,Dr Pomele,4,Answers even the toughest questions confidently.,"[('Subject Knowledge', 'positive')]","['answers', 'even', 'the', 'toughest', 'questions', 'confidently', '.']","['B-SUBJECT_KNOWLEDGE', 'I-SUBJECT_KNOWLEDGE', 'I-SUBJECT_KNOWLEDGE', 'I-SUBJECT_KNOWLEDGE', 'I-SUBJECT_KNOWLEDGE', 'I-SUBJECT_KNOWLEDGE', 'O']"
Machine Learning,CSC412,Dr Adeyemi,4,"I've never had trouble reaching him for help, and makes the class genuinely interesting.","[('Availability', 'positive'), ('Engagement', 'positive')]","['i', ""'ve"", 'never', 'had', 'trouble', 'reaching', 'him', 'for', 'help', ',', 'and', 'makes', 'the', 'class', 'genuinely', 'interesting', '.']","['B-AVAILABILITY', 'I-AVAILABILITY', 'I-AVAILABILITY', 'I-AVAILABILITY', 'I-AVAILABILITY', 'I-AVAILABILITY', 'I-AVAILABILITY', 'I-AVAILABILITY', 'I-AVAILABILITY', 'O', 'O', 'B-ENGAGEMENT', 'I-ENGAGEMENT', 'I-ENGAGEMENT', 'I-ENGAGEMENT', 'I-ENGAGEMENT', 'O']"
Data Science,CSC406,Dr Faith,2,Ignores questions posted on the course forum.,"[('Availability', 'negative')]","['ignores', 'questions', 'posted', 'on', 'the', 'course', 'forum', '.']","['B-AVAILABILITY', 'I-AVAILABILITY', 'I-AVAILABILITY', 'I-AVAILABILITY', 'I-AVAILABILITY', 'I-AVAILABILITY', 'I-AVAILABILITY', 'O']"
Special Computing,CSC101,Dr Okafor,5,"Exams match what was actually taught, also replies on the discussion forum within a day, although doesn't explain well.","[('Assessment', 'positive'), ('Availability', 'positive'), ('Clarity of Instruction', 'negative')]","['exams', 'match', 'what', 'was', 'actually', 'taught', ',', 'also', 'replies', 'on', 'the', 'discussion', 'forum', 'within', 'a', 'day', ',', 'although', 'does', ""n't"", 'explain', 'well', '.']","['B-ASSESSMENT', 'I-ASSESSMENT', 'I-ASSESSMENT', 'I-ASSESSMENT', 'I-ASSESSMENT', 'I-ASSESSMENT', 'O', 'O', 'B-AVAILABILITY', 'I-AVAILABILITY', 'I-AVAILABILITY', 'I-AVAILABILITY', 'I-AVAILABILITY', 'I-AVAILABILITY', 'I-AVAILABILITY', 'I-AVAILABILITY', 'O', 'O', 'B-CLARITY_OF_INSTRUCTION', 'I-CLARITY_OF_INSTRUCTION', 'I-CLARITY_OF_INSTRUCTION', 'I-CLARITY_OF_INSTRUCTION', 'O']"
Introduction to Computing,CSC406,Dr Pomele,2,"Avoids questions that go beyond the syllabus, and feels like a one-way monologue every time, also grading seems arbitrary from one submission to the next.","[('Subject Knowledge', 'negative'), ('Engagement', 'negative'), ('Assessment', 'negative')]","['avoids', 'questions', 'that', 'go', 'beyond', 'the', 'syllabus', ',', 'and', 'feels', 'like', 'a', 'one-way', 'monologue', 'every', 'time', ',', 'also', 'grading', 'seems', 'arbitrary', 'from', 'one', 'submission', 'to', 'the', 'next', '.']","['B-SUBJECT_KNOWLEDGE', 'I-SUBJECT_KNOWLEDGE', 'I-SUBJECT_KNOWLEDGE', 'I-SUBJECT_KNOWLEDGE', 'I-SUBJECT_KNOWLEDGE', 'I-SUBJECT_KNOWLEDGE', 'I-SUBJECT_KNOWLEDGE', 'O', 'O', 'B-ENGAGEMENT', 'I-ENGAGEMENT', 'I-ENGAGEMENT', 'I-ENGAGEMENT', 'I-ENGAGEMENT', 'I-ENGAGEMENT', 'I-ENGAGEMENT', 'O', 'O', 'B-ASSESSMENT', 'I-ASSESSMENT', 'I-ASSESSMENT', 'I-ASSESSMENT', 'I-ASSESSMENT', 'I-ASSESSMENT', 'I-ASSESSMENT', 'I-ASSESSMENT', 'I-ASSESSMENT', 'O']"
Special Computing,CSC408,Dr Adeyemi,5,"Goes beyond the textbook when explaining concepts, also makes time for students who are struggling.","[('Subject Knowledge', 'positive'), ('Availability', 'positive')]","['goes', 'beyond', 'the', 'textbook', 'when', 'explaining', 'concepts', ',', 'also', 'makes', 'time', 'for', 'students', 'who', 'are', 'struggling', '.']","['B-SUBJECT_KNOWLEDGE', 'I-SUBJECT_KNOWLEDGE', 'I-SUBJECT_KNOWLEDGE', 'I-SUBJECT_KNOWLEDGE', 'I-SUBJECT_KNOWLEDGE', 'I-SUBJECT_KNOWLEDGE', 'I-SUBJECT_KNOWLEDGE', 'O', 'O', 'B-AVAILABILITY', 'I-AVAILABILITY', 'I-AVAILABILITY', 'I-AVAILABILITY', 'I-AVAILABILITY', 'I-AVAILABILITY', 'I-AVAILABILITY', 'O']"
Cloud Computing,CSC101,Dr Pomele,3,"Complicates simple topics, however gives detailed feedback on assignments.","[('Clarity of Instruction', 'negative'), ('Assessment', 'positive')]","['complicates', 'simple', 'topics', ',', 'however', 'gives', 'detailed', 'feedback', 'on', 'assignments', '.']","['B-CLARITY_OF_INSTRUCTION', 'I-CLARITY_OF_INSTRUCTION', 'I-CLARITY_OF_INSTRUCTION', 'O', 'O', 'B-ASSESSMENT', 'I-ASSESSMENT', 'I-ASSESSMENT', 'I-ASSESSMENT', 'I-ASSESSMENT', 'O']"
Cloud Computing,CSC410,Dr Adeyemi,2,"Hard to stay interested in this class, also cancels office hours without notice.","[('Engagement', 'negative'), ('Availability', 'negative')]","['hard', 'to', 'stay', 'interested', 'in', 'this', 'class', ',', 'also', 'cancels', 'office', 'hours', 'without', 'notice', '.']","['B-ENGAGEMENT', 'I-ENGAGEMENT', 'I-ENGAGEMENT', 'I-ENGAGEMENT', 'I-ENGAGEMENT', 'I-ENGAGEMENT', 'I-ENGAGEMENT', 'O', 'O', 'B-AVAILABILITY', 'I-AVAILABILITY', 'I-AVAILABILITY', 'I-AVAILABILITY', 'I-AVAILABILITY', 'O']"
Cloud Computing,CSC408,Dr Faith,3,"grades inconsistently between students, however always available during office hours.","[('Assessment', 'negative'), ('Availability', 'positive')]","['grades', 'inconsistently', 'between', 'students', ',', 'however', 'always', 'available', 'during', 'office', 'hours', '.']","['B-ASSESSMENT', 'I-ASSESSMENT', 'I-ASSESSMENT', 'I-ASSESSMENT', 'O', 'O', 'B-AVAILABILITY', 'I-AVAILABILITY', 'I-AVAILABILITY', 'I-AVAILABILITY', 'I-AVAILABILITY', 'O']"
Cloud Computing,CSC406,Dr Martins,4,"Never seems caught off guard by a question, also involves the class with questions and debates, however no rubric is given before assignments are due.","[('Subject Knowledge', 'positive'), ('Engagement', 'positive'), ('Assessment', 'negative')]","['never', 'seems', 'caught', 'off', 'guard', 'by', 'a', 'question', ',', 'also', 'involves', 'the', 'class', 'with', 'questions', 'and', 'debates', ',', 'however', 'no', 'rubric', 'is', 'given', 'before', 'assignments', 'are', 'due', '.']","['B-SUBJECT_KNOWLEDGE', 'I-SUBJECT_KNOWLEDGE', 'I-SUBJECT_KNOWLEDGE', 'I-SUBJECT_KNOWLEDGE', 'I-SUBJECT_KNOWLEDGE', 'I-SUBJECT_KNOWLEDGE', 'I-SUBJECT_KNOWLEDGE', 'I-SUBJECT_KNOWLEDGE', 'O', 'O', 'B-ENGAGEMENT', 'I-ENGAGEMENT', 'I-ENGAGEMENT', 'I-ENGAGEMENT', 'I-ENGAGEMENT', 'I-ENGAGEMENT', 'I-ENGAGEMENT', 'O', 'O', 'B-ASSESSMENT', 'I-ASSESSMENT', 'I-ASSESSMENT', 'I-ASSESSMENT', 'I-ASSESSMENT', 'I-ASSESSMENT', 'I-ASSESSMENT', 'I-ASSESSMENT', 'O']"
Data Science,CSC408,Dr Faith,2,I couldn't get a response before the deadline.,"[('Availability', 'negative')]","['i', 'could', ""n't"", 'get', 'a', 'response', 'before', 'the', 'deadline', '.']","['B-AVAILABILITY', 'I-AVAILABILITY', 'I-AVAILABILITY', 'I-AVAILABILITY', 'I-AVAILABILITY', 'I-AVAILABILITY', 'I-AVAILABILITY', 'I-AVAILABILITY', 'I-AVAILABILITY', 'O']"
Introduction to Computing,CSC406,Dr Martins,5,"Rubrics are clear before submitting work, but doesn't explain well, but his energy makes the lecture fly by.","[('Assessment', 'positive'), ('Clarity of Instruction', 'negative'), ('Engagement', 'positive')]","['rubrics', 'are', 'clear', 'before', 'submitting', 'work', ',', 'but', 'does', ""n't"", 'explain', 'well', ',', 'but', 'his', 'energy', 'makes', 'the', 'lecture', 'fly', 'by', '.']","['B-ASSESSMENT', 'I-ASSESSMENT', 'I-ASSESSMENT', 'I-ASSESSMENT', 'I-ASSESSMENT', 'I-ASSESSMENT', 'O', 'O', 'B-CLARITY_OF_INSTRUCTION', 'I-CLARITY_OF_INSTRUCTION', 'I-CLARITY_OF_INSTRUCTION', 'I-CLARITY_OF_INSTRUCTION', 'O', 'O', 'B-ENGAGEMENT', 'I-ENGAGEMENT', 'I-ENGAGEMENT', 'I-ENGAGEMENT', 'I-ENGAGEMENT', 'I-ENGAGEMENT', 'I-ENGAGEMENT', 'O']"
Special Computing,CSC408,Dr Pomele,3,doesn't seem to know the material well.,"[('Subject Knowledge', 'negative')]","['does', ""n't"", 'seem', 'to', 'know', 'the', 'material', 'well', '.']","['B-SUBJECT_KNOWLEDGE', 'I-SUBJECT_KNOWLEDGE', 'I-SUBJECT_KNOWLEDGE', 'I-SUBJECT_KNOWLEDGE', 'I-SUBJECT_KNOWLEDGE', 'I-SUBJECT_KNOWLEDGE', 'I-SUBJECT_KNOWLEDGE', 'I-SUBJECT_KNOWLEDGE', 'O']"
Introduction to Computing,CSC101,Dr Adeyemi,5,"Emails go unanswered for over a week, although backs up explanations with real-world examples from experience, and every explanation is easy to follow.","[('Availability', 'negative'), ('Subject Knowledge', 'positive'), ('Clarity of Instruction', 'positive')]","['emails', 'go', 'unanswered', 'for', 'over', 'a', 'week', ',', 'although', 'backs', 'up', 'explanations', 'with', 'real-world', 'examples', 'from', 'experience', ',', 'and', 'every', 'explanation', 'is', 'easy', 'to', 'follow', '.']","['B-AVAILABILITY', 'I-AVAILABILITY', 'I-AVAILABILITY', 'I-AVAILABILITY', 'I-AVAILABILITY', 'I-AVAILABILITY', 'I-AVAILABILITY', 'O', 'O', 'B-SUBJECT_KNOWLEDGE', 'I-SUBJECT_KNOWLEDGE', 'I-SUBJECT_KNOWLEDGE', 'I-SUBJECT_KNOWLEDGE', 'I-SUBJECT_KNOWLEDGE', 'I-SUBJECT_KNOWLEDGE', 'I-SUBJECT_KNOWLEDGE', 'I-SUBJECT_KNOWLEDGE', 'O', 'O', 'B-CLARITY_OF_INSTRUCTION', 'I-CLARITY_OF_INSTRUCTION', 'I-CLARITY_OF_INSTRUCTION', 'I-CLARITY_OF_INSTRUCTION', 'I-CLARITY_OF_INSTRUCTION', 'I-CLARITY_OF_INSTRUCTION', 'O']"
Introduction to Computing,CSC410,Dr Martins,3,"Just reads off slides with no energy, however never seems caught off guard by a question.","[('Engagement', 'negative'), ('Subject Knowledge', 'positive')]","['just', 'reads', 'off', 'slides', 'with', 'no', 'energy', ',', 'however', 'never', 'seems', 'caught', 'off', 'guard', 'by', 'a', 'question', '.']","['B-ENGAGEMENT', 'I-ENGAGEMENT', 'I-ENGAGEMENT', 'I-ENGAGEMENT', 'I-ENGAGEMENT', 'I-ENGAGEMENT', 'I-ENGAGEMENT', 'O', 'O', 'B-SUBJECT_KNOWLEDGE', 'I-SUBJECT_KNOWLEDGE', 'I-SUBJECT_KNOWLEDGE', 'I-SUBJECT_KNOWLEDGE', 'I-SUBJECT_KNOWLEDGE', 'I-SUBJECT_KNOWLEDGE', 'I-SUBJECT_KNOWLEDGE', 'I-SUBJECT_KNOWLEDGE', 'O']"
Special Computing,CSC408,Dr Martins,3,"The way he breaks down ideas makes sense, however comments on assignments are unhelpful or missing.","[('Clarity of Instruction', 'positive'), ('Assessment', 'negative')]","['the', 'way', 'he', 'breaks', 'down', 'ideas', 'makes', 'sense', ',', 'however', 'comments', 'on', 'assignments', 'are', 'unhelpful', 'or', 'missing', '.']","['B-CLARITY_OF_INSTRUCTION', 'I-CLARITY_OF_INSTRUCTION', 'I-CLARITY_OF_INSTRUCTION', 'I-CLARITY_OF_INSTRUCTION', 'I-CLARITY_OF_INSTRUCTION', 'I-CLARITY_OF_INSTRUCTION', 'I-CLARITY_OF_INSTRUCTION', 'I-CLARITY_OF_INSTRUCTION', 'O', 'O', 'B-ASSESSMENT', 'I-ASSESSMENT', 'I-ASSESSMENT', 'I-ASSESSMENT', 'I-ASSESSMENT', 'I-ASSESSMENT', 'I-ASSESSMENT', 'O']"
Introduction to Computing,CSC406,Dr Martins,4,"Never seems caught off guard by a question, also uses humor to keep the room awake.","[('Subject Knowledge', 'positive'), ('Engagement', 'positive')]","['never', 'seems', 'caught', 'off', 'guard', 'by', 'a', 'question', ',', 'also', 'uses', 'humor', 'to', 'keep', 'the', 'room', 'awake', '.']","['B-SUBJECT_KNOWLEDGE', 'I-SUBJECT_KNOWLEDGE', 'I-SUBJECT_KNOWLEDGE', 'I-SUBJECT_KNOWLEDGE', 'I-SUBJECT_KNOWLEDGE', 'I-SUBJECT_KNOWLEDGE', 'I-SUBJECT_KNOWLEDGE', 'I-SUBJECT_KNOWLEDGE', 'O', 'O', 'B-ENGAGEMENT', 'I-ENGAGEMENT', 'I-ENGAGEMENT', 'I-ENGAGEMENT', 'I-ENGAGEMENT', 'I-ENGAGEMENT', 'I-ENGAGEMENT', 'O']"
Introduction to Computing,CSC412,Dr Martins,5,Makes topics easier to understand.,"[('Clarity of Instruction', 'positive')]","['makes', 'topics', 'easier', 'to', 'understand', '.']","['B-CLARITY_OF_INSTRUCTION', 'I-CLARITY_OF_INSTRUCTION', 'I-CLARITY_OF_INSTRUCTION', 'I-CLARITY_OF_INSTRUCTION', 'I-CLARITY_OF_INSTRUCTION', 'O']"
Machine Learning,CSC101,Dr Martins,5,"I actually look forward to this class, also explains clearly, also clearly knows the material inside and out.","[('Engagement', 'positive'), ('Clarity of Instruction', 'positive'), ('Subject Knowledge', 'positive')]","['i', 'actually', 'look', 'forward', 'to', 'this', 'class', ',', 'also', 'explains', 'clearly', ',', 'also', 'clearly', 'knows', 'the', 'material', 'inside', 'and', 'out', '.']","['B-ENGAGEMENT', 'I-ENGAGEMENT', 'I-ENGAGEMENT', 'I-ENGAGEMENT', 'I-ENGAGEMENT', 'I-ENGAGEMENT', 'I-ENGAGEMENT', 'O', 'O', 'B-CLARITY_OF_INSTRUCTION', 'I-CLARITY_OF_INSTRUCTION', 'O', 'O', 'B-SUBJECT_KNOWLEDGE', 'I-SUBJECT_KNOWLEDGE', 'I-SUBJECT_KNOWLEDGE', 'I-SUBJECT_KNOWLEDGE', 'I-SUBJECT_KNOWLEDGE', 'I-SUBJECT_KNOWLEDGE', 'I-SUBJECT_KNOWLEDGE', 'O']"
Cloud Computing,CSC408,Dr Faith,1,"Just reads off slides with no energy, and uses confusing terms without breaking them down, although makes time for students who are struggling.","[('Engagement', 'negative'), ('Clarity of Instruction', 'negative'), ('Availability', 'positive')]","['just', 'reads', 'off', 'slides', 'with', 'no', 'energy', ',', 'and', 'uses', 'confusing', 'terms', 'without', 'breaking', 'them', 'down', ',', 'although', 'makes', 'time', 'for', 'students', 'who', 'are', 'struggling', '.']","['B-ENGAGEMENT', 'I-ENGAGEMENT', 'I-ENGAGEMENT', 'I-ENGAGEMENT', 'I-ENGAGEMENT', 'I-ENGAGEMENT', 'I-ENGAGEMENT', 'O', 'O', 'B-CLARITY_OF_INSTRUCTION', 'I-CLARITY_OF_INSTRUCTION', 'I-CLARITY_OF_INSTRUCTION', 'I-CLARITY_OF_INSTRUCTION', 'I-CLARITY_OF_INSTRUCTION', 'I-CLARITY_OF_INSTRUCTION', 'I-CLARITY_OF_INSTRUCTION', 'O', 'O', 'B-AVAILABILITY', 'I-AVAILABILITY', 'I-AVAILABILITY', 'I-AVAILABILITY', 'I-AVAILABILITY', 'I-AVAILABILITY', 'I-AVAILABILITY', 'O']"
Cloud Computing,CSC412,Dr Faith,5,"Never holds actual office hours, but encourages students to participate often, also every explanation is easy to follow.","[('Availability', 'negative'), ('Engagement', 'positive'), ('Clarity of Instruction', 'positive')]","['never', 'holds', 'actual', 'office', 'hours', ',', 'but', 'encourages', 'students', 'to', 'participate', 'often', ',', 'also', 'every', 'explanation', 'is', 'easy', 'to', 'follow', '.']","['B-AVAILABILITY', 'I-AVAILABILITY', 'I-AVAILABILITY', 'I-AVAILABILITY', 'I-AVAILABILITY', 'O', 'O', 'B-ENGAGEMENT', 'I-ENGAGEMENT', 'I-ENGAGEMENT', 'I-ENGAGEMENT', 'I-ENGAGEMENT', 'O', 'O', 'B-CLARITY_OF_INSTRUCTION', 'I-CLARITY_OF_INSTRUCTION', 'I-CLARITY_OF_INSTRUCTION', 'I-CLARITY_OF_INSTRUCTION', 'I-CLARITY_OF_INSTRUCTION', 'I-CLARITY_OF_INSTRUCTION', 'O']"
Data Science,CSC408,Dr Adeyemi,4,"Gives detailed feedback on assignments, although people are on their phones the whole time.","[('Assessment', 'positive'), ('Engagement', 'negative')]","['gives', 'detailed', 'feedback', 'on', 'assignments', ',', 'although', 'people', 'are', 'on', 'their', 'phones', 'the', 'whole', 'time', '.']","['B-ASSESSMENT', 'I-ASSESSMENT', 'I-ASSESSMENT', 'I-ASSESSMENT', 'I-ASSESSMENT', 'O', 'O', 'B-ENGAGEMENT', 'I-ENGAGEMENT', 'I-ENGAGEMENT', 'I-ENGAGEMENT', 'I-ENGAGEMENT', 'I-ENGAGEMENT', 'I-ENGAGEMENT', 'I-ENGAGEMENT', 'O']"
Introduction to Computing,CSC408,Dr Okafor,5,"I always leave the class understanding the topic, also i actually look forward to this class, also very approachable outside of lecture time.","[('Clarity of Instruction', 'positive'), ('Engagement', 'positive'), ('Availability', 'positive')]","['i', 'always', 'leave', 'the', 'class', 'understanding', 'the', 'topic', ',', 'also', 'i', 'actually', 'look', 'forward', 'to', 'this', 'class', ',', 'also', 'very', 'approachable', 'outside', 'of', 'lecture', 'time', '.']","['B-CLARITY_OF_INSTRUCTION', 'I-CLARITY_OF_INSTRUCTION', 'I-CLARITY_OF_INSTRUCTION', 'I-CLARITY_OF_INSTRUCTION', 'I-CLARITY_OF_INSTRUCTION', 'I-CLARITY_OF_INSTRUCTION', 'I-CLARITY_OF_INSTRUCTION', 'I-CLARITY_OF_INSTRUCTION', 'O', 'O', 'B-ENGAGEMENT', 'I-ENGAGEMENT', 'I-ENGAGEMENT', 'I-ENGAGEMENT', 'I-ENGAGEMENT', 'I-ENGAGEMENT', 'I-ENGAGEMENT', 'O', 'O', 'B-AVAILABILITY', 'I-AVAILABILITY', 'I-AVAILABILITY', 'I-AVAILABILITY', 'I-AVAILABILITY', 'I-AVAILABILITY', 'O']"
Introduction to Computing,CSC408,Dr Okafor,4,"Goes beyond the textbook when explaining concepts, also makes time for students who are struggling.","[('Subject Knowledge', 'positive'), ('Availability', 'positive')]","['goes', 'beyond', 'the', 'textbook', 'when', 'explaining', 'concepts', ',', 'also', 'makes', 'time', 'for', 'students', 'who', 'are', 'struggling', '.']","['B-SUBJECT_KNOWLEDGE', 'I-SUBJECT_KNOWLEDGE', 'I-SUBJECT_KNOWLEDGE', 'I-SUBJECT_KNOWLEDGE', 'I-SUBJECT_KNOWLEDGE', 'I-SUBJECT_KNOWLEDGE', 'I-SUBJECT_KNOWLEDGE', 'O', 'O', 'B-AVAILABILITY', 'I-AVAILABILITY', 'I-AVAILABILITY', 'I-AVAILABILITY', 'I-AVAILABILITY', 'I-AVAILABILITY', 'I-AVAILABILITY', 'O']"
Cloud Computing,CSC406,Dr Pomele,4,Goes beyond the textbook when explaining concepts.,"[('Subject Knowledge', 'positive')]","['goes', 'beyond', 'the', 'textbook', 'when', 'explaining', 'concepts', '.']","['B-SUBJECT_KNOWLEDGE', 'I-SUBJECT_KNOWLEDGE', 'I-SUBJECT_KNOWLEDGE', 'I-SUBJECT_KNOWLEDGE', 'I-SUBJECT_KNOWLEDGE', 'I-SUBJECT_KNOWLEDGE', 'I-SUBJECT_KNOWLEDGE', 'O']"
Data Science,CSC408,Dr Pomele,2,"Comments on assignments are unhelpful or missing, also i struggle to follow most explanations, also just reads off slides with no energy.","[('Assessment', 'negative'), ('Clarity of Instruction', 'negative'), ('Engagement', 'negative')]","['comments', 'on', 'assignments', 'are', 'unhelpful', 'or', 'missing', ',', 'also', 'i', 'struggle', 'to', 'follow', 'most', 'explanations', ',', 'also', 'just', 'reads', 'off', 'slides', 'with', 'no', 'energy', '.']","['B-ASSESSMENT', 'I-ASSESSMENT', 'I-ASSESSMENT', 'I-ASSESSMENT', 'I-ASSESSMENT', 'I-ASSESSMENT', 'I-ASSESSMENT', 'O', 'O', 'B-CLARITY_OF_INSTRUCTION', 'I-CLARITY_OF_INSTRUCTION', 'I-CLARITY_OF_INSTRUCTION', 'I-CLARITY_OF_INSTRUCTION', 'I-CLARITY_OF_INSTRUCTION', 'I-CLARITY_OF_INSTRUCTION', 'O', 'O', 'B-ENGAGEMENT', 'I-ENGAGEMENT', 'I-ENGAGEMENT', 'I-ENGAGEMENT', 'I-ENGAGEMENT', 'I-ENGAGEMENT', 'I-ENGAGEMENT', 'O']"
Special Computing,CSC406,Dr Pomele,4,Replies on the discussion forum within a day.,"[('Availability', 'positive')]","['replies', 'on', 'the', 'discussion', 'forum', 'within', 'a', 'day', '.']","['B-AVAILABILITY', 'I-AVAILABILITY', 'I-AVAILABILITY', 'I-AVAILABILITY', 'I-AVAILABILITY', 'I-AVAILABILITY', 'I-AVAILABILITY', 'I-AVAILABILITY', 'O']"
Introduction to Computing,CSC101,Dr Adeyemi,2,the class feels boring and flat.,"[('Engagement', 'negative')]","['the', 'class', 'feels', 'boring', 'and', 'flat', '.']","['B-ENGAGEMENT', 'I-ENGAGEMENT', 'I-ENGAGEMENT', 'I-ENGAGEMENT', 'I-ENGAGEMENT', 'I-ENGAGEMENT', 'O']"
Special Computing,CSC101,Dr Faith,1,"Help is hard to get outside class, and avoids questions that go beyond the syllabus.","[('Availability', 'negative'), ('Subject Knowledge', 'negative')]","['help', 'is', 'hard', 'to', 'get', 'outside', 'class', ',', 'and', 'avoids', 'questions', 'that', 'go', 'beyond', 'the', 'syllabus', '.']","['B-AVAILABILITY', 'I-AVAILABILITY', 'I-AVAILABILITY', 'I-AVAILABILITY', 'I-AVAILABILITY', 'I-AVAILABILITY', 'I-AVAILABILITY', 'O', 'O', 'B-SUBJECT_KNOWLEDGE', 'I-SUBJECT_KNOWLEDGE', 'I-SUBJECT_KNOWLEDGE', 'I-SUBJECT_KNOWLEDGE', 'I-SUBJECT_KNOWLEDGE', 'I-SUBJECT_KNOWLEDGE', 'I-SUBJECT_KNOWLEDGE', 'O']"
Introduction to Computing,CSC410,Dr Martins,4,I trust his understanding of even advanced topics.,"[('Subject Knowledge', 'positive')]","['i', 'trust', 'his', 'understanding', 'of', 'even', 'advanced', 'topics', '.']","['B-SUBJECT_KNOWLEDGE', 'I-SUBJECT_KNOWLEDGE', 'I-SUBJECT_KNOWLEDGE', 'I-SUBJECT_KNOWLEDGE', 'I-SUBJECT_KNOWLEDGE', 'I-SUBJECT_KNOWLEDGE', 'I-SUBJECT_KNOWLEDGE', 'I-SUBJECT_KNOWLEDGE', 'O']"
Special Computing,CSC101,Dr Pomele,1,"Makes topics difficult to understand, however always available during office hours, however grades inconsistently between students.","[('Clarity of Instruction', 'negative'), ('Availability', 'positive'), ('Assessment', 'negative')]","['makes', 'topics', 'difficult', 'to', 'understand', ',', 'however', 'always', 'available', 'during', 'office', 'hours', ',', 'however', 'grades', 'inconsistently', 'between', 'students', '.']","['B-CLARITY_OF_INSTRUCTION', 'I-CLARITY_OF_INSTRUCTION', 'I-CLARITY_OF_INSTRUCTION', 'I-CLARITY_OF_INSTRUCTION', 'I-CLARITY_OF_INSTRUCTION', 'O', 'O', 'B-AVAILABILITY', 'I-AVAILABILITY', 'I-AVAILABILITY', 'I-AVAILABILITY', 'I-AVAILABILITY', 'O', 'O', 'B-ASSESSMENT', 'I-ASSESSMENT', 'I-ASSESSMENT', 'I-ASSESSMENT', 'O']"
Introduction to Computing,CSC412,Dr Adeyemi,1,Gives vague answers when pushed for detail.,"[('Subject Knowledge', 'negative')]","['gives', 'vague', 'answers', 'when', 'pushed', 'for', 'detail', '.']","['B-SUBJECT_KNOWLEDGE', 'I-SUBJECT_KNOWLEDGE', 'I-SUBJECT_KNOWLEDGE', 'I-SUBJECT_KNOWLEDGE', 'I-SUBJECT_KNOWLEDGE', 'I-SUBJECT_KNOWLEDGE', 'I-SUBJECT_KNOWLEDGE', 'O']"
Machine Learning,CSC101,Dr Martins,3,"Ignores questions posted on the course forum, although returns graded work quickly.","[('Availability', 'negative'), ('Assessment', 'positive')]","['ignores', 'questions', 'posted', 'on', 'the', 'course', 'forum', ',', 'although', 'returns', 'graded', 'work', 'quickly', '.']","['B-AVAILABILITY', 'I-AVAILABILITY', 'I-AVAILABILITY', 'I-AVAILABILITY', 'I-AVAILABILITY', 'I-AVAILABILITY', 'I-AVAILABILITY', 'O', 'O', 'B-ASSESSMENT', 'I-ASSESSMENT', 'I-ASSESSMENT', 'I-ASSESSMENT', 'O']"
Machine Learning,CSC101,Dr Adeyemi,3,"Makes time for students who are struggling, although no rubric is given before assignments are due.","[('Availability', 'positive'), ('Assessment', 'negative')]","['makes', 'time', 'for', 'students', 'who', 'are', 'struggling', ',', 'although', 'no', 'rubric', 'is', 'given', 'before', 'assignments', 'are', 'due', '.']","['B-AVAILABILITY', 'I-AVAILABILITY', 'I-AVAILABILITY', 'I-AVAILABILITY', 'I-AVAILABILITY', 'I-AVAILABILITY', 'I-AVAILABILITY', 'O', 'O', 'B-ASSESSMENT', 'I-ASSESSMENT', 'I-ASSESSMENT', 'I-ASSESSMENT', 'I-ASSESSMENT', 'I-ASSESSMENT', 'I-ASSESSMENT', 'I-ASSESSMENT', 'O']"
Special Computing,CSC406,Dr Adeyemi,2,"Makes topics easier to understand, although can't connect concepts to real applications, also the class feels boring and flat.","[('Clarity of Instruction', 'positive'), ('Subject Knowledge', 'negative'), ('Engagement', 'negative')]","['makes', 'topics', 'easier', 'to', 'understand', ',', 'although', 'ca', ""n't"", 'connect', 'concepts', 'to', 'real', 'applications', ',', 'also', 'the', 'class', 'feels', 'boring', 'and', 'flat', '.']","['B-CLARITY_OF_INSTRUCTION', 'I-CLARITY_OF_INSTRUCTION', 'I-CLARITY_OF_INSTRUCTION', 'I-CLARITY_OF_INSTRUCTION', 'I-CLARITY_OF_INSTRUCTION', 'O', 'O', 'B-SUBJECT_KNOWLEDGE', 'I-SUBJECT_KNOWLEDGE', 'I-SUBJECT_KNOWLEDGE', 'I-SUBJECT_KNOWLEDGE', 'I-SUBJECT_KNOWLEDGE', 'I-SUBJECT_KNOWLEDGE', 'I-SUBJECT_KNOWLEDGE', 'O', 'O', 'B-ENGAGEMENT', 'I-ENGAGEMENT', 'I-ENGAGEMENT', 'I-ENGAGEMENT', 'I-ENGAGEMENT', 'I-ENGAGEMENT', 'O']"
Cloud Computing,CSC410,Dr Martins,1,"Explains difficult material well, however i never know why i lost points, also the class feels boring and flat.","[('Clarity of Instruction', 'positive'), ('Assessment', 'negative'), ('Engagement', 'negative')]","['explains', 'difficult', 'material', 'well', ',', 'however', 'i', 'never', 'know', 'why', 'i', 'lost', 'points', ',', 'also', 'the', 'class', 'feels', 'boring', 'and', 'flat', '.']","['B-CLARITY_OF_INSTRUCTION', 'I-CLARITY_OF_INSTRUCTION', 'I-CLARITY_OF_INSTRUCTION', 'I-CLARITY_OF_INSTRUCTION', 'O', 'O', 'B-ASSESSMENT', 'I-ASSESSMENT', 'I-ASSESSMENT', 'I-ASSESSMENT', 'I-ASSESSMENT', 'I-ASSESSMENT', 'I-ASSESSMENT', 'O', 'O', 'B-ENGAGEMENT', 'I-ENGAGEMENT', 'I-ENGAGEMENT', 'I-ENGAGEMENT', 'I-ENGAGEMENT', 'I-ENGAGEMENT', 'O']"
Machine Learning,CSC410,Dr Martins,3,"Simplifies difficult concepts well, but is nearly impossible to reach outside class.","[('Clarity of Instruction', 'positive'), ('Availability', 'negative')]","['simplifies', 'difficult', 'concepts', 'well', ',', 'but', 'is', 'nearly', 'impossible', 'to', 'reach', 'outside', 'class', '.']","['B-CLARITY_OF_INSTRUCTION', 'I-CLARITY_OF_INSTRUCTION', 'I-CLARITY_OF_INSTRUCTION', 'I-CLARITY_OF_INSTRUCTION', 'O', 'O', 'B-AVAILABILITY', 'I-AVAILABILITY', 'I-AVAILABILITY', 'I-AVAILABILITY', 'I-AVAILABILITY', 'I-AVAILABILITY', 'I-AVAILABILITY', 'O']"
Cloud Computing,CSC406,Dr Faith,5,"Grading feels transparent and well-justified, but lectures feel disorganized and hard to follow, although uses humor to keep the room awake.","[('Assessment', 'positive'), ('Clarity of Instruction', 'negative'), ('Engagement', 'positive')]","['grading', 'feels', 'transparent', 'and', 'well-justified', ',', 'but', 'lectures', 'feel', 'disorganized', 'and', 'hard', 'to', 'follow', ',', 'although', 'uses', 'humor', 'to', 'keep', 'the', 'room', 'awake', '.']","['B-ASSESSMENT', 'I-ASSESSMENT', 'I-ASSESSMENT', 'I-ASSESSMENT', 'I-ASSESSMENT', 'O', 'O', 'B-CLARITY_OF_INSTRUCTION', 'I-CLARITY_OF_INSTRUCTION', 'I-CLARITY_OF_INSTRUCTION', 'I-CLARITY_OF_INSTRUCTION', 'I-CLARITY_OF_INSTRUCTION', 'I-CLARITY_OF_INSTRUCTION', 'I-CLARITY_OF_INSTRUCTION', 'O', 'O', 'B-ENGAGEMENT', 'I-ENGAGEMENT', 'I-ENGAGEMENT', 'I-ENGAGEMENT', 'I-ENGAGEMENT', 'I-ENGAGEMENT', 'I-ENGAGEMENT', 'O']"
Data Science,CSC408,Dr Martins,1,"I find it hard to stay awake in this class, however makes time for students who are struggling, but avoids questions that go beyond the syllabus.","[('Engagement', 'negative'), ('Availability', 'positive'), ('Subject Knowledge', 'negative')]","['i', 'find', 'it', 'hard', 'to', 'stay', 'awake', 'in', 'this', 'class', ',', 'however', 'makes', 'time', 'for', 'students', 'who', 'are', 'struggling', ',', 'but', 'avoids', 'questions', 'that', 'go', 'beyond', 'the', 'syllabus', '.']","['B-ENGAGEMENT', 'I-ENGAGEMENT', 'I-ENGAGEMENT', 'I-ENGAGEMENT', 'I-ENGAGEMENT', 'I-ENGAGEMENT', 'I-ENGAGEMENT', 'I-ENGAGEMENT', 'I-ENGAGEMENT', 'I-ENGAGEMENT', 'O', 'O', 'B-AVAILABILITY', 'I-AVAILABILITY', 'I-AVAILABILITY', 'I-AVAILABILITY', 'I-AVAILABILITY', 'I-AVAILABILITY', 'I-AVAILABILITY', 'O', 'O', 'B-SUBJECT_KNOWLEDGE', 'I-SUBJECT_KNOWLEDGE', 'I-SUBJECT_KNOWLEDGE', 'I-SUBJECT_KNOWLEDGE', 'I-SUBJECT_KNOWLEDGE', 'I-SUBJECT_KNOWLEDGE', 'I-SUBJECT_KNOWLEDGE', 'O']"
Data Science,CSC408,Dr Adeyemi,3,"Clearly knows the material inside and out, however comments on assignments are unhelpful or missing.","[('Subject Knowledge', 'positive'), ('Assessment', 'negative')]","['clearly', 'knows', 'the', 'material', 'inside', 'and', 'out', ',', 'however', 'comments', 'on', 'assignments', 'are', 'unhelpful', 'or', 'missing', '.']","['B-SUBJECT_KNOWLEDGE', 'I-SUBJECT_KNOWLEDGE', 'I-SUBJECT_KNOWLEDGE', 'I-SUBJECT_KNOWLEDGE', 'I-SUBJECT_KNOWLEDGE', 'I-SUBJECT_KNOWLEDGE', 'I-SUBJECT_KNOWLEDGE', 'O', 'O', 'B-ASSESSMENT', 'I-ASSESSMENT', 'I-ASSESSMENT', 'I-ASSESSMENT', 'I-ASSESSMENT', 'I-ASSESSMENT', 'I-ASSESSMENT', 'O']"
Data Science,CSC412,Dr Adeyemi,5,"Help with grading disputes is hard to get, however has deep knowledge of the subject, also makes topics easier to understand.","[('Assessment', 'negative'), ('Subject Knowledge', 'positive'), ('Clarity of Instruction', 'positive')]","['help', 'with', 'grading', 'disputes', 'is', 'hard', 'to', 'get', ',', 'however', 'has', 'deep', 'knowledge', 'of', 'the', 'subject', ',', 'also', 'makes', 'topics', 'easier', 'to', 'understand', '.']","['B-ASSESSMENT', 'I-ASSESSMENT', 'I-ASSESSMENT', 'I-ASSESSMENT', 'I-ASSESSMENT', 'I-ASSESSMENT', 'I-ASSESSMENT', 'I-ASSESSMENT', 'O', 'O', 'B-SUBJECT_KNOWLEDGE', 'I-SUBJECT_KNOWLEDGE', 'I-SUBJECT_KNOWLEDGE', 'I-SUBJECT_KNOWLEDGE', 'I-SUBJECT_KNOWLEDGE', 'I-SUBJECT_KNOWLEDGE', 'O', 'O', 'B-CLARITY_OF_INSTRUCTION', 'I-CLARITY_OF_INSTRUCTION', 'I-CLARITY_OF_INSTRUCTION', 'I-CLARITY_OF_INSTRUCTION', 'I-CLARITY_OF_INSTRUCTION', 'O']"
Special Computing,CSC101,Dr Adeyemi,2,"Makes topics difficult to understand, and i never know why i lost points.","[('Clarity of Instruction', 'negative'), ('Assessment', 'negative')]","['makes', 'topics', 'difficult', 'to', 'understand', ',', 'and', 'i', 'never', 'know', 'why', 'i', 'lost', 'points', '.']","['B-CLARITY_OF_INSTRUCTION', 'I-CLARITY_OF_INSTRUCTION', 'I-CLARITY_OF_INSTRUCTION', 'I-CLARITY_OF_INSTRUCTION', 'I-CLARITY_OF_INSTRUCTION', 'O', 'O', 'B-ASSESSMENT', 'I-ASSESSMENT', 'I-ASSESSMENT', 'I-ASSESSMENT', 'I-ASSESSMENT', 'I-ASSESSMENT', 'I-ASSESSMENT', 'O']"
Introduction to Computing,CSC406,Dr Pomele,2,"I find it hard to stay awake in this class, and exams cover things never taught in class.","[('Engagement', 'negative'), ('Assessment', 'negative')]","['i', 'find', 'it', 'hard', 'to', 'stay', 'awake', 'in', 'this', 'class', ',', 'and', 'exams', 'cover', 'things', 'never', 'taught', 'in', 'class', '.']","['B-ENGAGEMENT', 'I-ENGAGEMENT', 'I-ENGAGEMENT', 'I-ENGAGEMENT', 'I-ENGAGEMENT', 'I-ENGAGEMENT', 'I-ENGAGEMENT', 'I-ENGAGEMENT', 'I-ENGAGEMENT', 'I-ENGAGEMENT', 'O', 'O', 'B-ASSESSMENT', 'I-ASSESSMENT', 'I-ASSESSMENT', 'I-ASSESSMENT', 'I-ASSESSMENT', 'I-ASSESSMENT', 'I-ASSESSMENT', 'O']"
Data Science,CSC412,Dr Okafor,1,"Makes topics difficult to understand, also feedback is vague or nonexistent.","[('Clarity of Instruction', 'negative'), ('Assessment', 'negative')]","['makes', 'topics', 'difficult', 'to', 'understand', ',', 'also', 'feedback', 'is', 'vague', 'or', 'nonexistent', '.']","['B-CLARITY_OF_INSTRUCTION', 'I-CLARITY_OF_INSTRUCTION', 'I-CLARITY_OF_INSTRUCTION', 'I-CLARITY_OF_INSTRUCTION', 'I-CLARITY_OF_INSTRUCTION', 'O', 'O', 'B-ASSESSMENT', 'I-ASSESSMENT', 'I-ASSESSMENT', 'I-ASSESSMENT', 'I-ASSESSMENT', 'O']"
Cloud Computing,CSC408,Dr Adeyemi,4,"Uses good examples when teaching, also returns graded work quickly, however i find it hard to stay awake in this class.","[('Clarity of Instruction', 'positive'), ('Assessment', 'positive'), ('Engagement', 'negative')]","['uses', 'good', 'examples', 'when', 'teaching', ',', 'also', 'returns', 'graded', 'work', 'quickly', ',', 'however', 'i', 'find', 'it', 'hard', 'to', 'stay', 'awake', 'in', 'this', 'class', '.']","['B-CLARITY_OF_INSTRUCTION', 'I-CLARITY_OF_INSTRUCTION', 'I-CLARITY_OF_INSTRUCTION', 'I-CLARITY_OF_INSTRUCTION', 'I-CLARITY_OF_INSTRUCTION', 'O', 'O', 'B-ASSESSMENT', 'I-ASSESSMENT', 'I-ASSESSMENT', 'I-ASSESSMENT', 'O', 'O', 'B-ENGAGEMENT', 'I-ENGAGEMENT', 'I-ENGAGEMENT', 'I-ENGAGEMENT', 'I-ENGAGEMENT', 'I-ENGAGEMENT', 'I-ENGAGEMENT', 'I-ENGAGEMENT', 'I-ENGAGEMENT', 'I-ENGAGEMENT', 'O']"
Cloud Computing,CSC410,Dr Pomele,4,"Exams match what was actually taught, and very approachable outside of lecture time, but seems to be reading straight from slides.","[('Assessment', 'positive'), ('Availability', 'positive'), ('Subject Knowledge', 'negative')]","['exams', 'match', 'what', 'was', 'actually', 'taught', ',', 'and', 'very', 'approachable', 'outside', 'of', 'lecture', 'time', ',', 'but', 'seems', 'to', 'be', 'reading', 'straight', 'from', 'slides', '.']","['B-ASSESSMENT', 'I-ASSESSMENT', 'I-ASSESSMENT', 'I-ASSESSMENT', 'I-ASSESSMENT', 'I-ASSESSMENT', 'O', 'O', 'B-AVAILABILITY', 'I-AVAILABILITY', 'I-AVAILABILITY', 'I-AVAILABILITY', 'I-AVAILABILITY', 'I-AVAILABILITY', 'O', 'O', 'B-SUBJECT_KNOWLEDGE', 'I-SUBJECT_KNOWLEDGE', 'I-SUBJECT_KNOWLEDGE', 'I-SUBJECT_KNOWLEDGE', 'I-SUBJECT_KNOWLEDGE', 'I-SUBJECT_KNOWLEDGE', 'I-SUBJECT_KNOWLEDGE', 'O']"
Machine Learning,CSC101,Dr Okafor,5,"Responds to emails quickly, also feedback actually helps me improve next time, but feels like a one-way monologue every time.","[('Availability', 'positive'), ('Assessment', 'positive'), ('Engagement', 'negative')]","['responds', 'to', 'emails', 'quickly', ',', 'also', 'feedback', 'actually', 'helps', 'me', 'improve', 'next', 'time', ',', 'but', 'feels', 'like', 'a', 'one-way', 'monologue', 'every', 'time', '.']","['B-AVAILABILITY', 'I-AVAILABILITY', 'I-AVAILABILITY', 'I-AVAILABILITY', 'O', 'O', 'B-ASSESSMENT', 'I-ASSESSMENT', 'I-ASSESSMENT', 'I-ASSESSMENT', 'I-ASSESSMENT', 'I-ASSESSMENT', 'I-ASSESSMENT', 'O', 'O', 'B-ENGAGEMENT', 'I-ENGAGEMENT', 'I-ENGAGEMENT', 'I-ENGAGEMENT', 'I-ENGAGEMENT', 'I-ENGAGEMENT', 'I-ENGAGEMENT', 'O']"
Special Computing,CSC412,Dr Adeyemi,1,Avoids questions that go beyond the syllabus.,"[('Subject Knowledge', 'negative')]","['avoids', 'questions', 'that', 'go', 'beyond', 'the', 'syllabus', '.']","['B-SUBJECT_KNOWLEDGE', 'I-SUBJECT_KNOWLEDGE', 'I-SUBJECT_KNOWLEDGE', 'I-SUBJECT_KNOWLEDGE', 'I-SUBJECT_KNOWLEDGE', 'I-SUBJECT_KNOWLEDGE', 'I-SUBJECT_KNOWLEDGE', 'O']"
Data Science,CSC101,Dr Faith,1,doesn't seem to know the material well.,"[('Subject Knowledge', 'negative')]","['does', ""n't"", 'seem', 'to', 'know', 'the', 'material', 'well', '.']","['B-SUBJECT_KNOWLEDGE', 'I-SUBJECT_KNOWLEDGE', 'I-SUBJECT_KNOWLEDGE', 'I-SUBJECT_KNOWLEDGE', 'I-SUBJECT_KNOWLEDGE', 'I-SUBJECT_KNOWLEDGE', 'I-SUBJECT_KNOWLEDGE', 'I-SUBJECT_KNOWLEDGE', 'O']"
Machine Learning,CSC410,Dr Martins,2,"doesn't seem to know the material well, however grading feels transparent and well-justified, but emails go unanswered for over a week.","[('Subject Knowledge', 'negative'), ('Assessment', 'positive'), ('Availability', 'negative')]","['does', ""n't"", 'seem', 'to', 'know', 'the', 'material', 'well', ',', 'however', 'grading', 'feels', 'transparent', 'and', 'well-justified', ',', 'but', 'emails', 'go', 'unanswered', 'for', 'over', 'a', 'week', '.']","['B-SUBJECT_KNOWLEDGE', 'I-SUBJECT_KNOWLEDGE', 'I-SUBJECT_KNOWLEDGE', 'I-SUBJECT_KNOWLEDGE', 'I-SUBJECT_KNOWLEDGE', 'I-SUBJECT_KNOWLEDGE', 'I-SUBJECT_KNOWLEDGE', 'I-SUBJECT_KNOWLEDGE', 'O', 'O', 'B-ASSESSMENT', 'I-ASSESSMENT', 'I-ASSESSMENT', 'I-ASSESSMENT', 'I-ASSESSMENT', 'O', 'O', 'B-AVAILABILITY', 'I-AVAILABILITY', 'I-AVAILABILITY', 'I-AVAILABILITY', 'I-AVAILABILITY', 'I-AVAILABILITY', 'I-AVAILABILITY', 'O']"
Machine Learning,CSC406,Dr Faith,3,"Simplifies difficult concepts well, however struggles to answer basic questions.","[('Clarity of Instruction', 'positive'), ('Subject Knowledge', 'negative')]","['simplifies', 'difficult', 'concepts', 'well', ',', 'however', 'struggles', 'to', 'answer', 'basic', 'questions', '.']","['B-CLARITY_OF_INSTRUCTION', 'I-CLARITY_OF_INSTRUCTION', 'I-CLARITY_OF_INSTRUCTION', 'I-CLARITY_OF_INSTRUCTION', 'O', 'O', 'B-SUBJECT_KNOWLEDGE', 'I-SUBJECT_KNOWLEDGE', 'I-SUBJECT_KNOWLEDGE', 'I-SUBJECT_KNOWLEDGE', 'I-SUBJECT_KNOWLEDGE', 'O']"
Machine Learning,CSC412,Dr Okafor,3,"Clearly knows the material inside and out, however takes weeks to return graded assignments.","[('Subject Knowledge', 'positive'), ('Assessment', 'negative')]","['clearly', 'knows', 'the', 'material', 'inside', 'and', 'out', ',', 'however', 'takes', 'weeks', 'to', 'return', 'graded', 'assignments', '.']","['B-SUBJECT_KNOWLEDGE', 'I-SUBJECT_KNOWLEDGE', 'I-SUBJECT_KNOWLEDGE', 'I-SUBJECT_KNOWLEDGE', 'I-SUBJECT_KNOWLEDGE', 'I-SUBJECT_KNOWLEDGE', 'I-SUBJECT_KNOWLEDGE', 'O', 'O', 'B-ASSESSMENT', 'I-ASSESSMENT', 'I-ASSESSMENT', 'I-ASSESSMENT', 'I-ASSESSMENT', 'I-ASSESSMENT', 'O']"
Cloud Computing,CSC408,Dr Okafor,2,"Cancels office hours without notice, also rarely interacts with students during lectures, however grading feels transparent and well-justified.","[('Availability', 'negative'), ('Engagement', 'negative'), ('Assessment', 'positive')]","['cancels', 'office', 'hours', 'without', 'notice', ',', 'also', 'rarely', 'interacts', 'with', 'students', 'during', 'lectures', ',', 'however', 'grading', 'feels', 'transparent', 'and', 'well-justified', '.']","['B-AVAILABILITY', 'I-AVAILABILITY', 'I-AVAILABILITY', 'I-AVAILABILITY', 'I-AVAILABILITY', 'O', 'O', 'B-ENGAGEMENT', 'I-ENGAGEMENT', 'I-ENGAGEMENT', 'I-ENGAGEMENT', 'I-ENGAGEMENT', 'I-ENGAGEMENT', 'O', 'O', 'B-ASSESSMENT', 'I-ASSESSMENT', 'I-ASSESSMENT', 'I-ASSESSMENT', 'I-ASSESSMENT', 'O']"
Cloud Computing,CSC406,Dr Okafor,1,doesn't seem to know the material well.,"[('Subject Knowledge', 'negative')]","['does', ""n't"", 'seem', 'to', 'know', 'the', 'material', 'well', '.']","['B-SUBJECT_KNOWLEDGE', 'I-SUBJECT_KNOWLEDGE', 'I-SUBJECT_KNOWLEDGE', 'I-SUBJECT_KNOWLEDGE', 'I-SUBJECT_KNOWLEDGE', 'I-SUBJECT_KNOWLEDGE', 'I-SUBJECT_KNOWLEDGE', 'I-SUBJECT_KNOWLEDGE', 'O']"
Data Science,CSC410,Dr Martins,2,"Avoids questions that go beyond the syllabus, and rarely interacts with students during lectures, however makes time for students who are struggling.","[('Subject Knowledge', 'negative'), ('Engagement', 'negative'), ('Availability', 'positive')]","['avoids', 'questions', 'that', 'go', 'beyond', 'the', 'syllabus', ',', 'and', 'rarely', 'interacts', 'with', 'students', 'during', 'lectures', ',', 'however', 'makes', 'time', 'for', 'students', 'who', 'are', 'struggling', '.']","['B-SUBJECT_KNOWLEDGE', 'I-SUBJECT_KNOWLEDGE', 'I-SUBJECT_KNOWLEDGE', 'I-SUBJECT_KNOWLEDGE', 'I-SUBJECT_KNOWLEDGE', 'I-SUBJECT_KNOWLEDGE', 'I-SUBJECT_KNOWLEDGE', 'O', 'O', 'B-ENGAGEMENT', 'I-ENGAGEMENT', 'I-ENGAGEMENT', 'I-ENGAGEMENT', 'I-ENGAGEMENT', 'I-ENGAGEMENT', 'O', 'O', 'B-AVAILABILITY', 'I-AVAILABILITY', 'I-AVAILABILITY', 'I-AVAILABILITY', 'I-AVAILABILITY', 'I-AVAILABILITY', 'I-AVAILABILITY', 'O']"
Data Science,CSC406,Dr Okafor,3,"Turns dry topics into lively discussions, although i never know why i lost points.","[('Engagement', 'positive'), ('Assessment', 'negative')]","['turns', 'dry', 'topics', 'into', 'lively', 'discussions', ',', 'although', 'i', 'never', 'know', 'why', 'i', 'lost', 'points', '.']","['B-ENGAGEMENT', 'I-ENGAGEMENT', 'I-ENGAGEMENT', 'I-ENGAGEMENT', 'I-ENGAGEMENT', 'I-ENGAGEMENT', 'O', 'O', 'B-ASSESSMENT', 'I-ASSESSMENT', 'I-ASSESSMENT', 'I-ASSESSMENT', 'I-ASSESSMENT', 'I-ASSESSMENT', 'I-ASSESSMENT', 'O']"
Cloud Computing,CSC412,Dr Okafor,2,Hard to stay interested in this class.,"[('Engagement', 'negative')]","['hard', 'to', 'stay', 'interested', 'in', 'this', 'class', '.']","['B-ENGAGEMENT', 'I-ENGAGEMENT', 'I-ENGAGEMENT', 'I-ENGAGEMENT', 'I-ENGAGEMENT', 'I-ENGAGEMENT', 'I-ENGAGEMENT', 'O']"
Machine Learning,CSC101,Dr Faith,2,doesn't explain well.,"[('Clarity of Instruction', 'negative')]","['does', ""n't"", 'explain', 'well', '.']","['B-CLARITY_OF_INSTRUCTION', 'I-CLARITY_OF_INSTRUCTION', 'I-CLARITY_OF_INSTRUCTION', 'I-CLARITY_OF_INSTRUCTION', 'O']"
Machine Learning,CSC412,Dr Okafor,5,"Explains difficult material well, but doesn't seem to know the material well.","[('Clarity of Instruction', 'positive'), ('Subject Knowledge', 'negative')]","['explains', 'difficult', 'material', 'well', ',', 'but', 'does', ""n't"", 'seem', 'to', 'know', 'the', 'material', 'well', '.']","['B-CLARITY_OF_INSTRUCTION', 'I-CLARITY_OF_INSTRUCTION', 'I-CLARITY_OF_INSTRUCTION', 'I-CLARITY_OF_INSTRUCTION', 'O', 'O', 'B-SUBJECT_KNOWLEDGE', 'I-SUBJECT_KNOWLEDGE', 'I-SUBJECT_KNOWLEDGE', 'I-SUBJECT_KNOWLEDGE', 'I-SUBJECT_KNOWLEDGE', 'I-SUBJECT_KNOWLEDGE', 'I-SUBJECT_KNOWLEDGE', 'I-SUBJECT_KNOWLEDGE', 'O']"
Introduction to Computing,CSC101,Dr Adeyemi,3,"Struggles to answer basic questions, but uses good examples when teaching.","[('Subject Knowledge', 'negative'), ('Clarity of Instruction', 'positive')]","['struggles', 'to', 'answer', 'basic', 'questions', ',', 'but', 'uses', 'good', 'examples', 'when', 'teaching', '.']","['B-SUBJECT_KNOWLEDGE', 'I-SUBJECT_KNOWLEDGE', 'I-SUBJECT_KNOWLEDGE', 'I-SUBJECT_KNOWLEDGE', 'I-SUBJECT_KNOWLEDGE', 'O', 'O', 'B-CLARITY_OF_INSTRUCTION', 'I-CLARITY_OF_INSTRUCTION', 'I-CLARITY_OF_INSTRUCTION', 'I-CLARITY_OF_INSTRUCTION', 'I-CLARITY_OF_INSTRUCTION', 'O']"
Data Science,CSC406,Dr Faith,5,"Explains difficult material well, although emails go unanswered for over a week, although i trust his understanding of even advanced topics.","[('Clarity of Instruction', 'positive'), ('Availability', 'negative'), ('Subject Knowledge', 'positive')]","['explains', 'difficult', 'material', 'well', ',', 'although', 'emails', 'go', 'unanswered', 'for', 'over', 'a', 'week', ',', 'although', 'i', 'trust', 'his', 'understanding', 'of', 'even', 'advanced', 'topics', '.']","['B-CLARITY_OF_INSTRUCTION', 'I-CLARITY_OF_INSTRUCTION', 'I-CLARITY_OF_INSTRUCTION', 'I-CLARITY_OF_INSTRUCTION', 'O', 'O', 'B-AVAILABILITY', 'I-AVAILABILITY', 'I-AVAILABILITY', 'I-AVAILABILITY', 'I-AVAILABILITY', 'I-AVAILABILITY', 'I-AVAILABILITY', 'O', 'O', 'B-SUBJECT_KNOWLEDGE', 'I-SUBJECT_KNOWLEDGE', 'I-SUBJECT_KNOWLEDGE', 'I-SUBJECT_KNOWLEDGE', 'I-SUBJECT_KNOWLEDGE', 'I-SUBJECT_KNOWLEDGE', 'I-SUBJECT_KNOWLEDGE', 'I-SUBJECT_KNOWLEDGE', 'O']"
Data Science,CSC412,Dr Okafor,5,Exams match what was actually taught.,"[('Assessment', 'positive')]","['exams', 'match', 'what', 'was', 'actually', 'taught', '.']","['B-ASSESSMENT', 'I-ASSESSMENT', 'I-ASSESSMENT', 'I-ASSESSMENT', 'I-ASSESSMENT', 'I-ASSESSMENT', 'O']"
Special Computing,CSC412,Dr Pomele,3,"Makes the class genuinely interesting, but doesn't seem to know the material well.","[('Engagement', 'positive'), ('Subject Knowledge', 'negative')]","['makes', 'the', 'class', 'genuinely', 'interesting', ',', 'but', 'does', ""n't"", 'seem', 'to', 'know', 'the', 'material', 'well', '.']","['B-ENGAGEMENT', 'I-ENGAGEMENT', 'I-ENGAGEMENT', 'I-ENGAGEMENT', 'I-ENGAGEMENT', 'O', 'O', 'B-SUBJECT_KNOWLEDGE', 'I-SUBJECT_KNOWLEDGE', 'I-SUBJECT_KNOWLEDGE', 'I-SUBJECT_KNOWLEDGE', 'I-SUBJECT_KNOWLEDGE', 'I-SUBJECT_KNOWLEDGE', 'I-SUBJECT_KNOWLEDGE', 'I-SUBJECT_KNOWLEDGE', 'O']"
Special Computing,CSC101,Dr Faith,2,"Turns dry topics into lively discussions, also happy to answer questions after class.","[('Engagement', 'positive'), ('Availability', 'positive')]","['turns', 'dry', 'topics', 'into', 'lively', 'discussions', ',', 'also', 'happy', 'to', 'answer', 'questions', 'after', 'class', '.']","['B-ENGAGEMENT', 'I-ENGAGEMENT', 'I-ENGAGEMENT', 'I-ENGAGEMENT', 'I-ENGAGEMENT', 'I-ENGAGEMENT', 'O', 'O', 'B-AVAILABILITY', 'I-AVAILABILITY', 'I-AVAILABILITY', 'I-AVAILABILITY', 'I-AVAILABILITY', 'I-AVAILABILITY', 'O']"
Machine Learning,CSC412,Dr Adeyemi,4,"Makes topics difficult to understand, and cancels office hours without notice.","[('Clarity of Instruction', 'negative'), ('Availability', 'negative')]","['makes', 'topics', 'difficult', 'to', 'understand', ',', 'and', 'cancels', 'office', 'hours', 'without', 'notice', '.']","['B-CLARITY_OF_INSTRUCTION', 'I-CLARITY_OF_INSTRUCTION', 'I-CLARITY_OF_INSTRUCTION', 'I-CLARITY_OF_INSTRUCTION', 'I-CLARITY_OF_INSTRUCTION', 'O', 'O', 'B-AVAILABILITY', 'I-AVAILABILITY', 'I-AVAILABILITY', 'I-AVAILABILITY', 'I-AVAILABILITY', 'O']"
Data Science,CSC410,Dr Martins,4,"Happy to answer questions after class, but doesn't seem to know the material well, although the way he breaks down ideas makes sense.","[('Availability', 'positive'), ('Subject Knowledge', 'negative'), ('Clarity of Instruction', 'positive')]","['happy', 'to', 'answer', 'questions', 'after', 'class', ',', 'but', 'does', ""n't"", 'seem', 'to', 'know', 'the', 'material', 'well', ',', 'although', 'the', 'way', 'he', 'breaks', 'down', 'ideas', 'makes', 'sense', '.']","['B-AVAILABILITY', 'I-AVAILABILITY', 'I-AVAILABILITY', 'I-AVAILABILITY', 'I-AVAILABILITY', 'I-AVAILABILITY', 'O', 'O', 'B-SUBJECT_KNOWLEDGE', 'I-SUBJECT_KNOWLEDGE', 'I-SUBJECT_KNOWLEDGE', 'I-SUBJECT_KNOWLEDGE', 'I-SUBJECT_KNOWLEDGE', 'I-SUBJECT_KNOWLEDGE', 'I-SUBJECT_KNOWLEDGE', 'I-SUBJECT_KNOWLEDGE', 'O', 'O', 'B-CLARITY_OF_INSTRUCTION', 'I-CLARITY_OF_INSTRUCTION', 'I-CLARITY_OF_INSTRUCTION', 'I-CLARITY_OF_INSTRUCTION', 'I-CLARITY_OF_INSTRUCTION', 'I-CLARITY_OF_INSTRUCTION', 'I-CLARITY_OF_INSTRUCTION', 'I-CLARITY_OF_INSTRUCTION', 'O']"
Data Science,CSC412,Dr Pomele,5,"Has deep knowledge of the subject, and makes topics easier to understand.","[('Subject Knowledge', 'positive'), ('Clarity of Instruction', 'positive')]","['has', 'deep', 'knowledge', 'of', 'the', 'subject', ',', 'and', 'makes', 'topics', 'easier', 'to', 'understand', '.']","['B-SUBJECT_KNOWLEDGE', 'I-SUBJECT_KNOWLEDGE', 'I-SUBJECT_KNOWLEDGE', 'I-SUBJECT_KNOWLEDGE', 'I-SUBJECT_KNOWLEDGE', 'I-SUBJECT_KNOWLEDGE', 'O', 'O', 'B-CLARITY_OF_INSTRUCTION', 'I-CLARITY_OF_INSTRUCTION', 'I-CLARITY_OF_INSTRUCTION', 'I-CLARITY_OF_INSTRUCTION', 'I-CLARITY_OF_INSTRUCTION', 'O']"
Machine Learning,CSC410,Dr Adeyemi,5,Answers even the toughest questions confidently.,"[('Subject Knowledge', 'positive')]","['answers', 'even', 'the', 'toughest', 'questions', 'confidently', '.']","['B-SUBJECT_KNOWLEDGE', 'I-SUBJECT_KNOWLEDGE', 'I-SUBJECT_KNOWLEDGE', 'I-SUBJECT_KNOWLEDGE', 'I-SUBJECT_KNOWLEDGE', 'I-SUBJECT_KNOWLEDGE', 'O']"
Cloud Computing,CSC412,Dr Adeyemi,2,Can't connect concepts to real applications.,"[('Subject Knowledge', 'negative')]","['ca', ""n't"", 'connect', 'concepts', 'to', 'real', 'applications', '.']","['B-SUBJECT_KNOWLEDGE', 'I-SUBJECT_KNOWLEDGE', 'I-SUBJECT_KNOWLEDGE', 'I-SUBJECT_KNOWLEDGE', 'I-SUBJECT_KNOWLEDGE', 'I-SUBJECT_KNOWLEDGE', 'I-SUBJECT_KNOWLEDGE', 'O']"
Introduction to Computing,CSC101,Dr Faith,1,"I've caught factual errors in lectures before, and grading seems arbitrary from one submission to the next.","[('Subject Knowledge', 'negative'), ('Assessment', 'negative')]","['i', ""'ve"", 'caught', 'factual', 'errors', 'in', 'lectures', 'before', ',', 'and', 'grading', 'seems', 'arbitrary', 'from', 'one', 'submission', 'to', 'the', 'next', '.']","['B-SUBJECT_KNOWLEDGE', 'I-SUBJECT_KNOWLEDGE', 'I-SUBJECT_KNOWLEDGE', 'I-SUBJECT_KNOWLEDGE', 'I-SUBJECT_KNOWLEDGE', 'I-SUBJECT_KNOWLEDGE', 'I-SUBJECT_KNOWLEDGE', 'I-SUBJECT_KNOWLEDGE', 'O', 'O', 'B-ASSESSMENT', 'I-ASSESSMENT', 'I-ASSESSMENT', 'I-ASSESSMENT', 'I-ASSESSMENT', 'I-ASSESSMENT', 'I-ASSESSMENT', 'I-ASSESSMENT', 'I-ASSESSMENT', 'O']"
Machine Learning,CSC101,Dr Adeyemi,5,Makes the class genuinely interesting.,"[('Engagement', 'positive')]","['makes', 'the', 'class', 'genuinely', 'interesting', '.']","['B-ENGAGEMENT', 'I-ENGAGEMENT', 'I-ENGAGEMENT', 'I-ENGAGEMENT', 'I-ENGAGEMENT', 'O']"
Data Science,CSC101,Dr Faith,4,"Replies on the discussion forum within a day, also turns dry topics into lively discussions.","[('Availability', 'positive'), ('Engagement', 'positive')]","['replies', 'on', 'the', 'discussion', 'forum', 'within', 'a', 'day', ',', 'also', 'turns', 'dry', 'topics', 'into', 'lively', 'discussions', '.']","['B-AVAILABILITY', 'I-AVAILABILITY', 'I-AVAILABILITY', 'I-AVAILABILITY', 'I-AVAILABILITY', 'I-AVAILABILITY', 'I-AVAILABILITY', 'I-AVAILABILITY', 'O', 'O', 'B-ENGAGEMENT', 'I-ENGAGEMENT', 'I-ENGAGEMENT', 'I-ENGAGEMENT', 'I-ENGAGEMENT', 'I-ENGAGEMENT', 'O']"
Introduction to Computing,CSC410,Dr Pomele,1,"Feels like a one-way monologue every time, also complicates simple topics.","[('Engagement', 'negative'), ('Clarity of Instruction', 'negative')]","['feels', 'like', 'a', 'one-way', 'monologue', 'every', 'time', ',', 'also', 'complicates', 'simple', 'topics', '.']","['B-ENGAGEMENT', 'I-ENGAGEMENT', 'I-ENGAGEMENT', 'I-ENGAGEMENT', 'I-ENGAGEMENT', 'I-ENGAGEMENT', 'I-ENGAGEMENT', 'O', 'O', 'B-CLARITY_OF_INSTRUCTION', 'I-CLARITY_OF_INSTRUCTION', 'I-CLARITY_OF_INSTRUCTION', 'O']"
Introduction to Computing,CSC406,Dr Adeyemi,3,"I always understand why I lost points, but never asks questions or invites discussion.","[('Assessment', 'positive'), ('Engagement', 'negative')]","['i', 'always', 'understand', 'why', 'i', 'lost', 'points', ',', 'but', 'never', 'asks', 'questions', 'or', 'invites', 'discussion', '.']","['B-ASSESSMENT', 'I-ASSESSMENT', 'I-ASSESSMENT', 'I-ASSESSMENT', 'I-ASSESSMENT', 'I-ASSESSMENT', 'I-ASSESSMENT', 'O', 'O', 'B-ENGAGEMENT', 'I-ENGAGEMENT', 'I-ENGAGEMENT', 'I-ENGAGEMENT', 'I-ENGAGEMENT', 'I-ENGAGEMENT', 'O']"
Machine Learning,CSC412,Dr Pomele,1,"Grading seems arbitrary from one submission to the next, also people are on their phones the whole time.","[('Assessment', 'negative'), ('Engagement', 'negative')]","['grading', 'seems', 'arbitrary', 'from', 'one', 'submission', 'to', 'the', 'next', ',', 'also', 'people', 'are', 'on', 'their', 'phones', 'the', 'whole', 'time', '.']","['B-ASSESSMENT', 'I-ASSESSMENT', 'I-ASSESSMENT', 'I-ASSESSMENT', 'I-ASSESSMENT', 'I-ASSESSMENT', 'I-ASSESSMENT', 'I-ASSESSMENT', 'I-ASSESSMENT', 'O', 'O', 'B-ENGAGEMENT', 'I-ENGAGEMENT', 'I-ENGAGEMENT', 'I-ENGAGEMENT', 'I-ENGAGEMENT', 'I-ENGAGEMENT', 'I-ENGAGEMENT', 'I-ENGAGEMENT', 'O']"
Machine Learning,CSC412,Dr Pomele,4,"People are on their phones the whole time, and his grasp of the subject feels shaky, however uses good examples when teaching.","[('Engagement', 'negative'), ('Subject Knowledge', 'negative'), ('Clarity of Instruction', 'positive')]","['people', 'are', 'on', 'their', 'phones', 'the', 'whole', 'time', ',', 'and', 'his', 'grasp', 'of', 'the', 'subject', 'feels', 'shaky', ',', 'however', 'uses', 'good', 'examples', 'when', 'teaching', '.']","['B-ENGAGEMENT', 'I-ENGAGEMENT', 'I-ENGAGEMENT', 'I-ENGAGEMENT', 'I-ENGAGEMENT', 'I-ENGAGEMENT', 'I-ENGAGEMENT', 'I-ENGAGEMENT', 'O', 'O', 'B-SUBJECT_KNOWLEDGE', 'I-SUBJECT_KNOWLEDGE', 'I-SUBJECT_KNOWLEDGE', 'I-SUBJECT_KNOWLEDGE', 'I-SUBJECT_KNOWLEDGE', 'I-SUBJECT_KNOWLEDGE', 'I-SUBJECT_KNOWLEDGE', 'O', 'O', 'B-CLARITY_OF_INSTRUCTION', 'I-CLARITY_OF_INSTRUCTION', 'I-CLARITY_OF_INSTRUCTION', 'I-CLARITY_OF_INSTRUCTION', 'I-CLARITY_OF_INSTRUCTION', 'O']"
Cloud Computing,CSC408,Dr Faith,2,People are on their phones the whole time.,"[('Engagement', 'negative')]","['people', 'are', 'on', 'their', 'phones', 'the', 'whole', 'time', '.']","['B-ENGAGEMENT', 'I-ENGAGEMENT', 'I-ENGAGEMENT', 'I-ENGAGEMENT', 'I-ENGAGEMENT', 'I-ENGAGEMENT', 'I-ENGAGEMENT', 'I-ENGAGEMENT', 'O']"
Introduction to Computing,CSC412,Dr Martins,4,Very approachable outside of lecture time.,"[('Availability', 'positive')]","['very', 'approachable', 'outside', 'of', 'lecture', 'time', '.']","['B-AVAILABILITY', 'I-AVAILABILITY', 'I-AVAILABILITY', 'I-AVAILABILITY', 'I-AVAILABILITY', 'I-AVAILABILITY', 'O']"
Special Computing,CSC410,Dr Adeyemi,4,"Feedback actually helps me improve next time, and never seems caught off guard by a question, also keeps everyone engaged the whole session.","[('Assessment', 'positive'), ('Subject Knowledge', 'positive'), ('Engagement', 'positive')]","['feedback', 'actually', 'helps', 'me', 'improve', 'next', 'time', ',', 'and', 'never', 'seems', 'caught', 'off', 'guard', 'by', 'a', 'question', ',', 'also', 'keeps', 'everyone', 'engaged', 'the', 'whole', 'session', '.']","['B-ASSESSMENT', 'I-ASSESSMENT', 'I-ASSESSMENT', 'I-ASSESSMENT', 'I-ASSESSMENT', 'I-ASSESSMENT', 'I-ASSESSMENT', 'O', 'O', 'B-SUBJECT_KNOWLEDGE', 'I-SUBJECT_KNOWLEDGE', 'I-SUBJECT_KNOWLEDGE', 'I-SUBJECT_KNOWLEDGE', 'I-SUBJECT_KNOWLEDGE', 'I-SUBJECT_KNOWLEDGE', 'I-SUBJECT_KNOWLEDGE', 'I-SUBJECT_KNOWLEDGE', 'O', 'O', 'B-ENGAGEMENT', 'I-ENGAGEMENT', 'I-ENGAGEMENT', 'I-ENGAGEMENT', 'I-ENGAGEMENT', 'I-ENGAGEMENT', 'O']"
Machine Learning,CSC412,Dr Okafor,4,Grading feels transparent and well-justified.,"[('Assessment', 'positive')]","['grading', 'feels', 'transparent', 'and', 'well-justified', '.']","['B-ASSESSMENT', 'I-ASSESSMENT', 'I-ASSESSMENT', 'I-ASSESSMENT', 'I-ASSESSMENT', 'O']"
Data Science,CSC101,Dr Martins,1,Feels like a one-way monologue every time.,"[('Engagement', 'negative')]","['feels', 'like', 'a', 'one-way', 'monologue', 'every', 'time', '.']","['B-ENGAGEMENT', 'I-ENGAGEMENT', 'I-ENGAGEMENT', 'I-ENGAGEMENT', 'I-ENGAGEMENT', 'I-ENGAGEMENT', 'I-ENGAGEMENT', 'O']"
Data Science,CSC408,Dr Adeyemi,2,"Backs up explanations with real-world examples from experience, however rushes through explanations, and comments on assignments are unhelpful or missing.","[('Subject Knowledge', 'positive'), ('Clarity of Instruction', 'negative'), ('Assessment', 'negative')]","['backs', 'up', 'explanations', 'with', 'real-world', 'examples', 'from', 'experience', ',', 'however', 'rushes', 'through', 'explanations', ',', 'and', 'comments', 'on', 'assignments', 'are', 'unhelpful', 'or', 'missing', '.']","['B-SUBJECT_KNOWLEDGE', 'I-SUBJECT_KNOWLEDGE', 'I-SUBJECT_KNOWLEDGE', 'I-SUBJECT_KNOWLEDGE', 'I-SUBJECT_KNOWLEDGE', 'I-SUBJECT_KNOWLEDGE', 'I-SUBJECT_KNOWLEDGE', 'I-SUBJECT_KNOWLEDGE', 'O', 'O', 'B-CLARITY_OF_INSTRUCTION', 'I-CLARITY_OF_INSTRUCTION', 'I-CLARITY_OF_INSTRUCTION', 'O', 'O', 'B-ASSESSMENT', 'I-ASSESSMENT', 'I-ASSESSMENT', 'I-ASSESSMENT', 'I-ASSESSMENT', 'I-ASSESSMENT', 'I-ASSESSMENT', 'O']"
Introduction to Computing,CSC406,Dr Okafor,5,"People are on their phones the whole time, however responds to emails quickly.","[('Engagement', 'negative'), ('Availability', 'positive')]","['people', 'are', 'on', 'their', 'phones', 'the', 'whole', 'time', ',', 'however', 'responds', 'to', 'emails', 'quickly', '.']","['B-ENGAGEMENT', 'I-ENGAGEMENT', 'I-ENGAGEMENT', 'I-ENGAGEMENT', 'I-ENGAGEMENT', 'I-ENGAGEMENT', 'I-ENGAGEMENT', 'I-ENGAGEMENT', 'O', 'O', 'B-AVAILABILITY', 'I-AVAILABILITY', 'I-AVAILABILITY', 'I-AVAILABILITY', 'O']"
Special Computing,CSC412,Dr Faith,1,Help with grading disputes is hard to get.,"[('Assessment', 'negative')]","['help', 'with', 'grading', 'disputes', 'is', 'hard', 'to', 'get', '.']","['B-ASSESSMENT', 'I-ASSESSMENT', 'I-ASSESSMENT', 'I-ASSESSMENT', 'I-ASSESSMENT', 'I-ASSESSMENT', 'I-ASSESSMENT', 'I-ASSESSMENT', 'O']"
Special Computing,CSC410,Dr Okafor,2,"Feedback is vague or nonexistent, and feels like a one-way monologue every time, but very approachable outside of lecture time.","[('Assessment', 'negative'), ('Engagement', 'negative'), ('Availability', 'positive')]","['feedback', 'is', 'vague', 'or', 'nonexistent', ',', 'and', 'feels', 'like', 'a', 'one-way', 'monologue', 'every', 'time', ',', 'but', 'very', 'approachable', 'outside', 'of', 'lecture', 'time', '.']","['B-ASSESSMENT', 'I-ASSESSMENT', 'I-ASSESSMENT', 'I-ASSESSMENT', 'I-ASSESSMENT', 'O', 'O', 'B-ENGAGEMENT', 'I-ENGAGEMENT', 'I-ENGAGEMENT', 'I-ENGAGEMENT', 'I-ENGAGEMENT', 'I-ENGAGEMENT', 'I-ENGAGEMENT', 'O', 'O', 'B-AVAILABILITY', 'I-AVAILABILITY', 'I-AVAILABILITY', 'I-AVAILABILITY', 'I-AVAILABILITY', 'I-AVAILABILITY', 'O']"
Introduction to Computing,CSC406,Dr Pomele,3,"doesn't explain well, although i trust his understanding of even advanced topics.","[('Clarity of Instruction', 'negative'), ('Subject Knowledge', 'positive')]","['does', ""n't"", 'explain', 'well', ',', 'although', 'i', 'trust', 'his', 'understanding', 'of', 'even', 'advanced', 'topics', '.']","['B-CLARITY_OF_INSTRUCTION', 'I-CLARITY_OF_INSTRUCTION', 'I-CLARITY_OF_INSTRUCTION', 'I-CLARITY_OF_INSTRUCTION', 'O', 'O', 'B-SUBJECT_KNOWLEDGE', 'I-SUBJECT_KNOWLEDGE', 'I-SUBJECT_KNOWLEDGE', 'I-SUBJECT_KNOWLEDGE', 'I-SUBJECT_KNOWLEDGE', 'I-SUBJECT_KNOWLEDGE', 'I-SUBJECT_KNOWLEDGE', 'I-SUBJECT_KNOWLEDGE', 'O']"
Cloud Computing,CSC412,Dr Faith,4,Simplifies difficult concepts well.,"[('Clarity of Instruction', 'positive')]","['simplifies', 'difficult', 'concepts', 'well', '.']","['B-CLARITY_OF_INSTRUCTION', 'I-CLARITY_OF_INSTRUCTION', 'I-CLARITY_OF_INSTRUCTION', 'I-CLARITY_OF_INSTRUCTION', 'O']"
Machine Learning,CSC408,Dr Adeyemi,4,"I always understand why I lost points, and i've never had trouble reaching him for help, and i actually look forward to this class.","[('Assessment', 'positive'), ('Availability', 'positive'), ('Engagement', 'positive')]","['i', 'always', 'understand', 'why', 'i', 'lost', 'points', ',', 'and', 'i', ""'ve"", 'never', 'had', 'trouble', 'reaching', 'him', 'for', 'help', ',', 'and', 'i', 'actually', 'look', 'forward', 'to', 'this', 'class', '.']","['B-ASSESSMENT', 'I-ASSESSMENT', 'I-ASSESSMENT', 'I-ASSESSMENT', 'I-ASSESSMENT', 'I-ASSESSMENT', 'I-ASSESSMENT', 'O', 'O', 'B-AVAILABILITY', 'I-AVAILABILITY', 'I-AVAILABILITY', 'I-AVAILABILITY', 'I-AVAILABILITY', 'I-AVAILABILITY', 'I-AVAILABILITY', 'I-AVAILABILITY', 'I-AVAILABILITY', 'O', 'O', 'B-ENGAGEMENT', 'I-ENGAGEMENT', 'I-ENGAGEMENT', 'I-ENGAGEMENT', 'I-ENGAGEMENT', 'I-ENGAGEMENT', 'I-ENGAGEMENT', 'O']"
Cloud Computing,CSC408,Dr Pomele,1,Hard to follow his explanations.,"[('Clarity of Instruction', 'negative')]","['hard', 'to', 'follow', 'his', 'explanations', '.']","['B-CLARITY_OF_INSTRUCTION', 'I-CLARITY_OF_INSTRUCTION', 'I-CLARITY_OF_INSTRUCTION', 'I-CLARITY_OF_INSTRUCTION', 'I-CLARITY_OF_INSTRUCTION', 'O']"
Special Computing,CSC408,Dr Pomele,1,"Complicates simple topics, but happy to answer questions after class, however grading seems arbitrary from one submission to the next.","[('Clarity of Instruction', 'negative'), ('Availability', 'positive'), ('Assessment', 'negative')]","['complicates', 'simple', 'topics', ',', 'but', 'happy', 'to', 'answer', 'questions', 'after', 'class', ',', 'however', 'grading', 'seems', 'arbitrary', 'from', 'one', 'submission', 'to', 'the', 'next', '.']","['B-CLARITY_OF_INSTRUCTION', 'I-CLARITY_OF_INSTRUCTION', 'I-CLARITY_OF_INSTRUCTION', 'O', 'O', 'B-AVAILABILITY', 'I-AVAILABILITY', 'I-AVAILABILITY', 'I-AVAILABILITY', 'I-AVAILABILITY', 'I-AVAILABILITY', 'O', 'O', 'B-ASSESSMENT', 'I-ASSESSMENT', 'I-ASSESSMENT', 'I-ASSESSMENT', 'I-ASSESSMENT', 'I-ASSESSMENT', 'I-ASSESSMENT', 'I-ASSESSMENT', 'I-ASSESSMENT', 'O']"
Data Science,CSC406,Dr Pomele,1,Gives vague answers when pushed for detail.,"[('Subject Knowledge', 'negative')]","['gives', 'vague', 'answers', 'when', 'pushed', 'for', 'detail', '.']","['B-SUBJECT_KNOWLEDGE', 'I-SUBJECT_KNOWLEDGE', 'I-SUBJECT_KNOWLEDGE', 'I-SUBJECT_KNOWLEDGE', 'I-SUBJECT_KNOWLEDGE', 'I-SUBJECT_KNOWLEDGE', 'I-SUBJECT_KNOWLEDGE', 'O']"
Introduction to Computing,CSC410,Dr Faith,1,"Rarely interacts with students during lectures, but makes time for students who are struggling, however takes weeks to return graded assignments.","[('Engagement', 'negative'), ('Availability', 'positive'), ('Assessment', 'negative')]","['rarely', 'interacts', 'with', 'students', 'during', 'lectures', ',', 'but', 'makes', 'time', 'for', 'students', 'who', 'are', 'struggling', ',', 'however', 'takes', 'weeks', 'to', 'return', 'graded', 'assignments', '.']","['B-ENGAGEMENT', 'I-ENGAGEMENT', 'I-ENGAGEMENT', 'I-ENGAGEMENT', 'I-ENGAGEMENT', 'I-ENGAGEMENT', 'O', 'O', 'B-AVAILABILITY', 'I-AVAILABILITY', 'I-AVAILABILITY', 'I-AVAILABILITY', 'I-AVAILABILITY', 'I-AVAILABILITY', 'I-AVAILABILITY', 'O', 'O', 'B-ASSESSMENT', 'I-ASSESSMENT', 'I-ASSESSMENT', 'I-ASSESSMENT', 'I-ASSESSMENT', 'I-ASSESSMENT', 'O']"
Special Computing,CSC408,Dr Martins,2,"doesn't explain well, although never seems caught off guard by a question, but just reads off slides with no energy.","[('Clarity of Instruction', 'negative'), ('Subject Knowledge', 'positive'), ('Engagement', 'negative')]","['does', ""n't"", 'explain', 'well', ',', 'although', 'never', 'seems', 'caught', 'off', 'guard', 'by', 'a', 'question', ',', 'but', 'just', 'reads', 'off', 'slides', 'with', 'no', 'energy', '.']","['B-CLARITY_OF_INSTRUCTION', 'I-CLARITY_OF_INSTRUCTION', 'I-CLARITY_OF_INSTRUCTION', 'I-CLARITY_OF_INSTRUCTION', 'O', 'O', 'B-SUBJECT_KNOWLEDGE', 'I-SUBJECT_KNOWLEDGE', 'I-SUBJECT_KNOWLEDGE', 'I-SUBJECT_KNOWLEDGE', 'I-SUBJECT_KNOWLEDGE', 'I-SUBJECT_KNOWLEDGE', 'I-SUBJECT_KNOWLEDGE', 'I-SUBJECT_KNOWLEDGE', 'O', 'O', 'B-ENGAGEMENT', 'I-ENGAGEMENT', 'I-ENGAGEMENT', 'I-ENGAGEMENT', 'I-ENGAGEMENT', 'I-ENGAGEMENT', 'I-ENGAGEMENT', 'O']"
Introduction to Computing,CSC408,Dr Okafor,1,His grasp of the subject feels shaky.,"[('Subject Knowledge', 'negative')]","['his', 'grasp', 'of', 'the', 'subject', 'feels', 'shaky', '.']","['B-SUBJECT_KNOWLEDGE', 'I-SUBJECT_KNOWLEDGE', 'I-SUBJECT_KNOWLEDGE', 'I-SUBJECT_KNOWLEDGE', 'I-SUBJECT_KNOWLEDGE', 'I-SUBJECT_KNOWLEDGE', 'I-SUBJECT_KNOWLEDGE', 'O']"
Special Computing,CSC408,Dr Adeyemi,4,"Explains difficult material well, however i couldn't get a response before the deadline.","[('Clarity of Instruction', 'positive'), ('Availability', 'negative')]","['explains', 'difficult', 'material', 'well', ',', 'however', 'i', 'could', ""n't"", 'get', 'a', 'response', 'before', 'the', 'deadline', '.']","['B-CLARITY_OF_INSTRUCTION', 'I-CLARITY_OF_INSTRUCTION', 'I-CLARITY_OF_INSTRUCTION', 'I-CLARITY_OF_INSTRUCTION', 'O', 'O', 'B-AVAILABILITY', 'I-AVAILABILITY', 'I-AVAILABILITY', 'I-AVAILABILITY', 'I-AVAILABILITY', 'I-AVAILABILITY', 'I-AVAILABILITY', 'I-AVAILABILITY', 'I-AVAILABILITY', 'O']"
Special Computing,CSC410,Dr Faith,1,"Grading seems arbitrary from one submission to the next, and the lecture drags on with no variation.","[('Assessment', 'negative'), ('Engagement', 'negative')]","['grading', 'seems', 'arbitrary', 'from', 'one', 'submission', 'to', 'the', 'next', ',', 'and', 'the', 'lecture', 'drags', 'on', 'with', 'no', 'variation', '.']","['B-ASSESSMENT', 'I-ASSESSMENT', 'I-ASSESSMENT', 'I-ASSESSMENT', 'I-ASSESSMENT', 'I-ASSESSMENT', 'I-ASSESSMENT', 'I-ASSESSMENT', 'I-ASSESSMENT', 'O', 'O', 'B-ENGAGEMENT', 'I-ENGAGEMENT', 'I-ENGAGEMENT', 'I-ENGAGEMENT', 'I-ENGAGEMENT', 'I-ENGAGEMENT', 'I-ENGAGEMENT', 'O']"
Special Computing,CSC410,Dr Adeyemi,3,"Emails go unanswered for over a week, and complicates simple topics.","[('Availability', 'negative'), ('Clarity of Instruction', 'negative')]","['emails', 'go', 'unanswered', 'for', 'over', 'a', 'week', ',', 'and', 'complicates', 'simple', 'topics', '.']","['B-AVAILABILITY', 'I-AVAILABILITY', 'I-AVAILABILITY', 'I-AVAILABILITY', 'I-AVAILABILITY', 'I-AVAILABILITY', 'I-AVAILABILITY', 'O', 'O', 'B-CLARITY_OF_INSTRUCTION', 'I-CLARITY_OF_INSTRUCTION', 'I-CLARITY_OF_INSTRUCTION', 'O']"
Machine Learning,CSC412,Dr Faith,4,Turns dry topics into lively discussions.,"[('Engagement', 'positive')]","['turns', 'dry', 'topics', 'into', 'lively', 'discussions', '.']","['B-ENGAGEMENT', 'I-ENGAGEMENT', 'I-ENGAGEMENT', 'I-ENGAGEMENT', 'I-ENGAGEMENT', 'I-ENGAGEMENT', 'O']"
Cloud Computing,CSC412,Dr Faith,2,No rubric is given before assignments are due.,"[('Assessment', 'negative')]","['no', 'rubric', 'is', 'given', 'before', 'assignments', 'are', 'due', '.']","['B-ASSESSMENT', 'I-ASSESSMENT', 'I-ASSESSMENT', 'I-ASSESSMENT', 'I-ASSESSMENT', 'I-ASSESSMENT', 'I-ASSESSMENT', 'I-ASSESSMENT', 'O']"
Cloud Computing,CSC101,Dr Faith,5,"Turns dry topics into lively discussions, although lectures feel disorganized and hard to follow, although grading feels transparent and well-justified.","[('Engagement', 'positive'), ('Clarity of Instruction', 'negative'), ('Assessment', 'positive')]","['turns', 'dry', 'topics', 'into', 'lively', 'discussions', ',', 'although', 'lectures', 'feel', 'disorganized', 'and', 'hard', 'to', 'follow', ',', 'although', 'grading', 'feels', 'transparent', 'and', 'well-justified', '.']","['B-ENGAGEMENT', 'I-ENGAGEMENT', 'I-ENGAGEMENT', 'I-ENGAGEMENT', 'I-ENGAGEMENT', 'I-ENGAGEMENT', 'O', 'O', 'B-CLARITY_OF_INSTRUCTION', 'I-CLARITY_OF_INSTRUCTION', 'I-CLARITY_OF_INSTRUCTION', 'I-CLARITY_OF_INSTRUCTION', 'I-CLARITY_OF_INSTRUCTION', 'I-CLARITY_OF_INSTRUCTION', 'I-CLARITY_OF_INSTRUCTION', 'O', 'O', 'B-ASSESSMENT', 'I-ASSESSMENT', 'I-ASSESSMENT', 'I-ASSESSMENT', 'I-ASSESSMENT', 'O']"
Cloud Computing,CSC408,Dr Martins,5,"Turns dry topics into lively discussions, also never seems caught off guard by a question, although lectures feel disorganized and hard to follow.","[('Engagement', 'positive'), ('Subject Knowledge', 'positive'), ('Clarity of Instruction', 'negative')]","['turns', 'dry', 'topics', 'into', 'lively', 'discussions', ',', 'also', 'never', 'seems', 'caught', 'off', 'guard', 'by', 'a', 'question', ',', 'although', 'lectures', 'feel', 'disorganized', 'and', 'hard', 'to', 'follow', '.']","['B-ENGAGEMENT', 'I-ENGAGEMENT', 'I-ENGAGEMENT', 'I-ENGAGEMENT', 'I-ENGAGEMENT', 'I-ENGAGEMENT', 'O', 'O', 'B-SUBJECT_KNOWLEDGE', 'I-SUBJECT_KNOWLEDGE', 'I-SUBJECT_KNOWLEDGE', 'I-SUBJECT_KNOWLEDGE', 'I-SUBJECT_KNOWLEDGE', 'I-SUBJECT_KNOWLEDGE', 'I-SUBJECT_KNOWLEDGE', 'I-SUBJECT_KNOWLEDGE', 'O', 'O', 'B-CLARITY_OF_INSTRUCTION', 'I-CLARITY_OF_INSTRUCTION', 'I-CLARITY_OF_INSTRUCTION', 'I-CLARITY_OF_INSTRUCTION', 'I-CLARITY_OF_INSTRUCTION', 'I-CLARITY_OF_INSTRUCTION', 'I-CLARITY_OF_INSTRUCTION', 'O']"
Machine Learning,CSC412,Dr Martins,2,Struggles to answer basic questions.,"[('Subject Knowledge', 'negative')]","['struggles', 'to', 'answer', 'basic', 'questions', '.']","['B-SUBJECT_KNOWLEDGE', 'I-SUBJECT_KNOWLEDGE', 'I-SUBJECT_KNOWLEDGE', 'I-SUBJECT_KNOWLEDGE', 'I-SUBJECT_KNOWLEDGE', 'O']"
Special Computing,CSC406,Dr Martins,3,"The lecture drags on with no variation, but i always leave the class understanding the topic.","[('Engagement', 'negative'), ('Clarity of Instruction', 'positive')]","['the', 'lecture', 'drags', 'on', 'with', 'no', 'variation', ',', 'but', 'i', 'always', 'leave', 'the', 'class', 'understanding', 'the', 'topic', '.']","['B-ENGAGEMENT', 'I-ENGAGEMENT', 'I-ENGAGEMENT', 'I-ENGAGEMENT', 'I-ENGAGEMENT', 'I-ENGAGEMENT', 'I-ENGAGEMENT', 'O', 'O', 'B-CLARITY_OF_INSTRUCTION', 'I-CLARITY_OF_INSTRUCTION', 'I-CLARITY_OF_INSTRUCTION', 'I-CLARITY_OF_INSTRUCTION', 'I-CLARITY_OF_INSTRUCTION', 'I-CLARITY_OF_INSTRUCTION', 'I-CLARITY_OF_INSTRUCTION', 'I-CLARITY_OF_INSTRUCTION', 'O']"
Cloud Computing,CSC410,Dr Pomele,5,I trust his understanding of even advanced topics.,"[('Subject Knowledge', 'positive')]","['i', 'trust', 'his', 'understanding', 'of', 'even', 'advanced', 'topics', '.']","['B-SUBJECT_KNOWLEDGE', 'I-SUBJECT_KNOWLEDGE', 'I-SUBJECT_KNOWLEDGE', 'I-SUBJECT_KNOWLEDGE', 'I-SUBJECT_KNOWLEDGE', 'I-SUBJECT_KNOWLEDGE', 'I-SUBJECT_KNOWLEDGE', 'I-SUBJECT_KNOWLEDGE', 'O']"
Special Computing,CSC101,Dr Adeyemi,3,"Every explanation is easy to follow, although help is hard to get outside class.","[('Clarity of Instruction', 'positive'), ('Availability', 'negative')]","['every', 'explanation', 'is', 'easy', 'to', 'follow', ',', 'although', 'help', 'is', 'hard', 'to', 'get', 'outside', 'class', '.']","['B-CLARITY_OF_INSTRUCTION', 'I-CLARITY_OF_INSTRUCTION', 'I-CLARITY_OF_INSTRUCTION', 'I-CLARITY_OF_INSTRUCTION', 'I-CLARITY_OF_INSTRUCTION', 'I-CLARITY_OF_INSTRUCTION', 'O', 'O', 'B-AVAILABILITY', 'I-AVAILABILITY', 'I-AVAILABILITY', 'I-AVAILABILITY', 'I-AVAILABILITY', 'I-AVAILABILITY', 'I-AVAILABILITY', 'O']"
Introduction to Computing,CSC412,Dr Adeyemi,4,"Gives vague answers when pushed for detail, however explains difficult material well, and responds to emails quickly.","[('Subject Knowledge', 'negative'), ('Clarity of Instruction', 'positive'), ('Availability', 'positive')]","['gives', 'vague', 'answers', 'when', 'pushed', 'for', 'detail', ',', 'however', 'explains', 'difficult', 'material', 'well', ',', 'and', 'responds', 'to', 'emails', 'quickly', '.']","['B-SUBJECT_KNOWLEDGE', 'I-SUBJECT_KNOWLEDGE', 'I-SUBJECT_KNOWLEDGE', 'I-SUBJECT_KNOWLEDGE', 'I-SUBJECT_KNOWLEDGE', 'I-SUBJECT_KNOWLEDGE', 'I-SUBJECT_KNOWLEDGE', 'O', 'O', 'B-CLARITY_OF_INSTRUCTION', 'I-CLARITY_OF_INSTRUCTION', 'I-CLARITY_OF_INSTRUCTION', 'I-CLARITY_OF_INSTRUCTION', 'O', 'O', 'B-AVAILABILITY', 'I-AVAILABILITY', 'I-AVAILABILITY', 'I-AVAILABILITY', 'O']"
Machine Learning,CSC406,Dr Adeyemi,4,I've never had trouble reaching him for help.,"[('Availability', 'positive')]","['i', ""'ve"", 'never', 'had', 'trouble', 'reaching', 'him', 'for', 'help', '.']","['B-AVAILABILITY', 'I-AVAILABILITY', 'I-AVAILABILITY', 'I-AVAILABILITY', 'I-AVAILABILITY', 'I-AVAILABILITY', 'I-AVAILABILITY', 'I-AVAILABILITY', 'I-AVAILABILITY', 'O']"
Special Computing,CSC412,Dr Martins,5,"doesn't seem to know the material well, although i actually look forward to this class, also grades fairly and consistently.","[('Subject Knowledge', 'negative'), ('Engagement', 'positive'), ('Assessment', 'positive')]","['does', ""n't"", 'seem', 'to', 'know', 'the', 'material', 'well', ',', 'although', 'i', 'actually', 'look', 'forward', 'to', 'this', 'class', ',', 'also', 'grades', 'fairly', 'and', 'consistently', '.']","['B-SUBJECT_KNOWLEDGE', 'I-SUBJECT_KNOWLEDGE', 'I-SUBJECT_KNOWLEDGE', 'I-SUBJECT_KNOWLEDGE', 'I-SUBJECT_KNOWLEDGE', 'I-SUBJECT_KNOWLEDGE', 'I-SUBJECT_KNOWLEDGE', 'I-SUBJECT_KNOWLEDGE', 'O', 'O', 'B-ENGAGEMENT', 'I-ENGAGEMENT', 'I-ENGAGEMENT', 'I-ENGAGEMENT', 'I-ENGAGEMENT', 'I-ENGAGEMENT', 'I-ENGAGEMENT', 'O', 'O', 'B-ASSESSMENT', 'I-ASSESSMENT', 'I-ASSESSMENT', 'I-ASSESSMENT', 'O']"
Cloud Computing,CSC412,Dr Martins,4,The way he breaks down ideas makes sense.,"[('Clarity of Instruction', 'positive')]","['the', 'way', 'he', 'breaks', 'down', 'ideas', 'makes', 'sense', '.']","['B-CLARITY_OF_INSTRUCTION', 'I-CLARITY_OF_INSTRUCTION', 'I-CLARITY_OF_INSTRUCTION', 'I-CLARITY_OF_INSTRUCTION', 'I-CLARITY_OF_INSTRUCTION', 'I-CLARITY_OF_INSTRUCTION', 'I-CLARITY_OF_INSTRUCTION', 'I-CLARITY_OF_INSTRUCTION', 'O']"
Cloud Computing,CSC101,Dr Pomele,3,"Has deep knowledge of the subject, but i couldn't get a response before the deadline.","[('Subject Knowledge', 'positive'), ('Availability', 'negative')]","['has', 'deep', 'knowledge', 'of', 'the', 'subject', ',', 'but', 'i', 'could', ""n't"", 'get', 'a', 'response', 'before', 'the', 'deadline', '.']","['B-SUBJECT_KNOWLEDGE', 'I-SUBJECT_KNOWLEDGE', 'I-SUBJECT_KNOWLEDGE', 'I-SUBJECT_KNOWLEDGE', 'I-SUBJECT_KNOWLEDGE', 'I-SUBJECT_KNOWLEDGE', 'O', 'O', 'B-AVAILABILITY', 'I-AVAILABILITY', 'I-AVAILABILITY', 'I-AVAILABILITY', 'I-AVAILABILITY', 'I-AVAILABILITY', 'I-AVAILABILITY', 'I-AVAILABILITY', 'I-AVAILABILITY', 'O']"
Special Computing,CSC410,Dr Okafor,5,Help is hard to get outside class.,"[('Availability', 'negative')]","['help', 'is', 'hard', 'to', 'get', 'outside', 'class', '.']","['B-AVAILABILITY', 'I-AVAILABILITY', 'I-AVAILABILITY', 'I-AVAILABILITY', 'I-AVAILABILITY', 'I-AVAILABILITY', 'I-AVAILABILITY', 'O']"
Introduction to Computing,CSC410,Dr Martins,1,"Rushes through explanations, also just reads off slides with no energy.","[('Clarity of Instruction', 'negative'), ('Engagement', 'negative')]","['rushes', 'through', 'explanations', ',', 'also', 'just', 'reads', 'off', 'slides', 'with', 'no', 'energy', '.']","['B-CLARITY_OF_INSTRUCTION', 'I-CLARITY_OF_INSTRUCTION', 'I-CLARITY_OF_INSTRUCTION', 'O', 'O', 'B-ENGAGEMENT', 'I-ENGAGEMENT', 'I-ENGAGEMENT', 'I-ENGAGEMENT', 'I-ENGAGEMENT', 'I-ENGAGEMENT', 'I-ENGAGEMENT', 'O']"
Introduction to Computing,CSC408,Dr Adeyemi,5,"I never know why I lost points, but always available during office hours.","[('Assessment', 'negative'), ('Availability', 'positive')]","['i', 'never', 'know', 'why', 'i', 'lost', 'points', ',', 'but', 'always', 'available', 'during', 'office', 'hours', '.']","['B-ASSESSMENT', 'I-ASSESSMENT', 'I-ASSESSMENT', 'I-ASSESSMENT', 'I-ASSESSMENT', 'I-ASSESSMENT', 'I-ASSESSMENT', 'O', 'O', 'B-AVAILABILITY', 'I-AVAILABILITY', 'I-AVAILABILITY', 'I-AVAILABILITY', 'I-AVAILABILITY', 'O']"
