id,lecturer_name,course,course_code,rating,comment,document_sentiment,aspect_labels,source
slang-1,Dr. Okafor,Data Science & Big Data,CSC412,1,"This guy dey fail people intentionally, e dey wicked",negative,"[[""Assessment and Grading"", ""negative""]]",nigerian_slang
slang-2,Dr. Chukwu,Computer Networks,CSC303,4,"E dey tear lecture wella, everything dey crystal clear",positive,"[[""Teaching Clarity"", ""positive""]]",nigerian_slang
slang-3,Dr. Chukwu,Software Engineering,CSC301,1,"E dey just dey read slides like primary school teacher, and Class dey dull like graveyard, e no dey interact, but E dey rush everything for final weeks, like say exam dey tomorrow",negative,"[[""Teaching Clarity"", ""negative""], [""Student Interaction"", ""negative""], [""Course Organisation"", ""negative""]]",nigerian_slang
slang-4,Prof. Balogun,Introduction to Computer Science,CSC101,1,"Communication dey zero, e no dey talk to us, and This man dey impossible to reach outside class",negative,"[[""Communication"", ""negative""], [""Availability"", ""negative""]]",nigerian_slang
slang-5,Dr. Chukwu,Data Science & Big Data,CSC412,4,"Very responsive to student inquiries, but E dey reply emails sharp sharp",positive,"[[""Communication"", ""positive""], [""Availability"", ""positive""]]",nigerian_slang
slang-6,Dr. Pomele,Introduction to Computer Science,CSC101,1,"This man dey mess up course structure completely, and This man dey always late, e no get shame, but This lecturer na olodo with marking, e no sabi mark",negative,"[[""Course Organisation"", ""negative""], [""Lecturer Punctuality"", ""negative""], [""Assessment and Grading"", ""negative""]]",nigerian_slang
slang-7,Dr. Faith,Database Design & Management,CSC302,2,"Appreciate waiting 6 weeks for grades that were clearly randomly assigned, however, Thanks for never replying to emails, really shows dedication",negative,"[[""Assessment and Grading"", ""negative""], [""Availability"", ""negative""]]",nigerian_slang
slang-8,Dr. Pomele,Operating Systems Principles,CSC304,1,"This man dey always late, e no get shame, however, This man no dey reply, e dey form busy",negative,"[[""Lecturer Punctuality"", ""negative""], [""Communication"", ""negative""]]",nigerian_slang
slang-9,Dr. Chukwu,Database Design & Management,CSC302,4,"Very good with emails, e dey reply sharp, and Everything dey planned well, no disorganization, but Teaching materials dey top notch",positive,"[[""Communication"", ""positive""], [""Course Organisation"", ""positive""], [""Use of Teaching Materials"", ""positive""]]",nigerian_slang
slang-10,Prof. Martins,Machine Learning & Neural Nets,CSC408,2,"Student interaction dey zero, e no dey carry us along",negative,"[[""Student Interaction"", ""negative""]]",nigerian_slang
slang-11,Dr. Faith,Database Design & Management,CSC302,1,"This guy dey force us buy textbook, e dey greedy",negative,"[[""Use of Teaching Materials"", ""negative""]]",nigerian_slang
slang-12,Prof. Martins,Data Science & Big Data,CSC412,1,"Appreciate the hostile atmosphere that discourages participation. Also, Love the surprise cancelled classes we find out about 5 minutes before",negative,"[[""Student Interaction"", ""negative""], [""Lecturer Punctuality"", ""negative""]]",nigerian_slang
slang-13,Dr. Nwosu,Data Science & Big Data,CSC412,2,"This guy dey act like say communication na crime, however, This man dey dull, e no sabi explain anything",negative,"[[""Communication"", ""negative""], [""Teaching Clarity"", ""negative""]]",nigerian_slang
slang-14,Dr. Yusuf,Special Computing,CSC410,1,"This guy dey give random marks, e no sabi wetin e dey do",negative,"[[""Assessment and Grading"", ""negative""]]",nigerian_slang
slang-15,Dr. Nwosu,Machine Learning & Neural Nets,CSC408,1,Appreciate waiting 6 weeks for grades that were clearly randomly assigned,negative,"[[""Assessment and Grading"", ""negative""]]",nigerian_slang
slang-16,Prof. Balogun,Computer Networks,CSC303,4,"This guy dey always available for office hours, but The course structure dey make sense, everything dey follow proper order",positive,"[[""Availability"", ""positive""], [""Course Organisation"", ""positive""]]",nigerian_slang
slang-17,Dr. Adeyemi,Data Structures and Algorithms,CSC201,1,"This man dey mark like enemy, e dey fail us, however, This guy dey act like say e no know syllabus",negative,"[[""Assessment and Grading"", ""negative""], [""Course Organisation"", ""negative""]]",nigerian_slang
slang-18,Prof. Okonkwo,Software Engineering,CSC301,5,"Always punctual, professional behavior. Also, E dey use group chat well to pass info",positive,"[[""Lecturer Punctuality"", ""positive""], [""Communication"", ""positive""]]",nigerian_slang
slang-19,Dr. (Mrs) Adeleke,Software Engineering,CSC301,4,"E dey respect time die, no African time, but This guy dey always available for office hours",positive,"[[""Lecturer Punctuality"", ""positive""], [""Availability"", ""positive""]]",nigerian_slang
slang-20,Dr. Faith,Special Computing,CSC410,4,"Very reliable with time, always available, however, Test questions dey based on wetin e teach for class",positive,"[[""Lecturer Punctuality"", ""positive""], [""Assessment and Grading"", ""positive""]]",nigerian_slang
slang-21,Prof. Okonkwo,Computer Networks,CSC303,2,"E dey resume when e feel like, no respect for time, and I dey sleep for this guy's class because nothing dey enter head, but E dey ignore students wey raise hand",negative,"[[""Lecturer Punctuality"", ""negative""], [""Teaching Clarity"", ""negative""], [""Student Interaction"", ""negative""]]",nigerian_slang
slang-22,Dr. Yusuf,Data Structures and Algorithms,CSC201,1,"I dey sleep for this guy's class because nothing dey enter head, however, E dey come 30 minutes after time don pass",negative,"[[""Teaching Clarity"", ""negative""], [""Lecturer Punctuality"", ""negative""]]",nigerian_slang
slang-23,Dr. Ibrahim,Introduction to Computer Science,CSC101,2,E dey come 30 minutes after time don pass,negative,"[[""Lecturer Punctuality"", ""negative""]]",nigerian_slang
slang-24,Dr. Adeyemi,Software Engineering,CSC301,3,"Course dey go according to standard university format, and Nothing special, just normal class interaction, but Normal university materials",neutral,"[[""Course Organisation"", ""neutral""], [""Student Interaction"", ""neutral""], [""Use of Teaching Materials"", ""neutral""]]",nigerian_slang
slang-25,Dr. Faith,Data Structures and Algorithms,CSC201,1,"This lecturer na mumu with grading, e no dey fair, and This guy dey act like time no dey important, but This lecturer na waste, e no fit teach",negative,"[[""Assessment and Grading"", ""negative""], [""Lecturer Punctuality"", ""negative""], [""Teaching Clarity"", ""negative""]]",nigerian_slang
slang-26,Dr. Yusuf,Operating Systems Principles,CSC304,1,"This guy dey act like say materials na gold, and This man dey confuse course organization, e no know wetin e dey do, but This man dey intimidate students like bully",negative,"[[""Use of Teaching Materials"", ""negative""], [""Course Organisation"", ""negative""], [""Student Interaction"", ""negative""]]",nigerian_slang
slang-27,Dr. Okafor,Database Design & Management,CSC302,1,"Grading dey unfair, e dey just dey anyhow, and E dey confuse person well well, explanations no get head, but Emails dey enter trash, e no dey reply",negative,"[[""Assessment and Grading"", ""negative""], [""Teaching Clarity"", ""negative""], [""Availability"", ""negative""]]",nigerian_slang
slang-28,Dr. Nwosu,Data Science & Big Data,CSC412,2,"This man na waste, e dey always late, but This man dey hide from students like rat",negative,"[[""Lecturer Punctuality"", ""negative""], [""Availability"", ""negative""]]",nigerian_slang
slang-29,Prof. Okonkwo,Computer Networks,CSC303,1,"Thanks for the last-minute announcements, really helpful",negative,"[[""Communication"", ""negative""]]",nigerian_slang
slang-30,Prof. Martins,Operating Systems Principles,CSC304,2,"Great planning - rushing everything in the last two weeks was genius, but Oh sure, because reading slides word-for-word is definitely 'teaching'",negative,"[[""Course Organisation"", ""negative""], [""Teaching Clarity"", ""negative""]]",nigerian_slang
slang-31,Dr. Pomele,Software Engineering,CSC301,5,E dey come before 8am for 8am class,positive,"[[""Lecturer Punctuality"", ""positive""]]",nigerian_slang
slang-32,Dr. (Mrs) Adeleke,Cloud Computing Architectures,CSC406,2,"This man dey talk rubbish, nothing dey enter head, but This guy dey act like say communication na crime",negative,"[[""Teaching Clarity"", ""negative""], [""Communication"", ""negative""]]",nigerian_slang
slang-33,Dr. Adeyemi,Machine Learning & Neural Nets,CSC408,1,"This guy dey act like say we dey do am favor, however, This man na waste, materials dey zero",negative,"[[""Assessment and Grading"", ""negative""], [""Use of Teaching Materials"", ""negative""]]",nigerian_slang
slang-34,Dr. Nwosu,Introduction to Computer Science,CSC101,1,"Thanks for never replying to emails, really shows dedication, and Thanks for making students feel stupid for asking questions",negative,"[[""Availability"", ""negative""], [""Student Interaction"", ""negative""]]",nigerian_slang
slang-35,Dr. Okafor,Special Computing,CSC410,4,"Grading dey just, no favoritism at all, and Communication dey clear, no wahala at all, but E dey start class sharp sharp, no wasting time",positive,"[[""Assessment and Grading"", ""positive""], [""Communication"", ""positive""], [""Lecturer Punctuality"", ""positive""]]",nigerian_slang
slang-36,Dr. Adeyemi,Data Science & Big Data,CSC412,2,"This man dey mark like wicked person, however, This man dey run from students, e no dey help",negative,"[[""Assessment and Grading"", ""negative""], [""Availability"", ""negative""]]",nigerian_slang
slang-37,Dr. Okafor,Cloud Computing Architectures,CSC406,3,"Explanations dey okay, no be die but no be kill, but Two tests and one exam like every other course",neutral,"[[""Teaching Clarity"", ""neutral""], [""Assessment and Grading"", ""neutral""]]",nigerian_slang
slang-38,Dr. Ibrahim,Database Design & Management,CSC302,1,"This lecturer na olodo with marking, e no sabi mark, and This lecturer na olodo, e no get plan",negative,"[[""Assessment and Grading"", ""negative""], [""Course Organisation"", ""negative""]]",nigerian_slang
slang-39,Dr. Yusuf,Cloud Computing Architectures,CSC406,1,"This man dey insult students for class, however, This guy dey act like say materials na gold",negative,"[[""Student Interaction"", ""negative""], [""Use of Teaching Materials"", ""negative""]]",nigerian_slang
slang-40,Dr. Okafor,Operating Systems Principles,CSC304,1,"This man dey refuse to share notes, wicked",negative,"[[""Use of Teaching Materials"", ""negative""]]",nigerian_slang
slang-41,Dr. Faith,Introduction to Computer Science,CSC101,4,"E dey give us proper timetable, no surprises, and Very interactive lecturer, class dey sweet",positive,"[[""Course Organisation"", ""positive""], [""Student Interaction"", ""positive""]]",nigerian_slang
slang-42,Prof. Balogun,Software Engineering,CSC301,1,"This lecturer na olodo, e no dey available",negative,"[[""Availability"", ""negative""]]",nigerian_slang
slang-43,Dr. Adeyemi,Special Computing,CSC410,2,"Appreciate the complete radio silence on important matters, but Appreciate how he treats our time like it's worthless",negative,"[[""Communication"", ""negative""], [""Lecturer Punctuality"", ""negative""]]",nigerian_slang
slang-44,Dr. Faith,Computer Networks,CSC303,2,"Missed classes well well, no proper replacement",negative,"[[""Lecturer Punctuality"", ""negative""]]",nigerian_slang
slang-45,Dr. Nwosu,Data Science & Big Data,CSC412,2,"This guy dey run course like agbero. Also, This guy dey behave like say we no deserve info",negative,"[[""Course Organisation"", ""negative""], [""Communication"", ""negative""]]",nigerian_slang
slang-46,Dr. Chukwu,Database Design & Management,CSC302,2,Appreciate the hostile atmosphere that discourages participation,negative,"[[""Student Interaction"", ""negative""]]",nigerian_slang
slang-47,Prof. Okonkwo,Computer Networks,CSC303,2,E dey shun students when we ask for help,negative,"[[""Availability"", ""negative""]]",nigerian_slang
slang-48,Prof. Okonkwo,Computer Networks,CSC303,1,"Love the surprise cancelled classes we find out about 5 minutes before, however, Appreciate the help - or lack thereof - when we actually need it",negative,"[[""Lecturer Punctuality"", ""negative""], [""Availability"", ""negative""]]",nigerian_slang
slang-49,Dr. Ibrahim,Machine Learning & Neural Nets,CSC408,1,Appreciate how he treats our time like it's worthless,negative,"[[""Lecturer Punctuality"", ""negative""]]",nigerian_slang
slang-50,Dr. Faith,Introduction to Computer Science,CSC101,5,"Course dey run like smooth engine, no wahala, and E dey respect time die, no African time, but E dey listen to student contributions",positive,"[[""Course Organisation"", ""positive""], [""Lecturer Punctuality"", ""positive""], [""Student Interaction"", ""positive""]]",nigerian_slang
slang-51,Dr. Faith,Operating Systems Principles,CSC304,2,"Course dey disorganized well well, who understand this man?, and E dey discourage questions, e dey vex when we ask, but E dey keep us waiting for nothing",negative,"[[""Course Organisation"", ""negative""], [""Student Interaction"", ""negative""], [""Lecturer Punctuality"", ""negative""]]",nigerian_slang
slang-52,Dr. Ibrahim,Special Computing,CSC410,3,"Basic slides with bullet points, and Communication dey okay, nothing special",neutral,"[[""Use of Teaching Materials"", ""neutral""], [""Communication"", ""neutral""]]",nigerian_slang
slang-53,Dr. (Mrs) Adeleke,Software Engineering,CSC301,2,"This guy dey act like say materials na gold. Also, This man dey come class late everyday, mumu behavior",negative,"[[""Use of Teaching Materials"", ""negative""], [""Lecturer Punctuality"", ""negative""]]",nigerian_slang
slang-54,Dr. Pomele,Introduction to Computer Science,CSC101,1,E dey read messages but no dey reply,negative,"[[""Communication"", ""negative""]]",nigerian_slang
slang-55,Prof. Martins,Data Science & Big Data,CSC412,2,E dey come 30 minutes after time don pass,negative,"[[""Lecturer Punctuality"", ""negative""]]",nigerian_slang
slang-56,Prof. Balogun,Operating Systems Principles,CSC304,1,Love how he turns legitimate questions into insults,negative,"[[""Student Interaction"", ""negative""]]",nigerian_slang
slang-57,Dr. Chukwu,Computer Networks,CSC303,3,"Nothing special, just normal class interaction",neutral,"[[""Student Interaction"", ""neutral""]]",nigerian_slang
slang-58,Dr. Yusuf,Software Engineering,CSC301,2,"This man dey come class late everyday, mumu behavior, and This guy dey act like say materials na gold",negative,"[[""Lecturer Punctuality"", ""negative""], [""Use of Teaching Materials"", ""negative""]]",nigerian_slang
slang-59,Dr. Chukwu,Special Computing,CSC410,2,"No rubric, e dey just dey mark as e like, but E dey discourage questions, e dey vex when we ask",negative,"[[""Assessment and Grading"", ""negative""], [""Student Interaction"", ""negative""]]",nigerian_slang
slang-60,Prof. Okonkwo,Computer Networks,CSC303,1,"Great feedback - 'needs improvement' really tells me everything, but Thanks for making students feel stupid for asking questions",negative,"[[""Assessment and Grading"", ""negative""], [""Student Interaction"", ""negative""]]",nigerian_slang
slang-61,Prof. Balogun,Operating Systems Principles,CSC304,5,"E dey listen to student contributions, but E dey give helpful feedback, you go know where you miss am",positive,"[[""Student Interaction"", ""positive""], [""Assessment and Grading"", ""positive""]]",nigerian_slang
slang-62,Dr. Yusuf,Special Computing,CSC410,1,Appreciate how the course outline was clearly written in invisible ink,negative,"[[""Course Organisation"", ""negative""]]",nigerian_slang
slang-63,Dr. Faith,Special Computing,CSC410,4,E dey give proper rubrics before assignment,positive,"[[""Assessment and Grading"", ""positive""]]",nigerian_slang
slang-64,Prof. Okonkwo,Data Science & Big Data,CSC412,2,"This man dey run from students, e no dey help, but This lecturer na olodo, e no dey interact",negative,"[[""Availability"", ""negative""], [""Student Interaction"", ""negative""]]",nigerian_slang
slang-65,Dr. Adeyemi,Machine Learning & Neural Nets,CSC408,2,"Appreciate the hostile atmosphere that discourages participation, but Thanks for wasting 30 minutes of every class being late",negative,"[[""Student Interaction"", ""negative""], [""Lecturer Punctuality"", ""negative""]]",nigerian_slang
slang-66,Dr. Yusuf,Data Science & Big Data,CSC412,2,"This man dey scatter everything, no sense at all, and This man dey make class hostile, e dey fight, but This guy dey behave like say we no important",negative,"[[""Course Organisation"", ""negative""], [""Student Interaction"", ""negative""], [""Availability"", ""negative""]]",nigerian_slang
slang-67,Dr. Adeyemi,Database Design & Management,CSC302,1,Love how he turns legitimate questions into insults,negative,"[[""Student Interaction"", ""negative""]]",nigerian_slang
slang-68,Prof. Balogun,Operating Systems Principles,CSC304,2,"Appreciate the hostile atmosphere that discourages participation. Also, Appreciate how the course outline was clearly written in invisible ink",negative,"[[""Student Interaction"", ""negative""], [""Course Organisation"", ""negative""]]",nigerian_slang
slang-69,Dr. Chukwu,Data Structures and Algorithms,CSC201,2,"This man dey keep info to himself, selfish. Also, This guy dey treat students like slaves",negative,"[[""Communication"", ""negative""], [""Student Interaction"", ""negative""]]",nigerian_slang
slang-70,Dr. (Mrs) Adeleke,Introduction to Computer Science,CSC101,2,"Love the slides with more typos than actual content, and Thanks for making students feel stupid for asking questions",negative,"[[""Use of Teaching Materials"", ""negative""], [""Student Interaction"", ""negative""]]",nigerian_slang
slang-71,Dr. Pomele,Database Design & Management,CSC302,3,"Available during normal office hours, but E dey follow normal faculty materials",neutral,"[[""Availability"", ""neutral""], [""Use of Teaching Materials"", ""neutral""]]",nigerian_slang
slang-72,Dr. Yusuf,Introduction to Computer Science,CSC101,2,"Teaching materials dey zero, e no dey provide anything",negative,"[[""Use of Teaching Materials"", ""negative""]]",nigerian_slang
slang-73,Dr. Adeyemi,Special Computing,CSC410,1,E dey ignore class rep messages,negative,"[[""Communication"", ""negative""]]",nigerian_slang
slang-74,Prof. Balogun,Software Engineering,CSC301,1,"No handouts, no nothing, just talk, however, No proper grading, e dey just dey give marks randomly",negative,"[[""Use of Teaching Materials"", ""negative""], [""Assessment and Grading"", ""negative""]]",nigerian_slang
slang-75,Prof. Balogun,Introduction to Computer Science,CSC101,1,"E dey keep scripts till next semester, no return. Also, E dey disorganize everything, no proper flow",negative,"[[""Assessment and Grading"", ""negative""], [""Course Organisation"", ""negative""]]",nigerian_slang
slang-76,Dr. Ibrahim,Computer Networks,CSC303,2,"Thanks for never replying to emails, really shows dedication, and Great planning - rushing everything in the last two weeks was genius, but Wonderful how the guy who wrote the best essay still failed",negative,"[[""Availability"", ""negative""], [""Course Organisation"", ""negative""], [""Assessment and Grading"", ""negative""]]",nigerian_slang
slang-77,Dr. Okafor,Machine Learning & Neural Nets,CSC408,1,"This man dey mark like enemy, e dey fail us, but This guy dey ignore messages like say we no exist",negative,"[[""Assessment and Grading"", ""negative""], [""Communication"", ""negative""]]",nigerian_slang
slang-78,Dr. (Mrs) Adeleke,Data Structures and Algorithms,CSC201,4,Slides dey comprehensive and well designed,positive,"[[""Use of Teaching Materials"", ""positive""]]",nigerian_slang
slang-79,Dr. (Mrs) Adeleke,Operating Systems Principles,CSC304,2,"Grading dey biased, if e no like you, you don fail",negative,"[[""Assessment and Grading"", ""negative""]]",nigerian_slang
slang-80,Dr. Faith,Data Science & Big Data,CSC412,2,"E dey keep us waiting for nothing, and E dey ignore students wey raise hand",negative,"[[""Lecturer Punctuality"", ""negative""], [""Student Interaction"", ""negative""]]",nigerian_slang
slang-81,Prof. Okonkwo,Machine Learning & Neural Nets,CSC408,1,"This guy dey talk nonsense for class, however, This man dey lock office door like say thief dey pursue am",negative,"[[""Teaching Clarity"", ""negative""], [""Availability"", ""negative""]]",nigerian_slang
slang-82,Prof. Martins,Data Science & Big Data,CSC412,1,"Hostile environment, students dey fear to talk",negative,"[[""Student Interaction"", ""negative""]]",nigerian_slang
slang-83,Dr. (Mrs) Adeleke,Computer Networks,CSC303,5,"Materials dey up to date and helpful, however, E dey use better examples wey dey relate to our everyday life",positive,"[[""Use of Teaching Materials"", ""positive""], [""Teaching Clarity"", ""positive""]]",nigerian_slang
slang-84,Dr. Ibrahim,Data Science & Big Data,CSC412,4,"Grading dey fair, if you work hard you go get your due",positive,"[[""Assessment and Grading"", ""positive""]]",nigerian_slang
slang-85,Dr. Pomele,Cloud Computing Architectures,CSC406,1,"Love the slides with more typos than actual content, and Appreciate the complete radio silence on important matters",negative,"[[""Use of Teaching Materials"", ""negative""], [""Communication"", ""negative""]]",nigerian_slang
slang-86,Dr. Ibrahim,Software Engineering,CSC301,4,"Very interactive lecturer, class dey sweet",positive,"[[""Student Interaction"", ""positive""]]",nigerian_slang
slang-87,Dr. Okafor,Machine Learning & Neural Nets,CSC408,3,"Standard teaching, nothing to write home about, and Interaction dey normal like other lecturers, but Standard university communication channels",neutral,"[[""Teaching Clarity"", ""neutral""], [""Student Interaction"", ""neutral""], [""Communication"", ""neutral""]]",nigerian_slang
slang-88,Dr. Ibrahim,Data Structures and Algorithms,CSC201,2,Appreciate the hostile atmosphere that discourages participation,negative,"[[""Student Interaction"", ""negative""]]",nigerian_slang
slang-89,Dr. (Mrs) Adeleke,Data Science & Big Data,CSC412,4,"If you sabi the work, you go definitely pass. Also, Teaching materials dey top notch",positive,"[[""Assessment and Grading"", ""positive""], [""Use of Teaching Materials"", ""positive""]]",nigerian_slang
slang-90,Dr. Ibrahim,Operating Systems Principles,CSC304,4,"Everything dey planned well, no disorganization",positive,"[[""Course Organisation"", ""positive""]]",nigerian_slang
slang-91,Dr. Nwosu,Special Computing,CSC410,2,"This man dey talk rubbish, nothing dey enter head, and This man dey do anyhow, no proper organization",negative,"[[""Teaching Clarity"", ""negative""], [""Course Organisation"", ""negative""]]",nigerian_slang
slang-92,Dr. Faith,Special Computing,CSC410,4,Slides dey comprehensive and well designed,positive,"[[""Use of Teaching Materials"", ""positive""]]",nigerian_slang
slang-93,Dr. Faith,Computer Networks,CSC303,1,"This man dey dull, e no sabi explain anything, however, This guy dey impossible to reach, e dey run",negative,"[[""Teaching Clarity"", ""negative""], [""Availability"", ""negative""]]",nigerian_slang
slang-94,Dr. Adeyemi,Data Structures and Algorithms,CSC201,2,"Appreciate the help - or lack thereof - when we actually need it, and Love the slides with more typos than actual content",negative,"[[""Availability"", ""negative""], [""Use of Teaching Materials"", ""negative""]]",nigerian_slang
slang-95,Dr. Faith,Data Structures and Algorithms,CSC201,5,"Grading dey fair, if you work hard you go get your due",positive,"[[""Assessment and Grading"", ""positive""]]",nigerian_slang
slang-96,Prof. Balogun,Operating Systems Principles,CSC304,2,"This man dey talk like say e no go school, and This man na evil with marking, e dey fail people",negative,"[[""Teaching Clarity"", ""negative""], [""Assessment and Grading"", ""negative""]]",nigerian_slang
slang-97,Dr. Ibrahim,Data Structures and Algorithms,CSC201,4,"Very interactive lecturer, class dey sweet, however, E dey respect time die, no African time",positive,"[[""Student Interaction"", ""positive""], [""Lecturer Punctuality"", ""positive""]]",nigerian_slang
slang-98,Dr. Faith,Operating Systems Principles,CSC304,2,"This man dey ignore us like say we be ghost, and This lecturer na mumu, e no dey give anything",negative,"[[""Communication"", ""negative""], [""Use of Teaching Materials"", ""negative""]]",nigerian_slang
slang-99,Dr. Okafor,Data Structures and Algorithms,CSC201,3,"Nothing special, just normal course arrangement, and Interaction dey normal like other lecturers",neutral,"[[""Course Organisation"", ""neutral""], [""Student Interaction"", ""neutral""]]",nigerian_slang
slang-100,Dr. Yusuf,Special Computing,CSC410,3,"Topics dey covered as per the curriculum, and Deports within reasonable time limits, but Grading dey follow normal university standard",neutral,"[[""Course Organisation"", ""neutral""], [""Lecturer Punctuality"", ""neutral""], [""Assessment and Grading"", ""neutral""]]",nigerian_slang
slang-101,Dr. Nwosu,Database Design & Management,CSC302,1,"This man dey ignore us like say we be ghost, but This guy dey behave like say materials na luxury",negative,"[[""Communication"", ""negative""], [""Use of Teaching Materials"", ""negative""]]",nigerian_slang
slang-102,Dr. Nwosu,Introduction to Computer Science,CSC101,2,"Appreciate how the course outline was clearly written in invisible ink, and Appreciate how he treats our time like it's worthless, but Oh sure, because reading slides word-for-word is definitely 'teaching'",negative,"[[""Course Organisation"", ""negative""], [""Lecturer Punctuality"", ""negative""], [""Teaching Clarity"", ""negative""]]",nigerian_slang
slang-103,Dr. Yusuf,Cloud Computing Architectures,CSC406,4,"Explains things way better than those old lecturers wey dey confuse person, and Marking dey transparent, no under the table business",positive,"[[""Teaching Clarity"", ""positive""], [""Assessment and Grading"", ""positive""]]",nigerian_slang
slang-104,Dr. Ibrahim,Introduction to Computer Science,CSC101,1,"Grading dey unfair, e dey just dey anyhow",negative,"[[""Assessment and Grading"", ""negative""]]",nigerian_slang
slang-105,Prof. Okonkwo,Operating Systems Principles,CSC304,1,"Appreciate waiting 6 weeks for grades that were clearly randomly assigned, and Great planning - rushing everything in the last two weeks was genius, but Love the surprise cancelled classes we find out about 5 minutes before",negative,"[[""Assessment and Grading"", ""negative""], [""Course Organisation"", ""negative""], [""Lecturer Punctuality"", ""negative""]]",nigerian_slang
slang-106,Dr. (Mrs) Adeleke,Special Computing,CSC410,2,"This man dey mark like enemy, e dey fail us. Also, This guy na idiot, e no dey understand wetin e dey teach",negative,"[[""Assessment and Grading"", ""negative""], [""Teaching Clarity"", ""negative""]]",nigerian_slang
slang-107,Dr. (Mrs) Adeleke,Machine Learning & Neural Nets,CSC408,1,This man dey disrespect students well well,negative,"[[""Student Interaction"", ""negative""]]",nigerian_slang
slang-108,Dr. Chukwu,Introduction to Computer Science,CSC101,1,"Love how office hours are just theoretical concepts, and Thanks for the 'clear' explanations that require a PhD to understand, but Thanks for the last-minute announcements, really helpful",negative,"[[""Availability"", ""negative""], [""Teaching Clarity"", ""negative""], [""Communication"", ""negative""]]",nigerian_slang
slang-109,Dr. Yusuf,Computer Networks,CSC303,3,"Timing dey okay, manageable",neutral,"[[""Lecturer Punctuality"", ""neutral""]]",nigerian_slang
slang-110,Dr. Nwosu,Introduction to Computer Science,CSC101,5,"Grading dey fair, if you work hard you go get your due. Also, E dey reply emails fast, no dulling",positive,"[[""Assessment and Grading"", ""positive""], [""Communication"", ""positive""]]",nigerian_slang
slang-111,Prof. Okonkwo,Special Computing,CSC410,4,"E dey send updates regularly, no dull moment, and Materials dey up to date and helpful, but Never late for once, very punctual man",positive,"[[""Communication"", ""positive""], [""Use of Teaching Materials"", ""positive""], [""Lecturer Punctuality"", ""positive""]]",nigerian_slang
slang-112,Dr. Ibrahim,Database Design & Management,CSC302,1,"Love how office hours are just theoretical concepts, and Appreciate the hostile atmosphere that discourages participation, but Love the surprise cancelled classes we find out about 5 minutes before",negative,"[[""Availability"", ""negative""], [""Student Interaction"", ""negative""], [""Lecturer Punctuality"", ""negative""]]",nigerian_slang
slang-113,Dr. Adeyemi,Data Structures and Algorithms,CSC201,3,"Standard lecture format with some interaction, and Standard slides like other courses, but You fit reach am during consultation hours",neutral,"[[""Student Interaction"", ""neutral""], [""Use of Teaching Materials"", ""neutral""], [""Availability"", ""neutral""]]",nigerian_slang
slang-114,Dr. Pomele,Special Computing,CSC410,1,"Love how office hours are just theoretical concepts. Also, Appreciate the complete lack of any useful study materials",negative,"[[""Availability"", ""negative""], [""Use of Teaching Materials"", ""negative""]]",nigerian_slang
slang-115,Dr. (Mrs) Adeleke,Introduction to Computer Science,CSC101,3,"E dey come roughly on time most times, and Normal level of communication",neutral,"[[""Lecturer Punctuality"", ""neutral""], [""Communication"", ""neutral""]]",nigerian_slang
slang-116,Dr. Nwosu,Machine Learning & Neural Nets,CSC408,4,"E dey reply emails sharp sharp, and E dey respect time die, no African time, but E dey tear lecture wella, everything dey crystal clear",positive,"[[""Availability"", ""positive""], [""Lecturer Punctuality"", ""positive""], [""Teaching Clarity"", ""positive""]]",nigerian_slang
slang-117,Dr. (Mrs) Adeleke,Operating Systems Principles,CSC304,3,"E dey entertain questions sometimes, but You fit reach am during consultation hours",neutral,"[[""Student Interaction"", ""neutral""], [""Availability"", ""neutral""]]",nigerian_slang
slang-118,Prof. Okonkwo,Data Structures and Algorithms,CSC201,3,Standard university communication channels,neutral,"[[""Communication"", ""neutral""]]",nigerian_slang
slang-119,Dr. (Mrs) Adeleke,Data Structures and Algorithms,CSC201,2,"This guy dey act like say e no know syllabus, and This man dey fail to respond, e dey dull, but This man dey mark like wicked person",negative,"[[""Course Organisation"", ""negative""], [""Communication"", ""negative""], [""Assessment and Grading"", ""negative""]]",nigerian_slang
slang-120,Dr. Faith,Machine Learning & Neural Nets,CSC408,1,"This man dey use old slides, e dey dull, and This guy na clown, e dey make person laugh instead of learn, but This man no dey reply, e dey form busy",negative,"[[""Use of Teaching Materials"", ""negative""], [""Teaching Clarity"", ""negative""], [""Communication"", ""negative""]]",nigerian_slang
slang-121,Dr. Faith,Database Design & Management,CSC302,2,"This guy dey come late like agbero, no respect, however, This lecturer na mumu, e dey confuse person",negative,"[[""Lecturer Punctuality"", ""negative""], [""Teaching Clarity"", ""negative""]]",nigerian_slang
slang-122,Prof. Martins,Database Design & Management,CSC302,2,"This lecturer na olodo, e no dey available. Also, This lecturer na olodo, e no dey interact",negative,"[[""Availability"", ""negative""], [""Student Interaction"", ""negative""]]",nigerian_slang
slang-123,Dr. Nwosu,Data Science & Big Data,CSC412,1,"This man dey keep info to himself, selfish",negative,"[[""Communication"", ""negative""]]",nigerian_slang
slang-124,Prof. Martins,Special Computing,CSC410,5,"E dey follow the syllabus like serious person, and Very good with emails, e dey reply sharp",positive,"[[""Course Organisation"", ""positive""], [""Communication"", ""positive""]]",nigerian_slang
slang-125,Prof. Okonkwo,Software Engineering,CSC301,1,"E dey teach like say e dey speak in tongues, who understand?, and Unreliable information, confusing announcements, but Hostile environment, students dey fear to talk",negative,"[[""Teaching Clarity"", ""negative""], [""Communication"", ""negative""], [""Student Interaction"", ""negative""]]",nigerian_slang
slang-126,Dr. Okafor,Special Computing,CSC410,1,"This man dey disrespect students well well, and This man dey ignore us like say we be ghost, but This guy dey talk nonsense for class",negative,"[[""Student Interaction"", ""negative""], [""Communication"", ""negative""], [""Teaching Clarity"", ""negative""]]",nigerian_slang
slang-127,Prof. Okonkwo,Database Design & Management,CSC302,5,"Always updated us on everything, e dey carry us along. Also, E dey start class sharp sharp, no wasting time",positive,"[[""Communication"", ""positive""], [""Lecturer Punctuality"", ""positive""]]",nigerian_slang
slang-128,Prof. Okonkwo,Software Engineering,CSC301,2,"E dey resume when e feel like, no respect for time",negative,"[[""Lecturer Punctuality"", ""negative""]]",nigerian_slang
slang-129,Dr. Chukwu,Introduction to Computer Science,CSC101,2,"The course dey confused, topics dey jump up and down. Also, Person write well still fail, who understand this man?",negative,"[[""Course Organisation"", ""negative""], [""Assessment and Grading"", ""negative""]]",nigerian_slang
slang-130,Dr. Nwosu,Cloud Computing Architectures,CSC406,2,This guy dey organize course like mumu,negative,"[[""Course Organisation"", ""negative""]]",nigerian_slang
slang-131,Dr. Yusuf,Data Science & Big Data,CSC412,2,"This man dey talk rubbish, nothing dey enter head, and This man dey run from students, e no dey help, but This guy dey treat students like slaves",negative,"[[""Teaching Clarity"", ""negative""], [""Availability"", ""negative""], [""Student Interaction"", ""negative""]]",nigerian_slang
slang-132,Dr. Nwosu,Database Design & Management,CSC302,1,"This guy na clown, e dey make person laugh instead of learn. Also, This guy dey act like say we dey do am favor",negative,"[[""Teaching Clarity"", ""negative""], [""Assessment and Grading"", ""negative""]]",nigerian_slang
slang-133,Dr. Ibrahim,Computer Networks,CSC303,1,"No proper outline, e dey just dey waka anyhow",negative,"[[""Course Organisation"", ""negative""]]",nigerian_slang
slang-134,Dr. Adeyemi,Database Design & Management,CSC302,1,"This guy dey behave like say we be enemies, but This man na waste, materials dey zero",negative,"[[""Student Interaction"", ""negative""], [""Use of Teaching Materials"", ""negative""]]",nigerian_slang
slang-135,Prof. Martins,Special Computing,CSC410,1,"Poor communication, students dey in the dark, and The way e dey explain dey make person vex, nothing clear at all, but The course dey confused, topics dey jump up and down",negative,"[[""Communication"", ""negative""], [""Teaching Clarity"", ""negative""], [""Course Organisation"", ""negative""]]",nigerian_slang
slang-136,Dr. Yusuf,Cloud Computing Architectures,CSC406,2,Love the surprise cancelled classes we find out about 5 minutes before,negative,"[[""Lecturer Punctuality"", ""negative""]]",nigerian_slang
slang-137,Prof. Balogun,Data Structures and Algorithms,CSC201,4,"No rush at all, e dey take time cover everything, but Every lecture dey clear, no wahala at all",positive,"[[""Course Organisation"", ""positive""], [""Teaching Clarity"", ""positive""]]",nigerian_slang
slang-138,Dr. Pomele,Data Science & Big Data,CSC412,2,"No interaction at all, just one way traffic, but E dey fail people unnecessarily, heartless marking",negative,"[[""Student Interaction"", ""negative""], [""Assessment and Grading"", ""negative""]]",nigerian_slang
slang-139,Dr. Adeyemi,Operating Systems Principles,CSC304,1,"E dey shun students when we ask for help, but E dey just dey read slides like primary school teacher",negative,"[[""Availability"", ""negative""], [""Teaching Clarity"", ""negative""]]",nigerian_slang
slang-140,Dr. Pomele,Introduction to Computer Science,CSC101,2,"This man dey run from students, e no dey help, but This guy dey fail people intentionally, e dey wicked",negative,"[[""Availability"", ""negative""], [""Assessment and Grading"", ""negative""]]",nigerian_slang
slang-141,Prof. Martins,Operating Systems Principles,CSC304,2,"Announcements dey last minute, confusing",negative,"[[""Communication"", ""negative""]]",nigerian_slang
slang-142,Dr. Chukwu,Special Computing,CSC410,3,"Nothing special, just normal class interaction, and Standard availability like other lecturers, but E dey come roughly on time most times",neutral,"[[""Student Interaction"", ""neutral""], [""Availability"", ""neutral""], [""Lecturer Punctuality"", ""neutral""]]",nigerian_slang
slang-143,Dr. Okafor,Operating Systems Principles,CSC304,1,"This man dey refuse to share notes, wicked",negative,"[[""Use of Teaching Materials"", ""negative""]]",nigerian_slang
slang-144,Dr. Adeyemi,Operating Systems Principles,CSC304,2,"E dey ridicule students wey ask questions, however, Slides dey blurry, you no fit read",negative,"[[""Student Interaction"", ""negative""], [""Use of Teaching Materials"", ""negative""]]",nigerian_slang
slang-145,Dr. Adeyemi,Cloud Computing Architectures,CSC406,2,"Love the surprise cancelled classes we find out about 5 minutes before, however, Love how he turns legitimate questions into insults",negative,"[[""Lecturer Punctuality"", ""negative""], [""Student Interaction"", ""negative""]]",nigerian_slang
slang-146,Prof. Martins,Data Science & Big Data,CSC412,4,"No rush at all, e dey take time cover everything",positive,"[[""Course Organisation"", ""positive""]]",nigerian_slang
slang-147,Dr. (Mrs) Adeleke,Data Structures and Algorithms,CSC201,1,"This man na waste, materials dey zero. Also, This man na waste, communication dey zero",negative,"[[""Use of Teaching Materials"", ""negative""], [""Communication"", ""negative""]]",nigerian_slang
slang-148,Dr. (Mrs) Adeleke,Cloud Computing Architectures,CSC406,2,"This man dey impossible to reach outside class, but Slides dey blurry, you no fit read",negative,"[[""Availability"", ""negative""], [""Use of Teaching Materials"", ""negative""]]",nigerian_slang
slang-149,Dr. (Mrs) Adeleke,Data Structures and Algorithms,CSC201,1,"E dey teach like say e no get plan, just dey do anyhow",negative,"[[""Course Organisation"", ""negative""]]",nigerian_slang
slang-150,Dr. Chukwu,Software Engineering,CSC301,1,"The way e dey explain dey make person vex, nothing clear at all. Also, Always late, time no dey important to am",negative,"[[""Teaching Clarity"", ""negative""], [""Lecturer Punctuality"", ""negative""]]",nigerian_slang
slang-151,Dr. Ibrahim,Data Structures and Algorithms,CSC201,4,Announcements dey clear and timely,positive,"[[""Communication"", ""positive""]]",nigerian_slang
slang-152,Dr. Okafor,Cloud Computing Architectures,CSC406,2,"Person write well still fail, who understand this man?, and No handouts, no nothing, just talk",negative,"[[""Assessment and Grading"", ""negative""], [""Use of Teaching Materials"", ""negative""]]",nigerian_slang
slang-153,Dr. Nwosu,Database Design & Management,CSC302,2,Appreciate how the course outline was clearly written in invisible ink,negative,"[[""Course Organisation"", ""negative""]]",nigerian_slang
slang-154,Dr. Pomele,Machine Learning & Neural Nets,CSC408,1,"This guy dey fail people intentionally, e dey wicked, however, This man na waste, materials dey zero",negative,"[[""Assessment and Grading"", ""negative""], [""Use of Teaching Materials"", ""negative""]]",nigerian_slang
slang-155,Dr. Nwosu,Machine Learning & Neural Nets,CSC408,2,Great planning - rushing everything in the last two weeks was genius,negative,"[[""Course Organisation"", ""negative""]]",nigerian_slang
slang-156,Prof. Martins,Database Design & Management,CSC302,1,"Love how he turns legitimate questions into insults. Also, Thanks for never replying to emails, really shows dedication",negative,"[[""Student Interaction"", ""negative""], [""Availability"", ""negative""]]",nigerian_slang
slang-157,Dr. Faith,Cloud Computing Architectures,CSC406,1,Test questions dey different from wetin e teach for class,negative,"[[""Assessment and Grading"", ""negative""]]",nigerian_slang
slang-158,Dr. Adeyemi,Machine Learning & Neural Nets,CSC408,2,"Great feedback - 'needs improvement' really tells me everything, however, Thanks for never replying to emails, really shows dedication",negative,"[[""Assessment and Grading"", ""negative""], [""Availability"", ""negative""]]",nigerian_slang
slang-159,Prof. Martins,Computer Networks,CSC303,2,"This man dey keep info to himself, selfish",negative,"[[""Communication"", ""negative""]]",nigerian_slang
slang-160,Dr. Pomele,Computer Networks,CSC303,2,"This man dey come class late everyday, mumu behavior, and This guy dey act like say we dey disturb am",negative,"[[""Lecturer Punctuality"", ""negative""], [""Availability"", ""negative""]]",nigerian_slang
slang-161,Dr. Nwosu,Database Design & Management,CSC302,2,"This lecturer na mumu, e no dey give anything, and This guy dey behave like say we be enemies, but This guy dey give random marks, e no sabi wetin e dey do",negative,"[[""Use of Teaching Materials"", ""negative""], [""Student Interaction"", ""negative""], [""Assessment and Grading"", ""negative""]]",nigerian_slang
slang-162,Dr. Faith,Cloud Computing Architectures,CSC406,2,This man dey hide from students like rat,negative,"[[""Availability"", ""negative""]]",nigerian_slang
slang-163,Dr. Ibrahim,Database Design & Management,CSC302,2,"This guy dey organize course like mumu. Also, This lecturer na olodo with marking, e no sabi mark",negative,"[[""Course Organisation"", ""negative""], [""Assessment and Grading"", ""negative""]]",nigerian_slang
slang-164,Prof. Martins,Software Engineering,CSC301,1,This man dey disrespect us with lateness,negative,"[[""Lecturer Punctuality"", ""negative""]]",nigerian_slang
slang-165,Dr. Chukwu,Special Computing,CSC410,1,"No proper outline, e dey just dey waka anyhow",negative,"[[""Course Organisation"", ""negative""]]",nigerian_slang
slang-166,Prof. Balogun,Special Computing,CSC410,2,"This lecturer na olodo, e no sabi communicate, and This man dey intimidate students like bully, but This guy dey run course like agbero",negative,"[[""Communication"", ""negative""], [""Student Interaction"", ""negative""], [""Course Organisation"", ""negative""]]",nigerian_slang
slang-167,Dr. Yusuf,Cloud Computing Architectures,CSC406,1,"E dey confuse person well well, explanations no get head, and E dey fail people unnecessarily, heartless marking, but E dey teach like say e no get plan, just dey do anyhow",negative,"[[""Teaching Clarity"", ""negative""], [""Assessment and Grading"", ""negative""], [""Course Organisation"", ""negative""]]",nigerian_slang
slang-168,Dr. Adeyemi,Operating Systems Principles,CSC304,2,"This man dey scatter everything, no sense at all",negative,"[[""Course Organisation"", ""negative""]]",nigerian_slang
slang-169,Dr. Nwosu,Operating Systems Principles,CSC304,2,"This man dey mess up course structure completely, but This man na waste, e no dey interact at all",negative,"[[""Course Organisation"", ""negative""], [""Student Interaction"", ""negative""]]",nigerian_slang
slang-170,Dr. Pomele,Cloud Computing Architectures,CSC406,1,"E dey discourage questions, e dey vex when we ask",negative,"[[""Student Interaction"", ""negative""]]",nigerian_slang
slang-171,Dr. Ibrahim,Data Science & Big Data,CSC412,2,"This man dey dull, e no sabi explain anything",negative,"[[""Teaching Clarity"", ""negative""]]",nigerian_slang
slang-172,Dr. Nwosu,Special Computing,CSC410,1,"Announcements dey last minute, confusing, however, Class dey dull like graveyard, e no dey interact",negative,"[[""Communication"", ""negative""], [""Student Interaction"", ""negative""]]",nigerian_slang
slang-173,Prof. Okonkwo,Data Science & Big Data,CSC412,2,"This man dey talk rubbish, nothing dey enter head, however, This man dey mark person wickedly, heartless",negative,"[[""Teaching Clarity"", ""negative""], [""Assessment and Grading"", ""negative""]]",nigerian_slang
slang-174,Dr. Nwosu,Data Structures and Algorithms,CSC201,4,"E dey use projector well, no wahala, but Man sabi explain tire, even dullard go understand",positive,"[[""Use of Teaching Materials"", ""positive""], [""Teaching Clarity"", ""positive""]]",nigerian_slang
slang-175,Prof. Balogun,Special Computing,CSC410,1,"This man no dey give materials, e dey stingy. Also, This man dey mark anyhow, e dey fail people for nothing",negative,"[[""Use of Teaching Materials"", ""negative""], [""Assessment and Grading"", ""negative""]]",nigerian_slang
slang-176,Dr. Nwosu,Special Computing,CSC410,4,"Classroom interaction dey top level. Also, E dey use group chat well to pass info",positive,"[[""Student Interaction"", ""positive""], [""Communication"", ""positive""]]",nigerian_slang
slang-177,Dr. Yusuf,Data Structures and Algorithms,CSC201,3,"Nothing special, just normal course arrangement, and E dey communicate through class rep",neutral,"[[""Course Organisation"", ""neutral""], [""Communication"", ""neutral""]]",nigerian_slang
slang-178,Prof. Martins,Computer Networks,CSC303,1,Appreciate the complete radio silence on important matters,negative,"[[""Communication"", ""negative""]]",nigerian_slang
slang-179,Dr. (Mrs) Adeleke,Machine Learning & Neural Nets,CSC408,2,Love the slides with more typos than actual content,negative,"[[""Use of Teaching Materials"", ""negative""]]",nigerian_slang
slang-180,Dr. Yusuf,Special Computing,CSC410,1,"This man dey intimidate students like bully, and This guy dey fail people intentionally, e dey wicked",negative,"[[""Student Interaction"", ""negative""], [""Assessment and Grading"", ""negative""]]",nigerian_slang
slang-181,Dr. Yusuf,Software Engineering,CSC301,2,Thanks for making us buy textbooks you never reference,negative,"[[""Use of Teaching Materials"", ""negative""]]",nigerian_slang
slang-182,Dr. Faith,Data Science & Big Data,CSC412,2,"This man dey intimidate students like bully, however, This man na waste, e no dey help at all",negative,"[[""Student Interaction"", ""negative""], [""Availability"", ""negative""]]",nigerian_slang
slang-183,Prof. Balogun,Database Design & Management,CSC302,5,E dey use group chat well to pass info,positive,"[[""Communication"", ""positive""]]",nigerian_slang
slang-184,Dr. Faith,Machine Learning & Neural Nets,CSC408,2,"This man dey mark like enemy, e dey fail us",negative,"[[""Assessment and Grading"", ""negative""]]",nigerian_slang
slang-185,Dr. Adeyemi,Software Engineering,CSC301,4,"Very accessible lecturer, no wahala, but Very responsive to student inquiries",positive,"[[""Availability"", ""positive""], [""Communication"", ""positive""]]",nigerian_slang
slang-186,Dr. (Mrs) Adeleke,Data Science & Big Data,CSC412,2,"Announcements dey last minute, confusing, and If you no buy handout, you no go get anything, but E dey fail people unnecessarily, heartless marking",negative,"[[""Communication"", ""negative""], [""Use of Teaching Materials"", ""negative""], [""Assessment and Grading"", ""negative""]]",nigerian_slang
slang-187,Prof. Martins,Machine Learning & Neural Nets,CSC408,2,"This guy dey give random marks, e no sabi wetin e dey do, and This man dey insult students for class, but This guy dey force us buy textbook, e dey greedy",negative,"[[""Assessment and Grading"", ""negative""], [""Student Interaction"", ""negative""], [""Use of Teaching Materials"", ""negative""]]",nigerian_slang
slang-188,Dr. Faith,Cloud Computing Architectures,CSC406,2,This man dey ignore us like say we be ghost,negative,"[[""Communication"", ""negative""]]",nigerian_slang
slang-189,Dr. Adeyemi,Computer Networks,CSC303,1,"E dey force us to buy textbook, but When you need am, e no dey available",negative,"[[""Use of Teaching Materials"", ""negative""], [""Availability"", ""negative""]]",nigerian_slang
slang-190,Dr. Nwosu,Database Design & Management,CSC302,1,"E dey fail people unnecessarily, heartless marking, however, Student interaction dey zero, e no dey carry us along",negative,"[[""Assessment and Grading"", ""negative""], [""Student Interaction"", ""negative""]]",nigerian_slang
slang-191,Dr. Ibrahim,Operating Systems Principles,CSC304,2,This guy dey act like say e no know syllabus,negative,"[[""Course Organisation"", ""negative""]]",nigerian_slang
slang-192,Prof. Martins,Machine Learning & Neural Nets,CSC408,3,Available during normal office hours,neutral,"[[""Availability"", ""neutral""]]",nigerian_slang
slang-193,Dr. Faith,Machine Learning & Neural Nets,CSC408,1,Appreciate the help - or lack thereof - when we actually need it,negative,"[[""Availability"", ""negative""]]",nigerian_slang
slang-194,Dr. Nwosu,Software Engineering,CSC301,3,E dey send emails sometimes,neutral,"[[""Communication"", ""neutral""]]",nigerian_slang
slang-195,Dr. Okafor,Special Computing,CSC410,3,"E dey see students if you book appointment, and E dey send emails sometimes",neutral,"[[""Availability"", ""neutral""], [""Communication"", ""neutral""]]",nigerian_slang
slang-196,Dr. Nwosu,Computer Networks,CSC303,3,"E dey see students if you book appointment. Also, Deports within reasonable time limits",neutral,"[[""Availability"", ""neutral""], [""Lecturer Punctuality"", ""neutral""]]",nigerian_slang
slang-197,Dr. Adeyemi,Data Structures and Algorithms,CSC201,1,"Thanks for making us buy textbooks you never reference, however, Love the surprise cancelled classes we find out about 5 minutes before",negative,"[[""Use of Teaching Materials"", ""negative""], [""Lecturer Punctuality"", ""negative""]]",nigerian_slang
slang-198,Dr. Yusuf,Database Design & Management,CSC302,1,"This man dey make class hostile, e dey fight, but This guy dey act like say e no know syllabus",negative,"[[""Student Interaction"", ""negative""], [""Course Organisation"", ""negative""]]",nigerian_slang
slang-199,Dr. (Mrs) Adeleke,Introduction to Computer Science,CSC101,2,E dey use big big grammar wey even dictionary no get,negative,"[[""Teaching Clarity"", ""negative""]]",nigerian_slang
slang-200,Dr. Chukwu,Computer Networks,CSC303,3,E dey send emails sometimes,neutral,"[[""Communication"", ""neutral""]]",nigerian_slang
slang-201,Dr. Faith,Database Design & Management,CSC302,1,"This guy dey act like say materials na gold, but This man dey disrespect us with lateness",negative,"[[""Use of Teaching Materials"", ""negative""], [""Lecturer Punctuality"", ""negative""]]",nigerian_slang
slang-202,Dr. Ibrahim,Operating Systems Principles,CSC304,5,"E dey use better examples wey dey relate to our everyday life, and Teaching materials dey top notch",positive,"[[""Teaching Clarity"", ""positive""], [""Use of Teaching Materials"", ""positive""]]",nigerian_slang
slang-203,Dr. Okafor,Software Engineering,CSC301,1,"This man dey run from students, e no dey help. Also, This lecturer na mumu, e no dey inform us",negative,"[[""Availability"", ""negative""], [""Communication"", ""negative""]]",nigerian_slang
slang-204,Dr. Okafor,Operating Systems Principles,CSC304,1,"Love how office hours are just theoretical concepts. Also, Wonderful how he manages to never actually explain anything",negative,"[[""Availability"", ""negative""], [""Teaching Clarity"", ""negative""]]",nigerian_slang
slang-205,Dr. Adeyemi,Cloud Computing Architectures,CSC406,1,"Poor communication, students dey in the dark, and No interaction at all, just one way traffic",negative,"[[""Communication"", ""negative""], [""Student Interaction"", ""negative""]]",nigerian_slang
slang-206,Dr. Okafor,Special Computing,CSC410,1,"If you no buy handout, you no go get anything, and No proper syllabus, e dey just dey teach wetin e like, but E dey cancel office hours without telling us",negative,"[[""Use of Teaching Materials"", ""negative""], [""Course Organisation"", ""negative""], [""Availability"", ""negative""]]",nigerian_slang
slang-207,Prof. Martins,Database Design & Management,CSC302,2,"E dey keep us in the dark about everything, and Very unapproachable, e dey look students like trouble, but Student interaction dey zero, e no dey carry us along",negative,"[[""Communication"", ""negative""], [""Availability"", ""negative""], [""Student Interaction"", ""negative""]]",nigerian_slang
slang-208,Dr. Okafor,Data Structures and Algorithms,CSC201,2,"This man dey impossible to reach outside class, and Student interaction dey zero, e no dey carry us along, but E dey ignore class rep messages",negative,"[[""Availability"", ""negative""], [""Student Interaction"", ""negative""], [""Communication"", ""negative""]]",nigerian_slang
slang-209,Prof. Okonkwo,Computer Networks,CSC303,4,"Class dey engaging, no dull moment, but Course dey well arranged, e no dey scatter at all",positive,"[[""Student Interaction"", ""positive""], [""Course Organisation"", ""positive""]]",nigerian_slang
slang-210,Dr. (Mrs) Adeleke,Special Computing,CSC410,4,"Student interaction dey excellent, e dey relate well, but Very accessible lecturer, no wahala",positive,"[[""Student Interaction"", ""positive""], [""Availability"", ""positive""]]",nigerian_slang
slang-211,Dr. Ibrahim,Cloud Computing Architectures,CSC406,4,"E dey respect students well well. Also, E dey give proper rubrics before assignment",positive,"[[""Student Interaction"", ""positive""], [""Assessment and Grading"", ""positive""]]",nigerian_slang
slang-212,Dr. Nwosu,Database Design & Management,CSC302,1,"This man dey make himself unavailable, wicked, however, This man dey use old slides, e dey dull",negative,"[[""Availability"", ""negative""], [""Use of Teaching Materials"", ""negative""]]",nigerian_slang
slang-213,Dr. Pomele,Software Engineering,CSC301,3,E dey see students if you book appointment,neutral,"[[""Availability"", ""neutral""]]",nigerian_slang
slang-214,Prof. Balogun,Data Structures and Algorithms,CSC201,2,"Availability dey zero, e dey run from students, and E dey fail people unnecessarily, heartless marking, but E dey just dey read slides like primary school teacher",negative,"[[""Availability"", ""negative""], [""Assessment and Grading"", ""negative""], [""Teaching Clarity"", ""negative""]]",nigerian_slang
slang-215,Prof. Martins,Database Design & Management,CSC302,4,"Updates dey reach us on time, however, Very reliable with time, always available",positive,"[[""Communication"", ""positive""], [""Lecturer Punctuality"", ""positive""]]",nigerian_slang
slang-216,Dr. Pomele,Software Engineering,CSC301,2,"This man na evil with marking, e dey fail people, however, This guy na clown, e dey make person laugh instead of learn",negative,"[[""Assessment and Grading"", ""negative""], [""Teaching Clarity"", ""negative""]]",nigerian_slang
slang-217,Dr. Nwosu,Special Computing,CSC410,1,This man dey come late like say na am own time,negative,"[[""Lecturer Punctuality"", ""negative""]]",nigerian_slang
slang-218,Prof. Balogun,Operating Systems Principles,CSC304,2,This man dey mark like wicked person,negative,"[[""Assessment and Grading"", ""negative""]]",nigerian_slang
slang-219,Dr. Nwosu,Operating Systems Principles,CSC304,1,"This guy dey act like say materials na gold, and This man dey fail to respond, e dey dull, but This guy dey run course like agbero",negative,"[[""Use of Teaching Materials"", ""negative""], [""Communication"", ""negative""], [""Course Organisation"", ""negative""]]",nigerian_slang
slang-220,Dr. Nwosu,Data Science & Big Data,CSC412,2,"Wonderful how the guy who wrote the best essay still failed, and Love the surprise cancelled classes we find out about 5 minutes before, but Great planning - rushing everything in the last two weeks was genius",negative,"[[""Assessment and Grading"", ""negative""], [""Lecturer Punctuality"", ""negative""], [""Course Organisation"", ""negative""]]",nigerian_slang
slang-221,Dr. Okafor,Machine Learning & Neural Nets,CSC408,2,"Unreliable information, confusing announcements",negative,"[[""Communication"", ""negative""]]",nigerian_slang
slang-222,Dr. Ibrahim,Software Engineering,CSC301,3,"Standard slides like other courses, and Marking dey okay, nothing special, but Course dey go according to standard university format",neutral,"[[""Use of Teaching Materials"", ""neutral""], [""Assessment and Grading"", ""neutral""], [""Course Organisation"", ""neutral""]]",nigerian_slang
slang-223,Dr. Nwosu,Data Structures and Algorithms,CSC201,5,"Very approachable, e dey welcome questions, and E dey share notes early, no last minute rush",positive,"[[""Availability"", ""positive""], [""Use of Teaching Materials"", ""positive""]]",nigerian_slang
slang-224,Prof. Balogun,Software Engineering,CSC301,2,"No rubric, e dey just dey mark as e like",negative,"[[""Assessment and Grading"", ""negative""]]",nigerian_slang
slang-225,Dr. Okafor,Introduction to Computer Science,CSC101,5,"E dey pass information properly, no confusion, but Results dey come out quick, no long story",positive,"[[""Communication"", ""positive""], [""Assessment and Grading"", ""positive""]]",nigerian_slang
slang-226,Dr. Yusuf,Database Design & Management,CSC302,1,"E dey fail people unnecessarily, heartless marking, but E dey waste our time with lateness",negative,"[[""Assessment and Grading"", ""negative""], [""Lecturer Punctuality"", ""negative""]]",nigerian_slang
slang-227,Prof. Balogun,Machine Learning & Neural Nets,CSC408,2,"Appreciate the complete lack of any useful study materials, and Appreciate how the course outline was clearly written in invisible ink, but Love the surprise cancelled classes we find out about 5 minutes before",negative,"[[""Use of Teaching Materials"", ""negative""], [""Course Organisation"", ""negative""], [""Lecturer Punctuality"", ""negative""]]",nigerian_slang
slang-228,Dr. (Mrs) Adeleke,Software Engineering,CSC301,2,"This man na waste, e dey always late, and This guy dey treat students like slaves, but This guy dey act like say e no know syllabus",negative,"[[""Lecturer Punctuality"", ""negative""], [""Student Interaction"", ""negative""], [""Course Organisation"", ""negative""]]",nigerian_slang
slang-229,Dr. Yusuf,Software Engineering,CSC301,3,Occasional lateness but not too bad,neutral,"[[""Lecturer Punctuality"", ""neutral""]]",nigerian_slang
slang-230,Prof. Balogun,Cloud Computing Architectures,CSC406,2,"This man na waste, e dey always late, but This man dey ignore us like say we be ghost",negative,"[[""Lecturer Punctuality"", ""negative""], [""Communication"", ""negative""]]",nigerian_slang
slang-231,Dr. (Mrs) Adeleke,Special Computing,CSC410,2,"No handouts, no nothing, just talk, and This man no dey reply emails at all",negative,"[[""Use of Teaching Materials"", ""negative""], [""Communication"", ""negative""]]",nigerian_slang
slang-232,Dr. Yusuf,Special Computing,CSC410,4,"Course dey well arranged, e no dey scatter at all, and E dey reply emails sharp sharp",positive,"[[""Course Organisation"", ""positive""], [""Availability"", ""positive""]]",nigerian_slang
slang-233,Dr. Chukwu,Machine Learning & Neural Nets,CSC408,5,"E dey listen to student contributions, and E dey give proper rubrics before assignment",positive,"[[""Student Interaction"", ""positive""], [""Assessment and Grading"", ""positive""]]",nigerian_slang
slang-234,Dr. Nwosu,Data Science & Big Data,CSC412,2,"This guy dey fail people intentionally, e dey wicked, and This lecturer na olodo, e no sabi communicate, but This guy dey behave like say materials na luxury",negative,"[[""Assessment and Grading"", ""negative""], [""Communication"", ""negative""], [""Use of Teaching Materials"", ""negative""]]",nigerian_slang
slang-235,Prof. Martins,Software Engineering,CSC301,1,This mumu man no sabi teach at all,negative,"[[""Teaching Clarity"", ""negative""]]",nigerian_slang
slang-236,Dr. Nwosu,Data Structures and Algorithms,CSC201,1,"This man dey insult students for class, and This man dey use old slides, e dey dull",negative,"[[""Student Interaction"", ""negative""], [""Use of Teaching Materials"", ""negative""]]",nigerian_slang
slang-237,Dr. Pomele,Cloud Computing Architectures,CSC406,3,"E dey try sha, but sometimes e dey slow, however, Interaction dey normal like other lecturers",neutral,"[[""Teaching Clarity"", ""neutral""], [""Student Interaction"", ""neutral""]]",nigerian_slang
slang-238,Dr. Adeyemi,Introduction to Computer Science,CSC101,4,"This guy sabi book die, explanations dey enter head well well, and Everything dey planned well, no disorganization",positive,"[[""Teaching Clarity"", ""positive""], [""Course Organisation"", ""positive""]]",nigerian_slang
slang-239,Dr. Faith,Software Engineering,CSC301,1,"This guy dey act like say we dey do am favor. Also, This man dey lock office door like say thief dey pursue am",negative,"[[""Assessment and Grading"", ""negative""], [""Availability"", ""negative""]]",nigerian_slang
slang-240,Dr. Pomele,Introduction to Computer Science,CSC101,2,"This guy dey act like time no dey important, and This man no dey give materials, e dey stingy, but This guy dey give random marks, e no sabi wetin e dey do",negative,"[[""Lecturer Punctuality"", ""negative""], [""Use of Teaching Materials"", ""negative""], [""Assessment and Grading"", ""negative""]]",nigerian_slang
slang-241,Dr. Ibrahim,Operating Systems Principles,CSC304,3,"Standard lecture format with some interaction, and Normal university materials, but You fit reach am during consultation hours",neutral,"[[""Student Interaction"", ""neutral""], [""Use of Teaching Materials"", ""neutral""], [""Availability"", ""neutral""]]",nigerian_slang
slang-242,Dr. Pomele,Cloud Computing Architectures,CSC406,1,"E dey cancel class like say e dey pure water, but No rubric, e dey just dey mark as e like",negative,"[[""Lecturer Punctuality"", ""negative""], [""Assessment and Grading"", ""negative""]]",nigerian_slang
slang-243,Dr. Chukwu,Operating Systems Principles,CSC304,2,"Love how office hours are just theoretical concepts, but Appreciate how the course outline was clearly written in invisible ink",negative,"[[""Availability"", ""negative""], [""Course Organisation"", ""negative""]]",nigerian_slang
slang-244,Dr. Adeyemi,Database Design & Management,CSC302,1,Appreciate the hostile atmosphere that discourages participation,negative,"[[""Student Interaction"", ""negative""]]",nigerian_slang
slang-245,Dr. Faith,Data Science & Big Data,CSC412,1,"This man dey come class late everyday, mumu behavior. Also, This man dey refuse to share notes, wicked",negative,"[[""Lecturer Punctuality"", ""negative""], [""Use of Teaching Materials"", ""negative""]]",nigerian_slang
slang-246,Dr. Faith,Introduction to Computer Science,CSC101,2,"This man dey use old slides, e dey dull",negative,"[[""Use of Teaching Materials"", ""negative""]]",nigerian_slang
slang-247,Dr. Faith,Operating Systems Principles,CSC304,2,"Love finding out about venue changes 10 minutes before class, and Great feedback - 'needs improvement' really tells me everything",negative,"[[""Communication"", ""negative""], [""Assessment and Grading"", ""negative""]]",nigerian_slang
slang-248,Dr. Yusuf,Data Science & Big Data,CSC412,3,"E dey communicate through class rep, and Two tests and one exam like every other course, but Occasional lateness but not too bad",neutral,"[[""Communication"", ""neutral""], [""Assessment and Grading"", ""neutral""], [""Lecturer Punctuality"", ""neutral""]]",nigerian_slang
slang-249,Dr. Pomele,Special Computing,CSC410,2,Love the surprise cancelled classes we find out about 5 minutes before,negative,"[[""Lecturer Punctuality"", ""negative""]]",nigerian_slang
slang-250,Prof. Okonkwo,Operating Systems Principles,CSC304,2,"This man dey ignore us like say we be ghost, and This man dey mark like enemy, e dey fail us",negative,"[[""Communication"", ""negative""], [""Assessment and Grading"", ""negative""]]",nigerian_slang
slang-251,Prof. Martins,Database Design & Management,CSC302,1,"E dey teach like say e dey speak in tongues, who understand?",negative,"[[""Teaching Clarity"", ""negative""]]",nigerian_slang
slang-252,Dr. Nwosu,Data Science & Big Data,CSC412,4,"E dey start class exactly on time, no delay",positive,"[[""Lecturer Punctuality"", ""positive""]]",nigerian_slang
slang-253,Dr. Okafor,Cloud Computing Architectures,CSC406,1,"Teaching materials dey zero, e no dey provide anything",negative,"[[""Use of Teaching Materials"", ""negative""]]",nigerian_slang
slang-254,Dr. Ibrahim,Special Computing,CSC410,1,Appreciate the help - or lack thereof - when we actually need it,negative,"[[""Availability"", ""negative""]]",nigerian_slang
slang-255,Dr. Ibrahim,Special Computing,CSC410,2,"This guy dey fail people intentionally, e dey wicked, however, This man dey talk rubbish, nothing dey enter head",negative,"[[""Assessment and Grading"", ""negative""], [""Teaching Clarity"", ""negative""]]",nigerian_slang
slang-256,Prof. Okonkwo,Introduction to Computer Science,CSC101,1,Thanks for making students feel stupid for asking questions,negative,"[[""Student Interaction"", ""negative""]]",nigerian_slang
slang-257,Dr. (Mrs) Adeleke,Operating Systems Principles,CSC304,1,Appreciate how the course outline was clearly written in invisible ink,negative,"[[""Course Organisation"", ""negative""]]",nigerian_slang
slang-258,Dr. Chukwu,Data Science & Big Data,CSC412,1,"E dey confuse person well well, explanations no get head",negative,"[[""Teaching Clarity"", ""negative""]]",nigerian_slang
slang-259,Dr. Chukwu,Data Structures and Algorithms,CSC201,2,"Thanks for the surprise exam topics we never covered, really thoughtful, however, Thanks for never replying to emails, really shows dedication",negative,"[[""Course Organisation"", ""negative""], [""Availability"", ""negative""]]",nigerian_slang
slang-260,Dr. Okafor,Machine Learning & Neural Nets,CSC408,1,"This man na waste, e no dey help at all, however, This man no dey give materials, e dey stingy",negative,"[[""Availability"", ""negative""], [""Use of Teaching Materials"", ""negative""]]",nigerian_slang
slang-261,Dr. Faith,Special Computing,CSC410,1,"Thanks for never replying to emails, really shows dedication, and Appreciate how the course outline was clearly written in invisible ink, but Love the slides with more typos than actual content",negative,"[[""Availability"", ""negative""], [""Course Organisation"", ""negative""], [""Use of Teaching Materials"", ""negative""]]",nigerian_slang
slang-262,Dr. Yusuf,Operating Systems Principles,CSC304,3,"E dey communicate through class rep, however, E dey try sha, but sometimes e dey slow",neutral,"[[""Communication"", ""neutral""], [""Teaching Clarity"", ""neutral""]]",nigerian_slang
slang-263,Prof. Balogun,Data Science & Big Data,CSC412,2,"Love finding out about venue changes 10 minutes before class, and Wonderful how he manages to never actually explain anything, but Love the slides with more typos than actual content",negative,"[[""Communication"", ""negative""], [""Teaching Clarity"", ""negative""], [""Use of Teaching Materials"", ""negative""]]",nigerian_slang
slang-264,Dr. Ibrahim,Database Design & Management,CSC302,1,"This man na waste, e no dey interact at all, however, This man dey talk like say e no go school",negative,"[[""Student Interaction"", ""negative""], [""Teaching Clarity"", ""negative""]]",nigerian_slang
slang-265,Dr. Pomele,Data Science & Big Data,CSC412,1,"Class dey dull like graveyard, e no dey interact, but Grading dey unfair, e dey just dey anyhow",negative,"[[""Student Interaction"", ""negative""], [""Assessment and Grading"", ""negative""]]",nigerian_slang
slang-266,Dr. (Mrs) Adeleke,Machine Learning & Neural Nets,CSC408,5,"If you sabi the work, you go definitely pass",positive,"[[""Assessment and Grading"", ""positive""]]",nigerian_slang
slang-267,Dr. Ibrahim,Software Engineering,CSC301,1,Appreciate the complete radio silence on important matters,negative,"[[""Communication"", ""negative""]]",nigerian_slang
slang-268,Prof. Okonkwo,Computer Networks,CSC303,2,"This man dey dull, e no sabi explain anything, and This guy dey fail people intentionally, e dey wicked, but This guy dey come late like agbero, no respect",negative,"[[""Teaching Clarity"", ""negative""], [""Assessment and Grading"", ""negative""], [""Lecturer Punctuality"", ""negative""]]",nigerian_slang
slang-269,Dr. Ibrahim,Computer Networks,CSC303,2,Impossible to see for office hours,negative,"[[""Availability"", ""negative""]]",nigerian_slang
slang-270,Dr. Adeyemi,Cloud Computing Architectures,CSC406,5,"Course organization dey top notch, professional work",positive,"[[""Course Organisation"", ""positive""]]",nigerian_slang
slang-271,Dr. Yusuf,Introduction to Computer Science,CSC101,2,"Wonderful how the guy who wrote the best essay still failed. Also, Love the slides with more typos than actual content",negative,"[[""Assessment and Grading"", ""negative""], [""Use of Teaching Materials"", ""negative""]]",nigerian_slang
slang-272,Dr. (Mrs) Adeleke,Database Design & Management,CSC302,3,"Two tests and one exam like every other course, and Normal university materials, but Standard lecture format with some interaction",neutral,"[[""Assessment and Grading"", ""neutral""], [""Use of Teaching Materials"", ""neutral""], [""Student Interaction"", ""neutral""]]",nigerian_slang
slang-273,Dr. Chukwu,Cloud Computing Architectures,CSC406,2,"This man na waste, materials dey zero",negative,"[[""Use of Teaching Materials"", ""negative""]]",nigerian_slang
slang-274,Dr. Chukwu,Database Design & Management,CSC302,1,"E dey keep us waiting for nothing, but Office hours dey for form only, door dey locked",negative,"[[""Lecturer Punctuality"", ""negative""], [""Availability"", ""negative""]]",nigerian_slang
slang-275,Dr. Yusuf,Data Structures and Algorithms,CSC201,1,"E dey disorganize everything, no proper flow, and E dey discourage questions, e dey vex when we ask, but E dey waste our time with lateness",negative,"[[""Course Organisation"", ""negative""], [""Student Interaction"", ""negative""], [""Lecturer Punctuality"", ""negative""]]",nigerian_slang
slang-276,Dr. Nwosu,Machine Learning & Neural Nets,CSC408,1,"Teaching materials dey zero, e no dey provide anything, and Availability dey zero, e dey run from students",negative,"[[""Use of Teaching Materials"", ""negative""], [""Availability"", ""negative""]]",nigerian_slang
slang-277,Dr. Yusuf,Software Engineering,CSC301,4,"Course organization dey top notch, professional work, and Every lecture dey clear, no wahala at all, but Materials dey very useful for revision",positive,"[[""Course Organisation"", ""positive""], [""Teaching Clarity"", ""positive""], [""Use of Teaching Materials"", ""positive""]]",nigerian_slang
slang-278,Dr. Nwosu,Computer Networks,CSC303,1,"Thanks for the last-minute announcements, really helpful, and Thanks for making students feel stupid for asking questions, but Thanks for wasting 30 minutes of every class being late",negative,"[[""Communication"", ""negative""], [""Student Interaction"", ""negative""], [""Lecturer Punctuality"", ""negative""]]",nigerian_slang
slang-279,Dr. Ibrahim,Introduction to Computer Science,CSC101,2,"This man dey always late, e no get shame, and This lecturer na mumu, e no dey give anything",negative,"[[""Lecturer Punctuality"", ""negative""], [""Use of Teaching Materials"", ""negative""]]",nigerian_slang
slang-280,Dr. Okafor,Database Design & Management,CSC302,5,"No rush at all, e dey take time cover everything, and Explains things way better than those old lecturers wey dey confuse person, but Communication dey excellent, e dey carry us along",positive,"[[""Course Organisation"", ""positive""], [""Teaching Clarity"", ""positive""], [""Communication"", ""positive""]]",nigerian_slang
slang-281,Dr. Faith,Data Structures and Algorithms,CSC201,1,"Appreciate the complete lack of any useful study materials. Also, Love finding out about venue changes 10 minutes before class",negative,"[[""Use of Teaching Materials"", ""negative""], [""Communication"", ""negative""]]",nigerian_slang
slang-282,Dr. Okafor,Machine Learning & Neural Nets,CSC408,2,This guy dey ignore messages like say we no exist,negative,"[[""Communication"", ""negative""]]",nigerian_slang
slang-283,Dr. Ibrahim,Introduction to Computer Science,CSC101,4,"E dey provide handouts and extra materials, however, No rush at all, e dey take time cover everything",positive,"[[""Use of Teaching Materials"", ""positive""], [""Course Organisation"", ""positive""]]",nigerian_slang
slang-284,Dr. Chukwu,Operating Systems Principles,CSC304,1,E dey ignore students wey raise hand,negative,"[[""Student Interaction"", ""negative""]]",nigerian_slang
slang-285,Dr. Faith,Introduction to Computer Science,CSC101,2,"Course organization dey zero, total nonsense. Also, E dey discourage questions, e dey vex when we ask",negative,"[[""Course Organisation"", ""negative""], [""Student Interaction"", ""negative""]]",nigerian_slang
slang-286,Dr. (Mrs) Adeleke,Introduction to Computer Science,CSC101,1,"Class rep dey suffer to get info from am, and Availability dey zero, e dey run from students",negative,"[[""Communication"", ""negative""], [""Availability"", ""negative""]]",nigerian_slang
slang-287,Prof. Balogun,Data Science & Big Data,CSC412,1,"Availability dey zero, e dey run from students",negative,"[[""Availability"", ""negative""]]",nigerian_slang
slang-288,Dr. Nwosu,Data Science & Big Data,CSC412,5,"E dey return scripts on time, no wahala, and E dey upload notes on time for us to read",positive,"[[""Assessment and Grading"", ""positive""], [""Use of Teaching Materials"", ""positive""]]",nigerian_slang
slang-289,Prof. Martins,Computer Networks,CSC303,2,Appreciate waiting 6 weeks for grades that were clearly randomly assigned,negative,"[[""Assessment and Grading"", ""negative""]]",nigerian_slang
slang-290,Dr. Pomele,Data Structures and Algorithms,CSC201,4,"Explains things way better than those old lecturers wey dey confuse person, and This guy dey make class lively and interactive",positive,"[[""Teaching Clarity"", ""positive""], [""Student Interaction"", ""positive""]]",nigerian_slang
slang-291,Dr. Chukwu,Introduction to Computer Science,CSC101,2,"This man dey use bad materials, e no try, and This lecturer na clown with time, e dey late always",negative,"[[""Use of Teaching Materials"", ""negative""], [""Lecturer Punctuality"", ""negative""]]",nigerian_slang
slang-292,Dr. Adeyemi,Cloud Computing Architectures,CSC406,1,"Thanks for never replying to emails, really shows dedication",negative,"[[""Availability"", ""negative""]]",nigerian_slang
slang-293,Dr. (Mrs) Adeleke,Cloud Computing Architectures,CSC406,1,"Thanks for the surprise exam topics we never covered, really thoughtful. Also, Love how office hours are just theoretical concepts",negative,"[[""Course Organisation"", ""negative""], [""Availability"", ""negative""]]",nigerian_slang
slang-294,Dr. Ibrahim,Data Structures and Algorithms,CSC201,2,"This man dey come class late everyday. Also, No rubric, e dey just dey mark as e like",negative,"[[""Lecturer Punctuality"", ""negative""], [""Assessment and Grading"", ""negative""]]",nigerian_slang
slang-295,Dr. (Mrs) Adeleke,Data Science & Big Data,CSC412,1,"This man dey come class late everyday, mumu behavior",negative,"[[""Lecturer Punctuality"", ""negative""]]",nigerian_slang
slang-296,Dr. Nwosu,Computer Networks,CSC303,1,"This man dey come class late everyday. Also, Student interaction dey zero, e no dey carry us along",negative,"[[""Lecturer Punctuality"", ""negative""], [""Student Interaction"", ""negative""]]",nigerian_slang
slang-297,Prof. Okonkwo,Machine Learning & Neural Nets,CSC408,1,"Love how office hours are just theoretical concepts, and Appreciate waiting 6 weeks for grades that were clearly randomly assigned, but Appreciate the complete lack of any useful study materials",negative,"[[""Availability"", ""negative""], [""Assessment and Grading"", ""negative""], [""Use of Teaching Materials"", ""negative""]]",nigerian_slang
slang-298,Dr. Chukwu,Cloud Computing Architectures,CSC406,2,"This man dey mark anyhow, e dey fail people for nothing, and This lecturer na olodo, e no sabi communicate, but This man dey do anyhow, no proper organization",negative,"[[""Assessment and Grading"", ""negative""], [""Communication"", ""negative""], [""Course Organisation"", ""negative""]]",nigerian_slang
slang-299,Dr. (Mrs) Adeleke,Operating Systems Principles,CSC304,1,"Class dey boring, e dey just lecture like radio, and E dey come 30 minutes after time don pass",negative,"[[""Student Interaction"", ""negative""], [""Lecturer Punctuality"", ""negative""]]",nigerian_slang
slang-300,Dr. Yusuf,Machine Learning & Neural Nets,CSC408,2,"This man na waste, materials dey zero, but This man dey mark like wicked person",negative,"[[""Use of Teaching Materials"", ""negative""], [""Assessment and Grading"", ""negative""]]",nigerian_slang
slang-301,Dr. Adeyemi,Database Design & Management,CSC302,1,"This man dey insult students for class. Also, This man dey use bad materials, e no try",negative,"[[""Student Interaction"", ""negative""], [""Use of Teaching Materials"", ""negative""]]",nigerian_slang
slang-302,Prof. Balogun,Machine Learning & Neural Nets,CSC408,1,"Love the slides with more typos than actual content, but Appreciate the hostile atmosphere that discourages participation",negative,"[[""Use of Teaching Materials"", ""negative""], [""Student Interaction"", ""negative""]]",nigerian_slang
slang-303,Dr. Nwosu,Data Science & Big Data,CSC412,1,"This lecturer na olodo, e no get plan, and This man dey disrespect students well well",negative,"[[""Course Organisation"", ""negative""], [""Student Interaction"", ""negative""]]",nigerian_slang
slang-304,Dr. Faith,Operating Systems Principles,CSC304,1,"This guy dey impossible to reach, e dey run, and This man dey do anyhow, no proper organization, but This guy dey act like say we dey do am favor",negative,"[[""Availability"", ""negative""], [""Course Organisation"", ""negative""], [""Assessment and Grading"", ""negative""]]",nigerian_slang
slang-305,Dr. Nwosu,Database Design & Management,CSC302,2,This guy dey act like say we be children,negative,"[[""Student Interaction"", ""negative""]]",nigerian_slang
slang-306,Dr. Nwosu,Operating Systems Principles,CSC304,4,"No rush at all, e dey take time cover everything",positive,"[[""Course Organisation"", ""positive""]]",nigerian_slang
slang-307,Dr. Ibrahim,Introduction to Computer Science,CSC101,2,"Thanks for the last-minute announcements, really helpful",negative,"[[""Communication"", ""negative""]]",nigerian_slang
slang-308,Dr. (Mrs) Adeleke,Cloud Computing Architectures,CSC406,1,"No proper outline, e dey just dey waka anyhow. Also, I dey sleep for this guy's class because nothing dey enter head",negative,"[[""Course Organisation"", ""negative""], [""Teaching Clarity"", ""negative""]]",nigerian_slang
slang-309,Prof. Martins,Operating Systems Principles,CSC304,2,"Great job explaining things that weren't in the exam, really helpful",negative,"[[""Teaching Clarity"", ""negative""]]",nigerian_slang
slang-310,Dr. Yusuf,Database Design & Management,CSC302,1,"Slides dey old and outdated, like 1990s, and Class dey boring, e dey just lecture like radio, but No proper syllabus, e dey just dey teach wetin e like",negative,"[[""Use of Teaching Materials"", ""negative""], [""Student Interaction"", ""negative""], [""Course Organisation"", ""negative""]]",nigerian_slang
slang-311,Dr. Yusuf,Computer Networks,CSC303,3,"Marking dey okay, nothing special, however, E dey follow the normal departmental syllabus",neutral,"[[""Assessment and Grading"", ""neutral""], [""Course Organisation"", ""neutral""]]",nigerian_slang
slang-312,Prof. Okonkwo,Software Engineering,CSC301,2,"Thanks for the 'clear' explanations that require a PhD to understand, however, Thanks for making students feel stupid for asking questions",negative,"[[""Teaching Clarity"", ""negative""], [""Student Interaction"", ""negative""]]",nigerian_slang
slang-313,Dr. Nwosu,Machine Learning & Neural Nets,CSC408,3,"E dey follow normal faculty materials, and Deports within reasonable time limits, but Lectures dey manageable, you go fit understand if you read well",neutral,"[[""Use of Teaching Materials"", ""neutral""], [""Lecturer Punctuality"", ""neutral""], [""Teaching Clarity"", ""neutral""]]",nigerian_slang
slang-314,Dr. Ibrahim,Data Science & Big Data,CSC412,2,"This man dey fail to respond, e dey dull",negative,"[[""Communication"", ""negative""]]",nigerian_slang
slang-315,Prof. Okonkwo,Operating Systems Principles,CSC304,1,"Slides dey old and outdated, like 1990s",negative,"[[""Use of Teaching Materials"", ""negative""]]",nigerian_slang
slang-316,Dr. Adeyemi,Computer Networks,CSC303,4,"E dey make students feel comfortable to talk, and You fit reach am anytime, e dey respond, but If you sabi the work, you go definitely pass",positive,"[[""Student Interaction"", ""positive""], [""Availability"", ""positive""], [""Assessment and Grading"", ""positive""]]",nigerian_slang
slang-317,Dr. Adeyemi,Operating Systems Principles,CSC304,2,"Thanks for never replying to emails, really shows dedication",negative,"[[""Availability"", ""negative""]]",nigerian_slang
slang-318,Dr. Ibrahim,Cloud Computing Architectures,CSC406,1,"The course dey confused, topics dey jump up and down, but E dey keep scripts till next semester, no return",negative,"[[""Course Organisation"", ""negative""], [""Assessment and Grading"", ""negative""]]",nigerian_slang
slang-319,Dr. Chukwu,Data Science & Big Data,CSC412,1,"Grading dey unfair, e dey just dey anyhow",negative,"[[""Assessment and Grading"", ""negative""]]",nigerian_slang
slang-320,Dr. Yusuf,Cloud Computing Architectures,CSC406,1,"E dey cancel office hours without telling us. Also, No proper syllabus, e dey just dey teach wetin e like",negative,"[[""Availability"", ""negative""], [""Course Organisation"", ""negative""]]",nigerian_slang
slang-321,Dr. Okafor,Data Science & Big Data,CSC412,2,"Availability dey zero, e dey run from students, and Announcements dey last minute, confusing",negative,"[[""Availability"", ""negative""], [""Communication"", ""negative""]]",nigerian_slang
slang-322,Prof. Balogun,Software Engineering,CSC301,3,"Marking dey okay, nothing special",neutral,"[[""Assessment and Grading"", ""neutral""]]",nigerian_slang
slang-323,Prof. Okonkwo,Data Science & Big Data,CSC412,1,"Oh sure, because reading slides word-for-word is definitely 'teaching'",negative,"[[""Teaching Clarity"", ""negative""]]",nigerian_slang
slang-324,Dr. Okafor,Introduction to Computer Science,CSC101,1,"E dey teach like say e dey speak in tongues, who understand?",negative,"[[""Teaching Clarity"", ""negative""]]",nigerian_slang
slang-325,Dr. Faith,Operating Systems Principles,CSC304,1,"Emails dey enter trash, e no dey reply. Also, Student interaction dey zero, e no dey carry us along",negative,"[[""Availability"", ""negative""], [""Student Interaction"", ""negative""]]",nigerian_slang
slang-326,Dr. Nwosu,Software Engineering,CSC301,1,"This man dey dull, e no sabi explain anything",negative,"[[""Teaching Clarity"", ""negative""]]",nigerian_slang
slang-327,Dr. Pomele,Data Structures and Algorithms,CSC201,2,"This man dey mess up course structure completely. Also, This man dey hide from students like rat",negative,"[[""Course Organisation"", ""negative""], [""Availability"", ""negative""]]",nigerian_slang
slang-328,Prof. Okonkwo,Machine Learning & Neural Nets,CSC408,2,"This man dey always late, e no get shame, and This man na waste, materials dey zero",negative,"[[""Lecturer Punctuality"", ""negative""], [""Use of Teaching Materials"", ""negative""]]",nigerian_slang
slang-329,Dr. Faith,Software Engineering,CSC301,3,Normal level of communication,neutral,"[[""Communication"", ""neutral""]]",nigerian_slang
slang-330,Prof. Balogun,Special Computing,CSC410,2,"Help dey hard to get from this lecturer, and The guy dey rush through slides like say thief dey pursue am, but The course dey confused, topics dey jump up and down",negative,"[[""Availability"", ""negative""], [""Teaching Clarity"", ""negative""], [""Course Organisation"", ""negative""]]",nigerian_slang
slang-331,Prof. Martins,Special Computing,CSC410,2,"This guy dey come late like agbero, no respect",negative,"[[""Lecturer Punctuality"", ""negative""]]",nigerian_slang
slang-332,Dr. (Mrs) Adeleke,Database Design & Management,CSC302,2,This guy dey act like say e no know syllabus,negative,"[[""Course Organisation"", ""negative""]]",nigerian_slang
slang-333,Dr. Adeyemi,Operating Systems Principles,CSC304,2,"Great feedback - 'needs improvement' really tells me everything. Also, Great planning - rushing everything in the last two weeks was genius",negative,"[[""Assessment and Grading"", ""negative""], [""Course Organisation"", ""negative""]]",nigerian_slang
slang-334,Prof. Balogun,Database Design & Management,CSC302,4,"Grading dey fair, if you work hard you go get your due, and E dey respect students well well, but E dey reply emails sharp sharp",positive,"[[""Assessment and Grading"", ""positive""], [""Student Interaction"", ""positive""], [""Availability"", ""positive""]]",nigerian_slang
slang-335,Dr. (Mrs) Adeleke,Data Structures and Algorithms,CSC201,4,"Always punctual, professional behavior. Also, Teaching materials dey top notch",positive,"[[""Lecturer Punctuality"", ""positive""], [""Use of Teaching Materials"", ""positive""]]",nigerian_slang
slang-336,Prof. Martins,Data Science & Big Data,CSC412,2,"This guy na idiot, e no dey understand wetin e dey teach, but This lecturer na olodo, e no get plan",negative,"[[""Teaching Clarity"", ""negative""], [""Course Organisation"", ""negative""]]",nigerian_slang
slang-337,Dr. Chukwu,Database Design & Management,CSC302,2,Wonderful how the guy who wrote the best essay still failed,negative,"[[""Assessment and Grading"", ""negative""]]",nigerian_slang
slang-338,Dr. Ibrahim,Data Structures and Algorithms,CSC201,2,"This guy dey force us buy textbook, e dey greedy",negative,"[[""Use of Teaching Materials"", ""negative""]]",nigerian_slang
slang-339,Dr. Okafor,Data Science & Big Data,CSC412,2,"E dey resume when e feel like, no respect for time",negative,"[[""Lecturer Punctuality"", ""negative""]]",nigerian_slang
slang-340,Prof. Okonkwo,Data Science & Big Data,CSC412,2,"Thanks for the surprise exam topics we never covered, really thoughtful",negative,"[[""Course Organisation"", ""negative""]]",nigerian_slang
slang-341,Dr. Adeyemi,Cloud Computing Architectures,CSC406,2,"This man dey ignore us like say we be ghost, and This mumu man no sabi teach at all, but This lecturer na olodo, e no dey interact",negative,"[[""Communication"", ""negative""], [""Teaching Clarity"", ""negative""], [""Student Interaction"", ""negative""]]",nigerian_slang
slang-342,Dr. (Mrs) Adeleke,Operating Systems Principles,CSC304,2,E dey cancel class like say e dey pure water,negative,"[[""Lecturer Punctuality"", ""negative""]]",nigerian_slang
slang-343,Dr. (Mrs) Adeleke,Machine Learning & Neural Nets,CSC408,2,This guy dey act like time no dey important,negative,"[[""Lecturer Punctuality"", ""negative""]]",nigerian_slang
slang-344,Dr. Ibrahim,Operating Systems Principles,CSC304,5,"E dey make students feel comfortable to talk, but The course structure dey make sense, everything dey follow proper order",positive,"[[""Student Interaction"", ""positive""], [""Course Organisation"", ""positive""]]",nigerian_slang
slang-345,Dr. (Mrs) Adeleke,Database Design & Management,CSC302,1,"Love finding out about venue changes 10 minutes before class, but Thanks for wasting 30 minutes of every class being late",negative,"[[""Communication"", ""negative""], [""Lecturer Punctuality"", ""negative""]]",nigerian_slang
slang-346,Dr. Faith,Computer Networks,CSC303,3,Basic slides with bullet points,neutral,"[[""Use of Teaching Materials"", ""neutral""]]",nigerian_slang
slang-347,Dr. Faith,Computer Networks,CSC303,1,This guy dey act like time no dey important,negative,"[[""Lecturer Punctuality"", ""negative""]]",nigerian_slang
slang-348,Prof. Okonkwo,Introduction to Computer Science,CSC101,1,"This lecturer na olodo, e no sabi communicate, however, This lecturer na olodo, e no dey interact",negative,"[[""Communication"", ""negative""], [""Student Interaction"", ""negative""]]",nigerian_slang
slang-349,Prof. Okonkwo,Database Design & Management,CSC302,1,"No rubric, e dey just dey mark as e like, and Help dey hard to get from this lecturer, but E dey rush everything for final weeks, like say exam dey tomorrow",negative,"[[""Assessment and Grading"", ""negative""], [""Availability"", ""negative""], [""Course Organisation"", ""negative""]]",nigerian_slang
slang-350,Dr. Okafor,Data Structures and Algorithms,CSC201,5,This guy dey give us better materials,positive,"[[""Use of Teaching Materials"", ""positive""]]",nigerian_slang
slang-351,Dr. Faith,Computer Networks,CSC303,2,"This man dey mark person wickedly, heartless, but This man dey intimidate students like bully",negative,"[[""Assessment and Grading"", ""negative""], [""Student Interaction"", ""negative""]]",nigerian_slang
slang-352,Dr. Yusuf,Computer Networks,CSC303,1,"This man dey fail to respond, e dey dull, but This man dey dull, e no sabi explain anything",negative,"[[""Communication"", ""negative""], [""Teaching Clarity"", ""negative""]]",nigerian_slang
slang-353,Prof. Balogun,Machine Learning & Neural Nets,CSC408,5,"E dey share notes early, no last minute rush, and Communication dey top notch, e no dey hide info, but Results dey come out quick, no long story",positive,"[[""Use of Teaching Materials"", ""positive""], [""Communication"", ""positive""], [""Assessment and Grading"", ""positive""]]",nigerian_slang
slang-354,Dr. Nwosu,Introduction to Computer Science,CSC101,2,"Thanks for never replying to emails, really shows dedication, but Appreciate how the course outline was clearly written in invisible ink",negative,"[[""Availability"", ""negative""], [""Course Organisation"", ""negative""]]",nigerian_slang
slang-355,Dr. Okafor,Computer Networks,CSC303,5,"E dey start class exactly on time, no delay, and Very good with emails, e dey reply sharp, but If you need help, e dey make time for you",positive,"[[""Lecturer Punctuality"", ""positive""], [""Communication"", ""positive""], [""Availability"", ""positive""]]",nigerian_slang
slang-356,Dr. Faith,Data Science & Big Data,CSC412,5,"Course organization dey top notch, professional work, but Classroom interaction dey top level",positive,"[[""Course Organisation"", ""positive""], [""Student Interaction"", ""positive""]]",nigerian_slang
slang-357,Dr. Faith,Introduction to Computer Science,CSC101,1,Appreciate how the course outline was clearly written in invisible ink,negative,"[[""Course Organisation"", ""negative""]]",nigerian_slang
slang-358,Dr. Chukwu,Special Computing,CSC410,2,"Hostile environment, students dey fear to talk",negative,"[[""Student Interaction"", ""negative""]]",nigerian_slang
slang-359,Dr. Ibrahim,Database Design & Management,CSC302,3,"Deports within reasonable time limits, but E dey follow the normal departmental syllabus",neutral,"[[""Lecturer Punctuality"", ""neutral""], [""Course Organisation"", ""neutral""]]",nigerian_slang
slang-360,Dr. Okafor,Machine Learning & Neural Nets,CSC408,3,Standard assessment procedures,neutral,"[[""Assessment and Grading"", ""neutral""]]",nigerian_slang
slang-361,Dr. Yusuf,Cloud Computing Architectures,CSC406,3,"Communication dey okay, nothing special, and Available during normal office hours, but Nothing special, just normal class interaction",neutral,"[[""Communication"", ""neutral""], [""Availability"", ""neutral""], [""Student Interaction"", ""neutral""]]",nigerian_slang
slang-362,Prof. Okonkwo,Cloud Computing Architectures,CSC406,2,"This man dey do anyhow, no proper organization",negative,"[[""Course Organisation"", ""negative""]]",nigerian_slang
slang-363,Dr. Chukwu,Introduction to Computer Science,CSC101,2,"Thanks for never replying to emails, really shows dedication, and Thanks for the surprise exam topics we never covered, really thoughtful",negative,"[[""Availability"", ""negative""], [""Course Organisation"", ""negative""]]",nigerian_slang
slang-364,Dr. Okafor,Cloud Computing Architectures,CSC406,1,"Materials dey poor, plenty errors",negative,"[[""Use of Teaching Materials"", ""negative""]]",nigerian_slang
slang-365,Dr. Faith,Special Computing,CSC410,5,"E dey give us proper timetable, no surprises",positive,"[[""Course Organisation"", ""positive""]]",nigerian_slang
slang-366,Dr. (Mrs) Adeleke,Data Structures and Algorithms,CSC201,1,"This lecturer na olodo, e no dey interact",negative,"[[""Student Interaction"", ""negative""]]",nigerian_slang
slang-367,Prof. Balogun,Operating Systems Principles,CSC304,4,"Office door dey always open for students, but Course dey run like smooth engine, no wahala",positive,"[[""Availability"", ""positive""], [""Course Organisation"", ""positive""]]",nigerian_slang
slang-368,Dr. Adeyemi,Data Science & Big Data,CSC412,2,"Love the surprise cancelled classes we find out about 5 minutes before, and Appreciate the help - or lack thereof - when we actually need it, but Wonderful how he manages to never actually explain anything",negative,"[[""Lecturer Punctuality"", ""negative""], [""Availability"", ""negative""], [""Teaching Clarity"", ""negative""]]",nigerian_slang
slang-369,Dr. Faith,Computer Networks,CSC303,4,"E dey tear lecture wella, everything dey crystal clear, and Availability dey top notch, always there when needed, but Student interaction dey excellent, e dey relate well",positive,"[[""Teaching Clarity"", ""positive""], [""Availability"", ""positive""], [""Student Interaction"", ""positive""]]",nigerian_slang
slang-370,Dr. (Mrs) Adeleke,Data Science & Big Data,CSC412,3,"Deports within reasonable time limits, and E dey follow the normal departmental syllabus, but E dey try sha, but sometimes e dey slow",neutral,"[[""Lecturer Punctuality"", ""neutral""], [""Course Organisation"", ""neutral""], [""Teaching Clarity"", ""neutral""]]",nigerian_slang
slang-371,Dr. Nwosu,Introduction to Computer Science,CSC101,1,"The course dey confused, topics dey jump up and down, and E dey teach like say e dey speak in tongues, who understand?",negative,"[[""Course Organisation"", ""negative""], [""Teaching Clarity"", ""negative""]]",nigerian_slang
slang-372,Dr. Pomele,Database Design & Management,CSC302,1,"Love how he turns legitimate questions into insults, however, Great job explaining things that weren't in the exam, really helpful",negative,"[[""Student Interaction"", ""negative""], [""Teaching Clarity"", ""negative""]]",nigerian_slang
slang-373,Prof. Okonkwo,Data Science & Big Data,CSC412,2,"This guy dey act like say communication na crime, and This lecturer na clown with time, e dey late always",negative,"[[""Communication"", ""negative""], [""Lecturer Punctuality"", ""negative""]]",nigerian_slang
slang-374,Prof. Martins,Special Computing,CSC410,4,"E dey listen to student contributions, however, Explains things way better than those old lecturers wey dey confuse person",positive,"[[""Student Interaction"", ""positive""], [""Teaching Clarity"", ""positive""]]",nigerian_slang
slang-375,Dr. Pomele,Data Structures and Algorithms,CSC201,1,This guy dey act like say we dey disturb am,negative,"[[""Availability"", ""negative""]]",nigerian_slang
slang-376,Dr. Yusuf,Data Structures and Algorithms,CSC201,1,Love the slides with more typos than actual content,negative,"[[""Use of Teaching Materials"", ""negative""]]",nigerian_slang
slang-377,Prof. Okonkwo,Operating Systems Principles,CSC304,1,"Love how he turns legitimate questions into insults. Also, Appreciate the complete radio silence on important matters",negative,"[[""Student Interaction"", ""negative""], [""Communication"", ""negative""]]",nigerian_slang
slang-378,Prof. Martins,Software Engineering,CSC301,1,"The guy dey rush through slides like say thief dey pursue am, but Course dey disorganized well well, who understand this man?",negative,"[[""Teaching Clarity"", ""negative""], [""Course Organisation"", ""negative""]]",nigerian_slang
slang-379,Dr. (Mrs) Adeleke,Special Computing,CSC410,1,"No proper communication, we dey hear am for road",negative,"[[""Communication"", ""negative""]]",nigerian_slang
slang-380,Dr. Nwosu,Operating Systems Principles,CSC304,2,"This man dey disrespect us with lateness, and This man na evil with marking, e dey fail people",negative,"[[""Lecturer Punctuality"", ""negative""], [""Assessment and Grading"", ""negative""]]",nigerian_slang
slang-381,Prof. Okonkwo,Data Structures and Algorithms,CSC201,1,Appreciate the help - or lack thereof - when we actually need it,negative,"[[""Availability"", ""negative""]]",nigerian_slang
slang-382,Dr. Okafor,Machine Learning & Neural Nets,CSC408,5,"E dey respect time die, no African time, however, Class dey engaging, no dull moment",positive,"[[""Lecturer Punctuality"", ""positive""], [""Student Interaction"", ""positive""]]",nigerian_slang
slang-383,Dr. Ibrahim,Operating Systems Principles,CSC304,1,"E dey confuse person well well, explanations no get head, but E dey cancel class like say e dey pure water",negative,"[[""Teaching Clarity"", ""negative""], [""Lecturer Punctuality"", ""negative""]]",nigerian_slang
slang-384,Prof. Okonkwo,Machine Learning & Neural Nets,CSC408,1,"This lecturer na mumu, e no dey see students, and This man dey always late, e no get shame",negative,"[[""Availability"", ""negative""], [""Lecturer Punctuality"", ""negative""]]",nigerian_slang
slang-385,Dr. (Mrs) Adeleke,Introduction to Computer Science,CSC101,2,"Course organization dey zero, total nonsense. Also, I dey sleep for this guy's class because nothing dey enter head",negative,"[[""Course Organisation"", ""negative""], [""Teaching Clarity"", ""negative""]]",nigerian_slang
slang-386,Dr. (Mrs) Adeleke,Data Science & Big Data,CSC412,3,"Standard availability like other lecturers, however, Two tests and one exam like every other course",neutral,"[[""Availability"", ""neutral""], [""Assessment and Grading"", ""neutral""]]",nigerian_slang
slang-387,Dr. Faith,Software Engineering,CSC301,1,"This lecturer na olodo, e no dey interact, and This man no dey reply, e dey form busy, but This man dey mark like enemy, e dey fail us",negative,"[[""Student Interaction"", ""negative""], [""Communication"", ""negative""], [""Assessment and Grading"", ""negative""]]",nigerian_slang
slang-388,Dr. Chukwu,Machine Learning & Neural Nets,CSC408,1,"Always late, time no dey important to am, and E dey fail people unnecessarily, heartless marking",negative,"[[""Lecturer Punctuality"", ""negative""], [""Assessment and Grading"", ""negative""]]",nigerian_slang
slang-389,Dr. Ibrahim,Database Design & Management,CSC302,4,"Grading dey fair, if you work hard you go get your due, however, Teaching materials dey top notch",positive,"[[""Assessment and Grading"", ""positive""], [""Use of Teaching Materials"", ""positive""]]",nigerian_slang
slang-390,Dr. Yusuf,Machine Learning & Neural Nets,CSC408,1,"This man dey mark person wickedly, heartless, however, This guy dey ignore messages like say we no exist",negative,"[[""Assessment and Grading"", ""negative""], [""Communication"", ""negative""]]",nigerian_slang
slang-391,Dr. Yusuf,Introduction to Computer Science,CSC101,2,"This guy dey act like say communication na crime. Also, This man na evil with marking, e dey fail people",negative,"[[""Communication"", ""negative""], [""Assessment and Grading"", ""negative""]]",nigerian_slang
slang-392,Dr. (Mrs) Adeleke,Data Science & Big Data,CSC412,1,"Course dey disorganized well well, who understand this man?, but E dey keep us waiting for nothing",negative,"[[""Course Organisation"", ""negative""], [""Lecturer Punctuality"", ""negative""]]",nigerian_slang
slang-393,Dr. Ibrahim,Operating Systems Principles,CSC304,4,"If you sabi the work, you go definitely pass, and Course dey run like smooth engine, no wahala, but Teaching materials dey top notch",positive,"[[""Assessment and Grading"", ""positive""], [""Course Organisation"", ""positive""], [""Use of Teaching Materials"", ""positive""]]",nigerian_slang
slang-394,Dr. Yusuf,Database Design & Management,CSC302,5,"This guy dey mark well well, no cheating, and This guy dey give us better materials",positive,"[[""Assessment and Grading"", ""positive""], [""Use of Teaching Materials"", ""positive""]]",nigerian_slang
slang-395,Prof. Martins,Introduction to Computer Science,CSC101,2,"Appreciate how the course outline was clearly written in invisible ink, and Love the slides with more typos than actual content",negative,"[[""Course Organisation"", ""negative""], [""Use of Teaching Materials"", ""negative""]]",nigerian_slang
slang-396,Dr. (Mrs) Adeleke,Operating Systems Principles,CSC304,5,This guy dey communicate well well,positive,"[[""Communication"", ""positive""]]",nigerian_slang
slang-397,Dr. Faith,Software Engineering,CSC301,4,"E dey come before 8am for 8am class, however, Communication dey excellent, e dey carry us along",positive,"[[""Lecturer Punctuality"", ""positive""], [""Communication"", ""positive""]]",nigerian_slang
slang-398,Dr. Ibrahim,Operating Systems Principles,CSC304,1,Thanks for the 'clear' explanations that require a PhD to understand,negative,"[[""Teaching Clarity"", ""negative""]]",nigerian_slang
slang-399,Dr. Yusuf,Data Structures and Algorithms,CSC201,2,"Great feedback - 'needs improvement' really tells me everything, however, Love the slides with more typos than actual content",negative,"[[""Assessment and Grading"", ""negative""], [""Use of Teaching Materials"", ""negative""]]",nigerian_slang
slang-400,Dr. Okafor,Operating Systems Principles,CSC304,1,"The way e dey explain dey make person vex, nothing clear at all",negative,"[[""Teaching Clarity"", ""negative""]]",nigerian_slang
slang-401,Dr. Adeyemi,Cloud Computing Architectures,CSC406,1,Help dey hard to get from this lecturer,negative,"[[""Availability"", ""negative""]]",nigerian_slang
slang-402,Prof. Okonkwo,Special Computing,CSC410,2,"This guy dey talk nonsense for class, and This lecturer na mumu, e no dey give anything",negative,"[[""Teaching Clarity"", ""negative""], [""Use of Teaching Materials"", ""negative""]]",nigerian_slang
slang-403,Dr. Ibrahim,Data Science & Big Data,CSC412,2,E dey use big big grammar wey even dictionary no get,negative,"[[""Teaching Clarity"", ""negative""]]",nigerian_slang
slang-404,Dr. Nwosu,Data Science & Big Data,CSC412,1,"Appreciate how the course outline was clearly written in invisible ink, but Appreciate the help - or lack thereof - when we actually need it",negative,"[[""Course Organisation"", ""negative""], [""Availability"", ""negative""]]",nigerian_slang
slang-405,Dr. Adeyemi,Data Science & Big Data,CSC412,1,"E dey resume when e feel like, no respect for time, however, No proper grading, e dey just dey give marks randomly",negative,"[[""Lecturer Punctuality"", ""negative""], [""Assessment and Grading"", ""negative""]]",nigerian_slang
slang-406,Dr. (Mrs) Adeleke,Software Engineering,CSC301,1,"This man dey use old slides, e dey dull, but This man dey mark like wicked person",negative,"[[""Use of Teaching Materials"", ""negative""], [""Assessment and Grading"", ""negative""]]",nigerian_slang
slang-407,Prof. Okonkwo,Data Science & Big Data,CSC412,2,"Thanks for the surprise exam topics we never covered, really thoughtful, and Love finding out about venue changes 10 minutes before class, but Appreciate the hostile atmosphere that discourages participation",negative,"[[""Course Organisation"", ""negative""], [""Communication"", ""negative""], [""Student Interaction"", ""negative""]]",nigerian_slang
slang-408,Dr. Pomele,Data Structures and Algorithms,CSC201,4,"Explains things way better than those old lecturers wey dey confuse person, and Very interactive lecturer, class dey sweet, but If you sabi the work, you go definitely pass",positive,"[[""Teaching Clarity"", ""positive""], [""Student Interaction"", ""positive""], [""Assessment and Grading"", ""positive""]]",nigerian_slang
slang-409,Dr. Adeyemi,Data Science & Big Data,CSC412,2,"This man na olodo, e no sabi anything, and This man dey make class hostile, e dey fight, but This man dey do anyhow, no proper organization",negative,"[[""Teaching Clarity"", ""negative""], [""Student Interaction"", ""negative""], [""Course Organisation"", ""negative""]]",nigerian_slang
slang-410,Dr. Pomele,Computer Networks,CSC303,1,"This lecturer na olodo, e no sabi communicate",negative,"[[""Communication"", ""negative""]]",nigerian_slang
slang-411,Dr. Chukwu,Operating Systems Principles,CSC304,2,This man dey disrespect students well well,negative,"[[""Student Interaction"", ""negative""]]",nigerian_slang
slang-412,Dr. Adeyemi,Cloud Computing Architectures,CSC406,1,"Grading dey biased, if e no like you, you don fail, and No be only confusing, e dey even scatter person brain join, but Time waster, always behind schedule",negative,"[[""Assessment and Grading"", ""negative""], [""Teaching Clarity"", ""negative""], [""Lecturer Punctuality"", ""negative""]]",nigerian_slang
slang-413,Prof. Martins,Data Structures and Algorithms,CSC201,2,"Great feedback - 'needs improvement' really tells me everything, and Thanks for wasting 30 minutes of every class being late",negative,"[[""Assessment and Grading"", ""negative""], [""Lecturer Punctuality"", ""negative""]]",nigerian_slang
slang-414,Dr. Adeyemi,Special Computing,CSC410,5,"E dey come before 8am for 8am class, but E dey make sure everybody understand announcement",positive,"[[""Lecturer Punctuality"", ""positive""], [""Communication"", ""positive""]]",nigerian_slang
slang-415,Dr. (Mrs) Adeleke,Introduction to Computer Science,CSC101,2,"E dey confuse person well well, explanations no get head, and If you no buy handout, you no go get anything",negative,"[[""Teaching Clarity"", ""negative""], [""Use of Teaching Materials"", ""negative""]]",nigerian_slang
slang-416,Dr. Adeyemi,Cloud Computing Architectures,CSC406,2,"This man no dey reply, e dey form busy, however, This guy dey give random marks, e no sabi wetin e dey do",negative,"[[""Communication"", ""negative""], [""Assessment and Grading"", ""negative""]]",nigerian_slang
slang-417,Dr. Faith,Operating Systems Principles,CSC304,1,"E dey disorganize everything, no proper flow. Also, Hostile environment, students dey fear to talk",negative,"[[""Course Organisation"", ""negative""], [""Student Interaction"", ""negative""]]",nigerian_slang
slang-418,Dr. Yusuf,Data Structures and Algorithms,CSC201,2,"Oh sure, because reading slides word-for-word is definitely 'teaching'. Also, Thanks for never replying to emails, really shows dedication",negative,"[[""Teaching Clarity"", ""negative""], [""Availability"", ""negative""]]",nigerian_slang
slang-419,Prof. Balogun,Data Structures and Algorithms,CSC201,4,Slides dey clear and easy to understand,positive,"[[""Use of Teaching Materials"", ""positive""]]",nigerian_slang
slang-420,Prof. Okonkwo,Computer Networks,CSC303,2,"Course dey disorganized well well, who understand this man?. Also, This mumu man no sabi explain anything at all",negative,"[[""Course Organisation"", ""negative""], [""Teaching Clarity"", ""negative""]]",nigerian_slang
slang-421,Dr. Ibrahim,Machine Learning & Neural Nets,CSC408,2,Great feedback - 'needs improvement' really tells me everything,negative,"[[""Assessment and Grading"", ""negative""]]",nigerian_slang
slang-422,Dr. Adeyemi,Operating Systems Principles,CSC304,5,"Class dey engaging, no dull moment",positive,"[[""Student Interaction"", ""positive""]]",nigerian_slang
slang-423,Dr. Yusuf,Introduction to Computer Science,CSC101,2,"E dey disorganize everything, no proper flow",negative,"[[""Course Organisation"", ""negative""]]",nigerian_slang
slang-424,Dr. Ibrahim,Computer Networks,CSC303,1,"E dey just dey read slides like primary school teacher, and Availability dey zero, e dey run from students",negative,"[[""Teaching Clarity"", ""negative""], [""Availability"", ""negative""]]",nigerian_slang
slang-425,Dr. Yusuf,Cloud Computing Architectures,CSC406,2,Appreciate the complete radio silence on important matters,negative,"[[""Communication"", ""negative""]]",nigerian_slang
slang-426,Prof. Okonkwo,Operating Systems Principles,CSC304,2,"This man dey run from students, e no dey help, and This guy dey act like time no dey important",negative,"[[""Availability"", ""negative""], [""Lecturer Punctuality"", ""negative""]]",nigerian_slang
slang-427,Dr. Chukwu,Cloud Computing Architectures,CSC406,2,"Appreciate the complete radio silence on important matters, and Appreciate the complete lack of any useful study materials, but Thanks for making students feel stupid for asking questions",negative,"[[""Communication"", ""negative""], [""Use of Teaching Materials"", ""negative""], [""Student Interaction"", ""negative""]]",nigerian_slang
slang-428,Prof. Okonkwo,Introduction to Computer Science,CSC101,1,"This lecturer na olodo with marking, e no sabi mark. Also, This guy dey behave like say we no deserve info",negative,"[[""Assessment and Grading"", ""negative""], [""Communication"", ""negative""]]",nigerian_slang
slang-429,Dr. Ibrahim,Database Design & Management,CSC302,1,"Unengaging lecturer, class dey sleep, and Unreliable information, confusing announcements",negative,"[[""Student Interaction"", ""negative""], [""Communication"", ""negative""]]",nigerian_slang
slang-430,Dr. Adeyemi,Software Engineering,CSC301,4,"Never late for once, very punctual man. Also, E dey give helpful feedback, you go know where you miss am",positive,"[[""Lecturer Punctuality"", ""positive""], [""Assessment and Grading"", ""positive""]]",nigerian_slang
slang-431,Dr. Yusuf,Special Computing,CSC410,2,"This guy na idiot, e no dey understand wetin e dey teach",negative,"[[""Teaching Clarity"", ""negative""]]",nigerian_slang
slang-432,Prof. Okonkwo,Data Science & Big Data,CSC412,1,"This guy dey come late like agbero, no respect, however, This lecturer na mumu, e no dey inform us",negative,"[[""Lecturer Punctuality"", ""negative""], [""Communication"", ""negative""]]",nigerian_slang
slang-433,Dr. Chukwu,Special Computing,CSC410,3,"E dey communicate through class rep, and Standard availability like other lecturers, but Explanations dey okay, no be die but no be kill",neutral,"[[""Communication"", ""neutral""], [""Availability"", ""neutral""], [""Teaching Clarity"", ""neutral""]]",nigerian_slang
slang-434,Dr. (Mrs) Adeleke,Computer Networks,CSC303,2,"This guy dey behave like say we no deserve info, and This man na waste, e no dey interact at all, but This man dey lock office door like say thief dey pursue am",negative,"[[""Communication"", ""negative""], [""Student Interaction"", ""negative""], [""Availability"", ""negative""]]",nigerian_slang
slang-435,Dr. (Mrs) Adeleke,Machine Learning & Neural Nets,CSC408,1,"E dey fail people unnecessarily, heartless marking",negative,"[[""Assessment and Grading"", ""negative""]]",nigerian_slang
slang-436,Dr. Okafor,Operating Systems Principles,CSC304,2,This man dey impossible to reach outside class,negative,"[[""Availability"", ""negative""]]",nigerian_slang
slang-437,Dr. Yusuf,Data Structures and Algorithms,CSC201,1,"This man na waste, communication dey zero",negative,"[[""Communication"", ""negative""]]",nigerian_slang
slang-438,Dr. Nwosu,Computer Networks,CSC303,1,"No proper outline, e dey just dey waka anyhow, however, Unengaging lecturer, class dey sleep",negative,"[[""Course Organisation"", ""negative""], [""Student Interaction"", ""negative""]]",nigerian_slang
slang-439,Dr. Adeyemi,Software Engineering,CSC301,1,This guy dey treat students like slaves,negative,"[[""Student Interaction"", ""negative""]]",nigerian_slang
slang-440,Dr. Faith,Introduction to Computer Science,CSC101,1,"Appreciate how he treats our time like it's worthless, and Appreciate the hostile atmosphere that discourages participation",negative,"[[""Lecturer Punctuality"", ""negative""], [""Student Interaction"", ""negative""]]",nigerian_slang
slang-441,Dr. Nwosu,Data Science & Big Data,CSC412,5,"E dey come before 8am for 8am class, but E dey make the hard topics look like child's play",positive,"[[""Lecturer Punctuality"", ""positive""], [""Teaching Clarity"", ""positive""]]",nigerian_slang
slang-442,Dr. Ibrahim,Machine Learning & Neural Nets,CSC408,2,This guy dey behave like say we no deserve info,negative,"[[""Communication"", ""negative""]]",nigerian_slang
slang-443,Dr. Okafor,Data Structures and Algorithms,CSC201,1,"No proper syllabus, e dey just dey teach wetin e like, but E dey teach like say e dey speak in tongues, who understand?",negative,"[[""Course Organisation"", ""negative""], [""Teaching Clarity"", ""negative""]]",nigerian_slang
slang-444,Dr. Faith,Data Science & Big Data,CSC412,1,"Thanks for making students feel stupid for asking questions, and Appreciate the complete lack of any useful study materials, but Wonderful how he manages to never actually explain anything",negative,"[[""Student Interaction"", ""negative""], [""Use of Teaching Materials"", ""negative""], [""Teaching Clarity"", ""negative""]]",nigerian_slang
slang-445,Dr. Okafor,Cloud Computing Architectures,CSC406,5,"Every lecture dey clear, no wahala at all",positive,"[[""Teaching Clarity"", ""positive""]]",nigerian_slang
slang-446,Dr. Adeyemi,Software Engineering,CSC301,1,"Appreciate the hostile atmosphere that discourages participation, and Love the surprise cancelled classes we find out about 5 minutes before, but Love the slides with more typos than actual content",negative,"[[""Student Interaction"", ""negative""], [""Lecturer Punctuality"", ""negative""], [""Use of Teaching Materials"", ""negative""]]",nigerian_slang
slang-447,Dr. Chukwu,Special Computing,CSC410,1,"Appreciate how the course outline was clearly written in invisible ink, but Appreciate the hostile atmosphere that discourages participation",negative,"[[""Course Organisation"", ""negative""], [""Student Interaction"", ""negative""]]",nigerian_slang
slang-448,Dr. Ibrahim,Database Design & Management,CSC302,1,"E dey disorganize everything, no proper flow, and Grading dey harsh, e dey fail people like say na competition",negative,"[[""Course Organisation"", ""negative""], [""Assessment and Grading"", ""negative""]]",nigerian_slang
slang-449,Dr. (Mrs) Adeleke,Special Computing,CSC410,4,"If you need help, e dey make time for you. Also, Communication dey excellent, e dey carry us along",positive,"[[""Availability"", ""positive""], [""Communication"", ""positive""]]",nigerian_slang
slang-450,Dr. Ibrahim,Software Engineering,CSC301,4,"E dey make students feel comfortable to talk. Also, E dey reply emails sharp sharp",positive,"[[""Student Interaction"", ""positive""], [""Availability"", ""positive""]]",nigerian_slang
slang-451,Dr. Faith,Database Design & Management,CSC302,1,"E dey keep scripts till next semester, no return. Also, E dey teach like say e no get plan, just dey do anyhow",negative,"[[""Assessment and Grading"", ""negative""], [""Course Organisation"", ""negative""]]",nigerian_slang
slang-452,Prof. Martins,Data Science & Big Data,CSC412,1,"Thanks for making us buy textbooks you never reference, and Love finding out about venue changes 10 minutes before class, but Appreciate the help - or lack thereof - when we actually need it",negative,"[[""Use of Teaching Materials"", ""negative""], [""Communication"", ""negative""], [""Availability"", ""negative""]]",nigerian_slang
slang-453,Dr. Adeyemi,Machine Learning & Neural Nets,CSC408,1,"E dey fail to respond to urgent matters, and E dey jump from chapter 1 to chapter 10 back to chapter 3, but No handouts, no nothing, just talk",negative,"[[""Communication"", ""negative""], [""Course Organisation"", ""negative""], [""Use of Teaching Materials"", ""negative""]]",nigerian_slang
slang-454,Dr. Faith,Data Science & Big Data,CSC412,2,"Availability dey zero, e dey run from students. Also, Poor communication, students dey in the dark",negative,"[[""Availability"", ""negative""], [""Communication"", ""negative""]]",nigerian_slang
slang-455,Prof. Martins,Operating Systems Principles,CSC304,5,"E dey carry everybody along, no discrimination",positive,"[[""Student Interaction"", ""positive""]]",nigerian_slang
slang-456,Dr. Nwosu,Cloud Computing Architectures,CSC406,1,"This guy dey act like say materials na gold, and This man dey disrespect us with lateness, but This guy dey give random marks, e no sabi wetin e dey do",negative,"[[""Use of Teaching Materials"", ""negative""], [""Lecturer Punctuality"", ""negative""], [""Assessment and Grading"", ""negative""]]",nigerian_slang
slang-457,Dr. Nwosu,Cloud Computing Architectures,CSC406,1,"Great feedback - 'needs improvement' really tells me everything, and Appreciate the help - or lack thereof - when we actually need it, but Appreciate how the course outline was clearly written in invisible ink",negative,"[[""Assessment and Grading"", ""negative""], [""Availability"", ""negative""], [""Course Organisation"", ""negative""]]",nigerian_slang
slang-458,Dr. Okafor,Data Science & Big Data,CSC412,1,"This man na waste, e no dey interact at all, but This man dey use old slides, e dey dull",negative,"[[""Student Interaction"", ""negative""], [""Use of Teaching Materials"", ""negative""]]",nigerian_slang
slang-459,Dr. Ibrahim,Software Engineering,CSC301,2,"Time waster, always behind schedule, however, E dey ridicule students wey ask questions",negative,"[[""Lecturer Punctuality"", ""negative""], [""Student Interaction"", ""negative""]]",nigerian_slang
slang-460,Dr. Ibrahim,Software Engineering,CSC301,1,"Time waster, always behind schedule",negative,"[[""Lecturer Punctuality"", ""negative""]]",nigerian_slang
slang-461,Dr. Ibrahim,Cloud Computing Architectures,CSC406,4,"E dey give proper rubrics before assignment, but Class rep dey always get info on time",positive,"[[""Assessment and Grading"", ""positive""], [""Communication"", ""positive""]]",nigerian_slang
slang-462,Dr. Faith,Data Structures and Algorithms,CSC201,2,E dey keep us waiting for nothing,negative,"[[""Lecturer Punctuality"", ""negative""]]",nigerian_slang
slang-463,Dr. (Mrs) Adeleke,Operating Systems Principles,CSC304,1,"This guy dey talk nonsense for class, and This guy dey behave like say we no deserve info, but This guy dey act like say we dey do am favor",negative,"[[""Teaching Clarity"", ""negative""], [""Communication"", ""negative""], [""Assessment and Grading"", ""negative""]]",nigerian_slang
slang-464,Dr. Ibrahim,Computer Networks,CSC303,2,"Appreciate the complete radio silence on important matters. Also, Thanks for never replying to emails, really shows dedication",negative,"[[""Communication"", ""negative""], [""Availability"", ""negative""]]",nigerian_slang
slang-465,Dr. Ibrahim,Introduction to Computer Science,CSC101,3,"Standard slides like other courses, and E dey see students if you book appointment",neutral,"[[""Use of Teaching Materials"", ""neutral""], [""Availability"", ""neutral""]]",nigerian_slang
slang-466,Dr. Faith,Cloud Computing Architectures,CSC406,2,Test questions dey different from wetin e teach for class,negative,"[[""Assessment and Grading"", ""negative""]]",nigerian_slang
slang-467,Dr. Yusuf,Computer Networks,CSC303,2,"This man dey make class hostile, e dey fight, and This guy dey force us buy textbook, e dey greedy",negative,"[[""Student Interaction"", ""negative""], [""Use of Teaching Materials"", ""negative""]]",nigerian_slang
slang-468,Dr. Faith,Data Structures and Algorithms,CSC201,2,"Great job explaining things that weren't in the exam, really helpful",negative,"[[""Teaching Clarity"", ""negative""]]",nigerian_slang
slang-469,Dr. Nwosu,Cloud Computing Architectures,CSC406,2,"Thanks for never replying to emails, really shows dedication",negative,"[[""Availability"", ""negative""]]",nigerian_slang
slang-470,Prof. Okonkwo,Computer Networks,CSC303,2,"Love the surprise cancelled classes we find out about 5 minutes before, and Love the slides with more typos than actual content, but Thanks for never replying to emails, really shows dedication",negative,"[[""Lecturer Punctuality"", ""negative""], [""Use of Teaching Materials"", ""negative""], [""Availability"", ""negative""]]",nigerian_slang
slang-471,Prof. Okonkwo,Operating Systems Principles,CSC304,1,"E dey cancel office hours without telling us, but E dey disorganize everything, no proper flow",negative,"[[""Availability"", ""negative""], [""Course Organisation"", ""negative""]]",nigerian_slang
slang-472,Dr. Chukwu,Operating Systems Principles,CSC304,4,"E dey respect students well well, but Materials dey very useful for revision",positive,"[[""Student Interaction"", ""positive""], [""Use of Teaching Materials"", ""positive""]]",nigerian_slang
slang-473,Prof. Okonkwo,Data Structures and Algorithms,CSC201,1,Appreciate waiting 6 weeks for grades that were clearly randomly assigned,negative,"[[""Assessment and Grading"", ""negative""]]",nigerian_slang
slang-474,Dr. Ibrahim,Operating Systems Principles,CSC304,3,"Nothing special, just normal class interaction. Also, Nothing special, just normal course arrangement",neutral,"[[""Student Interaction"", ""neutral""], [""Course Organisation"", ""neutral""]]",nigerian_slang
slang-475,Dr. Yusuf,Computer Networks,CSC303,1,"This guy dey run course like agbero, and This man dey disrespect us with lateness, but This man dey use old slides, e dey dull",negative,"[[""Course Organisation"", ""negative""], [""Lecturer Punctuality"", ""negative""], [""Use of Teaching Materials"", ""negative""]]",nigerian_slang
slang-476,Prof. Okonkwo,Machine Learning & Neural Nets,CSC408,1,"This man dey come late like say na am own time, but This guy na clown, e dey make person laugh instead of learn",negative,"[[""Lecturer Punctuality"", ""negative""], [""Teaching Clarity"", ""negative""]]",nigerian_slang
slang-477,Dr. Nwosu,Operating Systems Principles,CSC304,3,"Nothing special, just normal course arrangement. Also, Basic slides with bullet points",neutral,"[[""Course Organisation"", ""neutral""], [""Use of Teaching Materials"", ""neutral""]]",nigerian_slang
slang-478,Dr. Chukwu,Software Engineering,CSC301,2,"Love how he turns legitimate questions into insults, and Appreciate the complete lack of any useful study materials, but Appreciate how the course outline was clearly written in invisible ink",negative,"[[""Student Interaction"", ""negative""], [""Use of Teaching Materials"", ""negative""], [""Course Organisation"", ""negative""]]",nigerian_slang
slang-479,Prof. Balogun,Cloud Computing Architectures,CSC406,1,Appreciate the help - or lack thereof - when we actually need it,negative,"[[""Availability"", ""negative""]]",nigerian_slang
slang-480,Dr. Yusuf,Operating Systems Principles,CSC304,3,Deports within reasonable time limits,neutral,"[[""Lecturer Punctuality"", ""neutral""]]",nigerian_slang
slang-481,Dr. Adeyemi,Cloud Computing Architectures,CSC406,1,"E dey just dey read slides like primary school teacher, but This course dey scatter scatter, no proper arrangement",negative,"[[""Teaching Clarity"", ""negative""], [""Course Organisation"", ""negative""]]",nigerian_slang
slang-482,Prof. Okonkwo,Data Structures and Algorithms,CSC201,4,"Course dey run like smooth engine, no wahala",positive,"[[""Course Organisation"", ""positive""]]",nigerian_slang
slang-483,Dr. Chukwu,Operating Systems Principles,CSC304,2,"Great job explaining things that weren't in the exam, really helpful, and Appreciate the hostile atmosphere that discourages participation",negative,"[[""Teaching Clarity"", ""negative""], [""Student Interaction"", ""negative""]]",nigerian_slang
slang-484,Dr. Faith,Special Computing,CSC410,2,"This man na waste, e no dey help at all, and This guy dey act like say e no know syllabus, but This man dey talk rubbish, nothing dey enter head",negative,"[[""Availability"", ""negative""], [""Course Organisation"", ""negative""], [""Teaching Clarity"", ""negative""]]",nigerian_slang
slang-485,Prof. Martins,Computer Networks,CSC303,1,"Great job explaining things that weren't in the exam, really helpful",negative,"[[""Teaching Clarity"", ""negative""]]",nigerian_slang
slang-486,Dr. Chukwu,Machine Learning & Neural Nets,CSC408,1,"E dey talk to himself for class, nobody dey grab wetin e dey talk. Also, Announcements dey last minute, confusing",negative,"[[""Teaching Clarity"", ""negative""], [""Communication"", ""negative""]]",nigerian_slang
slang-487,Prof. Okonkwo,Software Engineering,CSC301,3,Deports within reasonable time limits,neutral,"[[""Lecturer Punctuality"", ""neutral""]]",nigerian_slang
slang-488,Prof. Okonkwo,Operating Systems Principles,CSC304,4,"E dey give us proper timetable, no surprises, but E dey help struggling students well well",positive,"[[""Course Organisation"", ""positive""], [""Availability"", ""positive""]]",nigerian_slang
slang-489,Dr. Ibrahim,Machine Learning & Neural Nets,CSC408,1,"This man na waste, materials dey zero, however, This man dey disrespect us with lateness",negative,"[[""Use of Teaching Materials"", ""negative""], [""Lecturer Punctuality"", ""negative""]]",nigerian_slang
slang-490,Dr. Nwosu,Data Structures and Algorithms,CSC201,1,"E dey rush everything for final weeks, like say exam dey tomorrow",negative,"[[""Course Organisation"", ""negative""]]",nigerian_slang
slang-491,Dr. Nwosu,Operating Systems Principles,CSC304,2,"This man dey always late, e no get shame",negative,"[[""Lecturer Punctuality"", ""negative""]]",nigerian_slang
slang-492,Dr. Ibrahim,Database Design & Management,CSC302,1,Great planning - rushing everything in the last two weeks was genius,negative,"[[""Course Organisation"", ""negative""]]",nigerian_slang
slang-493,Dr. Ibrahim,Data Science & Big Data,CSC412,2,"This man na waste, communication dey zero, however, This guy dey run course like agbero",negative,"[[""Communication"", ""negative""], [""Course Organisation"", ""negative""]]",nigerian_slang
slang-494,Dr. Yusuf,Data Structures and Algorithms,CSC201,1,"Always late, time no dey important to am, and E dey teach like say e no get plan, just dey do anyhow, but Class dey dull like graveyard, e no dey interact",negative,"[[""Lecturer Punctuality"", ""negative""], [""Course Organisation"", ""negative""], [""Student Interaction"", ""negative""]]",nigerian_slang
slang-495,Dr. Adeyemi,Data Science & Big Data,CSC412,2,"This man no dey give materials, e dey stingy, but This guy dey behave like say we no important",negative,"[[""Use of Teaching Materials"", ""negative""], [""Availability"", ""negative""]]",nigerian_slang
slang-496,Prof. Okonkwo,Database Design & Management,CSC302,3,"Standard availability like other lecturers, and Deports within reasonable time limits, but Course dey go according to standard university format",neutral,"[[""Availability"", ""neutral""], [""Lecturer Punctuality"", ""neutral""], [""Course Organisation"", ""neutral""]]",nigerian_slang
slang-497,Prof. Martins,Computer Networks,CSC303,2,"I dey sleep for this guy's class because nothing dey enter head, however, When you need am, e no dey available",negative,"[[""Teaching Clarity"", ""negative""], [""Availability"", ""negative""]]",nigerian_slang
slang-498,Dr. Yusuf,Data Science & Big Data,CSC412,1,"Great job explaining things that weren't in the exam, really helpful, but Love finding out about venue changes 10 minutes before class",negative,"[[""Teaching Clarity"", ""negative""], [""Communication"", ""negative""]]",nigerian_slang
slang-499,Prof. Okonkwo,Database Design & Management,CSC302,1,This man dey lock office door like say thief dey pursue am,negative,"[[""Availability"", ""negative""]]",nigerian_slang
slang-500,Prof. Okonkwo,Data Structures and Algorithms,CSC201,5,"Very interactive lecturer, class dey sweet, and Class rep dey always get info on time",positive,"[[""Student Interaction"", ""positive""], [""Communication"", ""positive""]]",nigerian_slang
slang-501,Prof. Martins,Data Structures and Algorithms,CSC201,2,"Appreciate the help - or lack thereof - when we actually need it, and Love how he turns legitimate questions into insults, but Great planning - rushing everything in the last two weeks was genius",negative,"[[""Availability"", ""negative""], [""Student Interaction"", ""negative""], [""Course Organisation"", ""negative""]]",nigerian_slang
slang-502,Dr. Yusuf,Cloud Computing Architectures,CSC406,3,E dey follow normal faculty materials,neutral,"[[""Use of Teaching Materials"", ""neutral""]]",nigerian_slang
slang-503,Dr. Ibrahim,Software Engineering,CSC301,2,"This guy dey behave like say we no important, but This man na evil with marking, e dey fail people",negative,"[[""Availability"", ""negative""], [""Assessment and Grading"", ""negative""]]",nigerian_slang
slang-504,Dr. Yusuf,Data Science & Big Data,CSC412,4,"E dey finish syllabus on time, no rushing last minute",positive,"[[""Course Organisation"", ""positive""]]",nigerian_slang
slang-505,Dr. Pomele,Database Design & Management,CSC302,1,"When you need am, e no dey available, and Grading dey unfair, e dey just dey anyhow, but I dey sleep for this guy's class because nothing dey enter head",negative,"[[""Availability"", ""negative""], [""Assessment and Grading"", ""negative""], [""Teaching Clarity"", ""negative""]]",nigerian_slang
slang-506,Dr. Faith,Computer Networks,CSC303,2,"Appreciate the help - or lack thereof - when we actually need it, and Appreciate waiting 6 weeks for grades that were clearly randomly assigned, but Love how he turns legitimate questions into insults",negative,"[[""Availability"", ""negative""], [""Assessment and Grading"", ""negative""], [""Student Interaction"", ""negative""]]",nigerian_slang
slang-507,Dr. Chukwu,Data Science & Big Data,CSC412,2,"Wonderful how the guy who wrote the best essay still failed. Also, Appreciate the hostile atmosphere that discourages participation",negative,"[[""Assessment and Grading"", ""negative""], [""Student Interaction"", ""negative""]]",nigerian_slang
slang-508,Prof. Okonkwo,Computer Networks,CSC303,3,Standard university communication channels,neutral,"[[""Communication"", ""neutral""]]",nigerian_slang
slang-509,Prof. Balogun,Database Design & Management,CSC302,2,"Love how he turns legitimate questions into insults, and Great feedback - 'needs improvement' really tells me everything",negative,"[[""Student Interaction"", ""negative""], [""Assessment and Grading"", ""negative""]]",nigerian_slang
slang-510,Prof. Martins,Cloud Computing Architectures,CSC406,1,This guy dey act like time no dey important,negative,"[[""Lecturer Punctuality"", ""negative""]]",nigerian_slang
slang-511,Prof. Martins,Introduction to Computer Science,CSC101,4,"This guy dey give us better materials, and You fit reach am anytime, e dey respond, but E dey tear lecture wella, everything dey crystal clear",positive,"[[""Use of Teaching Materials"", ""positive""], [""Availability"", ""positive""], [""Teaching Clarity"", ""positive""]]",nigerian_slang
slang-512,Dr. Pomele,Data Science & Big Data,CSC412,2,"Thanks for making students feel stupid for asking questions. Also, Wonderful how the guy who wrote the best essay still failed",negative,"[[""Student Interaction"", ""negative""], [""Assessment and Grading"", ""negative""]]",nigerian_slang
slang-513,Prof. Martins,Cloud Computing Architectures,CSC406,2,Love finding out about venue changes 10 minutes before class,negative,"[[""Communication"", ""negative""]]",nigerian_slang
slang-514,Dr. Ibrahim,Data Structures and Algorithms,CSC201,2,"This guy dey give random marks, e no sabi wetin e dey do, and This lecturer na olodo, e no sabi communicate",negative,"[[""Assessment and Grading"", ""negative""], [""Communication"", ""negative""]]",nigerian_slang
slang-515,Dr. Nwosu,Software Engineering,CSC301,1,"Thanks for making us buy textbooks you never reference, and Love how office hours are just theoretical concepts, but Great planning - rushing everything in the last two weeks was genius",negative,"[[""Use of Teaching Materials"", ""negative""], [""Availability"", ""negative""], [""Course Organisation"", ""negative""]]",nigerian_slang
slang-516,Dr. Pomele,Operating Systems Principles,CSC304,4,"E dey give helpful feedback, you go know where you miss am, but Teaching materials dey top notch",positive,"[[""Assessment and Grading"", ""positive""], [""Use of Teaching Materials"", ""positive""]]",nigerian_slang
slang-517,Dr. (Mrs) Adeleke,Data Structures and Algorithms,CSC201,1,"This man dey come class late everyday. Also, Unengaging lecturer, class dey sleep",negative,"[[""Lecturer Punctuality"", ""negative""], [""Student Interaction"", ""negative""]]",nigerian_slang
slang-518,Dr. Ibrahim,Operating Systems Principles,CSC304,4,"E dey listen to student contributions. Also, Materials dey up to date and helpful",positive,"[[""Student Interaction"", ""positive""], [""Use of Teaching Materials"", ""positive""]]",nigerian_slang
slang-519,Dr. Nwosu,Operating Systems Principles,CSC304,1,"Help dey hard to get from this lecturer, and No proper grading, e dey just dey give marks randomly, but E dey announce things after e don happen",negative,"[[""Availability"", ""negative""], [""Assessment and Grading"", ""negative""], [""Communication"", ""negative""]]",nigerian_slang
slang-520,Prof. Martins,Data Science & Big Data,CSC412,5,"Materials dey very useful for revision, however, E dey give proper rubrics before assignment",positive,"[[""Use of Teaching Materials"", ""positive""], [""Assessment and Grading"", ""positive""]]",nigerian_slang
slang-521,Prof. Martins,Special Computing,CSC410,2,"E dey rush everything for final weeks, like say exam dey tomorrow",negative,"[[""Course Organisation"", ""negative""]]",nigerian_slang
slang-522,Dr. Yusuf,Cloud Computing Architectures,CSC406,4,"If you no understand after this guy's class, then na you be the problem",positive,"[[""Teaching Clarity"", ""positive""]]",nigerian_slang
slang-523,Dr. Chukwu,Database Design & Management,CSC302,1,"Slides dey blurry, you no fit read, and Announcements dey last minute, confusing, but E dey confuse person well well, explanations no get head",negative,"[[""Use of Teaching Materials"", ""negative""], [""Communication"", ""negative""], [""Teaching Clarity"", ""negative""]]",nigerian_slang
slang-524,Dr. Chukwu,Machine Learning & Neural Nets,CSC408,1,"When you need am, e no dey available",negative,"[[""Availability"", ""negative""]]",nigerian_slang
slang-525,Dr. Yusuf,Data Science & Big Data,CSC412,2,"No be only confusing, e dey even scatter person brain join, however, E dey jump from chapter 1 to chapter 10 back to chapter 3",negative,"[[""Teaching Clarity"", ""negative""], [""Course Organisation"", ""negative""]]",nigerian_slang
slang-526,Dr. Nwosu,Operating Systems Principles,CSC304,1,"This man dey mark like wicked person, and This guy dey behave like say we no deserve info, but This guy dey behave like say we be enemies",negative,"[[""Assessment and Grading"", ""negative""], [""Communication"", ""negative""], [""Student Interaction"", ""negative""]]",nigerian_slang
slang-527,Dr. (Mrs) Adeleke,Machine Learning & Neural Nets,CSC408,2,"Great job explaining things that weren't in the exam, really helpful, however, Thanks for making students feel stupid for asking questions",negative,"[[""Teaching Clarity"", ""negative""], [""Student Interaction"", ""negative""]]",nigerian_slang
slang-528,Dr. Okafor,Database Design & Management,CSC302,4,"This guy dey come class early, dey wait for us",positive,"[[""Lecturer Punctuality"", ""positive""]]",nigerian_slang
slang-529,Dr. Yusuf,Computer Networks,CSC303,1,"No proper syllabus, e dey just dey teach wetin e like, but Teaching materials dey zero, e no dey provide anything",negative,"[[""Course Organisation"", ""negative""], [""Use of Teaching Materials"", ""negative""]]",nigerian_slang
slang-530,Prof. Balogun,Computer Networks,CSC303,2,"This man na olodo, e no sabi anything, and This guy dey behave like say materials na luxury, but This guy dey fail people intentionally, e dey wicked",negative,"[[""Teaching Clarity"", ""negative""], [""Use of Teaching Materials"", ""negative""], [""Assessment and Grading"", ""negative""]]",nigerian_slang
slang-531,Dr. Faith,Data Structures and Algorithms,CSC201,1,"No proper communication, we dey hear am for road, but No interaction at all, just one way traffic",negative,"[[""Communication"", ""negative""], [""Student Interaction"", ""negative""]]",nigerian_slang
slang-532,Prof. Balogun,Operating Systems Principles,CSC304,2,"This lecturer na waste, e no fit teach",negative,"[[""Teaching Clarity"", ""negative""]]",nigerian_slang
slang-533,Dr. Pomele,Software Engineering,CSC301,1,Appreciate waiting 6 weeks for grades that were clearly randomly assigned,negative,"[[""Assessment and Grading"", ""negative""]]",nigerian_slang
slang-534,Dr. Yusuf,Database Design & Management,CSC302,3,"Two tests and one exam like every other course. Also, E dey try sha, but sometimes e dey slow",neutral,"[[""Assessment and Grading"", ""neutral""], [""Teaching Clarity"", ""neutral""]]",nigerian_slang
slang-535,Dr. Ibrahim,Machine Learning & Neural Nets,CSC408,4,"E dey respect students well well. Also, This guy dey communicate well well",positive,"[[""Student Interaction"", ""positive""], [""Communication"", ""positive""]]",nigerian_slang
slang-536,Prof. Balogun,Introduction to Computer Science,CSC101,1,"This guy dey behave like say we be enemies, however, This man dey mess up course structure completely",negative,"[[""Student Interaction"", ""negative""], [""Course Organisation"", ""negative""]]",nigerian_slang
slang-537,Dr. Chukwu,Database Design & Management,CSC302,2,"Thanks for the surprise exam topics we never covered, really thoughtful",negative,"[[""Course Organisation"", ""negative""]]",nigerian_slang
slang-538,Dr. Okafor,Cloud Computing Architectures,CSC406,1,"Hostile environment, students dey fear to talk",negative,"[[""Student Interaction"", ""negative""]]",nigerian_slang
slang-539,Dr. Yusuf,Computer Networks,CSC303,2,"Thanks for the surprise exam topics we never covered, really thoughtful, but Wonderful how he manages to never actually explain anything",negative,"[[""Course Organisation"", ""negative""], [""Teaching Clarity"", ""negative""]]",nigerian_slang
slang-540,Prof. Balogun,Special Computing,CSC410,1,"Thanks for the 'clear' explanations that require a PhD to understand, and Appreciate the hostile atmosphere that discourages participation, but Thanks for never replying to emails, really shows dedication",negative,"[[""Teaching Clarity"", ""negative""], [""Student Interaction"", ""negative""], [""Availability"", ""negative""]]",nigerian_slang
slang-541,Dr. Adeyemi,Machine Learning & Neural Nets,CSC408,2,"This man dey confuse course organization, e no know wetin e dey do, and This man dey talk rubbish, nothing dey enter head, but This lecturer na mumu, e no dey inform us",negative,"[[""Course Organisation"", ""negative""], [""Teaching Clarity"", ""negative""], [""Communication"", ""negative""]]",nigerian_slang
slang-542,Dr. Ibrahim,Introduction to Computer Science,CSC101,2,"Thanks for making students feel stupid for asking questions. Also, Appreciate the complete radio silence on important matters",negative,"[[""Student Interaction"", ""negative""], [""Communication"", ""negative""]]",nigerian_slang
slang-543,Dr. Adeyemi,Operating Systems Principles,CSC304,5,"E dey send updates regularly, no dull moment, and E dey upload notes on time for us to read",positive,"[[""Communication"", ""positive""], [""Use of Teaching Materials"", ""positive""]]",nigerian_slang
slang-544,Dr. Ibrahim,Database Design & Management,CSC302,2,"This lecturer na mumu, e no dey inform us, however, This man dey always late, e no get shame",negative,"[[""Communication"", ""negative""], [""Lecturer Punctuality"", ""negative""]]",nigerian_slang
slang-545,Dr. Ibrahim,Operating Systems Principles,CSC304,2,"This man dey use bad materials, e no try",negative,"[[""Use of Teaching Materials"", ""negative""]]",nigerian_slang
slang-546,Dr. Yusuf,Special Computing,CSC410,4,"E dey give helpful feedback, you go know where you miss am",positive,"[[""Assessment and Grading"", ""positive""]]",nigerian_slang
slang-547,Dr. Faith,Machine Learning & Neural Nets,CSC408,4,"E dey attend to students like family, however, E dey upload notes on time for us to read",positive,"[[""Availability"", ""positive""], [""Use of Teaching Materials"", ""positive""]]",nigerian_slang
slang-548,Dr. (Mrs) Adeleke,Special Computing,CSC410,4,"Always punctual, professional behavior, but E dey give us proper timetable, no surprises",positive,"[[""Lecturer Punctuality"", ""positive""], [""Course Organisation"", ""positive""]]",nigerian_slang
slang-549,Prof. Okonkwo,Operating Systems Principles,CSC304,1,"This man dey ignore us like say we be ghost, and This lecturer na olodo, e no dey interact",negative,"[[""Communication"", ""negative""], [""Student Interaction"", ""negative""]]",nigerian_slang
slang-550,Dr. Nwosu,Computer Networks,CSC303,2,"This course dey scatter scatter, no proper arrangement. Also, Class dey dull like graveyard, e no dey interact",negative,"[[""Course Organisation"", ""negative""], [""Student Interaction"", ""negative""]]",nigerian_slang
slang-551,Dr. Adeyemi,Operating Systems Principles,CSC304,1,"This man dey dull, e no sabi explain anything",negative,"[[""Teaching Clarity"", ""negative""]]",nigerian_slang
slang-552,Dr. Ibrahim,Machine Learning & Neural Nets,CSC408,1,E dey cancel class like say e dey pure water,negative,"[[""Lecturer Punctuality"", ""negative""]]",nigerian_slang
slang-553,Dr. (Mrs) Adeleke,Operating Systems Principles,CSC304,2,"This lecturer na clown, e dey disorganize everything, and This guy dey act like say materials na gold",negative,"[[""Course Organisation"", ""negative""], [""Use of Teaching Materials"", ""negative""]]",nigerian_slang
slang-554,Prof. Balogun,Cloud Computing Architectures,CSC406,1,E dey ridicule students wey ask questions,negative,"[[""Student Interaction"", ""negative""]]",nigerian_slang
slang-555,Dr. Ibrahim,Operating Systems Principles,CSC304,1,"Materials dey poor, plenty errors, and Very unapproachable, e dey look students like trouble",negative,"[[""Use of Teaching Materials"", ""negative""], [""Availability"", ""negative""]]",nigerian_slang
slang-556,Dr. Faith,Computer Networks,CSC303,1,Love how office hours are just theoretical concepts,negative,"[[""Availability"", ""negative""]]",nigerian_slang
slang-557,Dr. Adeyemi,Computer Networks,CSC303,2,"Missed classes well well, no proper replacement, but Grading dey biased, if e no like you, you don fail",negative,"[[""Lecturer Punctuality"", ""negative""], [""Assessment and Grading"", ""negative""]]",nigerian_slang
slang-558,Prof. Balogun,Cloud Computing Architectures,CSC406,2,"Thanks for making us buy textbooks you never reference. Also, Great job explaining things that weren't in the exam, really helpful",negative,"[[""Use of Teaching Materials"", ""negative""], [""Teaching Clarity"", ""negative""]]",nigerian_slang
slang-559,Dr. Adeyemi,Data Science & Big Data,CSC412,1,This guy dey act like say we dey do am favor,negative,"[[""Assessment and Grading"", ""negative""]]",nigerian_slang
slang-560,Dr. Yusuf,Database Design & Management,CSC302,2,"This man dey refuse to share notes, wicked, however, This lecturer na mumu, e dey confuse person",negative,"[[""Use of Teaching Materials"", ""negative""], [""Teaching Clarity"", ""negative""]]",nigerian_slang
slang-561,Dr. Ibrahim,Software Engineering,CSC301,1,"This man dey mark like wicked person, but This lecturer na mumu, e no dey inform us",negative,"[[""Assessment and Grading"", ""negative""], [""Communication"", ""negative""]]",nigerian_slang
slang-562,Dr. Okafor,Cloud Computing Architectures,CSC406,1,"This mumu man no sabi explain anything at all, and E dey come 30 minutes after time don pass",negative,"[[""Teaching Clarity"", ""negative""], [""Lecturer Punctuality"", ""negative""]]",nigerian_slang
slang-563,Dr. Nwosu,Machine Learning & Neural Nets,CSC408,2,"This guy dey run course like agbero, however, This man dey dull, e no sabi explain anything",negative,"[[""Course Organisation"", ""negative""], [""Teaching Clarity"", ""negative""]]",nigerian_slang
slang-564,Dr. Yusuf,Software Engineering,CSC301,4,"The way e dey arrange topics dey very logical, and Teaching materials dey top notch, but E dey make students feel comfortable to talk",positive,"[[""Course Organisation"", ""positive""], [""Use of Teaching Materials"", ""positive""], [""Student Interaction"", ""positive""]]",nigerian_slang
slang-565,Dr. Okafor,Special Computing,CSC410,1,"E dey discourage questions, e dey vex when we ask. Also, This man no dey reply emails at all",negative,"[[""Student Interaction"", ""negative""], [""Communication"", ""negative""]]",nigerian_slang
slang-566,Prof. Balogun,Database Design & Management,CSC302,1,"Appreciate the help - or lack thereof - when we actually need it, and Love how he turns legitimate questions into insults, but Wonderful how he manages to never actually explain anything",negative,"[[""Availability"", ""negative""], [""Student Interaction"", ""negative""], [""Teaching Clarity"", ""negative""]]",nigerian_slang
slang-567,Dr. Pomele,Software Engineering,CSC301,5,"If you sabi the work, you go definitely pass, however, E dey tear lecture wella, everything dey crystal clear",positive,"[[""Assessment and Grading"", ""positive""], [""Teaching Clarity"", ""positive""]]",nigerian_slang
slang-568,Prof. Okonkwo,Introduction to Computer Science,CSC101,3,"Standard university communication channels, and Occasional lateness but not too bad, but E dey see students if you book appointment",neutral,"[[""Communication"", ""neutral""], [""Lecturer Punctuality"", ""neutral""], [""Availability"", ""neutral""]]",nigerian_slang
slang-569,Dr. Ibrahim,Computer Networks,CSC303,2,"Appreciate the help - or lack thereof - when we actually need it, and Thanks for the last-minute announcements, really helpful, but Love how he turns legitimate questions into insults",negative,"[[""Availability"", ""negative""], [""Communication"", ""negative""], [""Student Interaction"", ""negative""]]",nigerian_slang
slang-570,Prof. Martins,Computer Networks,CSC303,2,"No proper syllabus, e dey just dey teach wetin e like, and This man no dey give us any materials, but Person write well still fail, who understand this man?",negative,"[[""Course Organisation"", ""negative""], [""Use of Teaching Materials"", ""negative""], [""Assessment and Grading"", ""negative""]]",nigerian_slang
slang-571,Dr. Pomele,Operating Systems Principles,CSC304,3,"Available during normal office hours, and Course dey go according to standard university format, but E dey entertain questions sometimes",neutral,"[[""Availability"", ""neutral""], [""Course Organisation"", ""neutral""], [""Student Interaction"", ""neutral""]]",nigerian_slang
slang-572,Prof. Okonkwo,Special Computing,CSC410,2,"Thanks for wasting 30 minutes of every class being late, but Love finding out about venue changes 10 minutes before class",negative,"[[""Lecturer Punctuality"", ""negative""], [""Communication"", ""negative""]]",nigerian_slang
slang-573,Dr. Ibrahim,Cloud Computing Architectures,CSC406,2,"This lecturer na mumu, e no dey inform us, and This man dey mess up course structure completely",negative,"[[""Communication"", ""negative""], [""Course Organisation"", ""negative""]]",nigerian_slang
slang-574,Dr. Faith,Cloud Computing Architectures,CSC406,1,"E dey shun students when we ask for help, and Always late, time no dey important to am, but E dey jump from chapter 1 to chapter 10 back to chapter 3",negative,"[[""Availability"", ""negative""], [""Lecturer Punctuality"", ""negative""], [""Course Organisation"", ""negative""]]",nigerian_slang
slang-575,Prof. Okonkwo,Data Structures and Algorithms,CSC201,4,"Time keeper, e no dey waste student's time, and This guy dey give us better materials",positive,"[[""Lecturer Punctuality"", ""positive""], [""Use of Teaching Materials"", ""positive""]]",nigerian_slang
slang-576,Dr. Chukwu,Database Design & Management,CSC302,1,"Thanks for making us buy textbooks you never reference, and Thanks for wasting 30 minutes of every class being late",negative,"[[""Use of Teaching Materials"", ""negative""], [""Lecturer Punctuality"", ""negative""]]",nigerian_slang
slang-577,Dr. Chukwu,Software Engineering,CSC301,1,Love the slides with more typos than actual content,negative,"[[""Use of Teaching Materials"", ""negative""]]",nigerian_slang
slang-578,Dr. (Mrs) Adeleke,Machine Learning & Neural Nets,CSC408,4,"E dey give proper rubrics before assignment, and E dey start class exactly on time, no delay, but E dey make sure everybody understand announcement",positive,"[[""Assessment and Grading"", ""positive""], [""Lecturer Punctuality"", ""positive""], [""Communication"", ""positive""]]",nigerian_slang
slang-579,Prof. Okonkwo,Cloud Computing Architectures,CSC406,1,"This lecturer na mumu with grading, e no dey fair, and This man dey always late, e no get shame",negative,"[[""Assessment and Grading"", ""negative""], [""Lecturer Punctuality"", ""negative""]]",nigerian_slang
slang-580,Dr. (Mrs) Adeleke,Cloud Computing Architectures,CSC406,2,"Appreciate how the course outline was clearly written in invisible ink, and Appreciate waiting 6 weeks for grades that were clearly randomly assigned, but Appreciate the hostile atmosphere that discourages participation",negative,"[[""Course Organisation"", ""negative""], [""Assessment and Grading"", ""negative""], [""Student Interaction"", ""negative""]]",nigerian_slang
slang-581,Dr. Adeyemi,Data Science & Big Data,CSC412,2,"Unengaging lecturer, class dey sleep, however, E dey fail to inform us about important things",negative,"[[""Student Interaction"", ""negative""], [""Communication"", ""negative""]]",nigerian_slang
slang-582,Dr. Chukwu,Software Engineering,CSC301,5,"E dey return scripts on time, no wahala, but No rush at all, e dey take time cover everything",positive,"[[""Assessment and Grading"", ""positive""], [""Course Organisation"", ""positive""]]",nigerian_slang
slang-583,Dr. Pomele,Machine Learning & Neural Nets,CSC408,1,"This guy dey impossible to reach, e dey run, and This lecturer na olodo, e no sabi communicate, but This man dey confuse course organization, e no know wetin e dey do",negative,"[[""Availability"", ""negative""], [""Communication"", ""negative""], [""Course Organisation"", ""negative""]]",nigerian_slang
slang-584,Dr. Pomele,Computer Networks,CSC303,1,"No be only confusing, e dey even scatter person brain join, however, E dey shun students when we ask for help",negative,"[[""Teaching Clarity"", ""negative""], [""Availability"", ""negative""]]",nigerian_slang
slang-585,Dr. (Mrs) Adeleke,Data Structures and Algorithms,CSC201,4,"Always punctual, professional behavior, however, Availability dey top notch, always there when needed",positive,"[[""Lecturer Punctuality"", ""positive""], [""Availability"", ""positive""]]",nigerian_slang
slang-586,Prof. Martins,Cloud Computing Architectures,CSC406,4,"The way e dey explain dey give joy, you go just understand everything",positive,"[[""Teaching Clarity"", ""positive""]]",nigerian_slang
slang-587,Prof. Balogun,Machine Learning & Neural Nets,CSC408,2,"This lecturer na olodo, e no dey interact",negative,"[[""Student Interaction"", ""negative""]]",nigerian_slang
slang-588,Prof. Okonkwo,Machine Learning & Neural Nets,CSC408,2,"Love finding out about venue changes 10 minutes before class, and Thanks for the 'clear' explanations that require a PhD to understand, but Love how he turns legitimate questions into insults",negative,"[[""Communication"", ""negative""], [""Teaching Clarity"", ""negative""], [""Student Interaction"", ""negative""]]",nigerian_slang
slang-589,Dr. Chukwu,Data Science & Big Data,CSC412,1,"This lecturer na olodo, e no dey provide materials",negative,"[[""Use of Teaching Materials"", ""negative""]]",nigerian_slang
slang-590,Prof. Balogun,Machine Learning & Neural Nets,CSC408,2,"Oh sure, because reading slides word-for-word is definitely 'teaching'. Also, Love the slides with more typos than actual content",negative,"[[""Teaching Clarity"", ""negative""], [""Use of Teaching Materials"", ""negative""]]",nigerian_slang
slang-591,Prof. Balogun,Computer Networks,CSC303,2,"Grading dey biased, if e no like you, you don fail, and Very unapproachable, e dey look students like trouble",negative,"[[""Assessment and Grading"", ""negative""], [""Availability"", ""negative""]]",nigerian_slang
slang-592,Prof. Okonkwo,Cloud Computing Architectures,CSC406,5,"Course dey well arranged, e no dey scatter at all",positive,"[[""Course Organisation"", ""positive""]]",nigerian_slang
slang-593,Dr. Yusuf,Data Science & Big Data,CSC412,2,"This man dey intimidate students like bully. Also, This man dey always late, e no get shame",negative,"[[""Student Interaction"", ""negative""], [""Lecturer Punctuality"", ""negative""]]",nigerian_slang
slang-594,Dr. Nwosu,Special Computing,CSC410,4,"E dey attend to students like family. Also, Grading dey just, no favoritism at all",positive,"[[""Availability"", ""positive""], [""Assessment and Grading"", ""positive""]]",nigerian_slang
slang-595,Dr. Nwosu,Data Science & Big Data,CSC412,2,"E dey confuse person well well, explanations no get head. Also, No interaction at all, just one way traffic",negative,"[[""Teaching Clarity"", ""negative""], [""Student Interaction"", ""negative""]]",nigerian_slang
slang-596,Dr. (Mrs) Adeleke,Data Structures and Algorithms,CSC201,2,"This man dey use bad materials, e no try. Also, This guy dey act like say e no know syllabus",negative,"[[""Use of Teaching Materials"", ""negative""], [""Course Organisation"", ""negative""]]",nigerian_slang
slang-597,Dr. Yusuf,Operating Systems Principles,CSC304,1,"E dey keep us in the dark about everything, however, This man dey impossible to reach outside class",negative,"[[""Communication"", ""negative""], [""Availability"", ""negative""]]",nigerian_slang
slang-598,Prof. Balogun,Database Design & Management,CSC302,4,"Communication dey top notch, e no dey hide info, and Never late for once, very punctual man, but Materials dey very useful for revision",positive,"[[""Communication"", ""positive""], [""Lecturer Punctuality"", ""positive""], [""Use of Teaching Materials"", ""positive""]]",nigerian_slang
slang-599,Prof. Martins,Operating Systems Principles,CSC304,1,"Thanks for the last-minute announcements, really helpful, and Love the slides with more typos than actual content",negative,"[[""Communication"", ""negative""], [""Use of Teaching Materials"", ""negative""]]",nigerian_slang
slang-600,Dr. Faith,Data Structures and Algorithms,CSC201,3,"Available during normal office hours, but Topics dey covered as per the curriculum",neutral,"[[""Availability"", ""neutral""], [""Course Organisation"", ""neutral""]]",nigerian_slang
slang-601,Dr. Adeyemi,Introduction to Computer Science,CSC101,5,"Marking dey transparent, no under the table business. Also, E dey finish syllabus on time, no rushing last minute",positive,"[[""Assessment and Grading"", ""positive""], [""Course Organisation"", ""positive""]]",nigerian_slang
slang-602,Dr. Adeyemi,Cloud Computing Architectures,CSC406,1,"This man dey mark like wicked person, and This man dey mess up course structure completely, but This lecturer na mumu, e no dey inform us",negative,"[[""Assessment and Grading"", ""negative""], [""Course Organisation"", ""negative""], [""Communication"", ""negative""]]",nigerian_slang
slang-603,Dr. Pomele,Special Computing,CSC410,1,"This man dey mess up course structure completely, but This man dey mark like wicked person",negative,"[[""Course Organisation"", ""negative""], [""Assessment and Grading"", ""negative""]]",nigerian_slang
slang-604,Prof. Okonkwo,Special Computing,CSC410,1,"This man dey come class late everyday, mumu behavior. Also, This man dey mark anyhow, e dey fail people for nothing",negative,"[[""Lecturer Punctuality"", ""negative""], [""Assessment and Grading"", ""negative""]]",nigerian_slang
slang-605,Prof. Balogun,Software Engineering,CSC301,1,"This lecturer na olodo, e no dey available, but This guy dey run course like agbero",negative,"[[""Availability"", ""negative""], [""Course Organisation"", ""negative""]]",nigerian_slang
slang-606,Dr. Ibrahim,Computer Networks,CSC303,2,"Thanks for the last-minute announcements, really helpful. Also, Appreciate waiting 6 weeks for grades that were clearly randomly assigned",negative,"[[""Communication"", ""negative""], [""Assessment and Grading"", ""negative""]]",nigerian_slang
slang-607,Dr. Adeyemi,Cloud Computing Architectures,CSC406,3,"E dey follow textbook, nothing special but e dey go, but Nothing special, just normal course arrangement",neutral,"[[""Teaching Clarity"", ""neutral""], [""Course Organisation"", ""neutral""]]",nigerian_slang
slang-608,Dr. Chukwu,Data Science & Big Data,CSC412,2,Materials dey inadequate for the course,negative,"[[""Use of Teaching Materials"", ""negative""]]",nigerian_slang
slang-609,Prof. Balogun,Machine Learning & Neural Nets,CSC408,1,"This man dey mess up course structure completely, however, This man na waste, e no dey interact at all",negative,"[[""Course Organisation"", ""negative""], [""Student Interaction"", ""negative""]]",nigerian_slang
slang-610,Dr. Adeyemi,Data Structures and Algorithms,CSC201,1,"Materials dey poor, plenty errors, however, Always late, time no dey important to am",negative,"[[""Use of Teaching Materials"", ""negative""], [""Lecturer Punctuality"", ""negative""]]",nigerian_slang
slang-611,Prof. Balogun,Machine Learning & Neural Nets,CSC408,2,"E dey ignore class rep messages, but This man dey come class late everyday",negative,"[[""Communication"", ""negative""], [""Lecturer Punctuality"", ""negative""]]",nigerian_slang
slang-612,Prof. Balogun,Data Science & Big Data,CSC412,3,E dey send emails sometimes,neutral,"[[""Communication"", ""neutral""]]",nigerian_slang
slang-613,Prof. Martins,Computer Networks,CSC303,2,"Appreciate how the course outline was clearly written in invisible ink, and Wonderful how the guy who wrote the best essay still failed, but Love how office hours are just theoretical concepts",negative,"[[""Course Organisation"", ""negative""], [""Assessment and Grading"", ""negative""], [""Availability"", ""negative""]]",nigerian_slang
slang-614,Prof. Okonkwo,Operating Systems Principles,CSC304,1,"Slides dey old and outdated, like 1990s, however, Missed classes well well, no proper replacement",negative,"[[""Use of Teaching Materials"", ""negative""], [""Lecturer Punctuality"", ""negative""]]",nigerian_slang
slang-615,Dr. Chukwu,Computer Networks,CSC303,2,"This man dey keep info to himself, selfish, but This lecturer na olodo, e no dey available",negative,"[[""Communication"", ""negative""], [""Availability"", ""negative""]]",nigerian_slang
slang-616,Prof. Okonkwo,Data Science & Big Data,CSC412,1,"Love the slides with more typos than actual content, but Great planning - rushing everything in the last two weeks was genius",negative,"[[""Use of Teaching Materials"", ""negative""], [""Course Organisation"", ""negative""]]",nigerian_slang
slang-617,Dr. Chukwu,Computer Networks,CSC303,1,E dey cancel class like say e dey pure water,negative,"[[""Lecturer Punctuality"", ""negative""]]",nigerian_slang
slang-618,Prof. Martins,Special Computing,CSC410,2,"Appreciate the hostile atmosphere that discourages participation, however, Love how office hours are just theoretical concepts",negative,"[[""Student Interaction"", ""negative""], [""Availability"", ""negative""]]",nigerian_slang
slang-619,Dr. Pomele,Database Design & Management,CSC302,2,"Thanks for making students feel stupid for asking questions, and Appreciate the complete radio silence on important matters, but Wonderful how the guy who wrote the best essay still failed",negative,"[[""Student Interaction"", ""negative""], [""Communication"", ""negative""], [""Assessment and Grading"", ""negative""]]",nigerian_slang
slang-620,Dr. Pomele,Cloud Computing Architectures,CSC406,3,"Standard teaching, nothing to write home about, and E dey communicate through class rep, but Standard availability like other lecturers",neutral,"[[""Teaching Clarity"", ""neutral""], [""Communication"", ""neutral""], [""Availability"", ""neutral""]]",nigerian_slang
slang-621,Dr. Faith,Special Computing,CSC410,1,"E dey ignore students wey raise hand, however, E dey resume when e feel like, no respect for time",negative,"[[""Student Interaction"", ""negative""], [""Lecturer Punctuality"", ""negative""]]",nigerian_slang
slang-622,Dr. (Mrs) Adeleke,Cloud Computing Architectures,CSC406,1,"Poor communication, students dey in the dark, and E dey ridicule students wey ask questions, but E dey cancel class like say e dey pure water",negative,"[[""Communication"", ""negative""], [""Student Interaction"", ""negative""], [""Lecturer Punctuality"", ""negative""]]",nigerian_slang
slang-623,Dr. Adeyemi,Special Computing,CSC410,2,"Love the slides with more typos than actual content, but Thanks for the last-minute announcements, really helpful",negative,"[[""Use of Teaching Materials"", ""negative""], [""Communication"", ""negative""]]",nigerian_slang
slang-624,Dr. (Mrs) Adeleke,Operating Systems Principles,CSC304,2,"This lecturer na olodo, e no dey interact, and This man dey make himself unavailable, wicked",negative,"[[""Student Interaction"", ""negative""], [""Availability"", ""negative""]]",nigerian_slang
slang-625,Prof. Balogun,Operating Systems Principles,CSC304,1,"Materials dey poor, plenty errors",negative,"[[""Use of Teaching Materials"", ""negative""]]",nigerian_slang
slang-626,Dr. Pomele,Software Engineering,CSC301,1,"No be only confusing, e dey even scatter person brain join, but E dey cancel office hours without telling us",negative,"[[""Teaching Clarity"", ""negative""], [""Availability"", ""negative""]]",nigerian_slang
slang-627,Dr. Yusuf,Data Structures and Algorithms,CSC201,1,"Help dey hard to get from this lecturer, but E dey come 30 minutes after time don pass",negative,"[[""Availability"", ""negative""], [""Lecturer Punctuality"", ""negative""]]",nigerian_slang
slang-628,Dr. Nwosu,Data Structures and Algorithms,CSC201,1,"This guy dey act like say e no know syllabus, and This man na waste, communication dey zero, but This guy dey act like say we be children",negative,"[[""Course Organisation"", ""negative""], [""Communication"", ""negative""], [""Student Interaction"", ""negative""]]",nigerian_slang
slang-629,Dr. Ibrahim,Database Design & Management,CSC302,1,"This man dey refuse to share notes, wicked. Also, This lecturer na mumu, e no dey see students",negative,"[[""Use of Teaching Materials"", ""negative""], [""Availability"", ""negative""]]",nigerian_slang
slang-630,Prof. Martins,Machine Learning & Neural Nets,CSC408,3,"You fit reach am during consultation hours, however, Lectures dey manageable, you go fit understand if you read well",neutral,"[[""Availability"", ""neutral""], [""Teaching Clarity"", ""neutral""]]",nigerian_slang
slang-631,Dr. Okafor,Computer Networks,CSC303,1,"Oh sure, because reading slides word-for-word is definitely 'teaching', and Wonderful how the guy who wrote the best essay still failed, but Appreciate how he treats our time like it's worthless",negative,"[[""Teaching Clarity"", ""negative""], [""Assessment and Grading"", ""negative""], [""Lecturer Punctuality"", ""negative""]]",nigerian_slang
slang-632,Dr. Pomele,Machine Learning & Neural Nets,CSC408,4,"The way e dey explain dey give joy, you go just understand everything, and E dey send updates regularly, no dull moment, but Materials dey very useful for revision",positive,"[[""Teaching Clarity"", ""positive""], [""Communication"", ""positive""], [""Use of Teaching Materials"", ""positive""]]",nigerian_slang
slang-633,Dr. Nwosu,Cloud Computing Architectures,CSC406,3,Deports within reasonable time limits,neutral,"[[""Lecturer Punctuality"", ""neutral""]]",nigerian_slang
slang-634,Dr. Ibrahim,Cloud Computing Architectures,CSC406,2,"This man na waste of space, course dey scatter, and This lecturer na olodo, e no dey provide materials",negative,"[[""Course Organisation"", ""negative""], [""Use of Teaching Materials"", ""negative""]]",nigerian_slang
slang-635,Dr. Faith,Operating Systems Principles,CSC304,1,"Thanks for the last-minute announcements, really helpful",negative,"[[""Communication"", ""negative""]]",nigerian_slang
slang-636,Dr. Okafor,Data Science & Big Data,CSC412,1,"E dey resume when e feel like, no respect for time. Also, Teaching materials dey zero, e no dey provide anything",negative,"[[""Lecturer Punctuality"", ""negative""], [""Use of Teaching Materials"", ""negative""]]",nigerian_slang
slang-637,Dr. Chukwu,Software Engineering,CSC301,3,"Normal level of communication, but Available during normal office hours",neutral,"[[""Communication"", ""neutral""], [""Availability"", ""neutral""]]",nigerian_slang
slang-638,Dr. Nwosu,Software Engineering,CSC301,3,"Standard availability like other lecturers, but Marking dey okay, nothing special",neutral,"[[""Availability"", ""neutral""], [""Assessment and Grading"", ""neutral""]]",nigerian_slang
slang-639,Dr. Nwosu,Machine Learning & Neural Nets,CSC408,1,"Appreciate how he treats our time like it's worthless, however, Appreciate the complete radio silence on important matters",negative,"[[""Lecturer Punctuality"", ""negative""], [""Communication"", ""negative""]]",nigerian_slang
slang-640,Prof. Balogun,Cloud Computing Architectures,CSC406,1,"Oh sure, because reading slides word-for-word is definitely 'teaching', and Appreciate how he treats our time like it's worthless, but Love the slides with more typos than actual content",negative,"[[""Teaching Clarity"", ""negative""], [""Lecturer Punctuality"", ""negative""], [""Use of Teaching Materials"", ""negative""]]",nigerian_slang
slang-641,Dr. Yusuf,Introduction to Computer Science,CSC101,4,"Course dey well arranged, e no dey scatter at all",positive,"[[""Course Organisation"", ""positive""]]",nigerian_slang
slang-642,Prof. Okonkwo,Introduction to Computer Science,CSC101,2,Great feedback - 'needs improvement' really tells me everything,negative,"[[""Assessment and Grading"", ""negative""]]",nigerian_slang
slang-643,Dr. Yusuf,Data Science & Big Data,CSC412,4,"E dey finish syllabus on time, no rushing last minute, and Updates dey reach us on time",positive,"[[""Course Organisation"", ""positive""], [""Communication"", ""positive""]]",nigerian_slang
slang-644,Dr. Pomele,Database Design & Management,CSC302,5,"Very interactive lecturer, class dey sweet. Also, This guy dey come class early, dey wait for us",positive,"[[""Student Interaction"", ""positive""], [""Lecturer Punctuality"", ""positive""]]",nigerian_slang
slang-645,Dr. (Mrs) Adeleke,Cloud Computing Architectures,CSC406,3,E dey entertain questions sometimes,neutral,"[[""Student Interaction"", ""neutral""]]",nigerian_slang
slang-646,Dr. Adeyemi,Data Structures and Algorithms,CSC201,1,"E dey disorganize everything, no proper flow",negative,"[[""Course Organisation"", ""negative""]]",nigerian_slang
slang-647,Dr. Adeyemi,Machine Learning & Neural Nets,CSC408,4,"Teaching materials dey top notch, but Every lecture dey clear, no wahala at all",positive,"[[""Use of Teaching Materials"", ""positive""], [""Teaching Clarity"", ""positive""]]",nigerian_slang
slang-648,Dr. Pomele,Operating Systems Principles,CSC304,5,"If you no understand after this guy's class, then na you be the problem, and Very accessible lecturer, no wahala",positive,"[[""Teaching Clarity"", ""positive""], [""Availability"", ""positive""]]",nigerian_slang
slang-649,Dr. Ibrahim,Data Science & Big Data,CSC412,2,"Materials dey inadequate for the course. Also, E dey teach like say e dey speak in tongues, who understand?",negative,"[[""Use of Teaching Materials"", ""negative""], [""Teaching Clarity"", ""negative""]]",nigerian_slang
slang-650,Dr. Chukwu,Machine Learning & Neural Nets,CSC408,3,"Updates dey come through normal channels, and Available during normal office hours",neutral,"[[""Communication"", ""neutral""], [""Availability"", ""neutral""]]",nigerian_slang
slang-651,Dr. Nwosu,Machine Learning & Neural Nets,CSC408,2,"E dey resume when e feel like, no respect for time, and Grading dey unfair, e dey just dey anyhow, but WhatsApp group dey dry, e no dey post anything",negative,"[[""Lecturer Punctuality"", ""negative""], [""Assessment and Grading"", ""negative""], [""Communication"", ""negative""]]",nigerian_slang
slang-652,Dr. Nwosu,Data Science & Big Data,CSC412,4,"The way e dey explain dey give joy, you go just understand everything",positive,"[[""Teaching Clarity"", ""positive""]]",nigerian_slang
slang-653,Dr. Chukwu,Data Structures and Algorithms,CSC201,2,"This man no dey give us any materials, but I dey sleep for this guy's class because nothing dey enter head",negative,"[[""Use of Teaching Materials"", ""negative""], [""Teaching Clarity"", ""negative""]]",nigerian_slang
slang-654,Dr. Chukwu,Special Computing,CSC410,3,"E dey follow normal faculty materials, however, Normal level of communication",neutral,"[[""Use of Teaching Materials"", ""neutral""], [""Communication"", ""neutral""]]",nigerian_slang
slang-655,Dr. Okafor,Data Science & Big Data,CSC412,2,"This guy na clown, e dey make person laugh instead of learn, however, This man dey come late like say na am own time",negative,"[[""Teaching Clarity"", ""negative""], [""Lecturer Punctuality"", ""negative""]]",nigerian_slang
slang-656,Prof. Martins,Special Computing,CSC410,1,"Thanks for the surprise exam topics we never covered, really thoughtful, and Appreciate how he treats our time like it's worthless, but Thanks for never replying to emails, really shows dedication",negative,"[[""Course Organisation"", ""negative""], [""Lecturer Punctuality"", ""negative""], [""Availability"", ""negative""]]",nigerian_slang
slang-657,Dr. (Mrs) Adeleke,Data Science & Big Data,CSC412,1,Love the surprise cancelled classes we find out about 5 minutes before,negative,"[[""Lecturer Punctuality"", ""negative""]]",nigerian_slang
slang-658,Prof. Balogun,Operating Systems Principles,CSC304,2,"No proper channel of communication, however, This man dey intimidate students for class",negative,"[[""Communication"", ""negative""], [""Student Interaction"", ""negative""]]",nigerian_slang
slang-659,Dr. Adeyemi,Data Science & Big Data,CSC412,1,E dey keep us in the dark about everything,negative,"[[""Communication"", ""negative""]]",nigerian_slang
slang-660,Dr. Faith,Data Structures and Algorithms,CSC201,2,"This man na waste of space, course dey scatter",negative,"[[""Course Organisation"", ""negative""]]",nigerian_slang
slang-661,Dr. Okafor,Cloud Computing Architectures,CSC406,1,"This man na olodo, e no sabi anything",negative,"[[""Teaching Clarity"", ""negative""]]",nigerian_slang
slang-662,Dr. Pomele,Computer Networks,CSC303,3,"Two tests and one exam like every other course, and Topics dey covered as per the curriculum",neutral,"[[""Assessment and Grading"", ""neutral""], [""Course Organisation"", ""neutral""]]",nigerian_slang
slang-663,Dr. Faith,Operating Systems Principles,CSC304,1,"This man na olodo, e no sabi anything, but This man dey make himself unavailable, wicked",negative,"[[""Teaching Clarity"", ""negative""], [""Availability"", ""negative""]]",nigerian_slang
slang-664,Dr. Chukwu,Database Design & Management,CSC302,5,"Course dey run like smooth engine, no wahala",positive,"[[""Course Organisation"", ""positive""]]",nigerian_slang
slang-665,Dr. Ibrahim,Software Engineering,CSC301,1,"E dey shun students when we ask for help, however, E dey talk to himself for class, nobody dey grab wetin e dey talk",negative,"[[""Availability"", ""negative""], [""Teaching Clarity"", ""negative""]]",nigerian_slang
slang-666,Dr. (Mrs) Adeleke,Data Structures and Algorithms,CSC201,1,"Unreliable information, confusing announcements",negative,"[[""Communication"", ""negative""]]",nigerian_slang
slang-667,Dr. Pomele,Operating Systems Principles,CSC304,3,"E dey follow textbook, nothing special but e dey go, however, E dey follow normal faculty materials",neutral,"[[""Teaching Clarity"", ""neutral""], [""Use of Teaching Materials"", ""neutral""]]",nigerian_slang
slang-668,Dr. (Mrs) Adeleke,Special Computing,CSC410,1,"Love the slides with more typos than actual content, and Love how office hours are just theoretical concepts, but Thanks for making students feel stupid for asking questions",negative,"[[""Use of Teaching Materials"", ""negative""], [""Availability"", ""negative""], [""Student Interaction"", ""negative""]]",nigerian_slang
slang-669,Dr. Adeyemi,Introduction to Computer Science,CSC101,4,"E dey respect time die, no African time, and Slides dey comprehensive and well designed",positive,"[[""Lecturer Punctuality"", ""positive""], [""Use of Teaching Materials"", ""positive""]]",nigerian_slang
slang-670,Dr. Okafor,Data Structures and Algorithms,CSC201,2,"This lecturer na olodo, e no dey provide materials",negative,"[[""Use of Teaching Materials"", ""negative""]]",nigerian_slang
slang-671,Prof. Martins,Database Design & Management,CSC302,4,"E dey help struggling students well well, but No rush at all, e dey take time cover everything",positive,"[[""Availability"", ""positive""], [""Course Organisation"", ""positive""]]",nigerian_slang
slang-672,Dr. Okafor,Computer Networks,CSC303,4,"Very interactive lecturer, class dey sweet. Also, The course structure dey make sense, everything dey follow proper order",positive,"[[""Student Interaction"", ""positive""], [""Course Organisation"", ""positive""]]",nigerian_slang
slang-673,Dr. Nwosu,Cloud Computing Architectures,CSC406,2,"This guy dey come late like agbero, no respect, and This lecturer na waste, e no fit teach, but This man dey use old slides, e dey dull",negative,"[[""Lecturer Punctuality"", ""negative""], [""Teaching Clarity"", ""negative""], [""Use of Teaching Materials"", ""negative""]]",nigerian_slang
slang-674,Dr. Pomele,Data Structures and Algorithms,CSC201,1,"Time waster, always behind schedule, and E dey keep scripts till next semester, no return, but Materials dey inadequate for the course",negative,"[[""Lecturer Punctuality"", ""negative""], [""Assessment and Grading"", ""negative""], [""Use of Teaching Materials"", ""negative""]]",nigerian_slang
slang-675,Dr. Okafor,Computer Networks,CSC303,5,"E dey make the hard topics look like child's play, and Very reliable with time, always available, but E dey reply emails sharp sharp",positive,"[[""Teaching Clarity"", ""positive""], [""Lecturer Punctuality"", ""positive""], [""Availability"", ""positive""]]",nigerian_slang
slang-676,Dr. Faith,Data Structures and Algorithms,CSC201,1,"E dey discourage questions, e dey vex when we ask. Also, No proper outline, e dey just dey waka anyhow",negative,"[[""Student Interaction"", ""negative""], [""Course Organisation"", ""negative""]]",nigerian_slang
slang-677,Dr. Okafor,Data Science & Big Data,CSC412,4,"If you no understand after this guy's class, then na you be the problem, and Never late for once, very punctual man",positive,"[[""Teaching Clarity"", ""positive""], [""Lecturer Punctuality"", ""positive""]]",nigerian_slang
slang-678,Dr. Nwosu,Database Design & Management,CSC302,2,"No proper outline, e dey just dey waka anyhow, and E dey keep us waiting for nothing, but Communication dey poor, e no dey inform us",negative,"[[""Course Organisation"", ""negative""], [""Lecturer Punctuality"", ""negative""], [""Communication"", ""negative""]]",nigerian_slang
slang-679,Dr. Pomele,Operating Systems Principles,CSC304,1,"Great planning - rushing everything in the last two weeks was genius, but Appreciate the help - or lack thereof - when we actually need it",negative,"[[""Course Organisation"", ""negative""], [""Availability"", ""negative""]]",nigerian_slang
slang-680,Dr. Adeyemi,Special Computing,CSC410,1,E dey keep important information to himself,negative,"[[""Communication"", ""negative""]]",nigerian_slang
slang-681,Dr. Yusuf,Software Engineering,CSC301,1,E dey fail to respond to urgent matters,negative,"[[""Communication"", ""negative""]]",nigerian_slang
slang-682,Dr. Nwosu,Data Science & Big Data,CSC412,3,"Occasional lateness but not too bad. Also, Standard lecture format with some interaction",neutral,"[[""Lecturer Punctuality"", ""neutral""], [""Student Interaction"", ""neutral""]]",nigerian_slang
slang-683,Dr. Ibrahim,Machine Learning & Neural Nets,CSC408,2,Love finding out about venue changes 10 minutes before class,negative,"[[""Communication"", ""negative""]]",nigerian_slang
slang-684,Dr. Ibrahim,Data Structures and Algorithms,CSC201,2,"Appreciate the help - or lack thereof - when we actually need it, but Love the surprise cancelled classes we find out about 5 minutes before",negative,"[[""Availability"", ""negative""], [""Lecturer Punctuality"", ""negative""]]",nigerian_slang
slang-685,Dr. Adeyemi,Data Structures and Algorithms,CSC201,3,E dey follow the normal departmental syllabus,neutral,"[[""Course Organisation"", ""neutral""]]",nigerian_slang
slang-686,Dr. Pomele,Cloud Computing Architectures,CSC406,4,"E dey start class sharp sharp, no wasting time",positive,"[[""Lecturer Punctuality"", ""positive""]]",nigerian_slang
slang-687,Dr. Pomele,Special Computing,CSC410,1,"Teaching materials dey zero, e no dey provide anything, and This man dey mark person wickedly, e dey fail people for nothing, but E dey waste our time with lateness",negative,"[[""Use of Teaching Materials"", ""negative""], [""Assessment and Grading"", ""negative""], [""Lecturer Punctuality"", ""negative""]]",nigerian_slang
slang-688,Dr. Okafor,Data Science & Big Data,CSC412,1,"This lecturer na mumu, e no dey inform us",negative,"[[""Communication"", ""negative""]]",nigerian_slang
slang-689,Dr. (Mrs) Adeleke,Database Design & Management,CSC302,2,"Great feedback - 'needs improvement' really tells me everything. Also, Thanks for making students feel stupid for asking questions",negative,"[[""Assessment and Grading"", ""negative""], [""Student Interaction"", ""negative""]]",nigerian_slang
slang-690,Prof. Balogun,Data Structures and Algorithms,CSC201,2,"This guy na idiot, e no dey understand wetin e dey teach, and This guy dey run course like agbero",negative,"[[""Teaching Clarity"", ""negative""], [""Course Organisation"", ""negative""]]",nigerian_slang
slang-691,Prof. Martins,Computer Networks,CSC303,2,"This lecturer na olodo with marking, e no sabi mark",negative,"[[""Assessment and Grading"", ""negative""]]",nigerian_slang
slang-692,Dr. Adeyemi,Introduction to Computer Science,CSC101,4,E dey help struggling students well well,positive,"[[""Availability"", ""positive""]]",nigerian_slang
slang-693,Dr. Ibrahim,Introduction to Computer Science,CSC101,1,"This man dey fail to respond, e dey dull, however, This man dey mess up course structure completely",negative,"[[""Communication"", ""negative""], [""Course Organisation"", ""negative""]]",nigerian_slang
slang-694,Dr. Okafor,Data Science & Big Data,CSC412,1,"Slides dey blurry, you no fit read",negative,"[[""Use of Teaching Materials"", ""negative""]]",nigerian_slang
slang-695,Dr. Yusuf,Special Computing,CSC410,2,"Love how office hours are just theoretical concepts, however, Appreciate how he treats our time like it's worthless",negative,"[[""Availability"", ""negative""], [""Lecturer Punctuality"", ""negative""]]",nigerian_slang
slang-696,Dr. Yusuf,Database Design & Management,CSC302,1,"E dey rush everything for final weeks, like say exam dey tomorrow",negative,"[[""Course Organisation"", ""negative""]]",nigerian_slang
slang-697,Prof. Okonkwo,Operating Systems Principles,CSC304,2,"This man dey scatter everything, no sense at all, however, This man na evil with marking, e dey fail people",negative,"[[""Course Organisation"", ""negative""], [""Assessment and Grading"", ""negative""]]",nigerian_slang
slang-698,Dr. Faith,Machine Learning & Neural Nets,CSC408,2,"The course dey confused, topics dey jump up and down, and E dey shun students when we ask for help",negative,"[[""Course Organisation"", ""negative""], [""Availability"", ""negative""]]",nigerian_slang
slang-699,Prof. Okonkwo,Computer Networks,CSC303,2,"Appreciate the complete radio silence on important matters, and Love the surprise cancelled classes we find out about 5 minutes before, but Great planning - rushing everything in the last two weeks was genius",negative,"[[""Communication"", ""negative""], [""Lecturer Punctuality"", ""negative""], [""Course Organisation"", ""negative""]]",nigerian_slang
slang-700,Dr. Okafor,Database Design & Management,CSC302,2,"E dey disorganize everything, no proper flow, and E dey force us to buy textbook, but No proper communication, we dey hear am for road",negative,"[[""Course Organisation"", ""negative""], [""Use of Teaching Materials"", ""negative""], [""Communication"", ""negative""]]",nigerian_slang
slang-701,Dr. Yusuf,Cloud Computing Architectures,CSC406,2,"This man na waste, e no dey interact at all, but This man na waste of space, course dey scatter",negative,"[[""Student Interaction"", ""negative""], [""Course Organisation"", ""negative""]]",nigerian_slang
slang-702,Dr. Pomele,Introduction to Computer Science,CSC101,3,"E dey follow the normal departmental syllabus, and Available during normal office hours, but Deports within reasonable time limits",neutral,"[[""Course Organisation"", ""neutral""], [""Availability"", ""neutral""], [""Lecturer Punctuality"", ""neutral""]]",nigerian_slang
slang-703,Dr. Chukwu,Machine Learning & Neural Nets,CSC408,1,"Test questions dey different from wetin e teach for class. Also, The course dey confused, topics dey jump up and down",negative,"[[""Assessment and Grading"", ""negative""], [""Course Organisation"", ""negative""]]",nigerian_slang
slang-704,Dr. Okafor,Data Structures and Algorithms,CSC201,1,"This guy dey behave like say we no important, however, This man dey disrespect us with lateness",negative,"[[""Availability"", ""negative""], [""Lecturer Punctuality"", ""negative""]]",nigerian_slang
slang-705,Prof. Martins,Special Computing,CSC410,3,"Basic slides with bullet points, and E dey try sha, but sometimes e dey slow, but Standard university communication channels",neutral,"[[""Use of Teaching Materials"", ""neutral""], [""Teaching Clarity"", ""neutral""], [""Communication"", ""neutral""]]",nigerian_slang
slang-706,Dr. Yusuf,Data Structures and Algorithms,CSC201,1,Love how office hours are just theoretical concepts,negative,"[[""Availability"", ""negative""]]",nigerian_slang
slang-707,Dr. Yusuf,Computer Networks,CSC303,1,"Very unapproachable, e dey look students like trouble. Also, E dey ignore messages like say we no exist",negative,"[[""Availability"", ""negative""], [""Communication"", ""negative""]]",nigerian_slang
slang-708,Dr. Okafor,Computer Networks,CSC303,1,"This man na olodo, e no sabi anything",negative,"[[""Teaching Clarity"", ""negative""]]",nigerian_slang
slang-709,Dr. Yusuf,Data Structures and Algorithms,CSC201,4,"Very interactive lecturer, class dey sweet",positive,"[[""Student Interaction"", ""positive""]]",nigerian_slang
slang-710,Dr. Pomele,Machine Learning & Neural Nets,CSC408,1,"Wonderful how the guy who wrote the best essay still failed, however, Appreciate the hostile atmosphere that discourages participation",negative,"[[""Assessment and Grading"", ""negative""], [""Student Interaction"", ""negative""]]",nigerian_slang
slang-711,Dr. Nwosu,Database Design & Management,CSC302,1,This guy dey ignore messages like say we no exist,negative,"[[""Communication"", ""negative""]]",nigerian_slang
slang-712,Dr. Okafor,Cloud Computing Architectures,CSC406,4,"E dey respect students well well, however, Grading dey fair, if you work hard you go get your due",positive,"[[""Student Interaction"", ""positive""], [""Assessment and Grading"", ""positive""]]",nigerian_slang
slang-713,Dr. Faith,Software Engineering,CSC301,2,"This man dey mess up course structure completely, but This guy dey waste our time with lateness",negative,"[[""Course Organisation"", ""negative""], [""Lecturer Punctuality"", ""negative""]]",nigerian_slang
slang-714,Dr. (Mrs) Adeleke,Special Computing,CSC410,1,Materials dey inadequate for the course,negative,"[[""Use of Teaching Materials"", ""negative""]]",nigerian_slang
slang-715,Prof. Martins,Database Design & Management,CSC302,2,"This man dey confuse course organization, e no know wetin e dey do",negative,"[[""Course Organisation"", ""negative""]]",nigerian_slang
slang-716,Dr. Yusuf,Cloud Computing Architectures,CSC406,4,"Everything dey planned well, no disorganization",positive,"[[""Course Organisation"", ""positive""]]",nigerian_slang
slang-717,Dr. Adeyemi,Data Science & Big Data,CSC412,2,"This man dey come class late everyday, but E dey teach like say e dey speak in tongues, who understand?",negative,"[[""Lecturer Punctuality"", ""negative""], [""Teaching Clarity"", ""negative""]]",nigerian_slang
slang-718,Dr. Pomele,Data Science & Big Data,CSC412,4,E dey follow the syllabus like serious person,positive,"[[""Course Organisation"", ""positive""]]",nigerian_slang
slang-719,Prof. Okonkwo,Introduction to Computer Science,CSC101,1,"This man no dey reply, e dey form busy",negative,"[[""Communication"", ""negative""]]",nigerian_slang
slang-720,Dr. Yusuf,Cloud Computing Architectures,CSC406,1,"This guy dey behave like say we no deserve info, and This man na evil with marking, e dey fail people, but This man dey confuse course organization, e no know wetin e dey do",negative,"[[""Communication"", ""negative""], [""Assessment and Grading"", ""negative""], [""Course Organisation"", ""negative""]]",nigerian_slang
slang-721,Prof. Okonkwo,Data Science & Big Data,CSC412,1,"This lecturer na olodo, e no respect time, but This guy dey give random marks, e no sabi wetin e dey do",negative,"[[""Lecturer Punctuality"", ""negative""], [""Assessment and Grading"", ""negative""]]",nigerian_slang
slang-722,Dr. Ibrahim,Introduction to Computer Science,CSC101,2,"This guy dey fail people intentionally, e dey wicked. Also, This lecturer na olodo, e no respect time",negative,"[[""Assessment and Grading"", ""negative""], [""Lecturer Punctuality"", ""negative""]]",nigerian_slang
slang-723,Dr. Faith,Operating Systems Principles,CSC304,2,"Thanks for the last-minute announcements, really helpful",negative,"[[""Communication"", ""negative""]]",nigerian_slang
slang-724,Dr. Ibrahim,Data Science & Big Data,CSC412,2,"I dey sleep for this guy's class because nothing dey enter head, but Teaching materials dey zero, e no dey provide anything",negative,"[[""Teaching Clarity"", ""negative""], [""Use of Teaching Materials"", ""negative""]]",nigerian_slang
slang-725,Dr. (Mrs) Adeleke,Machine Learning & Neural Nets,CSC408,2,"Appreciate the complete lack of any useful study materials. Also, Great planning - rushing everything in the last two weeks was genius",negative,"[[""Use of Teaching Materials"", ""negative""], [""Course Organisation"", ""negative""]]",nigerian_slang
slang-726,Dr. Adeyemi,Introduction to Computer Science,CSC101,2,"This man dey ignore us like say we be ghost, and This guy dey organize course like mumu, but This man dey dull, e no sabi explain anything",negative,"[[""Communication"", ""negative""], [""Course Organisation"", ""negative""], [""Teaching Clarity"", ""negative""]]",nigerian_slang
slang-727,Dr. Nwosu,Software Engineering,CSC301,1,Appreciate the hostile atmosphere that discourages participation,negative,"[[""Student Interaction"", ""negative""]]",nigerian_slang
slang-728,Dr. Adeyemi,Cloud Computing Architectures,CSC406,4,"E dey encourage questions, nobody dey dull",positive,"[[""Student Interaction"", ""positive""]]",nigerian_slang
slang-729,Dr. Yusuf,Operating Systems Principles,CSC304,1,"When you need am, e no dey available, and Class dey dull like graveyard, e no dey interact",negative,"[[""Availability"", ""negative""], [""Student Interaction"", ""negative""]]",nigerian_slang
slang-730,Dr. Chukwu,Computer Networks,CSC303,1,"This man dey mark like enemy, e dey fail us, but This guy dey treat students like slaves",negative,"[[""Assessment and Grading"", ""negative""], [""Student Interaction"", ""negative""]]",nigerian_slang
slang-731,Dr. (Mrs) Adeleke,Data Structures and Algorithms,CSC201,3,"E dey follow textbook, nothing special but e dey go",neutral,"[[""Teaching Clarity"", ""neutral""]]",nigerian_slang
slang-732,Dr. Nwosu,Data Structures and Algorithms,CSC201,4,"Communication dey excellent, e dey carry us along, but Course dey run like smooth engine, no wahala",positive,"[[""Communication"", ""positive""], [""Course Organisation"", ""positive""]]",nigerian_slang
slang-733,Dr. (Mrs) Adeleke,Software Engineering,CSC301,1,"This man dey use bad materials, e no try",negative,"[[""Use of Teaching Materials"", ""negative""]]",nigerian_slang
slang-734,Prof. Balogun,Software Engineering,CSC301,2,"This mumu man no sabi teach at all, but This lecturer na mumu, e no dey carry us along",negative,"[[""Teaching Clarity"", ""negative""], [""Student Interaction"", ""negative""]]",nigerian_slang
slang-735,Prof. Balogun,Data Structures and Algorithms,CSC201,2,"This man na olodo, e no sabi anything. Also, This guy dey behave like say materials na luxury",negative,"[[""Teaching Clarity"", ""negative""], [""Use of Teaching Materials"", ""negative""]]",nigerian_slang
slang-736,Dr. Chukwu,Data Structures and Algorithms,CSC201,2,"E dey disorganize everything, no proper flow, and Help dey hard to get from this lecturer",negative,"[[""Course Organisation"", ""negative""], [""Availability"", ""negative""]]",nigerian_slang
slang-737,Prof. Martins,Software Engineering,CSC301,1,Appreciate the hostile atmosphere that discourages participation,negative,"[[""Student Interaction"", ""negative""]]",nigerian_slang
slang-738,Prof. Balogun,Machine Learning & Neural Nets,CSC408,1,"WhatsApp group dey dry, e no dey post anything",negative,"[[""Communication"", ""negative""]]",nigerian_slang
slang-739,Dr. Okafor,Computer Networks,CSC303,2,"This lecturer na mumu, e no dey carry us along. Also, This guy na idiot, e no dey understand wetin e dey teach",negative,"[[""Student Interaction"", ""negative""], [""Teaching Clarity"", ""negative""]]",nigerian_slang
slang-740,Dr. Okafor,Database Design & Management,CSC302,1,Appreciate the help - or lack thereof - when we actually need it,negative,"[[""Availability"", ""negative""]]",nigerian_slang
slang-741,Dr. Pomele,Data Science & Big Data,CSC412,5,"E dey make the hard topics look like child's play, and Punctuality dey 100%, serious lecturer",positive,"[[""Teaching Clarity"", ""positive""], [""Lecturer Punctuality"", ""positive""]]",nigerian_slang
slang-742,Dr. Yusuf,Special Computing,CSC410,4,"Student interaction dey excellent, e dey relate well, and Grading dey fair, if you work hard you go get your due",positive,"[[""Student Interaction"", ""positive""], [""Assessment and Grading"", ""positive""]]",nigerian_slang
slang-743,Prof. Balogun,Introduction to Computer Science,CSC101,3,"Marking dey okay, nothing special, and Standard availability like other lecturers",neutral,"[[""Assessment and Grading"", ""neutral""], [""Availability"", ""neutral""]]",nigerian_slang
slang-744,Dr. (Mrs) Adeleke,Introduction to Computer Science,CSC101,2,"Thanks for wasting 30 minutes of every class being late, and Great feedback - 'needs improvement' really tells me everything, but Appreciate the hostile atmosphere that discourages participation",negative,"[[""Lecturer Punctuality"", ""negative""], [""Assessment and Grading"", ""negative""], [""Student Interaction"", ""negative""]]",nigerian_slang
slang-745,Prof. Okonkwo,Introduction to Computer Science,CSC101,1,"This man na waste of space, course dey scatter",negative,"[[""Course Organisation"", ""negative""]]",nigerian_slang
slang-746,Dr. Adeyemi,Machine Learning & Neural Nets,CSC408,1,"Thanks for the last-minute announcements, really helpful. Also, Appreciate the hostile atmosphere that discourages participation",negative,"[[""Communication"", ""negative""], [""Student Interaction"", ""negative""]]",nigerian_slang
slang-747,Dr. Nwosu,Operating Systems Principles,CSC304,1,"Appreciate the help - or lack thereof - when we actually need it, however, Love the slides with more typos than actual content",negative,"[[""Availability"", ""negative""], [""Use of Teaching Materials"", ""negative""]]",nigerian_slang
slang-748,Prof. Martins,Software Engineering,CSC301,1,"Appreciate the complete lack of any useful study materials, and Appreciate waiting 6 weeks for grades that were clearly randomly assigned",negative,"[[""Use of Teaching Materials"", ""negative""], [""Assessment and Grading"", ""negative""]]",nigerian_slang
slang-749,Dr. Faith,Software Engineering,CSC301,5,"You fit reach am anytime, e dey respond",positive,"[[""Availability"", ""positive""]]",nigerian_slang
slang-750,Dr. Adeyemi,Database Design & Management,CSC302,2,Appreciate the help - or lack thereof - when we actually need it,negative,"[[""Availability"", ""negative""]]",nigerian_slang
slang-751,Dr. Nwosu,Machine Learning & Neural Nets,CSC408,1,Wonderful how the guy who wrote the best essay still failed,negative,"[[""Assessment and Grading"", ""negative""]]",nigerian_slang
slang-752,Dr. Pomele,Introduction to Computer Science,CSC101,1,"E dey confuse person well well, explanations no get head, however, E dey rush everything for final weeks, like say exam dey tomorrow",negative,"[[""Teaching Clarity"", ""negative""], [""Course Organisation"", ""negative""]]",nigerian_slang
slang-753,Dr. Pomele,Machine Learning & Neural Nets,CSC408,1,"Wonderful how he manages to never actually explain anything, but Thanks for the last-minute announcements, really helpful",negative,"[[""Teaching Clarity"", ""negative""], [""Communication"", ""negative""]]",nigerian_slang
slang-754,Prof. Okonkwo,Database Design & Management,CSC302,4,"Announcements dey clear and timely, and E dey provide handouts and extra materials, but E dey respect students well well",positive,"[[""Communication"", ""positive""], [""Use of Teaching Materials"", ""positive""], [""Student Interaction"", ""positive""]]",nigerian_slang
slang-755,Prof. Okonkwo,Data Science & Big Data,CSC412,1,"This man dey lock office door like say thief dey pursue am, and This man na waste, e dey always late, but This guy dey talk nonsense for class",negative,"[[""Availability"", ""negative""], [""Lecturer Punctuality"", ""negative""], [""Teaching Clarity"", ""negative""]]",nigerian_slang
slang-756,Prof. Okonkwo,Database Design & Management,CSC302,2,"This lecturer na olodo, e no respect time, and This guy dey force us buy textbook, e dey greedy, but This lecturer na olodo, e no get plan",negative,"[[""Lecturer Punctuality"", ""negative""], [""Use of Teaching Materials"", ""negative""], [""Course Organisation"", ""negative""]]",nigerian_slang
slang-757,Dr. (Mrs) Adeleke,Machine Learning & Neural Nets,CSC408,3,Normal level of communication,neutral,"[[""Communication"", ""neutral""]]",nigerian_slang
slang-758,Prof. Balogun,Data Science & Big Data,CSC412,1,"Thanks for never replying to emails, really shows dedication, and Love how he turns legitimate questions into insults",negative,"[[""Availability"", ""negative""], [""Student Interaction"", ""negative""]]",nigerian_slang
slang-759,Dr. Okafor,Machine Learning & Neural Nets,CSC408,2,"Great job explaining things that weren't in the exam, really helpful, and Love finding out about venue changes 10 minutes before class, but Appreciate the hostile atmosphere that discourages participation",negative,"[[""Teaching Clarity"", ""negative""], [""Communication"", ""negative""], [""Student Interaction"", ""negative""]]",nigerian_slang
slang-760,Dr. Nwosu,Machine Learning & Neural Nets,CSC408,1,"This man dey confuse course organization, e no know wetin e dey do, and This man dey make himself unavailable, wicked",negative,"[[""Course Organisation"", ""negative""], [""Availability"", ""negative""]]",nigerian_slang
slang-761,Dr. Pomele,Operating Systems Principles,CSC304,3,"E dey see students if you book appointment. Also, Nothing special, just normal course arrangement",neutral,"[[""Availability"", ""neutral""], [""Course Organisation"", ""neutral""]]",nigerian_slang
slang-762,Dr. Okafor,Operating Systems Principles,CSC304,4,"E dey provide handouts and extra materials, and E dey come before 8am for 8am class",positive,"[[""Use of Teaching Materials"", ""positive""], [""Lecturer Punctuality"", ""positive""]]",nigerian_slang
slang-763,Dr. Yusuf,Cloud Computing Architectures,CSC406,4,"This guy dey communicate well well, however, This guy dey come class early, dey wait for us",positive,"[[""Communication"", ""positive""], [""Lecturer Punctuality"", ""positive""]]",nigerian_slang
slang-764,Dr. Nwosu,Data Structures and Algorithms,CSC201,1,"Announcements dey last minute, confusing, however, Emails dey enter trash, e no dey reply",negative,"[[""Communication"", ""negative""], [""Availability"", ""negative""]]",nigerian_slang
slang-765,Dr. Yusuf,Software Engineering,CSC301,2,"This lecturer na mumu with grading, e no dey fair, and This man dey make class hostile, e dey fight, but This man dey make himself unavailable, wicked",negative,"[[""Assessment and Grading"", ""negative""], [""Student Interaction"", ""negative""], [""Availability"", ""negative""]]",nigerian_slang
slang-766,Dr. Pomele,Cloud Computing Architectures,CSC406,1,"Emails dey enter trash, e no dey reply. Also, The course dey confused, topics dey jump up and down",negative,"[[""Availability"", ""negative""], [""Course Organisation"", ""negative""]]",nigerian_slang
slang-767,Dr. Chukwu,Operating Systems Principles,CSC304,1,"This guy dey come late like agbero, no respect, and This guy na clown, e dey make person laugh instead of learn, but This man dey insult students for class",negative,"[[""Lecturer Punctuality"", ""negative""], [""Teaching Clarity"", ""negative""], [""Student Interaction"", ""negative""]]",nigerian_slang
slang-768,Dr. Faith,Data Structures and Algorithms,CSC201,3,Standard lecture format with some interaction,neutral,"[[""Student Interaction"", ""neutral""]]",nigerian_slang
slang-769,Dr. Adeyemi,Cloud Computing Architectures,CSC406,2,"This man dey scatter everything, no sense at all",negative,"[[""Course Organisation"", ""negative""]]",nigerian_slang
slang-770,Dr. Nwosu,Data Structures and Algorithms,CSC201,4,Office door dey always open for students,positive,"[[""Availability"", ""positive""]]",nigerian_slang
slang-771,Dr. Chukwu,Data Structures and Algorithms,CSC201,3,"E dey see students if you book appointment, however, Communication dey okay, nothing special",neutral,"[[""Availability"", ""neutral""], [""Communication"", ""neutral""]]",nigerian_slang
slang-772,Prof. Martins,Operating Systems Principles,CSC304,3,E dey follow normal faculty materials,neutral,"[[""Use of Teaching Materials"", ""neutral""]]",nigerian_slang
slang-773,Prof. Okonkwo,Database Design & Management,CSC302,1,Thanks for making us buy textbooks you never reference,negative,"[[""Use of Teaching Materials"", ""negative""]]",nigerian_slang
slang-774,Dr. Nwosu,Operating Systems Principles,CSC304,1,"Emails dey enter trash, e no dey reply, but E dey teach like say e dey speak in tongues, who understand?",negative,"[[""Availability"", ""negative""], [""Teaching Clarity"", ""negative""]]",nigerian_slang
slang-775,Dr. Faith,Database Design & Management,CSC302,2,"E dey use big big grammar wey even dictionary no get, and If you no buy handout, you no go get anything",negative,"[[""Teaching Clarity"", ""negative""], [""Use of Teaching Materials"", ""negative""]]",nigerian_slang
slang-776,Dr. Nwosu,Operating Systems Principles,CSC304,3,"Two tests and one exam like every other course. Also, Normal university materials",neutral,"[[""Assessment and Grading"", ""neutral""], [""Use of Teaching Materials"", ""neutral""]]",nigerian_slang
slang-777,Prof. Martins,Data Structures and Algorithms,CSC201,2,"E dey cancel office hours without telling us, however, This mumu man no sabi explain anything at all",negative,"[[""Availability"", ""negative""], [""Teaching Clarity"", ""negative""]]",nigerian_slang
slang-778,Dr. Yusuf,Machine Learning & Neural Nets,CSC408,1,"Help dey hard to get from this lecturer, and Slides dey blurry, you no fit read, but Grading dey harsh, e dey fail people like say na competition",negative,"[[""Availability"", ""negative""], [""Use of Teaching Materials"", ""negative""], [""Assessment and Grading"", ""negative""]]",nigerian_slang
slang-779,Dr. Yusuf,Database Design & Management,CSC302,2,"This man dey mark like enemy, e dey fail us, however, This man dey hide from students like rat",negative,"[[""Assessment and Grading"", ""negative""], [""Availability"", ""negative""]]",nigerian_slang
slang-780,Dr. Faith,Special Computing,CSC410,1,E dey force us to buy textbook,negative,"[[""Use of Teaching Materials"", ""negative""]]",nigerian_slang
slang-781,Dr. Okafor,Data Structures and Algorithms,CSC201,3,"Standard slides like other courses, but Occasional lateness but not too bad",neutral,"[[""Use of Teaching Materials"", ""neutral""], [""Lecturer Punctuality"", ""neutral""]]",nigerian_slang
slang-782,Dr. Adeyemi,Database Design & Management,CSC302,4,"Availability dey top notch, always there when needed, and Materials dey up to date and helpful, but E dey pass information properly, no confusion",positive,"[[""Availability"", ""positive""], [""Use of Teaching Materials"", ""positive""], [""Communication"", ""positive""]]",nigerian_slang
slang-783,Prof. Okonkwo,Software Engineering,CSC301,3,Standard slides like other courses,neutral,"[[""Use of Teaching Materials"", ""neutral""]]",nigerian_slang
slang-784,Dr. Okafor,Database Design & Management,CSC302,3,E dey send emails sometimes,neutral,"[[""Communication"", ""neutral""]]",nigerian_slang
slang-785,Prof. Balogun,Data Science & Big Data,CSC412,5,"E dey use projector well, no wahala, and Punctuality dey 100%, serious lecturer, but This guy dey communicate well well",positive,"[[""Use of Teaching Materials"", ""positive""], [""Lecturer Punctuality"", ""positive""], [""Communication"", ""positive""]]",nigerian_slang
slang-786,Dr. Nwosu,Special Computing,CSC410,1,"Wonderful how the guy who wrote the best essay still failed. Also, Appreciate how the course outline was clearly written in invisible ink",negative,"[[""Assessment and Grading"", ""negative""], [""Course Organisation"", ""negative""]]",nigerian_slang
slang-787,Dr. Yusuf,Special Computing,CSC410,3,"E dey entertain questions sometimes, and Two tests and one exam like every other course",neutral,"[[""Student Interaction"", ""neutral""], [""Assessment and Grading"", ""neutral""]]",nigerian_slang
slang-788,Dr. Okafor,Data Science & Big Data,CSC412,2,This guy dey act like say we be children,negative,"[[""Student Interaction"", ""negative""]]",nigerian_slang
slang-789,Dr. Pomele,Data Science & Big Data,CSC412,2,"Office hours dey for form only, door dey locked, and WhatsApp group dey dry, e no dey post anything, but Slides dey old and outdated, like 1990s",negative,"[[""Availability"", ""negative""], [""Communication"", ""negative""], [""Use of Teaching Materials"", ""negative""]]",nigerian_slang
slang-790,Dr. Faith,Software Engineering,CSC301,3,"Nothing special, just normal class interaction, however, Standard teaching, nothing to write home about",neutral,"[[""Student Interaction"", ""neutral""], [""Teaching Clarity"", ""neutral""]]",nigerian_slang
slang-791,Dr. Nwosu,Operating Systems Principles,CSC304,4,"Materials dey up to date and helpful, and Communication dey professional and courteous",positive,"[[""Use of Teaching Materials"", ""positive""], [""Communication"", ""positive""]]",nigerian_slang
slang-792,Dr. Adeyemi,Software Engineering,CSC301,1,"E dey refuse to share notes with us, and No proper grading, e dey just dey give marks randomly, but Course dey disorganized well well, who understand this man?",negative,"[[""Use of Teaching Materials"", ""negative""], [""Assessment and Grading"", ""negative""], [""Course Organisation"", ""negative""]]",nigerian_slang
slang-793,Dr. Pomele,Operating Systems Principles,CSC304,1,"Great planning - rushing everything in the last two weeks was genius, and Thanks for never replying to emails, really shows dedication, but Love the surprise cancelled classes we find out about 5 minutes before",negative,"[[""Course Organisation"", ""negative""], [""Availability"", ""negative""], [""Lecturer Punctuality"", ""negative""]]",nigerian_slang
slang-794,Dr. Pomele,Database Design & Management,CSC302,2,Thanks for making us buy textbooks you never reference,negative,"[[""Use of Teaching Materials"", ""negative""]]",nigerian_slang
slang-795,Dr. Okafor,Operating Systems Principles,CSC304,3,Normal university materials,neutral,"[[""Use of Teaching Materials"", ""neutral""]]",nigerian_slang
slang-796,Dr. Pomele,Computer Networks,CSC303,3,"Timing dey okay, manageable, and E dey follow the normal departmental syllabus, but E dey try sha, but sometimes e dey slow",neutral,"[[""Lecturer Punctuality"", ""neutral""], [""Course Organisation"", ""neutral""], [""Teaching Clarity"", ""neutral""]]",nigerian_slang
slang-797,Dr. Okafor,Software Engineering,CSC301,4,Teaching materials dey top notch,positive,"[[""Use of Teaching Materials"", ""positive""]]",nigerian_slang
slang-798,Dr. Nwosu,Operating Systems Principles,CSC304,2,"This man na waste, materials dey zero. Also, This man na evil with marking, e dey fail people",negative,"[[""Use of Teaching Materials"", ""negative""], [""Assessment and Grading"", ""negative""]]",nigerian_slang
slang-799,Dr. Adeyemi,Machine Learning & Neural Nets,CSC408,4,"Man sabi explain tire, even dullard go understand",positive,"[[""Teaching Clarity"", ""positive""]]",nigerian_slang
slang-800,Dr. (Mrs) Adeleke,Introduction to Computer Science,CSC101,2,"Love the surprise cancelled classes we find out about 5 minutes before, however, Wonderful how he manages to never actually explain anything",negative,"[[""Lecturer Punctuality"", ""negative""], [""Teaching Clarity"", ""negative""]]",nigerian_slang
slang-801,Dr. Okafor,Operating Systems Principles,CSC304,3,"Normal university materials, and E dey come roughly on time most times",neutral,"[[""Use of Teaching Materials"", ""neutral""], [""Lecturer Punctuality"", ""neutral""]]",nigerian_slang
slang-802,Dr. Faith,Computer Networks,CSC303,2,"E dey talk to himself for class, nobody dey grab wetin e dey talk, and Grading dey harsh, e dey fail people like say na competition, but E dey force us to buy textbook",negative,"[[""Teaching Clarity"", ""negative""], [""Assessment and Grading"", ""negative""], [""Use of Teaching Materials"", ""negative""]]",nigerian_slang
slang-803,Prof. Okonkwo,Computer Networks,CSC303,2,"This lecturer na waste, e no fit teach, and This guy dey come late like agbero, no respect, but This man na waste, e no dey interact at all",negative,"[[""Teaching Clarity"", ""negative""], [""Lecturer Punctuality"", ""negative""], [""Student Interaction"", ""negative""]]",nigerian_slang
slang-804,Dr. Yusuf,Introduction to Computer Science,CSC101,5,"Everything dey planned well, no disorganization, but E dey give proper rubrics before assignment",positive,"[[""Course Organisation"", ""positive""], [""Assessment and Grading"", ""positive""]]",nigerian_slang
slang-805,Dr. Nwosu,Computer Networks,CSC303,2,E dey shun students when we ask for help,negative,"[[""Availability"", ""negative""]]",nigerian_slang
slang-806,Dr. (Mrs) Adeleke,Database Design & Management,CSC302,4,"E dey inform us before time, no last minute rush, and If you need help, e dey make time for you, but E dey use projector well, no wahala",positive,"[[""Communication"", ""positive""], [""Availability"", ""positive""], [""Use of Teaching Materials"", ""positive""]]",nigerian_slang
slang-807,Dr. Chukwu,Operating Systems Principles,CSC304,1,"This man dey ignore us like say we be ghost, however, This lecturer na olodo, e no dey interact",negative,"[[""Communication"", ""negative""], [""Student Interaction"", ""negative""]]",nigerian_slang
slang-808,Dr. Nwosu,Data Science & Big Data,CSC412,5,Slides dey comprehensive and well designed,positive,"[[""Use of Teaching Materials"", ""positive""]]",nigerian_slang
slang-809,Dr. Pomele,Data Structures and Algorithms,CSC201,1,"E dey keep important information to himself, and Test questions dey different from wetin e teach for class, but Unengaging lecturer, class dey sleep",negative,"[[""Communication"", ""negative""], [""Assessment and Grading"", ""negative""], [""Student Interaction"", ""negative""]]",nigerian_slang
slang-810,Prof. Balogun,Data Science & Big Data,CSC412,2,"Punctuality dey zero, e dey always come late",negative,"[[""Lecturer Punctuality"", ""negative""]]",nigerian_slang
slang-811,Prof. Balogun,Database Design & Management,CSC302,1,"This guy dey behave like say we no important, but This man na waste of space, course dey scatter",negative,"[[""Availability"", ""negative""], [""Course Organisation"", ""negative""]]",nigerian_slang
slang-812,Dr. (Mrs) Adeleke,Data Structures and Algorithms,CSC201,1,"This man na waste of space, course dey scatter, but This man na waste, e no dey interact at all",negative,"[[""Course Organisation"", ""negative""], [""Student Interaction"", ""negative""]]",nigerian_slang
slang-813,Dr. Adeyemi,Software Engineering,CSC301,4,"E dey send updates regularly, no dull moment",positive,"[[""Communication"", ""positive""]]",nigerian_slang
slang-814,Dr. Yusuf,Machine Learning & Neural Nets,CSC408,1,"No proper outline, e dey just dey waka anyhow, however, Slides dey blurry, you no fit read",negative,"[[""Course Organisation"", ""negative""], [""Use of Teaching Materials"", ""negative""]]",nigerian_slang
slang-815,Dr. (Mrs) Adeleke,Introduction to Computer Science,CSC101,2,"This lecturer na waste, e no fit teach. Also, This man dey do anyhow, no proper organization",negative,"[[""Teaching Clarity"", ""negative""], [""Course Organisation"", ""negative""]]",nigerian_slang
slang-816,Dr. Pomele,Data Science & Big Data,CSC412,1,"E dey keep us waiting for nothing, however, The course dey confused, topics dey jump up and down",negative,"[[""Lecturer Punctuality"", ""negative""], [""Course Organisation"", ""negative""]]",nigerian_slang
slang-817,Dr. Chukwu,Operating Systems Principles,CSC304,1,"This lecturer na olodo, e no sabi communicate, and This mumu man no sabi teach at all, but This guy dey come late like agbero, no respect",negative,"[[""Communication"", ""negative""], [""Teaching Clarity"", ""negative""], [""Lecturer Punctuality"", ""negative""]]",nigerian_slang
slang-818,Prof. Balogun,Data Science & Big Data,CSC412,3,"E dey try sha, but sometimes e dey slow",neutral,"[[""Teaching Clarity"", ""neutral""]]",nigerian_slang
slang-819,Dr. Nwosu,Special Computing,CSC410,1,"This man dey talk rubbish, nothing dey enter head",negative,"[[""Teaching Clarity"", ""negative""]]",nigerian_slang
slang-820,Dr. Chukwu,Operating Systems Principles,CSC304,1,"This man dey run from students, e no dey help, but This man dey fail to respond, e dey dull",negative,"[[""Availability"", ""negative""], [""Communication"", ""negative""]]",nigerian_slang
slang-821,Prof. Okonkwo,Software Engineering,CSC301,1,"This man dey use old slides, e dey dull, and This guy dey behave like say we no deserve info",negative,"[[""Use of Teaching Materials"", ""negative""], [""Communication"", ""negative""]]",nigerian_slang
slang-822,Dr. Faith,Operating Systems Principles,CSC304,2,"This lecturer na mumu, e no dey inform us",negative,"[[""Communication"", ""negative""]]",nigerian_slang
slang-823,Dr. Ibrahim,Software Engineering,CSC301,4,"E dey send updates regularly, no dull moment, but This guy dey make class lively and interactive",positive,"[[""Communication"", ""positive""], [""Student Interaction"", ""positive""]]",nigerian_slang
slang-824,Dr. Pomele,Computer Networks,CSC303,1,"This course dey scatter scatter, no proper arrangement. Also, WhatsApp group dey dry, e no dey post anything",negative,"[[""Course Organisation"", ""negative""], [""Communication"", ""negative""]]",nigerian_slang
slang-825,Prof. Balogun,Software Engineering,CSC301,1,"This man no dey give us any materials, and No rubric, e dey just dey mark as e like, but E dey cancel office hours without telling us",negative,"[[""Use of Teaching Materials"", ""negative""], [""Assessment and Grading"", ""negative""], [""Availability"", ""negative""]]",nigerian_slang
slang-826,Prof. Okonkwo,Computer Networks,CSC303,2,"This guy dey act like time no dey important, and This man na evil with marking, e dey fail people, but This lecturer na olodo, e no dey interact",negative,"[[""Lecturer Punctuality"", ""negative""], [""Assessment and Grading"", ""negative""], [""Student Interaction"", ""negative""]]",nigerian_slang
slang-827,Dr. Yusuf,Software Engineering,CSC301,5,"E dey keep us informed about everything, and Never late for once, very punctual man",positive,"[[""Communication"", ""positive""], [""Lecturer Punctuality"", ""positive""]]",nigerian_slang
slang-828,Dr. Adeyemi,Data Science & Big Data,CSC412,3,"Basic slides with bullet points, and Lectures dey manageable, you go fit understand if you read well",neutral,"[[""Use of Teaching Materials"", ""neutral""], [""Teaching Clarity"", ""neutral""]]",nigerian_slang
slang-829,Dr. Ibrahim,Computer Networks,CSC303,2,"Love the slides with more typos than actual content, and Appreciate the complete radio silence on important matters, but Love the surprise cancelled classes we find out about 5 minutes before",negative,"[[""Use of Teaching Materials"", ""negative""], [""Communication"", ""negative""], [""Lecturer Punctuality"", ""negative""]]",nigerian_slang
slang-830,Prof. Martins,Cloud Computing Architectures,CSC406,2,"Appreciate waiting 6 weeks for grades that were clearly randomly assigned, but Appreciate the complete radio silence on important matters",negative,"[[""Assessment and Grading"", ""negative""], [""Communication"", ""negative""]]",nigerian_slang
slang-831,Dr. (Mrs) Adeleke,Data Structures and Algorithms,CSC201,5,"Everything dey planned well, no disorganization, but E dey reply emails sharp sharp",positive,"[[""Course Organisation"", ""positive""], [""Availability"", ""positive""]]",nigerian_slang
slang-832,Dr. Pomele,Computer Networks,CSC303,4,"Communication dey excellent, e dey carry us along, but E dey give proper rubrics before assignment",positive,"[[""Communication"", ""positive""], [""Assessment and Grading"", ""positive""]]",nigerian_slang
slang-833,Prof. Okonkwo,Cloud Computing Architectures,CSC406,3,"E dey see students if you book appointment, but Nothing special, just normal course arrangement",neutral,"[[""Availability"", ""neutral""], [""Course Organisation"", ""neutral""]]",nigerian_slang
slang-834,Dr. Ibrahim,Data Science & Big Data,CSC412,3,"You fit reach am during consultation hours, and Basic slides with bullet points",neutral,"[[""Availability"", ""neutral""], [""Use of Teaching Materials"", ""neutral""]]",nigerian_slang
slang-835,Dr. Yusuf,Data Structures and Algorithms,CSC201,2,"This guy dey give random marks, e no sabi wetin e dey do",negative,"[[""Assessment and Grading"", ""negative""]]",nigerian_slang
slang-836,Dr. Nwosu,Data Structures and Algorithms,CSC201,3,"E dey entertain questions sometimes. Also, Deports within reasonable time limits",neutral,"[[""Student Interaction"", ""neutral""], [""Lecturer Punctuality"", ""neutral""]]",nigerian_slang
slang-837,Dr. Okafor,Software Engineering,CSC301,1,"This lecturer na olodo, e no dey available, and This man no dey reply, e dey form busy, but This guy na clown, e dey make person laugh instead of learn",negative,"[[""Availability"", ""negative""], [""Communication"", ""negative""], [""Teaching Clarity"", ""negative""]]",nigerian_slang
slang-838,Dr. Nwosu,Software Engineering,CSC301,1,"The way e dey explain dey make person vex, nothing clear at all",negative,"[[""Teaching Clarity"", ""negative""]]",nigerian_slang
slang-839,Dr. (Mrs) Adeleke,Introduction to Computer Science,CSC101,1,Wonderful how the guy who wrote the best essay still failed,negative,"[[""Assessment and Grading"", ""negative""]]",nigerian_slang
slang-840,Dr. Faith,Introduction to Computer Science,CSC101,1,"This man na waste, materials dey zero, and This guy na idiot, e no dey understand wetin e dey teach, but This lecturer na mumu, e no dey see students",negative,"[[""Use of Teaching Materials"", ""negative""], [""Teaching Clarity"", ""negative""], [""Availability"", ""negative""]]",nigerian_slang
slang-841,Dr. Okafor,Data Structures and Algorithms,CSC201,5,E dey use group chat well to pass info,positive,"[[""Communication"", ""positive""]]",nigerian_slang
slang-842,Dr. Adeyemi,Data Science & Big Data,CSC412,2,"This lecturer na olodo, e no dey available, but This guy dey run course like agbero",negative,"[[""Availability"", ""negative""], [""Course Organisation"", ""negative""]]",nigerian_slang
slang-843,Dr. Chukwu,Machine Learning & Neural Nets,CSC408,1,"Thanks for the last-minute announcements, really helpful, but Appreciate how the course outline was clearly written in invisible ink",negative,"[[""Communication"", ""negative""], [""Course Organisation"", ""negative""]]",nigerian_slang
slang-844,Dr. Adeyemi,Operating Systems Principles,CSC304,1,"Class dey boring, e dey just lecture like radio, however, This man no dey give us any materials",negative,"[[""Student Interaction"", ""negative""], [""Use of Teaching Materials"", ""negative""]]",nigerian_slang
slang-845,Prof. Okonkwo,Computer Networks,CSC303,1,"This course dey scatter scatter, no proper arrangement, and Person write well still fail, who understand this man?",negative,"[[""Course Organisation"", ""negative""], [""Assessment and Grading"", ""negative""]]",nigerian_slang
slang-846,Dr. Adeyemi,Operating Systems Principles,CSC304,1,E dey use big big grammar wey even dictionary no get,negative,"[[""Teaching Clarity"", ""negative""]]",nigerian_slang
slang-847,Dr. Nwosu,Computer Networks,CSC303,1,"Grading dey biased, if e no like you, you don fail, and E dey force us to buy textbook",negative,"[[""Assessment and Grading"", ""negative""], [""Use of Teaching Materials"", ""negative""]]",nigerian_slang
slang-848,Dr. Faith,Software Engineering,CSC301,2,"This man dey mark anyhow, e dey fail people for nothing",negative,"[[""Assessment and Grading"", ""negative""]]",nigerian_slang
slang-849,Dr. (Mrs) Adeleke,Software Engineering,CSC301,3,"Available during normal office hours, and E dey communicate through class rep, but Nothing special, just normal course arrangement",neutral,"[[""Availability"", ""neutral""], [""Communication"", ""neutral""], [""Course Organisation"", ""neutral""]]",nigerian_slang
slang-850,Prof. Okonkwo,Machine Learning & Neural Nets,CSC408,1,"E dey waste our time with lateness, and This man dey impossible to reach outside class, but E dey discourage questions, e dey vex when we ask",negative,"[[""Lecturer Punctuality"", ""negative""], [""Availability"", ""negative""], [""Student Interaction"", ""negative""]]",nigerian_slang
slang-851,Prof. Okonkwo,Software Engineering,CSC301,4,"Grading dey just, no favoritism at all, and Updates dey reach us on time",positive,"[[""Assessment and Grading"", ""positive""], [""Communication"", ""positive""]]",nigerian_slang
slang-852,Dr. Ibrahim,Computer Networks,CSC303,2,"This guy dey act like say communication na crime. Also, This man dey use bad materials, e no try",negative,"[[""Communication"", ""negative""], [""Use of Teaching Materials"", ""negative""]]",nigerian_slang
slang-853,Prof. Balogun,Database Design & Management,CSC302,3,"Grading dey follow normal university standard, and E dey send emails sometimes",neutral,"[[""Assessment and Grading"", ""neutral""], [""Communication"", ""neutral""]]",nigerian_slang
slang-854,Dr. Okafor,Special Computing,CSC410,1,"Love the slides with more typos than actual content, but Appreciate the hostile atmosphere that discourages participation",negative,"[[""Use of Teaching Materials"", ""negative""], [""Student Interaction"", ""negative""]]",nigerian_slang
slang-855,Dr. Okafor,Software Engineering,CSC301,1,"This man dey refuse to share notes, wicked, and This lecturer na mumu, e no dey inform us, but This guy na clown, e dey make person laugh instead of learn",negative,"[[""Use of Teaching Materials"", ""negative""], [""Communication"", ""negative""], [""Teaching Clarity"", ""negative""]]",nigerian_slang
slang-856,Prof. Martins,Operating Systems Principles,CSC304,1,"This guy na idiot, e no dey understand wetin e dey teach, and This man dey use old slides, e dey dull, but This man dey disrespect us with lateness",negative,"[[""Teaching Clarity"", ""negative""], [""Use of Teaching Materials"", ""negative""], [""Lecturer Punctuality"", ""negative""]]",nigerian_slang
slang-857,Dr. Yusuf,Introduction to Computer Science,CSC101,4,"Always updated us on everything, e dey carry us along, and E dey give us proper timetable, no surprises, but Man sabi explain tire, even dullard go understand",positive,"[[""Communication"", ""positive""], [""Course Organisation"", ""positive""], [""Teaching Clarity"", ""positive""]]",nigerian_slang
slang-858,Prof. Balogun,Data Structures and Algorithms,CSC201,2,"Always late, time no dey important to am, but E dey just dey read slides like primary school teacher",negative,"[[""Lecturer Punctuality"", ""negative""], [""Teaching Clarity"", ""negative""]]",nigerian_slang
slang-859,Dr. Ibrahim,Computer Networks,CSC303,1,"Grading dey biased, if e no like you, you don fail, but E dey confuse person well well, explanations no get head",negative,"[[""Assessment and Grading"", ""negative""], [""Teaching Clarity"", ""negative""]]",nigerian_slang
slang-860,Prof. Okonkwo,Machine Learning & Neural Nets,CSC408,1,"This man dey hide from students like rat, and This guy dey act like say e no know syllabus, but This man na waste, communication dey zero",negative,"[[""Availability"", ""negative""], [""Course Organisation"", ""negative""], [""Communication"", ""negative""]]",nigerian_slang
slang-861,Dr. (Mrs) Adeleke,Software Engineering,CSC301,2,"I dey sleep for this guy's class because nothing dey enter head, and E dey ignore students wey raise hand",negative,"[[""Teaching Clarity"", ""negative""], [""Student Interaction"", ""negative""]]",nigerian_slang
slang-862,Dr. Nwosu,Data Science & Big Data,CSC412,2,"Great job explaining things that weren't in the exam, really helpful. Also, Thanks for the last-minute announcements, really helpful",negative,"[[""Teaching Clarity"", ""negative""], [""Communication"", ""negative""]]",nigerian_slang
slang-863,Dr. (Mrs) Adeleke,Software Engineering,CSC301,1,"The guy dey rush through slides like say thief dey pursue am, but E dey announce things after e don happen",negative,"[[""Teaching Clarity"", ""negative""], [""Communication"", ""negative""]]",nigerian_slang
slang-864,Prof. Martins,Introduction to Computer Science,CSC101,5,"E dey make the hard topics look like child's play. Also, This guy dey come class early, dey wait for us",positive,"[[""Teaching Clarity"", ""positive""], [""Lecturer Punctuality"", ""positive""]]",nigerian_slang
slang-865,Dr. Adeyemi,Introduction to Computer Science,CSC101,3,"E dey communicate through class rep, and You fit reach am during consultation hours, but E dey follow the normal departmental syllabus",neutral,"[[""Communication"", ""neutral""], [""Availability"", ""neutral""], [""Course Organisation"", ""neutral""]]",nigerian_slang
slang-866,Prof. Okonkwo,Data Structures and Algorithms,CSC201,3,"Interaction dey normal like other lecturers, and Two tests and one exam like every other course, but E dey communicate through class rep",neutral,"[[""Student Interaction"", ""neutral""], [""Assessment and Grading"", ""neutral""], [""Communication"", ""neutral""]]",nigerian_slang
slang-867,Dr. Okafor,Data Structures and Algorithms,CSC201,1,"E dey teach like say e dey speak in tongues, who understand?",negative,"[[""Teaching Clarity"", ""negative""]]",nigerian_slang
slang-868,Dr. Chukwu,Machine Learning & Neural Nets,CSC408,1,"E dey just dey read slides like primary school teacher, and Punctuality dey zero, e dey always come late",negative,"[[""Teaching Clarity"", ""negative""], [""Lecturer Punctuality"", ""negative""]]",nigerian_slang
slang-869,Dr. Adeyemi,Computer Networks,CSC303,3,"Basic slides with bullet points, but E dey see students if you book appointment",neutral,"[[""Use of Teaching Materials"", ""neutral""], [""Availability"", ""neutral""]]",nigerian_slang
slang-870,Dr. Okafor,Data Science & Big Data,CSC412,1,"Thanks for wasting 30 minutes of every class being late. Also, Appreciate the help - or lack thereof - when we actually need it",negative,"[[""Lecturer Punctuality"", ""negative""], [""Availability"", ""negative""]]",nigerian_slang
slang-871,Dr. (Mrs) Adeleke,Operating Systems Principles,CSC304,1,"This man dey come late like say na am own time, however, This man dey scatter everything, no sense at all",negative,"[[""Lecturer Punctuality"", ""negative""], [""Course Organisation"", ""negative""]]",nigerian_slang
slang-872,Dr. Chukwu,Computer Networks,CSC303,1,"Great feedback - 'needs improvement' really tells me everything. Also, Great planning - rushing everything in the last two weeks was genius",negative,"[[""Assessment and Grading"", ""negative""], [""Course Organisation"", ""negative""]]",nigerian_slang
slang-873,Dr. Okafor,Database Design & Management,CSC302,1,Wonderful how he manages to never actually explain anything,negative,"[[""Teaching Clarity"", ""negative""]]",nigerian_slang
slang-874,Dr. Faith,Introduction to Computer Science,CSC101,1,"Appreciate the complete radio silence on important matters, and Great planning - rushing everything in the last two weeks was genius",negative,"[[""Communication"", ""negative""], [""Course Organisation"", ""negative""]]",nigerian_slang
slang-875,Prof. Okonkwo,Computer Networks,CSC303,1,"This lecturer na olodo, e no dey interact, and This guy dey fail people intentionally, e dey wicked",negative,"[[""Student Interaction"", ""negative""], [""Assessment and Grading"", ""negative""]]",nigerian_slang
slang-876,Dr. Faith,Data Structures and Algorithms,CSC201,2,"This man na waste, e dey always late, however, This man dey use old slides, e dey dull",negative,"[[""Lecturer Punctuality"", ""negative""], [""Use of Teaching Materials"", ""negative""]]",nigerian_slang
slang-877,Dr. Yusuf,Database Design & Management,CSC302,1,"E dey talk to himself for class, nobody dey grab wetin e dey talk, and Person write well still fail, who understand this man?, but This man no dey give us any materials",negative,"[[""Teaching Clarity"", ""negative""], [""Assessment and Grading"", ""negative""], [""Use of Teaching Materials"", ""negative""]]",nigerian_slang
slang-878,Prof. Martins,Data Science & Big Data,CSC412,5,"This guy dey communicate well well, however, Man sabi explain tire, even dullard go understand",positive,"[[""Communication"", ""positive""], [""Teaching Clarity"", ""positive""]]",nigerian_slang
slang-879,Dr. Faith,Cloud Computing Architectures,CSC406,2,"This guy dey behave like say we no deserve info, however, This man dey insult students for class",negative,"[[""Communication"", ""negative""], [""Student Interaction"", ""negative""]]",nigerian_slang
slang-880,Prof. Martins,Special Computing,CSC410,1,"This man na olodo, e no sabi anything, and This lecturer na mumu, e no dey carry us along, but This guy dey ignore messages like say we no exist",negative,"[[""Teaching Clarity"", ""negative""], [""Student Interaction"", ""negative""], [""Communication"", ""negative""]]",nigerian_slang
slang-881,Dr. Pomele,Introduction to Computer Science,CSC101,1,"Grading dey biased, if e no like you, you don fail, but When you need am, e no dey available",negative,"[[""Assessment and Grading"", ""negative""], [""Availability"", ""negative""]]",nigerian_slang
slang-882,Prof. Martins,Cloud Computing Architectures,CSC406,1,"This man dey make class hostile, e dey fight",negative,"[[""Student Interaction"", ""negative""]]",nigerian_slang
slang-883,Dr. Chukwu,Computer Networks,CSC303,2,"This guy na clown, e dey make person laugh instead of learn",negative,"[[""Teaching Clarity"", ""negative""]]",nigerian_slang
slang-884,Dr. Pomele,Software Engineering,CSC301,2,"This man dey talk like say e no go school, and This lecturer na olodo, e no sabi communicate",negative,"[[""Teaching Clarity"", ""negative""], [""Communication"", ""negative""]]",nigerian_slang
slang-885,Dr. (Mrs) Adeleke,Data Science & Big Data,CSC412,2,"This lecturer na mumu with grading, e no dey fair. Also, This guy dey behave like say we no important",negative,"[[""Assessment and Grading"", ""negative""], [""Availability"", ""negative""]]",nigerian_slang
slang-886,Dr. (Mrs) Adeleke,Software Engineering,CSC301,1,"Teaching materials dey zero, e no dey provide anything. Also, E dey ignore class rep messages",negative,"[[""Use of Teaching Materials"", ""negative""], [""Communication"", ""negative""]]",nigerian_slang
slang-887,Dr. Nwosu,Operating Systems Principles,CSC304,2,"This lecturer na mumu, e dey confuse person, and This man dey confuse course organization, e no know wetin e dey do",negative,"[[""Teaching Clarity"", ""negative""], [""Course Organisation"", ""negative""]]",nigerian_slang
slang-888,Dr. Faith,Operating Systems Principles,CSC304,3,"E dey send emails sometimes, however, Grading dey follow normal university standard",neutral,"[[""Communication"", ""neutral""], [""Assessment and Grading"", ""neutral""]]",nigerian_slang
slang-889,Dr. Pomele,Data Science & Big Data,CSC412,2,"Materials dey inadequate for the course, and E dey cancel office hours without telling us",negative,"[[""Use of Teaching Materials"", ""negative""], [""Availability"", ""negative""]]",nigerian_slang
slang-890,Dr. Chukwu,Data Structures and Algorithms,CSC201,3,"E dey entertain questions sometimes, however, E dey try sha, but sometimes e dey slow",neutral,"[[""Student Interaction"", ""neutral""], [""Teaching Clarity"", ""neutral""]]",nigerian_slang
slang-891,Dr. Nwosu,Machine Learning & Neural Nets,CSC408,3,Topics dey covered as per the curriculum,neutral,"[[""Course Organisation"", ""neutral""]]",nigerian_slang
slang-892,Dr. Adeyemi,Introduction to Computer Science,CSC101,1,"E dey read messages but no dey reply. Also, E dey rush everything for final weeks, like say exam dey tomorrow",negative,"[[""Communication"", ""negative""], [""Course Organisation"", ""negative""]]",nigerian_slang
slang-893,Dr. Faith,Machine Learning & Neural Nets,CSC408,2,"This guy dey act like say we dey disturb am, and This guy na idiot, e no dey understand wetin e dey teach, but This lecturer na mumu with grading, e no dey fair",negative,"[[""Availability"", ""negative""], [""Teaching Clarity"", ""negative""], [""Assessment and Grading"", ""negative""]]",nigerian_slang
slang-894,Dr. Nwosu,Computer Networks,CSC303,2,"E dey keep scripts till next semester, no return, and No interaction at all, just one way traffic, but Always late, time no dey important to am",negative,"[[""Assessment and Grading"", ""negative""], [""Student Interaction"", ""negative""], [""Lecturer Punctuality"", ""negative""]]",nigerian_slang
slang-895,Dr. Ibrahim,Introduction to Computer Science,CSC101,2,"Thanks for making us buy textbooks you never reference, however, Great feedback - 'needs improvement' really tells me everything",negative,"[[""Use of Teaching Materials"", ""negative""], [""Assessment and Grading"", ""negative""]]",nigerian_slang
slang-896,Dr. Faith,Operating Systems Principles,CSC304,3,Two tests and one exam like every other course,neutral,"[[""Assessment and Grading"", ""neutral""]]",nigerian_slang
slang-897,Dr. Yusuf,Machine Learning & Neural Nets,CSC408,3,"Communication dey okay, nothing special, and Nothing special, just normal course arrangement, but Timing dey okay, manageable",neutral,"[[""Communication"", ""neutral""], [""Course Organisation"", ""neutral""], [""Lecturer Punctuality"", ""neutral""]]",nigerian_slang
slang-898,Prof. Okonkwo,Database Design & Management,CSC302,2,"Grading dey biased, if e no like you, you don fail, and Materials dey inadequate for the course, but Availability dey zero, e dey run from students",negative,"[[""Assessment and Grading"", ""negative""], [""Use of Teaching Materials"", ""negative""], [""Availability"", ""negative""]]",nigerian_slang
slang-899,Dr. Faith,Operating Systems Principles,CSC304,2,This man dey insult students for class,negative,"[[""Student Interaction"", ""negative""]]",nigerian_slang
slang-900,Prof. Balogun,Data Science & Big Data,CSC412,1,"Thanks for never replying to emails, really shows dedication, however, Oh sure, because reading slides word-for-word is definitely 'teaching'",negative,"[[""Availability"", ""negative""], [""Teaching Clarity"", ""negative""]]",nigerian_slang
slang-901,Dr. (Mrs) Adeleke,Computer Networks,CSC303,4,"Class dey engaging, no dull moment, and E dey give helpful feedback, you go know where you miss am, but The way e dey arrange topics dey very logical",positive,"[[""Student Interaction"", ""positive""], [""Assessment and Grading"", ""positive""], [""Course Organisation"", ""positive""]]",nigerian_slang
slang-902,Dr. Okafor,Data Structures and Algorithms,CSC201,4,"E dey respect students well well, however, E dey start class exactly on time, no delay",positive,"[[""Student Interaction"", ""positive""], [""Lecturer Punctuality"", ""positive""]]",nigerian_slang
slang-903,Dr. (Mrs) Adeleke,Operating Systems Principles,CSC304,2,"This man dey come class late everyday, mumu behavior, and This guy dey run course like agbero",negative,"[[""Lecturer Punctuality"", ""negative""], [""Course Organisation"", ""negative""]]",nigerian_slang
slang-904,Prof. Okonkwo,Cloud Computing Architectures,CSC406,2,"Thanks for making us buy textbooks you never reference, however, Wonderful how the guy who wrote the best essay still failed",negative,"[[""Use of Teaching Materials"", ""negative""], [""Assessment and Grading"", ""negative""]]",nigerian_slang
slang-905,Dr. Chukwu,Data Science & Big Data,CSC412,1,"Love the slides with more typos than actual content, but Appreciate how he treats our time like it's worthless",negative,"[[""Use of Teaching Materials"", ""negative""], [""Lecturer Punctuality"", ""negative""]]",nigerian_slang
slang-906,Dr. Nwosu,Machine Learning & Neural Nets,CSC408,2,"This man na waste, e no dey help at all, and This lecturer na olodo, e no respect time",negative,"[[""Availability"", ""negative""], [""Lecturer Punctuality"", ""negative""]]",nigerian_slang
slang-907,Prof. Okonkwo,Cloud Computing Architectures,CSC406,1,"This man na evil with marking, e dey fail people, and This guy dey ignore messages like say we no exist",negative,"[[""Assessment and Grading"", ""negative""], [""Communication"", ""negative""]]",nigerian_slang
slang-908,Prof. Martins,Introduction to Computer Science,CSC101,2,"Course dey disorganized well well, who understand this man?",negative,"[[""Course Organisation"", ""negative""]]",nigerian_slang
slang-909,Dr. Ibrahim,Operating Systems Principles,CSC304,1,"No proper communication, we dey hear am for road. Also, E dey cancel class like say e dey pure water",negative,"[[""Communication"", ""negative""], [""Lecturer Punctuality"", ""negative""]]",nigerian_slang
slang-910,Dr. Okafor,Software Engineering,CSC301,5,"Slides dey clear and easy to understand, however, Time keeper, e no dey waste student's time",positive,"[[""Use of Teaching Materials"", ""positive""], [""Lecturer Punctuality"", ""positive""]]",nigerian_slang
slang-911,Dr. Okafor,Special Computing,CSC410,2,"Teaching materials dey zero, e no dey provide anything",negative,"[[""Use of Teaching Materials"", ""negative""]]",nigerian_slang
slang-912,Dr. Adeyemi,Data Science & Big Data,CSC412,2,"Love the slides with more typos than actual content, however, Great planning - rushing everything in the last two weeks was genius",negative,"[[""Use of Teaching Materials"", ""negative""], [""Course Organisation"", ""negative""]]",nigerian_slang
slang-913,Prof. Okonkwo,Special Computing,CSC410,4,"E dey encourage questions, nobody dey dull. Also, Course dey well arranged, e no dey scatter at all",positive,"[[""Student Interaction"", ""positive""], [""Course Organisation"", ""positive""]]",nigerian_slang
slang-914,Prof. Balogun,Data Structures and Algorithms,CSC201,2,"This man dey come class late everyday, and If you no buy handout, you no go get anything, but E dey ignore messages like say we no exist",negative,"[[""Lecturer Punctuality"", ""negative""], [""Use of Teaching Materials"", ""negative""], [""Communication"", ""negative""]]",nigerian_slang
slang-915,Dr. (Mrs) Adeleke,Machine Learning & Neural Nets,CSC408,4,"E dey come before 8am for 8am class, however, The course structure dey make sense, everything dey follow proper order",positive,"[[""Lecturer Punctuality"", ""positive""], [""Course Organisation"", ""positive""]]",nigerian_slang
slang-916,Dr. Chukwu,Special Computing,CSC410,5,"No rush at all, e dey take time cover everything, and E dey share notes early, no last minute rush, but This guy sabi book die, explanations dey enter head well well",positive,"[[""Course Organisation"", ""positive""], [""Use of Teaching Materials"", ""positive""], [""Teaching Clarity"", ""positive""]]",nigerian_slang
slang-917,Dr. Adeyemi,Software Engineering,CSC301,2,"This man dey come class late everyday, mumu behavior, and This guy dey behave like say we no important",negative,"[[""Lecturer Punctuality"", ""negative""], [""Availability"", ""negative""]]",nigerian_slang
slang-918,Dr. Faith,Data Science & Big Data,CSC412,1,"Class dey dull like graveyard, e no dey interact",negative,"[[""Student Interaction"", ""negative""]]",nigerian_slang
slang-919,Dr. Faith,Operating Systems Principles,CSC304,4,"Very responsive to student inquiries, and E dey make the hard topics look like child's play, but E dey carry everybody along, no discrimination",positive,"[[""Communication"", ""positive""], [""Teaching Clarity"", ""positive""], [""Student Interaction"", ""positive""]]",nigerian_slang
slang-920,Dr. Adeyemi,Data Structures and Algorithms,CSC201,2,"This guy dey fail people intentionally, e dey wicked. Also, This man na waste, materials dey zero",negative,"[[""Assessment and Grading"", ""negative""], [""Use of Teaching Materials"", ""negative""]]",nigerian_slang
slang-921,Prof. Balogun,Cloud Computing Architectures,CSC406,2,"Slides dey blurry, you no fit read, and This mumu man no sabi explain anything at all",negative,"[[""Use of Teaching Materials"", ""negative""], [""Teaching Clarity"", ""negative""]]",nigerian_slang
slang-922,Dr. Nwosu,Software Engineering,CSC301,1,"This mumu man no sabi teach at all, but This man na waste of space, course dey scatter",negative,"[[""Teaching Clarity"", ""negative""], [""Course Organisation"", ""negative""]]",nigerian_slang
slang-923,Dr. Yusuf,Introduction to Computer Science,CSC101,5,"Marking dey transparent, no under the table business",positive,"[[""Assessment and Grading"", ""positive""]]",nigerian_slang
slang-924,Dr. Faith,Machine Learning & Neural Nets,CSC408,4,Slides dey clear and easy to understand,positive,"[[""Use of Teaching Materials"", ""positive""]]",nigerian_slang
slang-925,Prof. Balogun,Machine Learning & Neural Nets,CSC408,1,"Love how he turns legitimate questions into insults, however, Thanks for the last-minute announcements, really helpful",negative,"[[""Student Interaction"", ""negative""], [""Communication"", ""negative""]]",nigerian_slang
slang-926,Dr. Faith,Database Design & Management,CSC302,4,"E dey respect time die, no African time, and Student interaction dey excellent, e dey relate well, but E dey use group chat well to pass info",positive,"[[""Lecturer Punctuality"", ""positive""], [""Student Interaction"", ""positive""], [""Communication"", ""positive""]]",nigerian_slang
slang-927,Prof. Martins,Database Design & Management,CSC302,4,"No rush at all, e dey take time cover everything, and Materials dey up to date and helpful, but Every lecture dey clear, no wahala at all",positive,"[[""Course Organisation"", ""positive""], [""Use of Teaching Materials"", ""positive""], [""Teaching Clarity"", ""positive""]]",nigerian_slang
slang-928,Prof. Okonkwo,Cloud Computing Architectures,CSC406,2,Great planning - rushing everything in the last two weeks was genius,negative,"[[""Course Organisation"", ""negative""]]",nigerian_slang
slang-929,Prof. Martins,Machine Learning & Neural Nets,CSC408,2,"This man na evil with marking, e dey fail people",negative,"[[""Assessment and Grading"", ""negative""]]",nigerian_slang
slang-930,Dr. Pomele,Machine Learning & Neural Nets,CSC408,1,Thanks for making us buy textbooks you never reference,negative,"[[""Use of Teaching Materials"", ""negative""]]",nigerian_slang
slang-931,Dr. Chukwu,Operating Systems Principles,CSC304,2,"E dey discourage questions, e dey vex when we ask, but Teaching materials dey zero, e no dey provide anything",negative,"[[""Student Interaction"", ""negative""], [""Use of Teaching Materials"", ""negative""]]",nigerian_slang
slang-932,Dr. Adeyemi,Operating Systems Principles,CSC304,2,"This lecturer na olodo with marking, e no sabi mark, and This guy dey act like say we dey disturb am, but This lecturer na mumu, e no dey inform us",negative,"[[""Assessment and Grading"", ""negative""], [""Availability"", ""negative""], [""Communication"", ""negative""]]",nigerian_slang
slang-933,Dr. (Mrs) Adeleke,Machine Learning & Neural Nets,CSC408,1,"E dey ignore class rep messages, however, Course dey disorganized well well, who understand this man?",negative,"[[""Communication"", ""negative""], [""Course Organisation"", ""negative""]]",nigerian_slang
slang-934,Dr. Okafor,Special Computing,CSC410,1,"This lecturer na mumu, e no dey inform us, and This lecturer na clown with time, e dey late always",negative,"[[""Communication"", ""negative""], [""Lecturer Punctuality"", ""negative""]]",nigerian_slang
slang-935,Dr. (Mrs) Adeleke,Operating Systems Principles,CSC304,3,"E dey follow textbook, nothing special but e dey go",neutral,"[[""Teaching Clarity"", ""neutral""]]",nigerian_slang
slang-936,Prof. Okonkwo,Operating Systems Principles,CSC304,1,"E dey ignore class rep messages, and E dey cancel office hours without telling us, but This man no dey give us any materials",negative,"[[""Communication"", ""negative""], [""Availability"", ""negative""], [""Use of Teaching Materials"", ""negative""]]",nigerian_slang
slang-937,Dr. Chukwu,Operating Systems Principles,CSC304,1,"This guy na idiot, e no dey understand wetin e dey teach",negative,"[[""Teaching Clarity"", ""negative""]]",nigerian_slang
slang-938,Dr. Pomele,Cloud Computing Architectures,CSC406,1,Wonderful how the guy who wrote the best essay still failed,negative,"[[""Assessment and Grading"", ""negative""]]",nigerian_slang
slang-939,Dr. Nwosu,Data Science & Big Data,CSC412,2,"This man dey confuse course organization, e no know wetin e dey do, however, This lecturer na mumu, e no dey see students",negative,"[[""Course Organisation"", ""negative""], [""Availability"", ""negative""]]",nigerian_slang
slang-940,Dr. Yusuf,Machine Learning & Neural Nets,CSC408,3,"Standard lecture format with some interaction, but You fit reach am during consultation hours",neutral,"[[""Student Interaction"", ""neutral""], [""Availability"", ""neutral""]]",nigerian_slang
slang-941,Dr. Nwosu,Data Science & Big Data,CSC412,1,"Appreciate the help - or lack thereof - when we actually need it, and Love finding out about venue changes 10 minutes before class, but Appreciate how the course outline was clearly written in invisible ink",negative,"[[""Availability"", ""negative""], [""Communication"", ""negative""], [""Course Organisation"", ""negative""]]",nigerian_slang
slang-942,Prof. Martins,Special Computing,CSC410,2,"This lecturer na clown, e dey disorganize everything",negative,"[[""Course Organisation"", ""negative""]]",nigerian_slang
slang-943,Dr. Yusuf,Machine Learning & Neural Nets,CSC408,5,Test questions dey based on wetin e teach for class,positive,"[[""Assessment and Grading"", ""positive""]]",nigerian_slang
slang-944,Dr. Ibrahim,Cloud Computing Architectures,CSC406,2,"This man dey come class late everyday, mumu behavior, however, This man dey scatter everything, no sense at all",negative,"[[""Lecturer Punctuality"", ""negative""], [""Course Organisation"", ""negative""]]",nigerian_slang
slang-945,Dr. Chukwu,Machine Learning & Neural Nets,CSC408,3,Grading dey follow normal university standard,neutral,"[[""Assessment and Grading"", ""neutral""]]",nigerian_slang
slang-946,Dr. Adeyemi,Machine Learning & Neural Nets,CSC408,4,"Very reliable with time, always available, but Slides dey comprehensive and well designed",positive,"[[""Lecturer Punctuality"", ""positive""], [""Use of Teaching Materials"", ""positive""]]",nigerian_slang
slang-947,Dr. Okafor,Machine Learning & Neural Nets,CSC408,1,Wonderful how he manages to never actually explain anything,negative,"[[""Teaching Clarity"", ""negative""]]",nigerian_slang
slang-948,Dr. (Mrs) Adeleke,Data Structures and Algorithms,CSC201,1,"This man dey fail to respond, e dey dull, however, This man dey mark person wickedly, heartless",negative,"[[""Communication"", ""negative""], [""Assessment and Grading"", ""negative""]]",nigerian_slang
slang-949,Dr. Chukwu,Operating Systems Principles,CSC304,2,"Appreciate how the course outline was clearly written in invisible ink, and Wonderful how he manages to never actually explain anything, but Appreciate how he treats our time like it's worthless",negative,"[[""Course Organisation"", ""negative""], [""Teaching Clarity"", ""negative""], [""Lecturer Punctuality"", ""negative""]]",nigerian_slang
slang-950,Prof. Okonkwo,Special Computing,CSC410,2,"Time waster, always behind schedule, and No rubric, e dey just dey mark as e like, but If you no buy handout, you no go get anything",negative,"[[""Lecturer Punctuality"", ""negative""], [""Assessment and Grading"", ""negative""], [""Use of Teaching Materials"", ""negative""]]",nigerian_slang
slang-951,Dr. Okafor,Introduction to Computer Science,CSC101,2,"This man dey fail to respond, e dey dull, and This mumu man no sabi teach at all, but This man dey refuse to share notes, wicked",negative,"[[""Communication"", ""negative""], [""Teaching Clarity"", ""negative""], [""Use of Teaching Materials"", ""negative""]]",nigerian_slang
slang-952,Prof. Okonkwo,Introduction to Computer Science,CSC101,2,"E dey ignore class rep messages, and E dey come 30 minutes after time don pass",negative,"[[""Communication"", ""negative""], [""Lecturer Punctuality"", ""negative""]]",nigerian_slang
slang-953,Dr. Faith,Computer Networks,CSC303,2,"This guy dey talk nonsense for class, and This guy dey run course like agbero, but This guy dey come late like agbero, no respect",negative,"[[""Teaching Clarity"", ""negative""], [""Course Organisation"", ""negative""], [""Lecturer Punctuality"", ""negative""]]",nigerian_slang
slang-954,Dr. (Mrs) Adeleke,Cloud Computing Architectures,CSC406,1,"This man dey come class late everyday, mumu behavior, but This lecturer na olodo, e no get plan",negative,"[[""Lecturer Punctuality"", ""negative""], [""Course Organisation"", ""negative""]]",nigerian_slang
slang-955,Dr. Yusuf,Operating Systems Principles,CSC304,3,"Standard lecture format with some interaction. Also, E dey follow normal faculty materials",neutral,"[[""Student Interaction"", ""neutral""], [""Use of Teaching Materials"", ""neutral""]]",nigerian_slang
slang-956,Dr. Nwosu,Data Structures and Algorithms,CSC201,4,"Slides dey clear and easy to understand, but Man sabi explain tire, even dullard go understand",positive,"[[""Use of Teaching Materials"", ""positive""], [""Teaching Clarity"", ""positive""]]",nigerian_slang
slang-957,Dr. Chukwu,Database Design & Management,CSC302,2,"This guy dey behave like say we be enemies, however, This lecturer na mumu, e no dey inform us",negative,"[[""Student Interaction"", ""negative""], [""Communication"", ""negative""]]",nigerian_slang
slang-958,Dr. Adeyemi,Machine Learning & Neural Nets,CSC408,4,"E dey start class exactly on time, no delay. Also, E dey pass information properly, no confusion",positive,"[[""Lecturer Punctuality"", ""positive""], [""Communication"", ""positive""]]",nigerian_slang
slang-959,Dr. Chukwu,Database Design & Management,CSC302,1,"Love the surprise cancelled classes we find out about 5 minutes before. Also, Love how he turns legitimate questions into insults",negative,"[[""Lecturer Punctuality"", ""negative""], [""Student Interaction"", ""negative""]]",nigerian_slang
slang-960,Dr. Ibrahim,Cloud Computing Architectures,CSC406,1,Wonderful how he manages to never actually explain anything,negative,"[[""Teaching Clarity"", ""negative""]]",nigerian_slang
slang-961,Dr. Pomele,Cloud Computing Architectures,CSC406,1,"This man na waste, materials dey zero, however, This guy dey run course like agbero",negative,"[[""Use of Teaching Materials"", ""negative""], [""Course Organisation"", ""negative""]]",nigerian_slang
slang-962,Prof. Balogun,Computer Networks,CSC303,3,E dey follow normal faculty materials,neutral,"[[""Use of Teaching Materials"", ""neutral""]]",nigerian_slang
slang-963,Dr. Pomele,Data Structures and Algorithms,CSC201,2,"This man dey keep info to himself, selfish, but This man dey confuse course organization, e no know wetin e dey do",negative,"[[""Communication"", ""negative""], [""Course Organisation"", ""negative""]]",nigerian_slang
slang-964,Dr. Yusuf,Data Structures and Algorithms,CSC201,3,"Standard assessment procedures, and Standard teaching, nothing to write home about",neutral,"[[""Assessment and Grading"", ""neutral""], [""Teaching Clarity"", ""neutral""]]",nigerian_slang
slang-965,Prof. Balogun,Data Structures and Algorithms,CSC201,1,"This man dey lock office door like say thief dey pursue am, and This guy dey give random marks, e no sabi wetin e dey do",negative,"[[""Availability"", ""negative""], [""Assessment and Grading"", ""negative""]]",nigerian_slang
slang-966,Prof. Balogun,Cloud Computing Architectures,CSC406,2,"This man dey talk like say e no go school, however, This man dey disrespect students well well",negative,"[[""Teaching Clarity"", ""negative""], [""Student Interaction"", ""negative""]]",nigerian_slang
slang-967,Dr. Yusuf,Data Structures and Algorithms,CSC201,3,E dey come roughly on time most times,neutral,"[[""Lecturer Punctuality"", ""neutral""]]",nigerian_slang
slang-968,Dr. Yusuf,Database Design & Management,CSC302,2,"This lecturer na mumu with grading, e no dey fair",negative,"[[""Assessment and Grading"", ""negative""]]",nigerian_slang
slang-969,Dr. Okafor,Cloud Computing Architectures,CSC406,3,"E dey follow textbook, nothing special but e dey go",neutral,"[[""Teaching Clarity"", ""neutral""]]",nigerian_slang
slang-970,Dr. Nwosu,Software Engineering,CSC301,1,"No interaction at all, just one way traffic",negative,"[[""Student Interaction"", ""negative""]]",nigerian_slang
slang-971,Dr. Faith,Data Science & Big Data,CSC412,4,"If you sabi the work, you go definitely pass, and Announcements dey clear and timely",positive,"[[""Assessment and Grading"", ""positive""], [""Communication"", ""positive""]]",nigerian_slang
slang-972,Dr. Pomele,Operating Systems Principles,CSC304,2,"Thanks for the surprise exam topics we never covered, really thoughtful, and Oh sure, because reading slides word-for-word is definitely 'teaching'",negative,"[[""Course Organisation"", ""negative""], [""Teaching Clarity"", ""negative""]]",nigerian_slang
slang-973,Prof. Okonkwo,Special Computing,CSC410,2,Appreciate how the course outline was clearly written in invisible ink,negative,"[[""Course Organisation"", ""negative""]]",nigerian_slang
slang-974,Dr. (Mrs) Adeleke,Operating Systems Principles,CSC304,1,"This lecturer na olodo, e no dey available. Also, This guy dey force us buy textbook, e dey greedy",negative,"[[""Availability"", ""negative""], [""Use of Teaching Materials"", ""negative""]]",nigerian_slang
slang-975,Prof. Martins,Software Engineering,CSC301,1,"If you no buy handout, you no go get anything, but The way e dey explain dey make person vex, nothing clear at all",negative,"[[""Use of Teaching Materials"", ""negative""], [""Teaching Clarity"", ""negative""]]",nigerian_slang
slang-976,Prof. Martins,Data Science & Big Data,CSC412,1,"This lecturer na waste, e no fit teach, but This man dey run from students, e no dey help",negative,"[[""Teaching Clarity"", ""negative""], [""Availability"", ""negative""]]",nigerian_slang
slang-977,Prof. Okonkwo,Cloud Computing Architectures,CSC406,5,"E dey break down complex things like say na jollof rice. Also, E dey upload notes on time for us to read",positive,"[[""Teaching Clarity"", ""positive""], [""Use of Teaching Materials"", ""positive""]]",nigerian_slang
slang-978,Prof. Martins,Software Engineering,CSC301,3,Available during normal office hours,neutral,"[[""Availability"", ""neutral""]]",nigerian_slang
slang-979,Dr. Pomele,Software Engineering,CSC301,1,Appreciate the complete lack of any useful study materials,negative,"[[""Use of Teaching Materials"", ""negative""]]",nigerian_slang
slang-980,Prof. Balogun,Software Engineering,CSC301,1,"Oh sure, because reading slides word-for-word is definitely 'teaching', however, Thanks for the surprise exam topics we never covered, really thoughtful",negative,"[[""Teaching Clarity"", ""negative""], [""Course Organisation"", ""negative""]]",nigerian_slang
slang-981,Prof. Martins,Introduction to Computer Science,CSC101,1,"Appreciate the help - or lack thereof - when we actually need it, and Appreciate how the course outline was clearly written in invisible ink",negative,"[[""Availability"", ""negative""], [""Course Organisation"", ""negative""]]",nigerian_slang
slang-982,Dr. Pomele,Software Engineering,CSC301,2,"Slides dey old and outdated, like 1990s",negative,"[[""Use of Teaching Materials"", ""negative""]]",nigerian_slang
slang-983,Dr. Yusuf,Operating Systems Principles,CSC304,5,"Very approachable, e dey welcome questions, however, Class rep dey always get info on time",positive,"[[""Availability"", ""positive""], [""Communication"", ""positive""]]",nigerian_slang
slang-984,Prof. Balogun,Cloud Computing Architectures,CSC406,1,"This lecturer na mumu, e dey confuse person. Also, This guy dey impossible to reach, e dey run",negative,"[[""Teaching Clarity"", ""negative""], [""Availability"", ""negative""]]",nigerian_slang
slang-985,Dr. Adeyemi,Software Engineering,CSC301,1,Great planning - rushing everything in the last two weeks was genius,negative,"[[""Course Organisation"", ""negative""]]",nigerian_slang
slang-986,Prof. Martins,Machine Learning & Neural Nets,CSC408,2,This guy dey talk nonsense for class,negative,"[[""Teaching Clarity"", ""negative""]]",nigerian_slang
slang-987,Dr. Chukwu,Introduction to Computer Science,CSC101,1,"This guy dey act like say e no know syllabus, and This guy dey act like say materials na gold",negative,"[[""Course Organisation"", ""negative""], [""Use of Teaching Materials"", ""negative""]]",nigerian_slang
slang-988,Prof. Balogun,Software Engineering,CSC301,2,"This man dey hide from students like rat, and This lecturer na olodo, e no dey provide materials, but This guy na idiot, e no dey understand wetin e dey teach",negative,"[[""Availability"", ""negative""], [""Use of Teaching Materials"", ""negative""], [""Teaching Clarity"", ""negative""]]",nigerian_slang
slang-989,Prof. Balogun,Cloud Computing Architectures,CSC406,1,"This man na waste, e no dey interact at all. Also, This lecturer na olodo, e no respect time",negative,"[[""Student Interaction"", ""negative""], [""Lecturer Punctuality"", ""negative""]]",nigerian_slang
slang-990,Dr. Yusuf,Software Engineering,CSC301,4,"E dey help struggling students well well, and Man sabi explain tire, even dullard go understand",positive,"[[""Availability"", ""positive""], [""Teaching Clarity"", ""positive""]]",nigerian_slang
slang-991,Prof. Martins,Data Structures and Algorithms,CSC201,2,"When you need am, e no dey available, however, E dey fail people unnecessarily, heartless marking",negative,"[[""Availability"", ""negative""], [""Assessment and Grading"", ""negative""]]",nigerian_slang
slang-992,Dr. Pomele,Data Science & Big Data,CSC412,4,E dey follow the syllabus like serious person,positive,"[[""Course Organisation"", ""positive""]]",nigerian_slang
slang-993,Dr. Adeyemi,Introduction to Computer Science,CSC101,5,"This guy dey give us better materials, however, E dey listen to student contributions",positive,"[[""Use of Teaching Materials"", ""positive""], [""Student Interaction"", ""positive""]]",nigerian_slang
slang-994,Dr. Ibrahim,Data Structures and Algorithms,CSC201,1,"Appreciate how he treats our time like it's worthless, and Thanks for making students feel stupid for asking questions",negative,"[[""Lecturer Punctuality"", ""negative""], [""Student Interaction"", ""negative""]]",nigerian_slang
slang-995,Dr. Yusuf,Introduction to Computer Science,CSC101,1,"Appreciate waiting 6 weeks for grades that were clearly randomly assigned, however, Thanks for the last-minute announcements, really helpful",negative,"[[""Assessment and Grading"", ""negative""], [""Communication"", ""negative""]]",nigerian_slang
slang-996,Prof. Martins,Database Design & Management,CSC302,2,"Love how he turns legitimate questions into insults. Also, Thanks for the surprise exam topics we never covered, really thoughtful",negative,"[[""Student Interaction"", ""negative""], [""Course Organisation"", ""negative""]]",nigerian_slang
slang-997,Dr. Adeyemi,Software Engineering,CSC301,2,"The way e dey explain dey make person vex, nothing clear at all",negative,"[[""Teaching Clarity"", ""negative""]]",nigerian_slang
slang-998,Dr. Pomele,Introduction to Computer Science,CSC101,1,"This lecturer na waste, e no fit teach, and This man dey come late like say na am own time, but This man dey run from students, e no dey help",negative,"[[""Teaching Clarity"", ""negative""], [""Lecturer Punctuality"", ""negative""], [""Availability"", ""negative""]]",nigerian_slang
slang-999,Dr. (Mrs) Adeleke,Computer Networks,CSC303,2,"Grading dey harsh, e dey fail people like say na competition",negative,"[[""Assessment and Grading"", ""negative""]]",nigerian_slang
slang-1000,Dr. Adeyemi,Special Computing,CSC410,4,"Grading dey fair, if you work hard you go get your due, but Very reliable with time, always available",positive,"[[""Assessment and Grading"", ""positive""], [""Lecturer Punctuality"", ""positive""]]",nigerian_slang
slang-1001,Dr. Faith,Machine Learning & Neural Nets,CSC408,1,"No proper grading, e dey just dey give marks randomly, and Emails dey enter trash, e no dey reply",negative,"[[""Assessment and Grading"", ""negative""], [""Availability"", ""negative""]]",nigerian_slang
slang-1002,Prof. Martins,Data Structures and Algorithms,CSC201,1,E dey come 30 minutes after time don pass,negative,"[[""Lecturer Punctuality"", ""negative""]]",nigerian_slang
slang-1003,Dr. Okafor,Machine Learning & Neural Nets,CSC408,1,"The guy dey rush through slides like say thief dey pursue am. Also, E dey disorganize everything, no proper flow",negative,"[[""Teaching Clarity"", ""negative""], [""Course Organisation"", ""negative""]]",nigerian_slang
slang-1004,Dr. (Mrs) Adeleke,Operating Systems Principles,CSC304,2,"Appreciate the hostile atmosphere that discourages participation, and Appreciate the help - or lack thereof - when we actually need it",negative,"[[""Student Interaction"", ""negative""], [""Availability"", ""negative""]]",nigerian_slang
slang-1005,Dr. Adeyemi,Data Science & Big Data,CSC412,1,This guy dey behave like say we no deserve info,negative,"[[""Communication"", ""negative""]]",nigerian_slang
slang-1006,Dr. Okafor,Introduction to Computer Science,CSC101,2,"Wonderful how he manages to never actually explain anything. Also, Love the surprise cancelled classes we find out about 5 minutes before",negative,"[[""Teaching Clarity"", ""negative""], [""Lecturer Punctuality"", ""negative""]]",nigerian_slang
slang-1007,Dr. Chukwu,Data Science & Big Data,CSC412,4,"E dey start class exactly on time, no delay, however, E dey give helpful feedback, you go know where you miss am",positive,"[[""Lecturer Punctuality"", ""positive""], [""Assessment and Grading"", ""positive""]]",nigerian_slang
slang-1008,Dr. Faith,Operating Systems Principles,CSC304,1,"E dey keep scripts till next semester, no return",negative,"[[""Assessment and Grading"", ""negative""]]",nigerian_slang
slang-1009,Dr. Faith,Cloud Computing Architectures,CSC406,2,E dey cancel class like say e dey pure water,negative,"[[""Lecturer Punctuality"", ""negative""]]",nigerian_slang
slang-1010,Prof. Okonkwo,Special Computing,CSC410,3,"E dey see students if you book appointment. Also, Standard university communication channels",neutral,"[[""Availability"", ""neutral""], [""Communication"", ""neutral""]]",nigerian_slang
slang-1011,Dr. (Mrs) Adeleke,Operating Systems Principles,CSC304,2,"E dey rush everything for final weeks, like say exam dey tomorrow",negative,"[[""Course Organisation"", ""negative""]]",nigerian_slang
slang-1012,Prof. Balogun,Machine Learning & Neural Nets,CSC408,1,"This man na olodo, e no sabi anything",negative,"[[""Teaching Clarity"", ""negative""]]",nigerian_slang
slang-1013,Dr. Okafor,Special Computing,CSC410,1,Love the slides with more typos than actual content,negative,"[[""Use of Teaching Materials"", ""negative""]]",nigerian_slang
slang-1014,Prof. Martins,Operating Systems Principles,CSC304,2,"This course dey scatter scatter, no proper arrangement, however, E dey teach like say e dey speak in tongues, who understand?",negative,"[[""Course Organisation"", ""negative""], [""Teaching Clarity"", ""negative""]]",nigerian_slang
slang-1015,Dr. Yusuf,Database Design & Management,CSC302,1,"This guy dey act like say communication na crime, and This man dey confuse course organization, e no know wetin e dey do",negative,"[[""Communication"", ""negative""], [""Course Organisation"", ""negative""]]",nigerian_slang
slang-1016,Prof. Martins,Data Science & Big Data,CSC412,2,Thanks for wasting 30 minutes of every class being late,negative,"[[""Lecturer Punctuality"", ""negative""]]",nigerian_slang
slang-1017,Dr. Adeyemi,Data Science & Big Data,CSC412,1,"This man dey make himself unavailable, wicked, however, This man dey keep info to himself, selfish",negative,"[[""Availability"", ""negative""], [""Communication"", ""negative""]]",nigerian_slang
slang-1018,Dr. Faith,Cloud Computing Architectures,CSC406,2,"E dey ignore messages like say we no exist, and Grading dey harsh, e dey fail people like say na competition, but E dey come 30 minutes after time don pass",negative,"[[""Communication"", ""negative""], [""Assessment and Grading"", ""negative""], [""Lecturer Punctuality"", ""negative""]]",nigerian_slang
slang-1019,Dr. Ibrahim,Operating Systems Principles,CSC304,1,"This guy na clown, e dey make person laugh instead of learn, however, This guy dey run course like agbero",negative,"[[""Teaching Clarity"", ""negative""], [""Course Organisation"", ""negative""]]",nigerian_slang
slang-1020,Prof. Okonkwo,Special Computing,CSC410,3,"Nothing special, just normal class interaction",neutral,"[[""Student Interaction"", ""neutral""]]",nigerian_slang
slang-1021,Dr. Ibrahim,Software Engineering,CSC301,2,This guy dey behave like say we be enemies,negative,"[[""Student Interaction"", ""negative""]]",nigerian_slang
slang-1022,Prof. Okonkwo,Operating Systems Principles,CSC304,4,"Punctuality dey 100%, serious lecturer",positive,"[[""Lecturer Punctuality"", ""positive""]]",nigerian_slang
slang-1023,Dr. Ibrahim,Special Computing,CSC410,1,"E dey shun students when we ask for help. Also, E dey ridicule students wey ask questions",negative,"[[""Availability"", ""negative""], [""Student Interaction"", ""negative""]]",nigerian_slang
slang-1024,Prof. Martins,Data Science & Big Data,CSC412,1,"No proper grading, e dey just dey give marks randomly",negative,"[[""Assessment and Grading"", ""negative""]]",nigerian_slang
slang-1025,Dr. Okafor,Machine Learning & Neural Nets,CSC408,1,"Thanks for wasting 30 minutes of every class being late, and Appreciate the help - or lack thereof - when we actually need it, but Thanks for the 'clear' explanations that require a PhD to understand",negative,"[[""Lecturer Punctuality"", ""negative""], [""Availability"", ""negative""], [""Teaching Clarity"", ""negative""]]",nigerian_slang
slang-1026,Dr. Adeyemi,Database Design & Management,CSC302,1,"This lecturer na mumu, e no dey see students, and This man na waste, communication dey zero, but This guy dey run course like agbero",negative,"[[""Availability"", ""negative""], [""Communication"", ""negative""], [""Course Organisation"", ""negative""]]",nigerian_slang
slang-1027,Dr. Nwosu,Special Computing,CSC410,1,"This lecturer na olodo, e no respect time, and This guy dey act like say communication na crime, but This man dey mark like wicked person",negative,"[[""Lecturer Punctuality"", ""negative""], [""Communication"", ""negative""], [""Assessment and Grading"", ""negative""]]",nigerian_slang
slang-1028,Dr. Nwosu,Operating Systems Principles,CSC304,2,"Punctuality dey zero, e dey always come late. Also, No interaction at all, just one way traffic",negative,"[[""Lecturer Punctuality"", ""negative""], [""Student Interaction"", ""negative""]]",nigerian_slang
slang-1029,Prof. Okonkwo,Introduction to Computer Science,CSC101,2,Appreciate how he treats our time like it's worthless,negative,"[[""Lecturer Punctuality"", ""negative""]]",nigerian_slang
slang-1030,Prof. Martins,Database Design & Management,CSC302,2,"This man dey mark like enemy, e dey fail us",negative,"[[""Assessment and Grading"", ""negative""]]",nigerian_slang
slang-1031,Dr. Faith,Cloud Computing Architectures,CSC406,2,"Great job explaining things that weren't in the exam, really helpful, and Wonderful how the guy who wrote the best essay still failed",negative,"[[""Teaching Clarity"", ""negative""], [""Assessment and Grading"", ""negative""]]",nigerian_slang
slang-1032,Prof. Martins,Data Science & Big Data,CSC412,4,"E dey make students feel comfortable to talk, and Every lecture dey clear, no wahala at all, but This guy dey communicate well well",positive,"[[""Student Interaction"", ""positive""], [""Teaching Clarity"", ""positive""], [""Communication"", ""positive""]]",nigerian_slang
slang-1033,Dr. Chukwu,Data Science & Big Data,CSC412,4,"Every lecture dey clear, no wahala at all",positive,"[[""Teaching Clarity"", ""positive""]]",nigerian_slang
slang-1034,Dr. Pomele,Data Science & Big Data,CSC412,1,"E dey talk to himself for class, nobody dey grab wetin e dey talk",negative,"[[""Teaching Clarity"", ""negative""]]",nigerian_slang
slang-1035,Dr. Yusuf,Database Design & Management,CSC302,5,"E dey share notes early, no last minute rush. Also, E dey carry everybody along, no discrimination",positive,"[[""Use of Teaching Materials"", ""positive""], [""Student Interaction"", ""positive""]]",nigerian_slang
slang-1036,Dr. Faith,Cloud Computing Architectures,CSC406,1,"This course dey scatter scatter, no proper arrangement. Also, E dey talk to himself for class, nobody dey grab wetin e dey talk",negative,"[[""Course Organisation"", ""negative""], [""Teaching Clarity"", ""negative""]]",nigerian_slang
slang-1037,Dr. Chukwu,Software Engineering,CSC301,3,"Nothing special, just normal class interaction",neutral,"[[""Student Interaction"", ""neutral""]]",nigerian_slang
slang-1038,Prof. Balogun,Cloud Computing Architectures,CSC406,1,"Thanks for making students feel stupid for asking questions, and Love finding out about venue changes 10 minutes before class, but Thanks for making us buy textbooks you never reference",negative,"[[""Student Interaction"", ""negative""], [""Communication"", ""negative""], [""Use of Teaching Materials"", ""negative""]]",nigerian_slang
slang-1039,Dr. Adeyemi,Introduction to Computer Science,CSC101,1,"This man na waste of space, course dey scatter",negative,"[[""Course Organisation"", ""negative""]]",nigerian_slang
slang-1040,Prof. Balogun,Data Science & Big Data,CSC412,1,"This man na olodo, e no sabi anything, and This lecturer na mumu, e no dey see students, but This guy dey act like say e no know syllabus",negative,"[[""Teaching Clarity"", ""negative""], [""Availability"", ""negative""], [""Course Organisation"", ""negative""]]",nigerian_slang
slang-1041,Prof. Martins,Computer Networks,CSC303,2,"Love how office hours are just theoretical concepts, and Thanks for making us buy textbooks you never reference, but Great feedback - 'needs improvement' really tells me everything",negative,"[[""Availability"", ""negative""], [""Use of Teaching Materials"", ""negative""], [""Assessment and Grading"", ""negative""]]",nigerian_slang
slang-1042,Dr. Pomele,Database Design & Management,CSC302,1,"This man dey scatter everything, no sense at all, however, This lecturer na olodo, e no dey interact",negative,"[[""Course Organisation"", ""negative""], [""Student Interaction"", ""negative""]]",nigerian_slang
slang-1043,Dr. Chukwu,Cloud Computing Architectures,CSC406,1,"The course dey confused, topics dey jump up and down, and E dey use big big grammar wey even dictionary no get, but Office hours dey for form only, door dey locked",negative,"[[""Course Organisation"", ""negative""], [""Teaching Clarity"", ""negative""], [""Availability"", ""negative""]]",nigerian_slang
slang-1044,Prof. Martins,Database Design & Management,CSC302,1,"E dey ignore students wey raise hand. Also, Time waster, always behind schedule",negative,"[[""Student Interaction"", ""negative""], [""Lecturer Punctuality"", ""negative""]]",nigerian_slang
slang-1045,Dr. Chukwu,Introduction to Computer Science,CSC101,1,"E dey come 30 minutes after time don pass, and Materials dey inadequate for the course",negative,"[[""Lecturer Punctuality"", ""negative""], [""Use of Teaching Materials"", ""negative""]]",nigerian_slang
slang-1046,Dr. Yusuf,Computer Networks,CSC303,1,"This man dey confuse course organization, e no know wetin e dey do",negative,"[[""Course Organisation"", ""negative""]]",nigerian_slang
slang-1047,Dr. Faith,Special Computing,CSC410,1,"This lecturer na olodo, e no dey provide materials",negative,"[[""Use of Teaching Materials"", ""negative""]]",nigerian_slang
slang-1048,Prof. Balogun,Special Computing,CSC410,3,"Standard assessment procedures, and E dey follow normal faculty materials",neutral,"[[""Assessment and Grading"", ""neutral""], [""Use of Teaching Materials"", ""neutral""]]",nigerian_slang
slang-1049,Dr. Faith,Introduction to Computer Science,CSC101,2,"This guy dey fail people intentionally, e dey wicked",negative,"[[""Assessment and Grading"", ""negative""]]",nigerian_slang
slang-1050,Dr. Yusuf,Operating Systems Principles,CSC304,3,"E dey follow the normal departmental syllabus, however, Communication dey okay, nothing special",neutral,"[[""Course Organisation"", ""neutral""], [""Communication"", ""neutral""]]",nigerian_slang
slang-1051,Prof. Martins,Special Computing,CSC410,4,E dey respect students well well,positive,"[[""Student Interaction"", ""positive""]]",nigerian_slang
slang-1052,Dr. Yusuf,Data Structures and Algorithms,CSC201,2,"Slides dey blurry, you no fit read, and Punctuality dey zero, e dey always come late, but This man no dey reply emails at all",negative,"[[""Use of Teaching Materials"", ""negative""], [""Lecturer Punctuality"", ""negative""], [""Communication"", ""negative""]]",nigerian_slang
slang-1053,Prof. Martins,Data Science & Big Data,CSC412,2,"Test questions dey different from wetin e teach for class, and This man dey impossible to reach outside class",negative,"[[""Assessment and Grading"", ""negative""], [""Availability"", ""negative""]]",nigerian_slang
slang-1054,Dr. Ibrahim,Data Structures and Algorithms,CSC201,2,This man dey lock office door like say thief dey pursue am,negative,"[[""Availability"", ""negative""]]",nigerian_slang
slang-1055,Dr. Pomele,Cloud Computing Architectures,CSC406,2,"This man dey mark anyhow, e dey fail people for nothing, but This lecturer na mumu, e no dey inform us",negative,"[[""Assessment and Grading"", ""negative""], [""Communication"", ""negative""]]",nigerian_slang
slang-1056,Prof. Martins,Operating Systems Principles,CSC304,2,"This man dey mess up course structure completely, and This man dey disrespect students well well, but This man dey fail to respond, e dey dull",negative,"[[""Course Organisation"", ""negative""], [""Student Interaction"", ""negative""], [""Communication"", ""negative""]]",nigerian_slang
slang-1057,Prof. Martins,Operating Systems Principles,CSC304,1,"Emails dey enter trash, e no dey reply. Also, E dey talk to himself for class, nobody dey grab wetin e dey talk",negative,"[[""Availability"", ""negative""], [""Teaching Clarity"", ""negative""]]",nigerian_slang
slang-1058,Dr. Okafor,Database Design & Management,CSC302,4,"Punctuality dey 100%, serious lecturer",positive,"[[""Lecturer Punctuality"", ""positive""]]",nigerian_slang
slang-1059,Dr. Faith,Machine Learning & Neural Nets,CSC408,1,Appreciate how the course outline was clearly written in invisible ink,negative,"[[""Course Organisation"", ""negative""]]",nigerian_slang
slang-1060,Dr. (Mrs) Adeleke,Computer Networks,CSC303,5,"E dey make the hard topics look like child's play, and Grading dey just, no favoritism at all, but Class dey engaging, no dull moment",positive,"[[""Teaching Clarity"", ""positive""], [""Assessment and Grading"", ""positive""], [""Student Interaction"", ""positive""]]",nigerian_slang
slang-1061,Dr. Yusuf,Operating Systems Principles,CSC304,4,"E dey make sure everybody understand announcement, however, E dey start class exactly on time, no delay",positive,"[[""Communication"", ""positive""], [""Lecturer Punctuality"", ""positive""]]",nigerian_slang
slang-1062,Dr. Chukwu,Computer Networks,CSC303,3,Two tests and one exam like every other course,neutral,"[[""Assessment and Grading"", ""neutral""]]",nigerian_slang
slang-1063,Dr. Adeyemi,Data Structures and Algorithms,CSC201,2,"This man dey come class late everyday, mumu behavior",negative,"[[""Lecturer Punctuality"", ""negative""]]",nigerian_slang
slang-1064,Dr. Ibrahim,Cloud Computing Architectures,CSC406,1,"Great feedback - 'needs improvement' really tells me everything, and Love the slides with more typos than actual content",negative,"[[""Assessment and Grading"", ""negative""], [""Use of Teaching Materials"", ""negative""]]",nigerian_slang
slang-1065,Dr. Faith,Operating Systems Principles,CSC304,1,"Grading dey biased, if e no like you, you don fail",negative,"[[""Assessment and Grading"", ""negative""]]",nigerian_slang
slang-1066,Dr. Adeyemi,Data Structures and Algorithms,CSC201,1,This guy dey behave like say we no important,negative,"[[""Availability"", ""negative""]]",nigerian_slang
slang-1067,Dr. Adeyemi,Data Structures and Algorithms,CSC201,4,"E dey give us proper timetable, no surprises",positive,"[[""Course Organisation"", ""positive""]]",nigerian_slang
slang-1068,Prof. Balogun,Database Design & Management,CSC302,4,"Office door dey always open for students, however, Very reliable with time, always available",positive,"[[""Availability"", ""positive""], [""Lecturer Punctuality"", ""positive""]]",nigerian_slang
slang-1069,Dr. (Mrs) Adeleke,Computer Networks,CSC303,3,"Marking dey okay, nothing special. Also, Timing dey okay, manageable",neutral,"[[""Assessment and Grading"", ""neutral""], [""Lecturer Punctuality"", ""neutral""]]",nigerian_slang
slang-1070,Dr. Nwosu,Data Science & Big Data,CSC412,1,"This mumu man no sabi explain anything at all, and E dey shun students when we ask for help, but E dey keep us in the dark about everything",negative,"[[""Teaching Clarity"", ""negative""], [""Availability"", ""negative""], [""Communication"", ""negative""]]",nigerian_slang
slang-1071,Dr. Adeyemi,Cloud Computing Architectures,CSC406,5,"Everything dey planned well, no disorganization, but Teaching materials dey top notch",positive,"[[""Course Organisation"", ""positive""], [""Use of Teaching Materials"", ""positive""]]",nigerian_slang
slang-1072,Dr. (Mrs) Adeleke,Data Structures and Algorithms,CSC201,1,Appreciate waiting 6 weeks for grades that were clearly randomly assigned,negative,"[[""Assessment and Grading"", ""negative""]]",nigerian_slang
slang-1073,Dr. Chukwu,Operating Systems Principles,CSC304,5,"Teaching materials dey top notch. Also, E dey follow the syllabus like serious person",positive,"[[""Use of Teaching Materials"", ""positive""], [""Course Organisation"", ""positive""]]",nigerian_slang
slang-1074,Dr. Ibrahim,Special Computing,CSC410,1,"Communication dey poor, e no dey inform us, and Availability dey zero, e dey run from students",negative,"[[""Communication"", ""negative""], [""Availability"", ""negative""]]",nigerian_slang
slang-1075,Dr. Chukwu,Database Design & Management,CSC302,2,This man dey come late like say na am own time,negative,"[[""Lecturer Punctuality"", ""negative""]]",nigerian_slang
slang-1076,Dr. Pomele,Machine Learning & Neural Nets,CSC408,1,Love how office hours are just theoretical concepts,negative,"[[""Availability"", ""negative""]]",nigerian_slang
slang-1077,Dr. Yusuf,Machine Learning & Neural Nets,CSC408,1,"Office hours dey for form only, door dey locked",negative,"[[""Availability"", ""negative""]]",nigerian_slang
slang-1078,Dr. Chukwu,Data Science & Big Data,CSC412,2,E dey announce things after e don happen,negative,"[[""Communication"", ""negative""]]",nigerian_slang
slang-1079,Dr. Ibrahim,Data Structures and Algorithms,CSC201,2,"Appreciate the hostile atmosphere that discourages participation, and Great feedback - 'needs improvement' really tells me everything, but Thanks for the last-minute announcements, really helpful",negative,"[[""Student Interaction"", ""negative""], [""Assessment and Grading"", ""negative""], [""Communication"", ""negative""]]",nigerian_slang
slang-1080,Dr. Yusuf,Data Science & Big Data,CSC412,2,"Thanks for the last-minute announcements, really helpful, however, Wonderful how he manages to never actually explain anything",negative,"[[""Communication"", ""negative""], [""Teaching Clarity"", ""negative""]]",nigerian_slang
slang-1081,Dr. Adeyemi,Database Design & Management,CSC302,2,"This man dey hide from students like rat, however, This man dey use bad materials, e no try",negative,"[[""Availability"", ""negative""], [""Use of Teaching Materials"", ""negative""]]",nigerian_slang
slang-1082,Dr. Adeyemi,Computer Networks,CSC303,2,"Grading dey biased, if e no like you, you don fail",negative,"[[""Assessment and Grading"", ""negative""]]",nigerian_slang
slang-1083,Prof. Balogun,Introduction to Computer Science,CSC101,5,"Explains things way better than those old lecturers wey dey confuse person. Also, This guy dey mark well well, no cheating",positive,"[[""Teaching Clarity"", ""positive""], [""Assessment and Grading"", ""positive""]]",nigerian_slang
slang-1084,Dr. Adeyemi,Software Engineering,CSC301,1,"Appreciate the complete radio silence on important matters. Also, Great feedback - 'needs improvement' really tells me everything",negative,"[[""Communication"", ""negative""], [""Assessment and Grading"", ""negative""]]",nigerian_slang
slang-1085,Dr. (Mrs) Adeleke,Cloud Computing Architectures,CSC406,4,"E dey carry everybody along, no discrimination. Also, Time keeper, e no dey waste student's time",positive,"[[""Student Interaction"", ""positive""], [""Lecturer Punctuality"", ""positive""]]",nigerian_slang
slang-1086,Dr. Adeyemi,Computer Networks,CSC303,1,"This man dey scatter everything, no sense at all, and This guy na clown, e dey make person laugh instead of learn, but This lecturer na mumu, e no dey inform us",negative,"[[""Course Organisation"", ""negative""], [""Teaching Clarity"", ""negative""], [""Communication"", ""negative""]]",nigerian_slang
slang-1087,Dr. Yusuf,Data Structures and Algorithms,CSC201,1,"This guy dey act like say e no know syllabus, and This man na waste, communication dey zero, but This man dey come late like say na am own time",negative,"[[""Course Organisation"", ""negative""], [""Communication"", ""negative""], [""Lecturer Punctuality"", ""negative""]]",nigerian_slang
slang-1088,Dr. Faith,Operating Systems Principles,CSC304,2,"Punctuality dey zero, e dey always come late. Also, Class dey boring, e dey just lecture like radio",negative,"[[""Lecturer Punctuality"", ""negative""], [""Student Interaction"", ""negative""]]",nigerian_slang
slang-1089,Dr. Nwosu,Operating Systems Principles,CSC304,1,"This lecturer na mumu, e dey confuse person. Also, This guy dey give random marks, e no sabi wetin e dey do",negative,"[[""Teaching Clarity"", ""negative""], [""Assessment and Grading"", ""negative""]]",nigerian_slang
slang-1090,Dr. Pomele,Machine Learning & Neural Nets,CSC408,1,"This man dey insult students for class, and This man no dey reply, e dey form busy",negative,"[[""Student Interaction"", ""negative""], [""Communication"", ""negative""]]",nigerian_slang
slang-1091,Dr. Okafor,Special Computing,CSC410,1,"No information flow, e just dey do anyhow, and Grading dey harsh, e dey fail people like say na competition, but Course dey disorganized well well, who understand this man?",negative,"[[""Communication"", ""negative""], [""Assessment and Grading"", ""negative""], [""Course Organisation"", ""negative""]]",nigerian_slang
slang-1092,Dr. Faith,Operating Systems Principles,CSC304,2,"Love how he turns legitimate questions into insults, and Appreciate how the course outline was clearly written in invisible ink, but Thanks for the last-minute announcements, really helpful",negative,"[[""Student Interaction"", ""negative""], [""Course Organisation"", ""negative""], [""Communication"", ""negative""]]",nigerian_slang
slang-1093,Dr. Ibrahim,Database Design & Management,CSC302,4,"Grading dey fair, if you work hard you go get your due, and Availability dey top notch, always there when needed",positive,"[[""Assessment and Grading"", ""positive""], [""Availability"", ""positive""]]",nigerian_slang
slang-1094,Dr. Ibrahim,Machine Learning & Neural Nets,CSC408,4,E dey make the hard topics look like child's play,positive,"[[""Teaching Clarity"", ""positive""]]",nigerian_slang
slang-1095,Prof. Martins,Computer Networks,CSC303,1,"This course dey scatter scatter, no proper arrangement, and Office hours dey for form only, door dey locked, but Punctuality dey zero, e dey always come late",negative,"[[""Course Organisation"", ""negative""], [""Availability"", ""negative""], [""Lecturer Punctuality"", ""negative""]]",nigerian_slang
slang-1096,Prof. Martins,Database Design & Management,CSC302,3,Deports within reasonable time limits,neutral,"[[""Lecturer Punctuality"", ""neutral""]]",nigerian_slang
slang-1097,Dr. Nwosu,Machine Learning & Neural Nets,CSC408,4,"The way e dey explain dey give joy, you go just understand everything",positive,"[[""Teaching Clarity"", ""positive""]]",nigerian_slang
slang-1098,Dr. (Mrs) Adeleke,Data Science & Big Data,CSC412,1,This guy dey act like say we dey do am favor,negative,"[[""Assessment and Grading"", ""negative""]]",nigerian_slang
slang-1099,Dr. Adeyemi,Cloud Computing Architectures,CSC406,3,"Deports within reasonable time limits, and Standard slides like other courses, but E dey try sha, but sometimes e dey slow",neutral,"[[""Lecturer Punctuality"", ""neutral""], [""Use of Teaching Materials"", ""neutral""], [""Teaching Clarity"", ""neutral""]]",nigerian_slang
slang-1100,Dr. (Mrs) Adeleke,Data Science & Big Data,CSC412,1,"This lecturer na mumu, e no dey carry us along",negative,"[[""Student Interaction"", ""negative""]]",nigerian_slang
slang-1101,Prof. Martins,Data Structures and Algorithms,CSC201,5,E dey break down complex things like say na jollof rice,positive,"[[""Teaching Clarity"", ""positive""]]",nigerian_slang
slang-1102,Dr. (Mrs) Adeleke,Database Design & Management,CSC302,2,"This man dey talk rubbish, nothing dey enter head, but This guy dey run course like agbero",negative,"[[""Teaching Clarity"", ""negative""], [""Course Organisation"", ""negative""]]",nigerian_slang
slang-1103,Dr. Okafor,Computer Networks,CSC303,2,"Thanks for the last-minute announcements, really helpful",negative,"[[""Communication"", ""negative""]]",nigerian_slang
slang-1104,Prof. Balogun,Special Computing,CSC410,4,"E dey give helpful feedback, you go know where you miss am, however, Teaching materials dey top notch",positive,"[[""Assessment and Grading"", ""positive""], [""Use of Teaching Materials"", ""positive""]]",nigerian_slang
slang-1105,Dr. Yusuf,Database Design & Management,CSC302,1,"Appreciate the complete lack of any useful study materials, however, Love the surprise cancelled classes we find out about 5 minutes before",negative,"[[""Use of Teaching Materials"", ""negative""], [""Lecturer Punctuality"", ""negative""]]",nigerian_slang
slang-1106,Dr. Faith,Cloud Computing Architectures,CSC406,2,"Great planning - rushing everything in the last two weeks was genius, and Thanks for never replying to emails, really shows dedication, but Thanks for making students feel stupid for asking questions",negative,"[[""Course Organisation"", ""negative""], [""Availability"", ""negative""], [""Student Interaction"", ""negative""]]",nigerian_slang
slang-1107,Dr. (Mrs) Adeleke,Operating Systems Principles,CSC304,2,"The course dey confused, topics dey jump up and down, and E dey shun students when we ask for help, but Time waster, always behind schedule",negative,"[[""Course Organisation"", ""negative""], [""Availability"", ""negative""], [""Lecturer Punctuality"", ""negative""]]",nigerian_slang
slang-1108,Dr. Nwosu,Database Design & Management,CSC302,1,"This man dey talk like say e no go school, and This man na waste, e no dey help at all",negative,"[[""Teaching Clarity"", ""negative""], [""Availability"", ""negative""]]",nigerian_slang
slang-1109,Dr. Nwosu,Computer Networks,CSC303,2,"This guy dey treat students like slaves. Also, This man na olodo, e no sabi anything",negative,"[[""Student Interaction"", ""negative""], [""Teaching Clarity"", ""negative""]]",nigerian_slang
slang-1110,Prof. Balogun,Cloud Computing Architectures,CSC406,5,"Marking dey transparent, no under the table business, but E dey encourage questions, nobody dey dull",positive,"[[""Assessment and Grading"", ""positive""], [""Student Interaction"", ""positive""]]",nigerian_slang
slang-1111,Dr. Yusuf,Special Computing,CSC410,1,"E dey come 30 minutes after time don pass. Also, When you need am, e no dey available",negative,"[[""Lecturer Punctuality"", ""negative""], [""Availability"", ""negative""]]",nigerian_slang
slang-1112,Dr. Ibrahim,Introduction to Computer Science,CSC101,2,"The course dey confused, topics dey jump up and down. Also, When you need am, e no dey available",negative,"[[""Course Organisation"", ""negative""], [""Availability"", ""negative""]]",nigerian_slang
slang-1113,Dr. Faith,Introduction to Computer Science,CSC101,1,"When you need am, e no dey available",negative,"[[""Availability"", ""negative""]]",nigerian_slang
slang-1114,Dr. (Mrs) Adeleke,Data Science & Big Data,CSC412,5,"This guy sabi book die, explanations dey enter head well well, but Results dey come out quick, no long story",positive,"[[""Teaching Clarity"", ""positive""], [""Assessment and Grading"", ""positive""]]",nigerian_slang
slang-1115,Prof. Martins,Machine Learning & Neural Nets,CSC408,1,"This mumu man no sabi teach at all, and This guy dey fail people intentionally, e dey wicked",negative,"[[""Teaching Clarity"", ""negative""], [""Assessment and Grading"", ""negative""]]",nigerian_slang
slang-1116,Dr. Yusuf,Operating Systems Principles,CSC304,5,"Course organization dey top notch, professional work, but Very accessible lecturer, no wahala",positive,"[[""Course Organisation"", ""positive""], [""Availability"", ""positive""]]",nigerian_slang
slang-1117,Dr. Yusuf,Machine Learning & Neural Nets,CSC408,1,"This man dey do anyhow, no proper organization, but This man na waste, e no dey interact at all",negative,"[[""Course Organisation"", ""negative""], [""Student Interaction"", ""negative""]]",nigerian_slang
slang-1118,Dr. Okafor,Introduction to Computer Science,CSC101,2,"This lecturer na mumu, e no dey inform us",negative,"[[""Communication"", ""negative""]]",nigerian_slang
slang-1119,Dr. Adeyemi,Cloud Computing Architectures,CSC406,3,"E dey follow textbook, nothing special but e dey go, but Updates dey come through normal channels",neutral,"[[""Teaching Clarity"", ""neutral""], [""Communication"", ""neutral""]]",nigerian_slang
slang-1120,Dr. Okafor,Data Science & Big Data,CSC412,2,"This man na waste, communication dey zero",negative,"[[""Communication"", ""negative""]]",nigerian_slang
slang-1121,Dr. Yusuf,Machine Learning & Neural Nets,CSC408,4,"E dey return scripts on time, no wahala, and Materials dey very useful for revision",positive,"[[""Assessment and Grading"", ""positive""], [""Use of Teaching Materials"", ""positive""]]",nigerian_slang
slang-1122,Dr. Nwosu,Data Structures and Algorithms,CSC201,1,"Slides dey blurry, you no fit read, however, No rubric, e dey just dey mark as e like",negative,"[[""Use of Teaching Materials"", ""negative""], [""Assessment and Grading"", ""negative""]]",nigerian_slang
slang-1123,Dr. Pomele,Machine Learning & Neural Nets,CSC408,2,"This man dey come class late everyday, mumu behavior, but This guy dey ignore messages like say we no exist",negative,"[[""Lecturer Punctuality"", ""negative""], [""Communication"", ""negative""]]",nigerian_slang
slang-1124,Dr. Faith,Special Computing,CSC410,4,"E dey come before 8am for 8am class, and Materials dey up to date and helpful, but The way e dey explain dey give joy, you go just understand everything",positive,"[[""Lecturer Punctuality"", ""positive""], [""Use of Teaching Materials"", ""positive""], [""Teaching Clarity"", ""positive""]]",nigerian_slang
slang-1125,Prof. Balogun,Software Engineering,CSC301,2,"This lecturer na olodo, e no dey provide materials, but This guy dey behave like say we no deserve info",negative,"[[""Use of Teaching Materials"", ""negative""], [""Communication"", ""negative""]]",nigerian_slang
slang-1126,Prof. Balogun,Introduction to Computer Science,CSC101,2,"E dey resume when e feel like, no respect for time, but No interaction at all, just one way traffic",negative,"[[""Lecturer Punctuality"", ""negative""], [""Student Interaction"", ""negative""]]",nigerian_slang
slang-1127,Prof. Martins,Operating Systems Principles,CSC304,1,Appreciate how the course outline was clearly written in invisible ink,negative,"[[""Course Organisation"", ""negative""]]",nigerian_slang
slang-1128,Dr. Okafor,Introduction to Computer Science,CSC101,2,"This lecturer na waste, e no fit teach",negative,"[[""Teaching Clarity"", ""negative""]]",nigerian_slang
slang-1129,Dr. Pomele,Database Design & Management,CSC302,1,"E dey resume when e feel like, no respect for time, and Course organization dey zero, total nonsense",negative,"[[""Lecturer Punctuality"", ""negative""], [""Course Organisation"", ""negative""]]",nigerian_slang
slang-1130,Dr. Okafor,Database Design & Management,CSC302,1,E dey ignore students wey raise hand,negative,"[[""Student Interaction"", ""negative""]]",nigerian_slang
slang-1131,Dr. Faith,Machine Learning & Neural Nets,CSC408,1,"E dey force us to buy textbook, but Emails dey enter trash, e no dey reply",negative,"[[""Use of Teaching Materials"", ""negative""], [""Availability"", ""negative""]]",nigerian_slang
slang-1132,Dr. Adeyemi,Introduction to Computer Science,CSC101,4,"Very approachable, e dey welcome questions",positive,"[[""Availability"", ""positive""]]",nigerian_slang
slang-1133,Dr. Adeyemi,Software Engineering,CSC301,3,"Nothing special, just normal class interaction, however, E dey come roughly on time most times",neutral,"[[""Student Interaction"", ""neutral""], [""Lecturer Punctuality"", ""neutral""]]",nigerian_slang
slang-1134,Dr. (Mrs) Adeleke,Machine Learning & Neural Nets,CSC408,1,"Availability dey zero, e dey run from students, but Unreliable information, confusing announcements",negative,"[[""Availability"", ""negative""], [""Communication"", ""negative""]]",nigerian_slang
slang-1135,Dr. Ibrahim,Cloud Computing Architectures,CSC406,1,"This man dey lock office door like say thief dey pursue am. Also, This lecturer na olodo, e no dey interact",negative,"[[""Availability"", ""negative""], [""Student Interaction"", ""negative""]]",nigerian_slang
slang-1136,Prof. Martins,Cloud Computing Architectures,CSC406,1,"This man no dey give us any materials, and E dey cancel class like say e dey pure water, but No proper grading, e dey just dey give marks randomly",negative,"[[""Use of Teaching Materials"", ""negative""], [""Lecturer Punctuality"", ""negative""], [""Assessment and Grading"", ""negative""]]",nigerian_slang
slang-1137,Dr. Nwosu,Cloud Computing Architectures,CSC406,1,This man dey ignore us like say we be ghost,negative,"[[""Communication"", ""negative""]]",nigerian_slang
slang-1138,Dr. Faith,Data Structures and Algorithms,CSC201,4,"Very approachable, e dey welcome questions",positive,"[[""Availability"", ""positive""]]",nigerian_slang
slang-1139,Prof. Martins,Software Engineering,CSC301,1,"This man dey do anyhow, no proper organization, and This man dey mark like enemy, e dey fail us",negative,"[[""Course Organisation"", ""negative""], [""Assessment and Grading"", ""negative""]]",nigerian_slang
slang-1140,Dr. Pomele,Software Engineering,CSC301,2,"Thanks for the 'clear' explanations that require a PhD to understand. Also, Love how he turns legitimate questions into insults",negative,"[[""Teaching Clarity"", ""negative""], [""Student Interaction"", ""negative""]]",nigerian_slang
slang-1141,Dr. Pomele,Data Science & Big Data,CSC412,2,Thanks for making students feel stupid for asking questions,negative,"[[""Student Interaction"", ""negative""]]",nigerian_slang
slang-1142,Dr. (Mrs) Adeleke,Database Design & Management,CSC302,2,"No interaction at all, just one way traffic, however, Grading dey unfair, e dey just dey anyhow",negative,"[[""Student Interaction"", ""negative""], [""Assessment and Grading"", ""negative""]]",nigerian_slang
slang-1143,Dr. Pomele,Data Science & Big Data,CSC412,1,"This lecturer na olodo, e no dey provide materials. Also, This guy dey act like say we dey disturb am",negative,"[[""Use of Teaching Materials"", ""negative""], [""Availability"", ""negative""]]",nigerian_slang
slang-1144,Prof. Okonkwo,Operating Systems Principles,CSC304,3,"Lectures dey manageable, you go fit understand if you read well, but Standard availability like other lecturers",neutral,"[[""Teaching Clarity"", ""neutral""], [""Availability"", ""neutral""]]",nigerian_slang
slang-1145,Dr. (Mrs) Adeleke,Operating Systems Principles,CSC304,2,Wonderful how he manages to never actually explain anything,negative,"[[""Teaching Clarity"", ""negative""]]",nigerian_slang
slang-1146,Dr. Nwosu,Data Structures and Algorithms,CSC201,3,"Standard assessment procedures, but Basic slides with bullet points",neutral,"[[""Assessment and Grading"", ""neutral""], [""Use of Teaching Materials"", ""neutral""]]",nigerian_slang
slang-1147,Dr. Okafor,Machine Learning & Neural Nets,CSC408,5,"E dey give us proper timetable, no surprises, and This guy sabi book die, explanations dey enter head well well, but Time keeper, e no dey waste student's time",positive,"[[""Course Organisation"", ""positive""], [""Teaching Clarity"", ""positive""], [""Lecturer Punctuality"", ""positive""]]",nigerian_slang
slang-1148,Dr. Okafor,Special Computing,CSC410,1,"Grading dey unfair, e dey just dey anyhow",negative,"[[""Assessment and Grading"", ""negative""]]",nigerian_slang
slang-1149,Prof. Martins,Machine Learning & Neural Nets,CSC408,2,This guy dey run course like agbero,negative,"[[""Course Organisation"", ""negative""]]",nigerian_slang
slang-1150,Dr. (Mrs) Adeleke,Special Computing,CSC410,2,"This lecturer na mumu, e no dey carry us along",negative,"[[""Student Interaction"", ""negative""]]",nigerian_slang
slang-1151,Dr. Pomele,Data Science & Big Data,CSC412,2,"This lecturer na mumu with grading, e no dey fair, however, This man dey run from students, e no dey help",negative,"[[""Assessment and Grading"", ""negative""], [""Availability"", ""negative""]]",nigerian_slang
slang-1152,Prof. Martins,Machine Learning & Neural Nets,CSC408,5,"Very accessible lecturer, no wahala, however, E dey upload notes on time for us to read",positive,"[[""Availability"", ""positive""], [""Use of Teaching Materials"", ""positive""]]",nigerian_slang
slang-1153,Dr. Adeyemi,Operating Systems Principles,CSC304,2,"WhatsApp group dey dry, e no dey post anything, and E dey resume when e feel like, no respect for time",negative,"[[""Communication"", ""negative""], [""Lecturer Punctuality"", ""negative""]]",nigerian_slang
slang-1154,Dr. (Mrs) Adeleke,Operating Systems Principles,CSC304,1,"Student interaction dey zero, e no dey carry us along, and E dey use big big grammar wey even dictionary no get, but Course dey disorganized well well, who understand this man?",negative,"[[""Student Interaction"", ""negative""], [""Teaching Clarity"", ""negative""], [""Course Organisation"", ""negative""]]",nigerian_slang
slang-1155,Prof. Balogun,Software Engineering,CSC301,1,"When you need am, e no dey available, and E dey confuse person well well, explanations no get head",negative,"[[""Availability"", ""negative""], [""Teaching Clarity"", ""negative""]]",nigerian_slang
slang-1156,Dr. (Mrs) Adeleke,Special Computing,CSC410,1,"This guy dey force us buy textbook, e dey greedy, and This man dey intimidate students like bully, but This man dey talk like say e no go school",negative,"[[""Use of Teaching Materials"", ""negative""], [""Student Interaction"", ""negative""], [""Teaching Clarity"", ""negative""]]",nigerian_slang
slang-1157,Prof. Okonkwo,Database Design & Management,CSC302,4,"E dey reply emails fast, no dulling, but E dey encourage questions, nobody dey dull",positive,"[[""Communication"", ""positive""], [""Student Interaction"", ""positive""]]",nigerian_slang
slang-1158,Dr. Ibrahim,Introduction to Computer Science,CSC101,1,"E dey cancel class like say e dey pure water. Also, Unreliable information, confusing announcements",negative,"[[""Lecturer Punctuality"", ""negative""], [""Communication"", ""negative""]]",nigerian_slang
slang-1159,Dr. (Mrs) Adeleke,Special Computing,CSC410,1,"Great job explaining things that weren't in the exam, really helpful",negative,"[[""Teaching Clarity"", ""negative""]]",nigerian_slang
slang-1160,Dr. Adeyemi,Software Engineering,CSC301,4,E dey provide handouts and extra materials,positive,"[[""Use of Teaching Materials"", ""positive""]]",nigerian_slang
slang-1161,Dr. Pomele,Data Science & Big Data,CSC412,3,"You fit reach am during consultation hours, and Interaction dey normal like other lecturers, but Normal university materials",neutral,"[[""Availability"", ""neutral""], [""Student Interaction"", ""neutral""], [""Use of Teaching Materials"", ""neutral""]]",nigerian_slang
slang-1162,Dr. Nwosu,Cloud Computing Architectures,CSC406,5,"E dey start class sharp sharp, no wasting time, however, The way e dey arrange topics dey very logical",positive,"[[""Lecturer Punctuality"", ""positive""], [""Course Organisation"", ""positive""]]",nigerian_slang
slang-1163,Dr. Pomele,Data Structures and Algorithms,CSC201,4,"Updates dey reach us on time, and E dey provide handouts and extra materials",positive,"[[""Communication"", ""positive""], [""Use of Teaching Materials"", ""positive""]]",nigerian_slang
slang-1164,Dr. (Mrs) Adeleke,Data Science & Big Data,CSC412,1,"Slides dey old and outdated, like 1990s",negative,"[[""Use of Teaching Materials"", ""negative""]]",nigerian_slang
slang-1165,Dr. Okafor,Operating Systems Principles,CSC304,2,"Love the slides with more typos than actual content, and Great job explaining things that weren't in the exam, really helpful",negative,"[[""Use of Teaching Materials"", ""negative""], [""Teaching Clarity"", ""negative""]]",nigerian_slang
slang-1166,Dr. Okafor,Machine Learning & Neural Nets,CSC408,2,"This guy dey come late like agbero, no respect, but This lecturer na mumu with grading, e no dey fair",negative,"[[""Lecturer Punctuality"", ""negative""], [""Assessment and Grading"", ""negative""]]",nigerian_slang
slang-1167,Prof. Balogun,Cloud Computing Architectures,CSC406,1,"Appreciate waiting 6 weeks for grades that were clearly randomly assigned, and Love the slides with more typos than actual content",negative,"[[""Assessment and Grading"", ""negative""], [""Use of Teaching Materials"", ""negative""]]",nigerian_slang
slang-1168,Dr. Chukwu,Data Structures and Algorithms,CSC201,2,"This guy dey give random marks, e no sabi wetin e dey do. Also, This guy dey behave like say we no important",negative,"[[""Assessment and Grading"", ""negative""], [""Availability"", ""negative""]]",nigerian_slang
slang-1169,Prof. Okonkwo,Database Design & Management,CSC302,2,"This man dey intimidate students like bully, however, This mumu man no sabi teach at all",negative,"[[""Student Interaction"", ""negative""], [""Teaching Clarity"", ""negative""]]",nigerian_slang
slang-1170,Dr. Nwosu,Data Science & Big Data,CSC412,3,"Occasional lateness but not too bad, however, Interaction dey normal like other lecturers",neutral,"[[""Lecturer Punctuality"", ""neutral""], [""Student Interaction"", ""neutral""]]",nigerian_slang
slang-1171,Dr. Chukwu,Operating Systems Principles,CSC304,1,"This guy dey impossible to reach, e dey run",negative,"[[""Availability"", ""negative""]]",nigerian_slang
slang-1172,Dr. (Mrs) Adeleke,Data Science & Big Data,CSC412,2,"This guy na idiot, e no dey understand wetin e dey teach, and This guy dey organize course like mumu",negative,"[[""Teaching Clarity"", ""negative""], [""Course Organisation"", ""negative""]]",nigerian_slang
slang-1173,Dr. Nwosu,Cloud Computing Architectures,CSC406,1,Love the slides with more typos than actual content,negative,"[[""Use of Teaching Materials"", ""negative""]]",nigerian_slang
slang-1174,Dr. Faith,Introduction to Computer Science,CSC101,2,"This man na waste, e dey always late, but This mumu man no sabi teach at all",negative,"[[""Lecturer Punctuality"", ""negative""], [""Teaching Clarity"", ""negative""]]",nigerian_slang
slang-1175,Prof. Martins,Special Computing,CSC410,2,"This guy dey behave like say we be enemies. Also, This guy dey impossible to reach, e dey run",negative,"[[""Student Interaction"", ""negative""], [""Availability"", ""negative""]]",nigerian_slang
slang-1176,Dr. (Mrs) Adeleke,Software Engineering,CSC301,5,"Communication dey top notch, e no dey hide info, and E dey return scripts on time, no wahala, but E dey reply emails sharp sharp",positive,"[[""Communication"", ""positive""], [""Assessment and Grading"", ""positive""], [""Availability"", ""positive""]]",nigerian_slang
slang-1177,Dr. Nwosu,Operating Systems Principles,CSC304,4,E dey reply emails sharp sharp,positive,"[[""Availability"", ""positive""]]",nigerian_slang
slang-1178,Dr. Faith,Data Structures and Algorithms,CSC201,2,Impossible to see for office hours,negative,"[[""Availability"", ""negative""]]",nigerian_slang
slang-1179,Dr. Adeyemi,Database Design & Management,CSC302,2,"This guy dey impossible to reach, e dey run",negative,"[[""Availability"", ""negative""]]",nigerian_slang
slang-1180,Prof. Okonkwo,Software Engineering,CSC301,1,"Great planning - rushing everything in the last two weeks was genius, but Love how office hours are just theoretical concepts",negative,"[[""Course Organisation"", ""negative""], [""Availability"", ""negative""]]",nigerian_slang
slang-1181,Dr. Chukwu,Database Design & Management,CSC302,4,"Grading dey just, no favoritism at all, but Course organization dey top notch, professional work",positive,"[[""Assessment and Grading"", ""positive""], [""Course Organisation"", ""positive""]]",nigerian_slang
slang-1182,Dr. Adeyemi,Data Structures and Algorithms,CSC201,2,"This guy dey talk nonsense for class, but This lecturer na mumu with grading, e no dey fair",negative,"[[""Teaching Clarity"", ""negative""], [""Assessment and Grading"", ""negative""]]",nigerian_slang
slang-1183,Dr. Pomele,Cloud Computing Architectures,CSC406,2,This guy dey behave like say materials na luxury,negative,"[[""Use of Teaching Materials"", ""negative""]]",nigerian_slang
slang-1184,Dr. Chukwu,Database Design & Management,CSC302,1,"This man dey come class late everyday, and The guy dey rush through slides like say thief dey pursue am, but Unengaging lecturer, class dey sleep",negative,"[[""Lecturer Punctuality"", ""negative""], [""Teaching Clarity"", ""negative""], [""Student Interaction"", ""negative""]]",nigerian_slang
slang-1185,Dr. Nwosu,Operating Systems Principles,CSC304,2,"Wonderful how he manages to never actually explain anything, however, Appreciate how he treats our time like it's worthless",negative,"[[""Teaching Clarity"", ""negative""], [""Lecturer Punctuality"", ""negative""]]",nigerian_slang
slang-1186,Dr. Ibrahim,Operating Systems Principles,CSC304,1,"E dey read messages but no dey reply, and Grading dey harsh, e dey fail people like say na competition, but This course dey scatter scatter, no proper arrangement",negative,"[[""Communication"", ""negative""], [""Assessment and Grading"", ""negative""], [""Course Organisation"", ""negative""]]",nigerian_slang
slang-1187,Dr. Adeyemi,Introduction to Computer Science,CSC101,1,"Oh sure, because reading slides word-for-word is definitely 'teaching', however, Appreciate the hostile atmosphere that discourages participation",negative,"[[""Teaching Clarity"", ""negative""], [""Student Interaction"", ""negative""]]",nigerian_slang
slang-1188,Dr. Okafor,Data Science & Big Data,CSC412,4,"Always updated us on everything, e dey carry us along",positive,"[[""Communication"", ""positive""]]",nigerian_slang
slang-1189,Dr. Pomele,Introduction to Computer Science,CSC101,2,"E dey rush everything for final weeks, like say exam dey tomorrow, however, E dey teach like say e dey speak in tongues, who understand?",negative,"[[""Course Organisation"", ""negative""], [""Teaching Clarity"", ""negative""]]",nigerian_slang
slang-1190,Dr. Faith,Database Design & Management,CSC302,5,"Very approachable, e dey welcome questions. Also, E dey make students feel comfortable to talk",positive,"[[""Availability"", ""positive""], [""Student Interaction"", ""positive""]]",nigerian_slang
slang-1191,Dr. Ibrahim,Software Engineering,CSC301,4,"Slides dey comprehensive and well designed, however, Test questions dey based on wetin e teach for class",positive,"[[""Use of Teaching Materials"", ""positive""], [""Assessment and Grading"", ""positive""]]",nigerian_slang
slang-1192,Dr. Pomele,Introduction to Computer Science,CSC101,1,"This lecturer na olodo, e no sabi communicate",negative,"[[""Communication"", ""negative""]]",nigerian_slang
slang-1193,Dr. Yusuf,Introduction to Computer Science,CSC101,2,"E dey use big big grammar wey even dictionary no get, and E dey waste our time with lateness, but Materials dey inadequate for the course",negative,"[[""Teaching Clarity"", ""negative""], [""Lecturer Punctuality"", ""negative""], [""Use of Teaching Materials"", ""negative""]]",nigerian_slang
slang-1194,Dr. Adeyemi,Machine Learning & Neural Nets,CSC408,3,"E dey try sha, but sometimes e dey slow, and Nothing special, just normal class interaction",neutral,"[[""Teaching Clarity"", ""neutral""], [""Student Interaction"", ""neutral""]]",nigerian_slang
slang-1195,Dr. Faith,Special Computing,CSC410,4,"E dey use better examples wey dey relate to our everyday life. Also, E dey reply emails fast, no dulling",positive,"[[""Teaching Clarity"", ""positive""], [""Communication"", ""positive""]]",nigerian_slang
slang-1196,Prof. Balogun,Computer Networks,CSC303,2,"This man dey always late, e no get shame, and This man na waste, e no dey interact at all, but This man dey dull, e no sabi explain anything",negative,"[[""Lecturer Punctuality"", ""negative""], [""Student Interaction"", ""negative""], [""Teaching Clarity"", ""negative""]]",nigerian_slang
slang-1197,Dr. Adeyemi,Special Computing,CSC410,1,"Appreciate the complete lack of any useful study materials, and Appreciate how he treats our time like it's worthless, but Appreciate the help - or lack thereof - when we actually need it",negative,"[[""Use of Teaching Materials"", ""negative""], [""Lecturer Punctuality"", ""negative""], [""Availability"", ""negative""]]",nigerian_slang
slang-1198,Dr. Chukwu,Cloud Computing Architectures,CSC406,3,"Standard teaching, nothing to write home about",neutral,"[[""Teaching Clarity"", ""neutral""]]",nigerian_slang
slang-1199,Dr. Adeyemi,Machine Learning & Neural Nets,CSC408,1,"This man na waste, e no dey help at all, but This lecturer na mumu with grading, e no dey fair",negative,"[[""Availability"", ""negative""], [""Assessment and Grading"", ""negative""]]",nigerian_slang
slang-1200,Dr. Pomele,Database Design & Management,CSC302,2,Love finding out about venue changes 10 minutes before class,negative,"[[""Communication"", ""negative""]]",nigerian_slang
slang-1201,Dr. (Mrs) Adeleke,Data Structures and Algorithms,CSC201,4,"Very good with emails, e dey reply sharp",positive,"[[""Communication"", ""positive""]]",nigerian_slang
slang-1202,Dr. Faith,Software Engineering,CSC301,2,"Announcements dey last minute, confusing",negative,"[[""Communication"", ""negative""]]",nigerian_slang
slang-1203,Dr. Pomele,Cloud Computing Architectures,CSC406,2,"This lecturer na olodo, e no dey provide materials",negative,"[[""Use of Teaching Materials"", ""negative""]]",nigerian_slang
slang-1204,Prof. Martins,Cloud Computing Architectures,CSC406,1,"This man dey come late like say na am own time, and This man na olodo, e no sabi anything",negative,"[[""Lecturer Punctuality"", ""negative""], [""Teaching Clarity"", ""negative""]]",nigerian_slang
slang-1205,Dr. Ibrahim,Special Computing,CSC410,1,This guy dey act like say we dey disturb am,negative,"[[""Availability"", ""negative""]]",nigerian_slang
slang-1206,Dr. Ibrahim,Database Design & Management,CSC302,1,"This guy dey ignore messages like say we no exist, and This man dey talk rubbish, nothing dey enter head",negative,"[[""Communication"", ""negative""], [""Teaching Clarity"", ""negative""]]",nigerian_slang
slang-1207,Dr. Adeyemi,Software Engineering,CSC301,4,"E dey listen to student contributions, however, E dey use better examples wey dey relate to our everyday life",positive,"[[""Student Interaction"", ""positive""], [""Teaching Clarity"", ""positive""]]",nigerian_slang
slang-1208,Prof. Okonkwo,Database Design & Management,CSC302,1,"This man dey make class hostile, e dey fight. Also, This man dey ignore us like say we be ghost",negative,"[[""Student Interaction"", ""negative""], [""Communication"", ""negative""]]",nigerian_slang
slang-1209,Prof. Balogun,Cloud Computing Architectures,CSC406,3,"Explanations dey okay, no be die but no be kill, and Basic slides with bullet points, but Standard availability like other lecturers",neutral,"[[""Teaching Clarity"", ""neutral""], [""Use of Teaching Materials"", ""neutral""], [""Availability"", ""neutral""]]",nigerian_slang
slang-1210,Dr. Chukwu,Introduction to Computer Science,CSC101,1,"This lecturer na mumu with grading, e no dey fair",negative,"[[""Assessment and Grading"", ""negative""]]",nigerian_slang
slang-1211,Dr. Faith,Data Science & Big Data,CSC412,2,"Appreciate how the course outline was clearly written in invisible ink, and Thanks for making students feel stupid for asking questions",negative,"[[""Course Organisation"", ""negative""], [""Student Interaction"", ""negative""]]",nigerian_slang
slang-1212,Dr. Pomele,Database Design & Management,CSC302,1,"E dey fail to respond to urgent matters, and E dey disorganize everything, no proper flow, but Person write well still fail, who understand this man?",negative,"[[""Communication"", ""negative""], [""Course Organisation"", ""negative""], [""Assessment and Grading"", ""negative""]]",nigerian_slang
slang-1213,Dr. Yusuf,Data Science & Big Data,CSC412,2,"E dey keep us in the dark about everything, and E dey teach like say e dey speak in tongues, who understand?, but Grading dey unfair, e dey just dey anyhow",negative,"[[""Communication"", ""negative""], [""Teaching Clarity"", ""negative""], [""Assessment and Grading"", ""negative""]]",nigerian_slang
slang-1214,Prof. Okonkwo,Data Structures and Algorithms,CSC201,1,"E dey fail people unnecessarily, heartless marking",negative,"[[""Assessment and Grading"", ""negative""]]",nigerian_slang
slang-1215,Dr. Nwosu,Operating Systems Principles,CSC304,2,"Love how office hours are just theoretical concepts, but Wonderful how the guy who wrote the best essay still failed",negative,"[[""Availability"", ""negative""], [""Assessment and Grading"", ""negative""]]",nigerian_slang
slang-1216,Dr. Ibrahim,Operating Systems Principles,CSC304,1,"This man dey disrespect us with lateness, however, This man dey scatter everything, no sense at all",negative,"[[""Lecturer Punctuality"", ""negative""], [""Course Organisation"", ""negative""]]",nigerian_slang
slang-1217,Dr. Pomele,Operating Systems Principles,CSC304,2,"This guy dey force us buy textbook, e dey greedy, but This lecturer na olodo, e no sabi communicate",negative,"[[""Use of Teaching Materials"", ""negative""], [""Communication"", ""negative""]]",nigerian_slang
slang-1218,Dr. Yusuf,Special Computing,CSC410,4,"Very interactive lecturer, class dey sweet, and Never late for once, very punctual man",positive,"[[""Student Interaction"", ""positive""], [""Lecturer Punctuality"", ""positive""]]",nigerian_slang
slang-1219,Dr. Faith,Software Engineering,CSC301,1,"This man na waste, communication dey zero",negative,"[[""Communication"", ""negative""]]",nigerian_slang
slang-1220,Dr. Adeyemi,Special Computing,CSC410,2,"This man dey use bad materials, e no try. Also, This lecturer na clown with time, e dey late always",negative,"[[""Use of Teaching Materials"", ""negative""], [""Lecturer Punctuality"", ""negative""]]",nigerian_slang
slang-1221,Dr. Yusuf,Cloud Computing Architectures,CSC406,1,"E dey teach like say e no get plan, just dey do anyhow, and Materials dey inadequate for the course, but I dey sleep for this guy's class because nothing dey enter head",negative,"[[""Course Organisation"", ""negative""], [""Use of Teaching Materials"", ""negative""], [""Teaching Clarity"", ""negative""]]",nigerian_slang
slang-1222,Dr. Chukwu,Data Structures and Algorithms,CSC201,5,"E dey reply emails sharp sharp. Also, Class dey engaging, no dull moment",positive,"[[""Availability"", ""positive""], [""Student Interaction"", ""positive""]]",nigerian_slang
slang-1223,Dr. Okafor,Database Design & Management,CSC302,2,Love how he turns legitimate questions into insults,negative,"[[""Student Interaction"", ""negative""]]",nigerian_slang
slang-1224,Dr. Okafor,Cloud Computing Architectures,CSC406,1,"This guy dey come late like agbero, no respect. Also, This guy dey act like say materials na gold",negative,"[[""Lecturer Punctuality"", ""negative""], [""Use of Teaching Materials"", ""negative""]]",nigerian_slang
slang-1225,Dr. Pomele,Database Design & Management,CSC302,4,"Always punctual, professional behavior, but E dey give us proper timetable, no surprises",positive,"[[""Lecturer Punctuality"", ""positive""], [""Course Organisation"", ""positive""]]",nigerian_slang
slang-1226,Prof. Martins,Machine Learning & Neural Nets,CSC408,1,"Grading dey biased, if e no like you, you don fail, however, This mumu man no sabi explain anything at all",negative,"[[""Assessment and Grading"", ""negative""], [""Teaching Clarity"", ""negative""]]",nigerian_slang
slang-1227,Dr. Okafor,Data Structures and Algorithms,CSC201,5,"E dey make students feel comfortable to talk, and Communication dey professional and courteous, but Very reliable with time, always available",positive,"[[""Student Interaction"", ""positive""], [""Communication"", ""positive""], [""Lecturer Punctuality"", ""positive""]]",nigerian_slang
slang-1228,Dr. Yusuf,Data Science & Big Data,CSC412,1,"This guy dey act like say materials na gold, and This guy dey waste our time with lateness, but This lecturer na olodo, e no dey interact",negative,"[[""Use of Teaching Materials"", ""negative""], [""Lecturer Punctuality"", ""negative""], [""Student Interaction"", ""negative""]]",nigerian_slang
slang-1229,Prof. Balogun,Data Science & Big Data,CSC412,1,"This guy dey waste our time with lateness, however, This man dey fail to respond, e dey dull",negative,"[[""Lecturer Punctuality"", ""negative""], [""Communication"", ""negative""]]",nigerian_slang
slang-1230,Dr. (Mrs) Adeleke,Machine Learning & Neural Nets,CSC408,2,"Love finding out about venue changes 10 minutes before class. Also, Oh sure, because reading slides word-for-word is definitely 'teaching'",negative,"[[""Communication"", ""negative""], [""Teaching Clarity"", ""negative""]]",nigerian_slang
slang-1231,Dr. Nwosu,Software Engineering,CSC301,2,"This man na olodo, e no sabi anything, and This man na waste of space, course dey scatter",negative,"[[""Teaching Clarity"", ""negative""], [""Course Organisation"", ""negative""]]",nigerian_slang
slang-1232,Dr. Pomele,Introduction to Computer Science,CSC101,1,"No handouts, no nothing, just talk",negative,"[[""Use of Teaching Materials"", ""negative""]]",nigerian_slang
slang-1233,Dr. Nwosu,Introduction to Computer Science,CSC101,2,"This guy dey waste our time with lateness, and This lecturer na waste, e no fit teach, but This guy dey behave like say materials na luxury",negative,"[[""Lecturer Punctuality"", ""negative""], [""Teaching Clarity"", ""negative""], [""Use of Teaching Materials"", ""negative""]]",nigerian_slang
slang-1234,Dr. Okafor,Cloud Computing Architectures,CSC406,5,"E dey come before 8am for 8am class, however, Very good with emails, e dey reply sharp",positive,"[[""Lecturer Punctuality"", ""positive""], [""Communication"", ""positive""]]",nigerian_slang
slang-1235,Dr. Pomele,Introduction to Computer Science,CSC101,1,"Love how he turns legitimate questions into insults, and Appreciate the help - or lack thereof - when we actually need it",negative,"[[""Student Interaction"", ""negative""], [""Availability"", ""negative""]]",nigerian_slang
slang-1236,Dr. Faith,Data Science & Big Data,CSC412,3,"You fit reach am during consultation hours, however, Timing dey okay, manageable",neutral,"[[""Availability"", ""neutral""], [""Lecturer Punctuality"", ""neutral""]]",nigerian_slang
slang-1237,Dr. Adeyemi,Operating Systems Principles,CSC304,3,"Communication dey okay, nothing special, and E dey follow normal faculty materials",neutral,"[[""Communication"", ""neutral""], [""Use of Teaching Materials"", ""neutral""]]",nigerian_slang
slang-1238,Prof. Okonkwo,Data Structures and Algorithms,CSC201,4,"Time keeper, e no dey waste student's time",positive,"[[""Lecturer Punctuality"", ""positive""]]",nigerian_slang
slang-1239,Prof. Balogun,Software Engineering,CSC301,5,"E dey provide handouts and extra materials, but Always punctual, professional behavior",positive,"[[""Use of Teaching Materials"", ""positive""], [""Lecturer Punctuality"", ""positive""]]",nigerian_slang
slang-1240,Dr. Yusuf,Data Structures and Algorithms,CSC201,1,E dey force us to buy textbook,negative,"[[""Use of Teaching Materials"", ""negative""]]",nigerian_slang
slang-1241,Prof. Martins,Computer Networks,CSC303,1,"Appreciate the complete radio silence on important matters, and Thanks for the surprise exam topics we never covered, really thoughtful, but Appreciate the help - or lack thereof - when we actually need it",negative,"[[""Communication"", ""negative""], [""Course Organisation"", ""negative""], [""Availability"", ""negative""]]",nigerian_slang
slang-1242,Dr. Adeyemi,Operating Systems Principles,CSC304,2,"This guy dey behave like say we no deserve info, but This guy dey treat students like slaves",negative,"[[""Communication"", ""negative""], [""Student Interaction"", ""negative""]]",nigerian_slang
slang-1243,Dr. Ibrahim,Database Design & Management,CSC302,5,"Never late for once, very punctual man. Also, Marking dey transparent, no under the table business",positive,"[[""Lecturer Punctuality"", ""positive""], [""Assessment and Grading"", ""positive""]]",nigerian_slang
slang-1244,Dr. Ibrahim,Introduction to Computer Science,CSC101,2,"This man dey talk rubbish, nothing dey enter head, and This guy dey treat students like slaves, but This guy dey behave like say materials na luxury",negative,"[[""Teaching Clarity"", ""negative""], [""Student Interaction"", ""negative""], [""Use of Teaching Materials"", ""negative""]]",nigerian_slang
slang-1245,Dr. Okafor,Data Structures and Algorithms,CSC201,5,"This guy dey come class early, dey wait for us",positive,"[[""Lecturer Punctuality"", ""positive""]]",nigerian_slang
slang-1246,Dr. Chukwu,Data Science & Big Data,CSC412,1,"Thanks for never replying to emails, really shows dedication, and Thanks for making students feel stupid for asking questions, but Wonderful how he manages to never actually explain anything",negative,"[[""Availability"", ""negative""], [""Student Interaction"", ""negative""], [""Teaching Clarity"", ""negative""]]",nigerian_slang
slang-1247,Dr. Yusuf,Special Computing,CSC410,1,"This man na evil with marking, e dey fail people, however, This man dey dull, e no sabi explain anything",negative,"[[""Assessment and Grading"", ""negative""], [""Teaching Clarity"", ""negative""]]",nigerian_slang
slang-1248,Dr. Chukwu,Database Design & Management,CSC302,2,"Thanks for making us buy textbooks you never reference, and Great planning - rushing everything in the last two weeks was genius",negative,"[[""Use of Teaching Materials"", ""negative""], [""Course Organisation"", ""negative""]]",nigerian_slang
slang-1249,Dr. Chukwu,Machine Learning & Neural Nets,CSC408,3,"E dey follow normal faculty materials, but Standard assessment procedures",neutral,"[[""Use of Teaching Materials"", ""neutral""], [""Assessment and Grading"", ""neutral""]]",nigerian_slang
slang-1250,Dr. Yusuf,Data Structures and Algorithms,CSC201,2,"Course dey disorganized well well, who understand this man?, but Time waster, always behind schedule",negative,"[[""Course Organisation"", ""negative""], [""Lecturer Punctuality"", ""negative""]]",nigerian_slang
slang-1251,Dr. (Mrs) Adeleke,Introduction to Computer Science,CSC101,1,"Announcements dey last minute, confusing, however, E dey jump from chapter 1 to chapter 10 back to chapter 3",negative,"[[""Communication"", ""negative""], [""Course Organisation"", ""negative""]]",nigerian_slang
slang-1252,Prof. Okonkwo,Data Structures and Algorithms,CSC201,5,"Materials dey very useful for revision, but Very approachable, e dey welcome questions",positive,"[[""Use of Teaching Materials"", ""positive""], [""Availability"", ""positive""]]",nigerian_slang
slang-1253,Dr. Chukwu,Machine Learning & Neural Nets,CSC408,4,"E dey pass information properly, no confusion",positive,"[[""Communication"", ""positive""]]",nigerian_slang
slang-1254,Dr. Okafor,Operating Systems Principles,CSC304,5,"Teaching materials dey top notch, however, E dey help struggling students well well",positive,"[[""Use of Teaching Materials"", ""positive""], [""Availability"", ""positive""]]",nigerian_slang
slang-1255,Dr. Yusuf,Data Structures and Algorithms,CSC201,1,"The course dey confused, topics dey jump up and down, and E dey talk to himself for class, nobody dey grab wetin e dey talk",negative,"[[""Course Organisation"", ""negative""], [""Teaching Clarity"", ""negative""]]",nigerian_slang
slang-1256,Prof. Martins,Special Computing,CSC410,1,Thanks for making us buy textbooks you never reference,negative,"[[""Use of Teaching Materials"", ""negative""]]",nigerian_slang
slang-1257,Dr. (Mrs) Adeleke,Operating Systems Principles,CSC304,3,"Interaction dey normal like other lecturers, but Timing dey okay, manageable",neutral,"[[""Student Interaction"", ""neutral""], [""Lecturer Punctuality"", ""neutral""]]",nigerian_slang
slang-1258,Dr. Pomele,Operating Systems Principles,CSC304,2,"This man na waste, e no dey help at all, and This man dey refuse to share notes, wicked, but This man na evil with marking, e dey fail people",negative,"[[""Availability"", ""negative""], [""Use of Teaching Materials"", ""negative""], [""Assessment and Grading"", ""negative""]]",nigerian_slang
slang-1259,Dr. Pomele,Cloud Computing Architectures,CSC406,2,"Love finding out about venue changes 10 minutes before class, and Love how office hours are just theoretical concepts, but Love how he turns legitimate questions into insults",negative,"[[""Communication"", ""negative""], [""Availability"", ""negative""], [""Student Interaction"", ""negative""]]",nigerian_slang
slang-1260,Dr. Yusuf,Database Design & Management,CSC302,2,"This man dey mark like enemy, e dey fail us, and This man dey scatter everything, no sense at all, but This man dey run from students, e no dey help",negative,"[[""Assessment and Grading"", ""negative""], [""Course Organisation"", ""negative""], [""Availability"", ""negative""]]",nigerian_slang
slang-1261,Prof. Martins,Cloud Computing Architectures,CSC406,3,Occasional lateness but not too bad,neutral,"[[""Lecturer Punctuality"", ""neutral""]]",nigerian_slang
slang-1262,Dr. Ibrahim,Data Science & Big Data,CSC412,5,"Marking dey transparent, no under the table business, however, E dey tear lecture wella, everything dey crystal clear",positive,"[[""Assessment and Grading"", ""positive""], [""Teaching Clarity"", ""positive""]]",nigerian_slang
slang-1263,Dr. Faith,Special Computing,CSC410,3,"You fit reach am during consultation hours, and Marking dey okay, nothing special, but E dey follow normal faculty materials",neutral,"[[""Availability"", ""neutral""], [""Assessment and Grading"", ""neutral""], [""Use of Teaching Materials"", ""neutral""]]",nigerian_slang
slang-1264,Prof. Okonkwo,Data Science & Big Data,CSC412,1,"Availability dey zero, e dey run from students",negative,"[[""Availability"", ""negative""]]",nigerian_slang
slang-1265,Dr. Ibrahim,Cloud Computing Architectures,CSC406,2,"Appreciate the help - or lack thereof - when we actually need it, and Appreciate the hostile atmosphere that discourages participation",negative,"[[""Availability"", ""negative""], [""Student Interaction"", ""negative""]]",nigerian_slang
slang-1266,Dr. Okafor,Cloud Computing Architectures,CSC406,2,"This lecturer na olodo, e no get plan, and This lecturer na olodo, e no dey interact, but This lecturer na olodo, e no dey available",negative,"[[""Course Organisation"", ""negative""], [""Student Interaction"", ""negative""], [""Availability"", ""negative""]]",nigerian_slang
slang-1267,Prof. Balogun,Special Computing,CSC410,3,Normal university materials,neutral,"[[""Use of Teaching Materials"", ""neutral""]]",nigerian_slang
slang-1268,Prof. Balogun,Data Structures and Algorithms,CSC201,2,E dey ignore students wey raise hand,negative,"[[""Student Interaction"", ""negative""]]",nigerian_slang
slang-1269,Prof. Balogun,Data Structures and Algorithms,CSC201,1,"E dey waste our time with lateness, and No proper syllabus, e dey just dey teach wetin e like",negative,"[[""Lecturer Punctuality"", ""negative""], [""Course Organisation"", ""negative""]]",nigerian_slang
slang-1270,Dr. (Mrs) Adeleke,Data Structures and Algorithms,CSC201,1,"Love how he turns legitimate questions into insults, but Thanks for the last-minute announcements, really helpful",negative,"[[""Student Interaction"", ""negative""], [""Communication"", ""negative""]]",nigerian_slang
slang-1271,Dr. Nwosu,Data Structures and Algorithms,CSC201,1,"Missed classes well well, no proper replacement, but E dey refuse to share notes with us",negative,"[[""Lecturer Punctuality"", ""negative""], [""Use of Teaching Materials"", ""negative""]]",nigerian_slang
slang-1272,Prof. Balogun,Data Structures and Algorithms,CSC201,1,"Love finding out about venue changes 10 minutes before class, but Thanks for the 'clear' explanations that require a PhD to understand",negative,"[[""Communication"", ""negative""], [""Teaching Clarity"", ""negative""]]",nigerian_slang
slang-1273,Dr. Nwosu,Special Computing,CSC410,1,Impossible to see for office hours,negative,"[[""Availability"", ""negative""]]",nigerian_slang
slang-1274,Prof. Okonkwo,Special Computing,CSC410,2,"This man dey use bad materials, e no try, and This man dey make himself unavailable, wicked, but This lecturer na olodo, e no sabi communicate",negative,"[[""Use of Teaching Materials"", ""negative""], [""Availability"", ""negative""], [""Communication"", ""negative""]]",nigerian_slang
slang-1275,Dr. Adeyemi,Software Engineering,CSC301,5,"E dey return scripts on time, no wahala, and Communication dey professional and courteous, but E dey encourage questions, nobody dey dull",positive,"[[""Assessment and Grading"", ""positive""], [""Communication"", ""positive""], [""Student Interaction"", ""positive""]]",nigerian_slang
slang-1276,Dr. Okafor,Data Science & Big Data,CSC412,2,"E dey shun students when we ask for help, but Student interaction dey zero, e no dey carry us along",negative,"[[""Availability"", ""negative""], [""Student Interaction"", ""negative""]]",nigerian_slang
slang-1277,Dr. Yusuf,Database Design & Management,CSC302,3,"E dey communicate through class rep, and You fit reach am during consultation hours",neutral,"[[""Communication"", ""neutral""], [""Availability"", ""neutral""]]",nigerian_slang
slang-1278,Dr. Adeyemi,Special Computing,CSC410,1,"Emails dey enter trash, e no dey reply",negative,"[[""Availability"", ""negative""]]",nigerian_slang
slang-1279,Dr. Okafor,Data Structures and Algorithms,CSC201,4,"This guy dey mark well well, no cheating. Also, Communication dey excellent, e dey carry us along",positive,"[[""Assessment and Grading"", ""positive""], [""Communication"", ""positive""]]",nigerian_slang
slang-1280,Dr. Adeyemi,Database Design & Management,CSC302,1,"Slides dey old and outdated, like 1990s, however, E dey talk to himself for class, nobody dey grab wetin e dey talk",negative,"[[""Use of Teaching Materials"", ""negative""], [""Teaching Clarity"", ""negative""]]",nigerian_slang
slang-1281,Prof. Martins,Data Science & Big Data,CSC412,1,"This man dey mark person wickedly, e dey fail people for nothing",negative,"[[""Assessment and Grading"", ""negative""]]",nigerian_slang
slang-1282,Dr. (Mrs) Adeleke,Database Design & Management,CSC302,2,E dey cancel class like say e dey pure water,negative,"[[""Lecturer Punctuality"", ""negative""]]",nigerian_slang
slang-1283,Dr. Chukwu,Special Computing,CSC410,1,"This man na evil with marking, e dey fail people",negative,"[[""Assessment and Grading"", ""negative""]]",nigerian_slang
slang-1284,Dr. Faith,Operating Systems Principles,CSC304,1,"This lecturer na olodo, e no respect time",negative,"[[""Lecturer Punctuality"", ""negative""]]",nigerian_slang
slang-1285,Dr. Yusuf,Machine Learning & Neural Nets,CSC408,4,"E dey make sure everybody understand announcement, however, E dey give proper rubrics before assignment",positive,"[[""Communication"", ""positive""], [""Assessment and Grading"", ""positive""]]",nigerian_slang
slang-1286,Dr. Chukwu,Computer Networks,CSC303,1,"E dey ridicule students wey ask questions, and E dey keep scripts till next semester, no return, but E dey read messages but no dey reply",negative,"[[""Student Interaction"", ""negative""], [""Assessment and Grading"", ""negative""], [""Communication"", ""negative""]]",nigerian_slang
slang-1287,Dr. Ibrahim,Software Engineering,CSC301,2,"This man dey confuse course organization, e no know wetin e dey do, however, This guy dey act like say we dey disturb am",negative,"[[""Course Organisation"", ""negative""], [""Availability"", ""negative""]]",nigerian_slang
slang-1288,Dr. Okafor,Machine Learning & Neural Nets,CSC408,1,"This lecturer na olodo with marking, e no sabi mark. Also, This man dey disrespect us with lateness",negative,"[[""Assessment and Grading"", ""negative""], [""Lecturer Punctuality"", ""negative""]]",nigerian_slang
slang-1289,Dr. Chukwu,Computer Networks,CSC303,2,"Great planning - rushing everything in the last two weeks was genius, however, Thanks for the last-minute announcements, really helpful",negative,"[[""Course Organisation"", ""negative""], [""Communication"", ""negative""]]",nigerian_slang
slang-1290,Prof. Balogun,Data Structures and Algorithms,CSC201,3,Updates dey come through normal channels,neutral,"[[""Communication"", ""neutral""]]",nigerian_slang
slang-1291,Dr. (Mrs) Adeleke,Cloud Computing Architectures,CSC406,2,"Appreciate the complete lack of any useful study materials, and Appreciate the help - or lack thereof - when we actually need it",negative,"[[""Use of Teaching Materials"", ""negative""], [""Availability"", ""negative""]]",nigerian_slang
slang-1292,Dr. Faith,Data Structures and Algorithms,CSC201,2,"This man dey intimidate students for class, but E dey keep scripts till next semester, no return",negative,"[[""Student Interaction"", ""negative""], [""Assessment and Grading"", ""negative""]]",nigerian_slang
slang-1293,Dr. Pomele,Operating Systems Principles,CSC304,2,"This man dey talk rubbish, nothing dey enter head. Also, This lecturer na olodo, e no get plan",negative,"[[""Teaching Clarity"", ""negative""], [""Course Organisation"", ""negative""]]",nigerian_slang
slang-1294,Prof. Martins,Computer Networks,CSC303,4,"Course organization dey top notch, professional work, and E dey give proper rubrics before assignment, but E dey provide handouts and extra materials",positive,"[[""Course Organisation"", ""positive""], [""Assessment and Grading"", ""positive""], [""Use of Teaching Materials"", ""positive""]]",nigerian_slang
slang-1295,Dr. Okafor,Data Structures and Algorithms,CSC201,2,"Thanks for never replying to emails, really shows dedication, and Wonderful how the guy who wrote the best essay still failed, but Great job explaining things that weren't in the exam, really helpful",negative,"[[""Availability"", ""negative""], [""Assessment and Grading"", ""negative""], [""Teaching Clarity"", ""negative""]]",nigerian_slang
slang-1296,Dr. Yusuf,Data Science & Big Data,CSC412,2,"E dey keep important information to himself, and I dey sleep for this guy's class because nothing dey enter head, but E dey come 30 minutes after time don pass",negative,"[[""Communication"", ""negative""], [""Teaching Clarity"", ""negative""], [""Lecturer Punctuality"", ""negative""]]",nigerian_slang
slang-1297,Dr. Nwosu,Software Engineering,CSC301,5,"Classroom interaction dey top level, but Materials dey up to date and helpful",positive,"[[""Student Interaction"", ""positive""], [""Use of Teaching Materials"", ""positive""]]",nigerian_slang
slang-1298,Prof. Balogun,Cloud Computing Architectures,CSC406,2,This guy dey act like say communication na crime,negative,"[[""Communication"", ""negative""]]",nigerian_slang
slang-1299,Dr. Chukwu,Computer Networks,CSC303,1,"Great job explaining things that weren't in the exam, really helpful. Also, Thanks for the surprise exam topics we never covered, really thoughtful",negative,"[[""Teaching Clarity"", ""negative""], [""Course Organisation"", ""negative""]]",nigerian_slang
slang-1300,Dr. Ibrahim,Database Design & Management,CSC302,2,"This man dey insult students for class, and This man na olodo, e no sabi anything",negative,"[[""Student Interaction"", ""negative""], [""Teaching Clarity"", ""negative""]]",nigerian_slang
slang-1301,Dr. Faith,Special Computing,CSC410,5,"E dey return scripts on time, no wahala. Also, Always punctual, professional behavior",positive,"[[""Assessment and Grading"", ""positive""], [""Lecturer Punctuality"", ""positive""]]",nigerian_slang
slang-1302,Dr. Okafor,Data Structures and Algorithms,CSC201,3,Interaction dey normal like other lecturers,neutral,"[[""Student Interaction"", ""neutral""]]",nigerian_slang
slang-1303,Dr. Adeyemi,Data Structures and Algorithms,CSC201,1,"This man dey intimidate students for class. Also, E dey refuse to share notes with us",negative,"[[""Student Interaction"", ""negative""], [""Use of Teaching Materials"", ""negative""]]",nigerian_slang
slang-1304,Dr. Ibrahim,Computer Networks,CSC303,2,"This man dey intimidate students for class, and E dey waste our time with lateness",negative,"[[""Student Interaction"", ""negative""], [""Lecturer Punctuality"", ""negative""]]",nigerian_slang
slang-1305,Prof. Okonkwo,Data Science & Big Data,CSC412,1,"This man dey fail to respond, e dey dull, and This guy dey behave like say we be enemies, but This man dey always late, e no get shame",negative,"[[""Communication"", ""negative""], [""Student Interaction"", ""negative""], [""Lecturer Punctuality"", ""negative""]]",nigerian_slang
slang-1306,Dr. Chukwu,Cloud Computing Architectures,CSC406,2,"Great planning - rushing everything in the last two weeks was genius, and Appreciate the complete lack of any useful study materials, but Thanks for the 'clear' explanations that require a PhD to understand",negative,"[[""Course Organisation"", ""negative""], [""Use of Teaching Materials"", ""negative""], [""Teaching Clarity"", ""negative""]]",nigerian_slang
slang-1307,Prof. Okonkwo,Software Engineering,CSC301,2,"This man dey talk like say e no go school, but This man dey come late like say na am own time",negative,"[[""Teaching Clarity"", ""negative""], [""Lecturer Punctuality"", ""negative""]]",nigerian_slang
slang-1308,Prof. Balogun,Data Structures and Algorithms,CSC201,1,"E dey ridicule students wey ask questions. Also, This man dey mark person wickedly, e dey fail people for nothing",negative,"[[""Student Interaction"", ""negative""], [""Assessment and Grading"", ""negative""]]",nigerian_slang
slang-1309,Prof. Balogun,Machine Learning & Neural Nets,CSC408,1,"The way e dey explain dey make person vex, nothing clear at all",negative,"[[""Teaching Clarity"", ""negative""]]",nigerian_slang
slang-1310,Dr. Yusuf,Database Design & Management,CSC302,1,"Course organization dey zero, total nonsense",negative,"[[""Course Organisation"", ""negative""]]",nigerian_slang
slang-1311,Dr. Yusuf,Cloud Computing Architectures,CSC406,1,"E dey fail to inform us about important things, and Always late, time no dey important to am, but If you no buy handout, you no go get anything",negative,"[[""Communication"", ""negative""], [""Lecturer Punctuality"", ""negative""], [""Use of Teaching Materials"", ""negative""]]",nigerian_slang
slang-1312,Dr. Okafor,Data Structures and Algorithms,CSC201,1,"The course dey confused, topics dey jump up and down",negative,"[[""Course Organisation"", ""negative""]]",nigerian_slang
slang-1313,Prof. Balogun,Data Science & Big Data,CSC412,1,"This man dey intimidate students like bully. Also, This lecturer na olodo, e no respect time",negative,"[[""Student Interaction"", ""negative""], [""Lecturer Punctuality"", ""negative""]]",nigerian_slang
slang-1314,Dr. Adeyemi,Operating Systems Principles,CSC304,1,"This guy dey behave like say we no important, however, This guy dey behave like say materials na luxury",negative,"[[""Availability"", ""negative""], [""Use of Teaching Materials"", ""negative""]]",nigerian_slang
slang-1315,Prof. Okonkwo,Database Design & Management,CSC302,1,"E dey fail people unnecessarily, heartless marking, and This man no dey give us any materials",negative,"[[""Assessment and Grading"", ""negative""], [""Use of Teaching Materials"", ""negative""]]",nigerian_slang
slang-1316,Dr. Pomele,Machine Learning & Neural Nets,CSC408,4,"E dey give helpful feedback, you go know where you miss am. Also, Teaching materials dey top notch",positive,"[[""Assessment and Grading"", ""positive""], [""Use of Teaching Materials"", ""positive""]]",nigerian_slang
slang-1317,Dr. Faith,Introduction to Computer Science,CSC101,5,"Availability dey top notch, always there when needed",positive,"[[""Availability"", ""positive""]]",nigerian_slang
slang-1318,Dr. Chukwu,Computer Networks,CSC303,1,"Thanks for making us buy textbooks you never reference. Also, Love how office hours are just theoretical concepts",negative,"[[""Use of Teaching Materials"", ""negative""], [""Availability"", ""negative""]]",nigerian_slang
slang-1319,Dr. (Mrs) Adeleke,Database Design & Management,CSC302,3,"Standard assessment procedures, and Updates dey come through normal channels",neutral,"[[""Assessment and Grading"", ""neutral""], [""Communication"", ""neutral""]]",nigerian_slang
slang-1320,Dr. Nwosu,Special Computing,CSC410,1,"This guy dey force us buy textbook, e dey greedy, and This man dey lock office door like say thief dey pursue am, but This guy dey give random marks, e no sabi wetin e dey do",negative,"[[""Use of Teaching Materials"", ""negative""], [""Availability"", ""negative""], [""Assessment and Grading"", ""negative""]]",nigerian_slang
slang-1321,Dr. Pomele,Machine Learning & Neural Nets,CSC408,1,"This lecturer na olodo, e no dey provide materials, however, This guy na clown, e dey make person laugh instead of learn",negative,"[[""Use of Teaching Materials"", ""negative""], [""Teaching Clarity"", ""negative""]]",nigerian_slang
slang-1322,Dr. Chukwu,Computer Networks,CSC303,1,"Very unapproachable, e dey look students like trouble, and Materials dey poor, plenty errors",negative,"[[""Availability"", ""negative""], [""Use of Teaching Materials"", ""negative""]]",nigerian_slang
slang-1323,Dr. Chukwu,Cloud Computing Architectures,CSC406,1,Thanks for wasting 30 minutes of every class being late,negative,"[[""Lecturer Punctuality"", ""negative""]]",nigerian_slang
slang-1324,Dr. Pomele,Computer Networks,CSC303,5,"E dey listen to student contributions, however, E dey help struggling students well well",positive,"[[""Student Interaction"", ""positive""], [""Availability"", ""positive""]]",nigerian_slang
slang-1325,Dr. Pomele,Computer Networks,CSC303,1,"Communication dey wack, e no dey pass info",negative,"[[""Communication"", ""negative""]]",nigerian_slang
slang-1326,Dr. Chukwu,Software Engineering,CSC301,2,"Very unapproachable, e dey look students like trouble, however, E dey discourage questions, e dey vex when we ask",negative,"[[""Availability"", ""negative""], [""Student Interaction"", ""negative""]]",nigerian_slang
slang-1327,Dr. Okafor,Machine Learning & Neural Nets,CSC408,2,"Wonderful how the guy who wrote the best essay still failed, and Love finding out about venue changes 10 minutes before class",negative,"[[""Assessment and Grading"", ""negative""], [""Communication"", ""negative""]]",nigerian_slang
slang-1328,Dr. Faith,Operating Systems Principles,CSC304,2,Appreciate how the course outline was clearly written in invisible ink,negative,"[[""Course Organisation"", ""negative""]]",nigerian_slang
slang-1329,Prof. Balogun,Special Computing,CSC410,2,"Thanks for making us buy textbooks you never reference, but Love finding out about venue changes 10 minutes before class",negative,"[[""Use of Teaching Materials"", ""negative""], [""Communication"", ""negative""]]",nigerian_slang
slang-1330,Dr. Ibrahim,Software Engineering,CSC301,2,"This man dey mark anyhow, e dey fail people for nothing, and This lecturer na olodo, e no respect time, but This man dey use bad materials, e no try",negative,"[[""Assessment and Grading"", ""negative""], [""Lecturer Punctuality"", ""negative""], [""Use of Teaching Materials"", ""negative""]]",nigerian_slang
slang-1331,Prof. Martins,Database Design & Management,CSC302,3,Normal university materials,neutral,"[[""Use of Teaching Materials"", ""neutral""]]",nigerian_slang
slang-1332,Dr. Nwosu,Introduction to Computer Science,CSC101,2,"Appreciate the complete lack of any useful study materials. Also, Thanks for never replying to emails, really shows dedication",negative,"[[""Use of Teaching Materials"", ""negative""], [""Availability"", ""negative""]]",nigerian_slang
slang-1333,Dr. (Mrs) Adeleke,Introduction to Computer Science,CSC101,2,"This man dey dull, e no sabi explain anything",negative,"[[""Teaching Clarity"", ""negative""]]",nigerian_slang
slang-1334,Dr. Adeyemi,Operating Systems Principles,CSC304,2,"This guy dey act like say e no know syllabus, and This man no dey reply, e dey form busy, but This man dey make himself unavailable, wicked",negative,"[[""Course Organisation"", ""negative""], [""Communication"", ""negative""], [""Availability"", ""negative""]]",nigerian_slang
slang-1335,Dr. Pomele,Special Computing,CSC410,1,"This man dey talk rubbish, nothing dey enter head, and This man dey mark like enemy, e dey fail us, but This lecturer na clown with time, e dey late always",negative,"[[""Teaching Clarity"", ""negative""], [""Assessment and Grading"", ""negative""], [""Lecturer Punctuality"", ""negative""]]",nigerian_slang
slang-1336,Prof. Martins,Data Science & Big Data,CSC412,1,"This lecturer na olodo, e no get plan, and This man dey fail to respond, e dey dull",negative,"[[""Course Organisation"", ""negative""], [""Communication"", ""negative""]]",nigerian_slang
slang-1337,Dr. Faith,Cloud Computing Architectures,CSC406,1,"This man dey do anyhow, no proper organization",negative,"[[""Course Organisation"", ""negative""]]",nigerian_slang
slang-1338,Dr. Yusuf,Data Structures and Algorithms,CSC201,5,"Very accessible lecturer, no wahala",positive,"[[""Availability"", ""positive""]]",nigerian_slang
slang-1339,Dr. Yusuf,Data Structures and Algorithms,CSC201,4,"E dey return scripts on time, no wahala",positive,"[[""Assessment and Grading"", ""positive""]]",nigerian_slang
slang-1340,Dr. Okafor,Machine Learning & Neural Nets,CSC408,2,"Office hours dey for form only, door dey locked. Also, Grading dey biased, if e no like you, you don fail",negative,"[[""Availability"", ""negative""], [""Assessment and Grading"", ""negative""]]",nigerian_slang
slang-1341,Dr. Nwosu,Data Structures and Algorithms,CSC201,1,"No proper grading, e dey just dey give marks randomly. Also, When you need am, e no dey available",negative,"[[""Assessment and Grading"", ""negative""], [""Availability"", ""negative""]]",nigerian_slang
slang-1342,Dr. Okafor,Introduction to Computer Science,CSC101,2,"This man dey mark like wicked person. Also, This guy dey act like say we dey disturb am",negative,"[[""Assessment and Grading"", ""negative""], [""Availability"", ""negative""]]",nigerian_slang
slang-1343,Prof. Okonkwo,Data Structures and Algorithms,CSC201,2,"This man dey mark person wickedly, heartless, and This guy dey behave like say we no important, but This man dey make class hostile, e dey fight",negative,"[[""Assessment and Grading"", ""negative""], [""Availability"", ""negative""], [""Student Interaction"", ""negative""]]",nigerian_slang
slang-1344,Dr. Nwosu,Data Structures and Algorithms,CSC201,1,This man dey intimidate students for class,negative,"[[""Student Interaction"", ""negative""]]",nigerian_slang
slang-1345,Prof. Balogun,Data Science & Big Data,CSC412,5,"The course structure dey make sense, everything dey follow proper order",positive,"[[""Course Organisation"", ""positive""]]",nigerian_slang
slang-1346,Dr. (Mrs) Adeleke,Data Structures and Algorithms,CSC201,2,"Love the surprise cancelled classes we find out about 5 minutes before, and Appreciate the complete radio silence on important matters, but Thanks for the surprise exam topics we never covered, really thoughtful",negative,"[[""Lecturer Punctuality"", ""negative""], [""Communication"", ""negative""], [""Course Organisation"", ""negative""]]",nigerian_slang
slang-1347,Prof. Balogun,Data Science & Big Data,CSC412,2,"Thanks for the surprise exam topics we never covered, really thoughtful, however, Love how he turns legitimate questions into insults",negative,"[[""Course Organisation"", ""negative""], [""Student Interaction"", ""negative""]]",nigerian_slang
slang-1348,Dr. Yusuf,Machine Learning & Neural Nets,CSC408,3,"Deports within reasonable time limits, and Standard university communication channels, but Interaction dey normal like other lecturers",neutral,"[[""Lecturer Punctuality"", ""neutral""], [""Communication"", ""neutral""], [""Student Interaction"", ""neutral""]]",nigerian_slang
slang-1349,Dr. Pomele,Computer Networks,CSC303,2,"Appreciate how the course outline was clearly written in invisible ink, but Love the slides with more typos than actual content",negative,"[[""Course Organisation"", ""negative""], [""Use of Teaching Materials"", ""negative""]]",nigerian_slang
slang-1350,Dr. Faith,Introduction to Computer Science,CSC101,1,"Oh sure, because reading slides word-for-word is definitely 'teaching', and Wonderful how the guy who wrote the best essay still failed",negative,"[[""Teaching Clarity"", ""negative""], [""Assessment and Grading"", ""negative""]]",nigerian_slang
slang-1351,Dr. Adeyemi,Data Structures and Algorithms,CSC201,4,"Materials dey very useful for revision, and This guy dey mark well well, no cheating",positive,"[[""Use of Teaching Materials"", ""positive""], [""Assessment and Grading"", ""positive""]]",nigerian_slang
slang-1352,Dr. Nwosu,Data Structures and Algorithms,CSC201,3,"Basic slides with bullet points. Also, E dey try sha, but sometimes e dey slow",neutral,"[[""Use of Teaching Materials"", ""neutral""], [""Teaching Clarity"", ""neutral""]]",nigerian_slang
slang-1353,Dr. Nwosu,Data Structures and Algorithms,CSC201,2,"Help dey hard to get from this lecturer. Also, E dey keep scripts till next semester, no return",negative,"[[""Availability"", ""negative""], [""Assessment and Grading"", ""negative""]]",nigerian_slang
slang-1354,Dr. Ibrahim,Software Engineering,CSC301,2,"Person write well still fail, who understand this man?, and E dey keep us waiting for nothing, but No be only confusing, e dey even scatter person brain join",negative,"[[""Assessment and Grading"", ""negative""], [""Lecturer Punctuality"", ""negative""], [""Teaching Clarity"", ""negative""]]",nigerian_slang
slang-1355,Prof. Martins,Cloud Computing Architectures,CSC406,1,"If you no buy handout, you no go get anything, however, Test questions dey different from wetin e teach for class",negative,"[[""Use of Teaching Materials"", ""negative""], [""Assessment and Grading"", ""negative""]]",nigerian_slang
slang-1356,Dr. Faith,Introduction to Computer Science,CSC101,4,"E dey use projector well, no wahala, however, The way e dey explain dey give joy, you go just understand everything",positive,"[[""Use of Teaching Materials"", ""positive""], [""Teaching Clarity"", ""positive""]]",nigerian_slang
slang-1357,Prof. Balogun,Cloud Computing Architectures,CSC406,1,"Test questions dey different from wetin e teach for class, and E dey cancel office hours without telling us",negative,"[[""Assessment and Grading"", ""negative""], [""Availability"", ""negative""]]",nigerian_slang
slang-1358,Dr. Chukwu,Computer Networks,CSC303,1,"This man dey make himself unavailable, wicked",negative,"[[""Availability"", ""negative""]]",nigerian_slang
slang-1359,Prof. Martins,Database Design & Management,CSC302,2,"E dey announce things after e don happen, and Time waster, always behind schedule, but Grading dey harsh, e dey fail people like say na competition",negative,"[[""Communication"", ""negative""], [""Lecturer Punctuality"", ""negative""], [""Assessment and Grading"", ""negative""]]",nigerian_slang
slang-1360,Dr. Chukwu,Special Computing,CSC410,1,"No proper grading, e dey just dey give marks randomly, however, This man dey come class late everyday",negative,"[[""Assessment and Grading"", ""negative""], [""Lecturer Punctuality"", ""negative""]]",nigerian_slang
slang-1361,Dr. Pomele,Machine Learning & Neural Nets,CSC408,1,"This lecturer na mumu, e no dey carry us along",negative,"[[""Student Interaction"", ""negative""]]",nigerian_slang
slang-1362,Dr. Ibrahim,Software Engineering,CSC301,2,"This guy dey act like say materials na gold, but This guy dey treat students like slaves",negative,"[[""Use of Teaching Materials"", ""negative""], [""Student Interaction"", ""negative""]]",nigerian_slang
slang-1363,Prof. Balogun,Cloud Computing Architectures,CSC406,1,"This lecturer na mumu, e no dey give anything, and This lecturer na waste, e no fit teach, but This man dey keep info to himself, selfish",negative,"[[""Use of Teaching Materials"", ""negative""], [""Teaching Clarity"", ""negative""], [""Communication"", ""negative""]]",nigerian_slang
slang-1364,Prof. Okonkwo,Computer Networks,CSC303,4,"E dey help struggling students well well. Also, Teaching materials dey top notch",positive,"[[""Availability"", ""positive""], [""Use of Teaching Materials"", ""positive""]]",nigerian_slang
slang-1365,Prof. Martins,Data Structures and Algorithms,CSC201,2,"This lecturer na olodo, e no dey interact",negative,"[[""Student Interaction"", ""negative""]]",nigerian_slang
slang-1366,Dr. Pomele,Computer Networks,CSC303,1,"Appreciate the complete radio silence on important matters. Also, Appreciate the help - or lack thereof - when we actually need it",negative,"[[""Communication"", ""negative""], [""Availability"", ""negative""]]",nigerian_slang
slang-1367,Prof. Martins,Special Computing,CSC410,2,"This man dey fail to respond, e dey dull",negative,"[[""Communication"", ""negative""]]",nigerian_slang
slang-1368,Prof. Martins,Introduction to Computer Science,CSC101,4,"Always punctual, professional behavior, but Updates dey reach us on time",positive,"[[""Lecturer Punctuality"", ""positive""], [""Communication"", ""positive""]]",nigerian_slang
slang-1369,Dr. Nwosu,Data Science & Big Data,CSC412,1,"E dey teach like say e dey speak in tongues, who understand?. Also, This man dey intimidate students for class",negative,"[[""Teaching Clarity"", ""negative""], [""Student Interaction"", ""negative""]]",nigerian_slang
slang-1370,Dr. Chukwu,Computer Networks,CSC303,1,"This man dey ignore us like say we be ghost, and This guy dey act like say we be children, but This man na waste, e no dey help at all",negative,"[[""Communication"", ""negative""], [""Student Interaction"", ""negative""], [""Availability"", ""negative""]]",nigerian_slang
slang-1371,Dr. Yusuf,Data Science & Big Data,CSC412,4,"No rush at all, e dey take time cover everything, but E dey attend to students like family",positive,"[[""Course Organisation"", ""positive""], [""Availability"", ""positive""]]",nigerian_slang
slang-1372,Prof. Okonkwo,Data Structures and Algorithms,CSC201,2,"Love how he turns legitimate questions into insults, and Love the slides with more typos than actual content",negative,"[[""Student Interaction"", ""negative""], [""Use of Teaching Materials"", ""negative""]]",nigerian_slang
slang-1373,Dr. Adeyemi,Database Design & Management,CSC302,1,"E dey ignore students wey raise hand. Also, The way e dey explain dey make person vex, nothing clear at all",negative,"[[""Student Interaction"", ""negative""], [""Teaching Clarity"", ""negative""]]",nigerian_slang
slang-1374,Dr. Chukwu,Computer Networks,CSC303,4,"Very approachable, e dey welcome questions. Also, Student interaction dey excellent, e dey relate well",positive,"[[""Availability"", ""positive""], [""Student Interaction"", ""positive""]]",nigerian_slang
slang-1375,Dr. Nwosu,Data Structures and Algorithms,CSC201,1,"Wonderful how the guy who wrote the best essay still failed, and Great planning - rushing everything in the last two weeks was genius, but Thanks for making students feel stupid for asking questions",negative,"[[""Assessment and Grading"", ""negative""], [""Course Organisation"", ""negative""], [""Student Interaction"", ""negative""]]",nigerian_slang
slang-1376,Dr. Ibrahim,Special Computing,CSC410,2,"Love finding out about venue changes 10 minutes before class, however, Thanks for the 'clear' explanations that require a PhD to understand",negative,"[[""Communication"", ""negative""], [""Teaching Clarity"", ""negative""]]",nigerian_slang
slang-1377,Dr. Pomele,Introduction to Computer Science,CSC101,3,"Timing dey okay, manageable",neutral,"[[""Lecturer Punctuality"", ""neutral""]]",nigerian_slang
slang-1378,Prof. Martins,Special Computing,CSC410,2,"This man dey scatter everything, no sense at all, and This man dey disrespect students well well, but This man dey come class late everyday, mumu behavior",negative,"[[""Course Organisation"", ""negative""], [""Student Interaction"", ""negative""], [""Lecturer Punctuality"", ""negative""]]",nigerian_slang
slang-1379,Dr. (Mrs) Adeleke,Special Computing,CSC410,4,"No rush at all, e dey take time cover everything, but E dey tear lecture wella, everything dey crystal clear",positive,"[[""Course Organisation"", ""positive""], [""Teaching Clarity"", ""positive""]]",nigerian_slang
slang-1380,Dr. Adeyemi,Introduction to Computer Science,CSC101,2,"This man dey fail to respond, e dey dull, however, This lecturer na mumu, e no dey give anything",negative,"[[""Communication"", ""negative""], [""Use of Teaching Materials"", ""negative""]]",nigerian_slang
slang-1381,Dr. Ibrahim,Data Science & Big Data,CSC412,4,This guy dey give us better materials,positive,"[[""Use of Teaching Materials"", ""positive""]]",nigerian_slang
slang-1382,Dr. Chukwu,Operating Systems Principles,CSC304,3,"Available during normal office hours. Also, Nothing special, just normal class interaction",neutral,"[[""Availability"", ""neutral""], [""Student Interaction"", ""neutral""]]",nigerian_slang
slang-1383,Dr. Yusuf,Introduction to Computer Science,CSC101,1,"No handouts, no nothing, just talk, but I dey sleep for this guy's class because nothing dey enter head",negative,"[[""Use of Teaching Materials"", ""negative""], [""Teaching Clarity"", ""negative""]]",nigerian_slang
slang-1384,Prof. Martins,Introduction to Computer Science,CSC101,2,"Great feedback - 'needs improvement' really tells me everything, but Thanks for the last-minute announcements, really helpful",negative,"[[""Assessment and Grading"", ""negative""], [""Communication"", ""negative""]]",nigerian_slang
slang-1385,Prof. Balogun,Machine Learning & Neural Nets,CSC408,1,"Wonderful how the guy who wrote the best essay still failed, however, Appreciate the help - or lack thereof - when we actually need it",negative,"[[""Assessment and Grading"", ""negative""], [""Availability"", ""negative""]]",nigerian_slang
slang-1386,Prof. Martins,Data Science & Big Data,CSC412,4,"Updates dey reach us on time. Also, Student interaction dey excellent, e dey relate well",positive,"[[""Communication"", ""positive""], [""Student Interaction"", ""positive""]]",nigerian_slang
slang-1387,Prof. Balogun,Special Computing,CSC410,1,"This man dey mark person wickedly, e dey fail people for nothing, and E dey keep us waiting for nothing",negative,"[[""Assessment and Grading"", ""negative""], [""Lecturer Punctuality"", ""negative""]]",nigerian_slang
slang-1388,Prof. Martins,Software Engineering,CSC301,5,"E dey follow the syllabus like serious person, and Very reliable with time, always available, but If you no understand after this guy's class, then na you be the problem",positive,"[[""Course Organisation"", ""positive""], [""Lecturer Punctuality"", ""positive""], [""Teaching Clarity"", ""positive""]]",nigerian_slang
slang-1389,Dr. (Mrs) Adeleke,Software Engineering,CSC301,2,"Very unapproachable, e dey look students like trouble, however, E dey waste our time with lateness",negative,"[[""Availability"", ""negative""], [""Lecturer Punctuality"", ""negative""]]",nigerian_slang
slang-1390,Prof. Balogun,Software Engineering,CSC301,2,"This man dey mess up course structure completely, however, This man na waste, e dey always late",negative,"[[""Course Organisation"", ""negative""], [""Lecturer Punctuality"", ""negative""]]",nigerian_slang
slang-1391,Dr. Ibrahim,Introduction to Computer Science,CSC101,3,E dey follow the normal departmental syllabus,neutral,"[[""Course Organisation"", ""neutral""]]",nigerian_slang
slang-1392,Dr. Pomele,Operating Systems Principles,CSC304,2,This guy dey act like time no dey important,negative,"[[""Lecturer Punctuality"", ""negative""]]",nigerian_slang
slang-1393,Prof. Balogun,Machine Learning & Neural Nets,CSC408,1,"This lecturer na olodo, e no dey available, and This man dey make class hostile, e dey fight",negative,"[[""Availability"", ""negative""], [""Student Interaction"", ""negative""]]",nigerian_slang
slang-1394,Prof. Okonkwo,Cloud Computing Architectures,CSC406,2,"This man dey insult students for class, and This lecturer na olodo, e no sabi communicate, but This mumu man no sabi teach at all",negative,"[[""Student Interaction"", ""negative""], [""Communication"", ""negative""], [""Teaching Clarity"", ""negative""]]",nigerian_slang
slang-1395,Dr. Faith,Special Computing,CSC410,5,"Slides dey clear and easy to understand, and Class dey engaging, no dull moment",positive,"[[""Use of Teaching Materials"", ""positive""], [""Student Interaction"", ""positive""]]",nigerian_slang
slang-1396,Dr. (Mrs) Adeleke,Introduction to Computer Science,CSC101,1,Appreciate the help - or lack thereof - when we actually need it,negative,"[[""Availability"", ""negative""]]",nigerian_slang
slang-1397,Prof. Martins,Database Design & Management,CSC302,3,"Standard slides like other courses. Also, Normal level of communication",neutral,"[[""Use of Teaching Materials"", ""neutral""], [""Communication"", ""neutral""]]",nigerian_slang
slang-1398,Dr. Pomele,Software Engineering,CSC301,1,"E dey keep scripts till next semester, no return, but No be only confusing, e dey even scatter person brain join",negative,"[[""Assessment and Grading"", ""negative""], [""Teaching Clarity"", ""negative""]]",nigerian_slang
slang-1399,Dr. Yusuf,Software Engineering,CSC301,3,"Interaction dey normal like other lecturers, and E dey see students if you book appointment",neutral,"[[""Student Interaction"", ""neutral""], [""Availability"", ""neutral""]]",nigerian_slang
slang-1400,Dr. Faith,Software Engineering,CSC301,1,"Missed classes well well, no proper replacement, however, Communication dey wack, e no dey pass info",negative,"[[""Lecturer Punctuality"", ""negative""], [""Communication"", ""negative""]]",nigerian_slang
slang-1401,Dr. Ibrahim,Software Engineering,CSC301,1,"Test questions dey different from wetin e teach for class, however, Slides dey old and outdated, like 1990s",negative,"[[""Assessment and Grading"", ""negative""], [""Use of Teaching Materials"", ""negative""]]",nigerian_slang
slang-1402,Dr. Faith,Computer Networks,CSC303,1,"This man na evil with marking, e dey fail people, however, This lecturer na mumu, e no dey see students",negative,"[[""Assessment and Grading"", ""negative""], [""Availability"", ""negative""]]",nigerian_slang
slang-1403,Dr. Chukwu,Special Computing,CSC410,3,"E dey follow normal faculty materials, and Timing dey okay, manageable, but Grading dey follow normal university standard",neutral,"[[""Use of Teaching Materials"", ""neutral""], [""Lecturer Punctuality"", ""neutral""], [""Assessment and Grading"", ""neutral""]]",nigerian_slang
slang-1404,Dr. Pomele,Data Science & Big Data,CSC412,1,"This man na waste, e dey always late, but This man na waste, communication dey zero",negative,"[[""Lecturer Punctuality"", ""negative""], [""Communication"", ""negative""]]",nigerian_slang
slang-1405,Prof. Martins,Operating Systems Principles,CSC304,3,"Occasional lateness but not too bad, and Normal university materials",neutral,"[[""Lecturer Punctuality"", ""neutral""], [""Use of Teaching Materials"", ""neutral""]]",nigerian_slang
slang-1406,Dr. Faith,Computer Networks,CSC303,2,"Office hours dey for form only, door dey locked",negative,"[[""Availability"", ""negative""]]",nigerian_slang
slang-1407,Dr. Yusuf,Data Science & Big Data,CSC412,1,"This lecturer na olodo with marking, e no sabi mark, and This guy dey run course like agbero, but This man dey always late, e no get shame",negative,"[[""Assessment and Grading"", ""negative""], [""Course Organisation"", ""negative""], [""Lecturer Punctuality"", ""negative""]]",nigerian_slang
slang-1408,Dr. Ibrahim,Data Science & Big Data,CSC412,4,"Teaching materials dey top notch, but E dey give us proper timetable, no surprises",positive,"[[""Use of Teaching Materials"", ""positive""], [""Course Organisation"", ""positive""]]",nigerian_slang
slang-1409,Dr. (Mrs) Adeleke,Computer Networks,CSC303,3,"E dey communicate through class rep. Also, Standard assessment procedures",neutral,"[[""Communication"", ""neutral""], [""Assessment and Grading"", ""neutral""]]",nigerian_slang
slang-1410,Dr. Nwosu,Data Science & Big Data,CSC412,1,"Materials dey poor, plenty errors, and Unengaging lecturer, class dey sleep, but Grading dey unfair, e dey just dey anyhow",negative,"[[""Use of Teaching Materials"", ""negative""], [""Student Interaction"", ""negative""], [""Assessment and Grading"", ""negative""]]",nigerian_slang
slang-1411,Prof. Okonkwo,Computer Networks,CSC303,2,"This lecturer na mumu, e no dey give anything",negative,"[[""Use of Teaching Materials"", ""negative""]]",nigerian_slang
slang-1412,Dr. Nwosu,Special Computing,CSC410,1,"Help dey hard to get from this lecturer, and Person write well still fail, who understand this man?, but E dey announce things after e don happen",negative,"[[""Availability"", ""negative""], [""Assessment and Grading"", ""negative""], [""Communication"", ""negative""]]",nigerian_slang
slang-1413,Prof. Balogun,Machine Learning & Neural Nets,CSC408,4,"E dey respect time die, no African time, and Availability dey top notch, always there when needed, but E dey provide handouts and extra materials",positive,"[[""Lecturer Punctuality"", ""positive""], [""Availability"", ""positive""], [""Use of Teaching Materials"", ""positive""]]",nigerian_slang
slang-1414,Dr. Adeyemi,Machine Learning & Neural Nets,CSC408,2,"This man na waste, materials dey zero, and This lecturer na mumu, e no dey see students, but This man na waste, e no dey interact at all",negative,"[[""Use of Teaching Materials"", ""negative""], [""Availability"", ""negative""], [""Student Interaction"", ""negative""]]",nigerian_slang
slang-1415,Prof. Okonkwo,Special Computing,CSC410,3,"E dey follow the normal departmental syllabus, however, Available during normal office hours",neutral,"[[""Course Organisation"", ""neutral""], [""Availability"", ""neutral""]]",nigerian_slang
slang-1416,Prof. Okonkwo,Database Design & Management,CSC302,1,"Wonderful how he manages to never actually explain anything, and Great feedback - 'needs improvement' really tells me everything, but Appreciate the complete radio silence on important matters",negative,"[[""Teaching Clarity"", ""negative""], [""Assessment and Grading"", ""negative""], [""Communication"", ""negative""]]",nigerian_slang
slang-1417,Dr. Nwosu,Operating Systems Principles,CSC304,1,"This guy na clown, e dey make person laugh instead of learn, but This lecturer na olodo, e no get plan",negative,"[[""Teaching Clarity"", ""negative""], [""Course Organisation"", ""negative""]]",nigerian_slang
slang-1418,Dr. Pomele,Data Science & Big Data,CSC412,2,"This man dey refuse to share notes, wicked, and This man dey make class hostile, e dey fight, but This man dey mark person wickedly, heartless",negative,"[[""Use of Teaching Materials"", ""negative""], [""Student Interaction"", ""negative""], [""Assessment and Grading"", ""negative""]]",nigerian_slang
slang-1419,Dr. (Mrs) Adeleke,Machine Learning & Neural Nets,CSC408,2,"This lecturer na olodo, e no dey available. Also, This man dey insult students for class",negative,"[[""Availability"", ""negative""], [""Student Interaction"", ""negative""]]",nigerian_slang
slang-1420,Prof. Martins,Database Design & Management,CSC302,1,"This guy dey behave like say we no deserve info, and This man dey mark anyhow, e dey fail people for nothing, but This man dey run from students, e no dey help",negative,"[[""Communication"", ""negative""], [""Assessment and Grading"", ""negative""], [""Availability"", ""negative""]]",nigerian_slang
slang-1421,Dr. Yusuf,Data Science & Big Data,CSC412,1,"Grading dey harsh, e dey fail people like say na competition. Also, No interaction at all, just one way traffic",negative,"[[""Assessment and Grading"", ""negative""], [""Student Interaction"", ""negative""]]",nigerian_slang
slang-1422,Prof. Balogun,Data Structures and Algorithms,CSC201,1,"Person write well still fail, who understand this man?, but This course dey scatter scatter, no proper arrangement",negative,"[[""Assessment and Grading"", ""negative""], [""Course Organisation"", ""negative""]]",nigerian_slang
slang-1423,Dr. Pomele,Computer Networks,CSC303,2,"This guy dey behave like say we no important, however, This guy dey behave like say we be enemies",negative,"[[""Availability"", ""negative""], [""Student Interaction"", ""negative""]]",nigerian_slang
slang-1424,Dr. Yusuf,Computer Networks,CSC303,4,"E dey carry everybody along, no discrimination. Also, E dey share notes early, no last minute rush",positive,"[[""Student Interaction"", ""positive""], [""Use of Teaching Materials"", ""positive""]]",nigerian_slang
slang-1425,Dr. Chukwu,Database Design & Management,CSC302,2,"Emails dey enter trash, e no dey reply, and Slides dey blurry, you no fit read, but No interaction at all, just one way traffic",negative,"[[""Availability"", ""negative""], [""Use of Teaching Materials"", ""negative""], [""Student Interaction"", ""negative""]]",nigerian_slang
slang-1426,Dr. Faith,Special Computing,CSC410,2,Appreciate how he treats our time like it's worthless,negative,"[[""Lecturer Punctuality"", ""negative""]]",nigerian_slang
slang-1427,Dr. Faith,Introduction to Computer Science,CSC101,3,E dey see students if you book appointment,neutral,"[[""Availability"", ""neutral""]]",nigerian_slang
slang-1428,Prof. Okonkwo,Special Computing,CSC410,1,"E dey cancel class like say e dey pure water, and If you no buy handout, you no go get anything",negative,"[[""Lecturer Punctuality"", ""negative""], [""Use of Teaching Materials"", ""negative""]]",nigerian_slang
slang-1429,Dr. Chukwu,Computer Networks,CSC303,1,"This guy dey act like say communication na crime. Also, This lecturer na mumu, e no dey carry us along",negative,"[[""Communication"", ""negative""], [""Student Interaction"", ""negative""]]",nigerian_slang
slang-1430,Prof. Balogun,Introduction to Computer Science,CSC101,2,"Wonderful how the guy who wrote the best essay still failed, and Appreciate the complete lack of any useful study materials, but Appreciate the complete radio silence on important matters",negative,"[[""Assessment and Grading"", ""negative""], [""Use of Teaching Materials"", ""negative""], [""Communication"", ""negative""]]",nigerian_slang
slang-1431,Dr. Ibrahim,Data Science & Big Data,CSC412,2,"This man na waste of space, course dey scatter. Also, This man dey insult students for class",negative,"[[""Course Organisation"", ""negative""], [""Student Interaction"", ""negative""]]",nigerian_slang
slang-1432,Dr. Pomele,Data Structures and Algorithms,CSC201,2,"Appreciate the complete lack of any useful study materials, but Love the surprise cancelled classes we find out about 5 minutes before",negative,"[[""Use of Teaching Materials"", ""negative""], [""Lecturer Punctuality"", ""negative""]]",nigerian_slang
slang-1433,Dr. Ibrahim,Special Computing,CSC410,1,"E dey refuse to share notes with us, and Class dey boring, e dey just lecture like radio, but WhatsApp group dey dry, e no dey post anything",negative,"[[""Use of Teaching Materials"", ""negative""], [""Student Interaction"", ""negative""], [""Communication"", ""negative""]]",nigerian_slang
slang-1434,Prof. Okonkwo,Machine Learning & Neural Nets,CSC408,3,Normal university materials,neutral,"[[""Use of Teaching Materials"", ""neutral""]]",nigerian_slang
slang-1435,Dr. Chukwu,Cloud Computing Architectures,CSC406,1,"E dey shun students when we ask for help, and Grading dey biased, if e no like you, you don fail",negative,"[[""Availability"", ""negative""], [""Assessment and Grading"", ""negative""]]",nigerian_slang
slang-1436,Dr. Nwosu,Software Engineering,CSC301,1,"Oh sure, because reading slides word-for-word is definitely 'teaching', and Thanks for the last-minute announcements, really helpful, but Appreciate waiting 6 weeks for grades that were clearly randomly assigned",negative,"[[""Teaching Clarity"", ""negative""], [""Communication"", ""negative""], [""Assessment and Grading"", ""negative""]]",nigerian_slang
slang-1437,Dr. Chukwu,Software Engineering,CSC301,2,"This lecturer na olodo, e no respect time, but This lecturer na olodo, e no dey available",negative,"[[""Lecturer Punctuality"", ""negative""], [""Availability"", ""negative""]]",nigerian_slang
slang-1438,Prof. Balogun,Data Science & Big Data,CSC412,3,"Nothing special, just normal class interaction, and Normal university materials",neutral,"[[""Student Interaction"", ""neutral""], [""Use of Teaching Materials"", ""neutral""]]",nigerian_slang
slang-1439,Prof. Balogun,Cloud Computing Architectures,CSC406,5,"E dey carry everybody along, no discrimination",positive,"[[""Student Interaction"", ""positive""]]",nigerian_slang
slang-1440,Prof. Martins,Data Science & Big Data,CSC412,4,"E dey finish syllabus on time, no rushing last minute. Also, Grading dey fair, if you work hard you go get your due",positive,"[[""Course Organisation"", ""positive""], [""Assessment and Grading"", ""positive""]]",nigerian_slang
slang-1441,Dr. Okafor,Computer Networks,CSC303,2,This guy dey ignore messages like say we no exist,negative,"[[""Communication"", ""negative""]]",nigerian_slang
slang-1442,Dr. Ibrahim,Special Computing,CSC410,4,"Announcements dey clear and timely, however, E dey respect students well well",positive,"[[""Communication"", ""positive""], [""Student Interaction"", ""positive""]]",nigerian_slang
slang-1443,Dr. (Mrs) Adeleke,Computer Networks,CSC303,5,"Marking dey transparent, no under the table business, however, Availability dey top notch, always there when needed",positive,"[[""Assessment and Grading"", ""positive""], [""Availability"", ""positive""]]",nigerian_slang
slang-1444,Dr. Ibrahim,Cloud Computing Architectures,CSC406,3,"Lectures dey manageable, you go fit understand if you read well",neutral,"[[""Teaching Clarity"", ""neutral""]]",nigerian_slang
slang-1445,Dr. Pomele,Data Science & Big Data,CSC412,2,"This man na evil with marking, e dey fail people",negative,"[[""Assessment and Grading"", ""negative""]]",nigerian_slang
slang-1446,Dr. (Mrs) Adeleke,Data Science & Big Data,CSC412,4,"Communication dey top notch, e no dey hide info, and Time keeper, e no dey waste student's time",positive,"[[""Communication"", ""positive""], [""Lecturer Punctuality"", ""positive""]]",nigerian_slang
slang-1447,Dr. Adeyemi,Software Engineering,CSC301,2,"Materials dey poor, plenty errors",negative,"[[""Use of Teaching Materials"", ""negative""]]",nigerian_slang
slang-1448,Prof. Balogun,Special Computing,CSC410,3,"E dey follow the normal departmental syllabus, and Standard lecture format with some interaction",neutral,"[[""Course Organisation"", ""neutral""], [""Student Interaction"", ""neutral""]]",nigerian_slang
slang-1449,Dr. Nwosu,Software Engineering,CSC301,5,"Time keeper, e no dey waste student's time, and If you sabi the work, you go definitely pass",positive,"[[""Lecturer Punctuality"", ""positive""], [""Assessment and Grading"", ""positive""]]",nigerian_slang
slang-1450,Dr. (Mrs) Adeleke,Data Science & Big Data,CSC412,4,"Classroom interaction dey top level, but E dey give helpful feedback, you go know where you miss am",positive,"[[""Student Interaction"", ""positive""], [""Assessment and Grading"", ""positive""]]",nigerian_slang
slang-1451,Dr. Faith,Special Computing,CSC410,1,"This man dey mark person wickedly, heartless, but This man no dey reply, e dey form busy",negative,"[[""Assessment and Grading"", ""negative""], [""Communication"", ""negative""]]",nigerian_slang
slang-1452,Dr. Chukwu,Machine Learning & Neural Nets,CSC408,3,E dey entertain questions sometimes,neutral,"[[""Student Interaction"", ""neutral""]]",nigerian_slang
slang-1453,Prof. Balogun,Software Engineering,CSC301,1,"Thanks for the surprise exam topics we never covered, really thoughtful, and Appreciate how he treats our time like it's worthless, but Love the slides with more typos than actual content",negative,"[[""Course Organisation"", ""negative""], [""Lecturer Punctuality"", ""negative""], [""Use of Teaching Materials"", ""negative""]]",nigerian_slang
slang-1454,Dr. (Mrs) Adeleke,Introduction to Computer Science,CSC101,1,"No interaction at all, just one way traffic",negative,"[[""Student Interaction"", ""negative""]]",nigerian_slang
slang-1455,Dr. Pomele,Data Science & Big Data,CSC412,4,"E dey communicate like pro, no confusion, and Course organization dey top notch, professional work, but Time keeper, e no dey waste student's time",positive,"[[""Communication"", ""positive""], [""Course Organisation"", ""positive""], [""Lecturer Punctuality"", ""positive""]]",nigerian_slang
slang-1456,Prof. Martins,Cloud Computing Architectures,CSC406,2,"Appreciate the hostile atmosphere that discourages participation, and Appreciate the complete radio silence on important matters, but Love how office hours are just theoretical concepts",negative,"[[""Student Interaction"", ""negative""], [""Communication"", ""negative""], [""Availability"", ""negative""]]",nigerian_slang
slang-1457,Dr. Chukwu,Machine Learning & Neural Nets,CSC408,1,"Love how he turns legitimate questions into insults, and Great feedback - 'needs improvement' really tells me everything, but Appreciate how the course outline was clearly written in invisible ink",negative,"[[""Student Interaction"", ""negative""], [""Assessment and Grading"", ""negative""], [""Course Organisation"", ""negative""]]",nigerian_slang
slang-1458,Dr. Okafor,Operating Systems Principles,CSC304,1,Thanks for wasting 30 minutes of every class being late,negative,"[[""Lecturer Punctuality"", ""negative""]]",nigerian_slang
slang-1459,Prof. Martins,Data Science & Big Data,CSC412,2,"This man dey mark person wickedly, heartless. Also, This lecturer na olodo, e no dey available",negative,"[[""Assessment and Grading"", ""negative""], [""Availability"", ""negative""]]",nigerian_slang
slang-1460,Dr. Ibrahim,Machine Learning & Neural Nets,CSC408,3,"Nothing special, just normal course arrangement",neutral,"[[""Course Organisation"", ""neutral""]]",nigerian_slang
slang-1461,Dr. Adeyemi,Introduction to Computer Science,CSC101,2,Wonderful how he manages to never actually explain anything,negative,"[[""Teaching Clarity"", ""negative""]]",nigerian_slang
slang-1462,Dr. Adeyemi,Data Science & Big Data,CSC412,3,Course dey go according to standard university format,neutral,"[[""Course Organisation"", ""neutral""]]",nigerian_slang
slang-1463,Prof. Okonkwo,Operating Systems Principles,CSC304,1,"E dey teach like say e dey speak in tongues, who understand?, however, No proper channel of communication",negative,"[[""Teaching Clarity"", ""negative""], [""Communication"", ""negative""]]",nigerian_slang
slang-1464,Dr. Okafor,Database Design & Management,CSC302,1,"Love how office hours are just theoretical concepts, however, Great planning - rushing everything in the last two weeks was genius",negative,"[[""Availability"", ""negative""], [""Course Organisation"", ""negative""]]",nigerian_slang
slang-1465,Dr. Chukwu,Operating Systems Principles,CSC304,5,Test questions dey based on wetin e teach for class,positive,"[[""Assessment and Grading"", ""positive""]]",nigerian_slang
slang-1466,Dr. Okafor,Data Structures and Algorithms,CSC201,1,"This man na waste, e dey always late",negative,"[[""Lecturer Punctuality"", ""negative""]]",nigerian_slang
slang-1467,Prof. Martins,Software Engineering,CSC301,3,"Nothing special, just normal course arrangement",neutral,"[[""Course Organisation"", ""neutral""]]",nigerian_slang
slang-1468,Dr. Ibrahim,Software Engineering,CSC301,1,"Communication dey poor, e no dey inform us, but Test questions dey different from wetin e teach for class",negative,"[[""Communication"", ""negative""], [""Assessment and Grading"", ""negative""]]",nigerian_slang
slang-1469,Dr. Okafor,Introduction to Computer Science,CSC101,1,"This course dey scatter scatter, no proper arrangement, and Student interaction dey zero, e no dey carry us along, but If you no buy handout, you no go get anything",negative,"[[""Course Organisation"", ""negative""], [""Student Interaction"", ""negative""], [""Use of Teaching Materials"", ""negative""]]",nigerian_slang
slang-1470,Dr. Nwosu,Special Computing,CSC410,2,"This man na waste, e no dey interact at all, and This lecturer na mumu with grading, e no dey fair",negative,"[[""Student Interaction"", ""negative""], [""Assessment and Grading"", ""negative""]]",nigerian_slang
slang-1471,Prof. Okonkwo,Data Structures and Algorithms,CSC201,3,"Normal university materials, however, Topics dey covered as per the curriculum",neutral,"[[""Use of Teaching Materials"", ""neutral""], [""Course Organisation"", ""neutral""]]",nigerian_slang
slang-1472,Dr. Pomele,Cloud Computing Architectures,CSC406,2,"Love how he turns legitimate questions into insults, and Appreciate waiting 6 weeks for grades that were clearly randomly assigned, but Thanks for the surprise exam topics we never covered, really thoughtful",negative,"[[""Student Interaction"", ""negative""], [""Assessment and Grading"", ""negative""], [""Course Organisation"", ""negative""]]",nigerian_slang
slang-1473,Prof. Martins,Machine Learning & Neural Nets,CSC408,2,"Missed classes well well, no proper replacement, and Materials dey poor, plenty errors, but The course dey confused, topics dey jump up and down",negative,"[[""Lecturer Punctuality"", ""negative""], [""Use of Teaching Materials"", ""negative""], [""Course Organisation"", ""negative""]]",nigerian_slang
slang-1474,Dr. (Mrs) Adeleke,Operating Systems Principles,CSC304,2,"This man dey make class hostile, e dey fight. Also, This man dey always late, e no get shame",negative,"[[""Student Interaction"", ""negative""], [""Lecturer Punctuality"", ""negative""]]",nigerian_slang
slang-1475,Dr. Yusuf,Cloud Computing Architectures,CSC406,2,Appreciate how he treats our time like it's worthless,negative,"[[""Lecturer Punctuality"", ""negative""]]",nigerian_slang
slang-1476,Prof. Balogun,Computer Networks,CSC303,2,"This guy dey act like say we be children, and This man dey mark anyhow, e dey fail people for nothing",negative,"[[""Student Interaction"", ""negative""], [""Assessment and Grading"", ""negative""]]",nigerian_slang
slang-1477,Dr. Adeyemi,Data Structures and Algorithms,CSC201,2,"Thanks for making students feel stupid for asking questions. Also, Great job explaining things that weren't in the exam, really helpful",negative,"[[""Student Interaction"", ""negative""], [""Teaching Clarity"", ""negative""]]",nigerian_slang
slang-1478,Dr. Ibrahim,Operating Systems Principles,CSC304,3,Deports within reasonable time limits,neutral,"[[""Lecturer Punctuality"", ""neutral""]]",nigerian_slang
slang-1479,Dr. Nwosu,Computer Networks,CSC303,3,"Standard assessment procedures, however, E dey send emails sometimes",neutral,"[[""Assessment and Grading"", ""neutral""], [""Communication"", ""neutral""]]",nigerian_slang
slang-1480,Dr. Chukwu,Cloud Computing Architectures,CSC406,4,"Materials dey very useful for revision, but Results dey come out quick, no long story",positive,"[[""Use of Teaching Materials"", ""positive""], [""Assessment and Grading"", ""positive""]]",nigerian_slang
slang-1481,Dr. Adeyemi,Data Science & Big Data,CSC412,4,"Explains things way better than those old lecturers wey dey confuse person, and Marking dey transparent, no under the table business, but Materials dey up to date and helpful",positive,"[[""Teaching Clarity"", ""positive""], [""Assessment and Grading"", ""positive""], [""Use of Teaching Materials"", ""positive""]]",nigerian_slang
slang-1482,Dr. Faith,Cloud Computing Architectures,CSC406,4,"E dey inform us before time, no last minute rush. Also, Very accessible lecturer, no wahala",positive,"[[""Communication"", ""positive""], [""Availability"", ""positive""]]",nigerian_slang
slang-1483,Dr. Pomele,Cloud Computing Architectures,CSC406,3,Two tests and one exam like every other course,neutral,"[[""Assessment and Grading"", ""neutral""]]",nigerian_slang
slang-1484,Dr. Adeyemi,Operating Systems Principles,CSC304,1,Appreciate the complete lack of any useful study materials,negative,"[[""Use of Teaching Materials"", ""negative""]]",nigerian_slang
slang-1485,Dr. Adeyemi,Introduction to Computer Science,CSC101,2,"Thanks for the surprise exam topics we never covered, really thoughtful, and Love how he turns legitimate questions into insults, but Wonderful how he manages to never actually explain anything",negative,"[[""Course Organisation"", ""negative""], [""Student Interaction"", ""negative""], [""Teaching Clarity"", ""negative""]]",nigerian_slang
slang-1486,Prof. Martins,Data Structures and Algorithms,CSC201,2,"This man na waste, communication dey zero, however, This man na waste, e dey always late",negative,"[[""Communication"", ""negative""], [""Lecturer Punctuality"", ""negative""]]",nigerian_slang
slang-1487,Dr. (Mrs) Adeleke,Special Computing,CSC410,2,"This man dey fail to respond, e dey dull, however, This guy dey talk nonsense for class",negative,"[[""Communication"", ""negative""], [""Teaching Clarity"", ""negative""]]",nigerian_slang
slang-1488,Dr. Pomele,Computer Networks,CSC303,1,Appreciate how he treats our time like it's worthless,negative,"[[""Lecturer Punctuality"", ""negative""]]",nigerian_slang
slang-1489,Dr. Yusuf,Machine Learning & Neural Nets,CSC408,2,"This man dey ignore us like say we be ghost, and This man dey hide from students like rat",negative,"[[""Communication"", ""negative""], [""Availability"", ""negative""]]",nigerian_slang
slang-1490,Dr. Pomele,Database Design & Management,CSC302,4,"Explains things way better than those old lecturers wey dey confuse person, but Never late for once, very punctual man",positive,"[[""Teaching Clarity"", ""positive""], [""Lecturer Punctuality"", ""positive""]]",nigerian_slang
slang-1491,Dr. Yusuf,Introduction to Computer Science,CSC101,1,"No be only confusing, e dey even scatter person brain join. Also, Grading dey unfair, e dey just dey anyhow",negative,"[[""Teaching Clarity"", ""negative""], [""Assessment and Grading"", ""negative""]]",nigerian_slang
slang-1492,Prof. Martins,Special Computing,CSC410,2,"This mumu man no sabi teach at all, and This guy dey act like say communication na crime, but This lecturer na mumu, e no dey see students",negative,"[[""Teaching Clarity"", ""negative""], [""Communication"", ""negative""], [""Availability"", ""negative""]]",nigerian_slang
slang-1493,Dr. Chukwu,Data Structures and Algorithms,CSC201,2,"Class dey dull like graveyard, e no dey interact",negative,"[[""Student Interaction"", ""negative""]]",nigerian_slang
slang-1494,Dr. Chukwu,Software Engineering,CSC301,4,"Very accessible lecturer, no wahala, and E dey use projector well, no wahala, but E dey give us proper timetable, no surprises",positive,"[[""Availability"", ""positive""], [""Use of Teaching Materials"", ""positive""], [""Course Organisation"", ""positive""]]",nigerian_slang
slang-1495,Dr. Nwosu,Data Structures and Algorithms,CSC201,1,"No proper syllabus, e dey just dey teach wetin e like, however, E dey talk to himself for class, nobody dey grab wetin e dey talk",negative,"[[""Course Organisation"", ""negative""], [""Teaching Clarity"", ""negative""]]",nigerian_slang
slang-1496,Prof. Balogun,Cloud Computing Architectures,CSC406,1,E dey jump from chapter 1 to chapter 10 back to chapter 3,negative,"[[""Course Organisation"", ""negative""]]",nigerian_slang
slang-1497,Dr. Yusuf,Special Computing,CSC410,1,"This man dey mess up course structure completely, and This man dey refuse to share notes, wicked, but This guy dey impossible to reach, e dey run",negative,"[[""Course Organisation"", ""negative""], [""Use of Teaching Materials"", ""negative""], [""Availability"", ""negative""]]",nigerian_slang
slang-1498,Dr. Yusuf,Special Computing,CSC410,3,"Grading dey follow normal university standard, and E dey follow textbook, nothing special but e dey go, but Communication dey okay, nothing special",neutral,"[[""Assessment and Grading"", ""neutral""], [""Teaching Clarity"", ""neutral""], [""Communication"", ""neutral""]]",nigerian_slang
slang-1499,Dr. Faith,Introduction to Computer Science,CSC101,5,"E dey respect time die, no African time, however, Teaching materials dey top notch",positive,"[[""Lecturer Punctuality"", ""positive""], [""Use of Teaching Materials"", ""positive""]]",nigerian_slang
slang-1500,Dr. Yusuf,Machine Learning & Neural Nets,CSC408,2,"Great job explaining things that weren't in the exam, really helpful. Also, Thanks for making us buy textbooks you never reference",negative,"[[""Teaching Clarity"", ""negative""], [""Use of Teaching Materials"", ""negative""]]",nigerian_slang
slang-1501,Prof. Okonkwo,Software Engineering,CSC301,2,"This lecturer na olodo, e no get plan, however, This man dey refuse to share notes, wicked",negative,"[[""Course Organisation"", ""negative""], [""Use of Teaching Materials"", ""negative""]]",nigerian_slang
slang-1502,Dr. Nwosu,Operating Systems Principles,CSC304,1,This guy dey behave like say we be enemies,negative,"[[""Student Interaction"", ""negative""]]",nigerian_slang
slang-1503,Dr. Chukwu,Introduction to Computer Science,CSC101,5,E dey use better examples wey dey relate to our everyday life,positive,"[[""Teaching Clarity"", ""positive""]]",nigerian_slang
slang-1504,Dr. Adeyemi,Cloud Computing Architectures,CSC406,1,"E dey talk to himself for class, nobody dey grab wetin e dey talk, and Very unapproachable, e dey look students like trouble, but This man dey come class late everyday",negative,"[[""Teaching Clarity"", ""negative""], [""Availability"", ""negative""], [""Lecturer Punctuality"", ""negative""]]",nigerian_slang
slang-1505,Prof. Balogun,Data Science & Big Data,CSC412,2,"Great planning - rushing everything in the last two weeks was genius. Also, Appreciate the help - or lack thereof - when we actually need it",negative,"[[""Course Organisation"", ""negative""], [""Availability"", ""negative""]]",nigerian_slang
slang-1506,Dr. Yusuf,Database Design & Management,CSC302,2,"This man dey make himself unavailable, wicked, however, This man dey make class hostile, e dey fight",negative,"[[""Availability"", ""negative""], [""Student Interaction"", ""negative""]]",nigerian_slang
slang-1507,Prof. Martins,Computer Networks,CSC303,2,"E dey force us to buy textbook, and No rubric, e dey just dey mark as e like",negative,"[[""Use of Teaching Materials"", ""negative""], [""Assessment and Grading"", ""negative""]]",nigerian_slang
slang-1508,Prof. Martins,Cloud Computing Architectures,CSC406,2,"This man na olodo, e no sabi anything, and This man dey make class hostile, e dey fight",negative,"[[""Teaching Clarity"", ""negative""], [""Student Interaction"", ""negative""]]",nigerian_slang
slang-1509,Prof. Balogun,Operating Systems Principles,CSC304,1,"Grading dey biased, if e no like you, you don fail, however, No proper syllabus, e dey just dey teach wetin e like",negative,"[[""Assessment and Grading"", ""negative""], [""Course Organisation"", ""negative""]]",nigerian_slang
slang-1510,Dr. Chukwu,Special Computing,CSC410,4,E dey provide handouts and extra materials,positive,"[[""Use of Teaching Materials"", ""positive""]]",nigerian_slang
slang-1511,Dr. Ibrahim,Machine Learning & Neural Nets,CSC408,4,"E dey provide handouts and extra materials, and Never late for once, very punctual man",positive,"[[""Use of Teaching Materials"", ""positive""], [""Lecturer Punctuality"", ""positive""]]",nigerian_slang
slang-1512,Prof. Balogun,Special Computing,CSC410,1,This man dey ignore us like say we be ghost,negative,"[[""Communication"", ""negative""]]",nigerian_slang
slang-1513,Dr. Faith,Cloud Computing Architectures,CSC406,1,"Love how he turns legitimate questions into insults, and Appreciate how he treats our time like it's worthless, but Great job explaining things that weren't in the exam, really helpful",negative,"[[""Student Interaction"", ""negative""], [""Lecturer Punctuality"", ""negative""], [""Teaching Clarity"", ""negative""]]",nigerian_slang
slang-1514,Dr. Nwosu,Machine Learning & Neural Nets,CSC408,1,"Appreciate the help - or lack thereof - when we actually need it, however, Great feedback - 'needs improvement' really tells me everything",negative,"[[""Availability"", ""negative""], [""Assessment and Grading"", ""negative""]]",nigerian_slang
slang-1515,Dr. (Mrs) Adeleke,Computer Networks,CSC303,2,"Always late, time no dey important to am, and Person write well still fail, who understand this man?",negative,"[[""Lecturer Punctuality"", ""negative""], [""Assessment and Grading"", ""negative""]]",nigerian_slang
slang-1516,Prof. Balogun,Software Engineering,CSC301,2,"Appreciate waiting 6 weeks for grades that were clearly randomly assigned, however, Appreciate the complete lack of any useful study materials",negative,"[[""Assessment and Grading"", ""negative""], [""Use of Teaching Materials"", ""negative""]]",nigerian_slang
slang-1517,Dr. (Mrs) Adeleke,Introduction to Computer Science,CSC101,1,"Thanks for the surprise exam topics we never covered, really thoughtful. Also, Appreciate how he treats our time like it's worthless",negative,"[[""Course Organisation"", ""negative""], [""Lecturer Punctuality"", ""negative""]]",nigerian_slang
slang-1518,Dr. (Mrs) Adeleke,Software Engineering,CSC301,3,"You fit reach am during consultation hours, and Explanations dey okay, no be die but no be kill, but Timing dey okay, manageable",neutral,"[[""Availability"", ""neutral""], [""Teaching Clarity"", ""neutral""], [""Lecturer Punctuality"", ""neutral""]]",nigerian_slang
slang-1519,Prof. Balogun,Cloud Computing Architectures,CSC406,1,"This man dey come class late everyday, mumu behavior",negative,"[[""Lecturer Punctuality"", ""negative""]]",nigerian_slang
slang-1520,Prof. Balogun,Database Design & Management,CSC302,1,"This guy dey act like say we dey do am favor, and This man dey make class hostile, e dey fight",negative,"[[""Assessment and Grading"", ""negative""], [""Student Interaction"", ""negative""]]",nigerian_slang
slang-1521,Dr. Ibrahim,Computer Networks,CSC303,3,Topics dey covered as per the curriculum,neutral,"[[""Course Organisation"", ""neutral""]]",nigerian_slang
slang-1522,Dr. Yusuf,Special Computing,CSC410,1,"This lecturer na mumu, e no dey see students, but This lecturer na clown, e dey disorganize everything",negative,"[[""Availability"", ""negative""], [""Course Organisation"", ""negative""]]",nigerian_slang
slang-1523,Dr. Faith,Machine Learning & Neural Nets,CSC408,5,"Very interactive lecturer, class dey sweet, however, If you no understand after this guy's class, then na you be the problem",positive,"[[""Student Interaction"", ""positive""], [""Teaching Clarity"", ""positive""]]",nigerian_slang
slang-1524,Dr. Ibrahim,Operating Systems Principles,CSC304,2,"Impossible to see for office hours, and Always late, time no dey important to am",negative,"[[""Availability"", ""negative""], [""Lecturer Punctuality"", ""negative""]]",nigerian_slang
slang-1525,Prof. Okonkwo,Cloud Computing Architectures,CSC406,3,E dey send emails sometimes,neutral,"[[""Communication"", ""neutral""]]",nigerian_slang
slang-1526,Prof. Balogun,Data Structures and Algorithms,CSC201,3,"E dey try sha, but sometimes e dey slow. Also, Normal level of communication",neutral,"[[""Teaching Clarity"", ""neutral""], [""Communication"", ""neutral""]]",nigerian_slang
slang-1527,Prof. Martins,Operating Systems Principles,CSC304,3,Standard availability like other lecturers,neutral,"[[""Availability"", ""neutral""]]",nigerian_slang
slang-1528,Prof. Okonkwo,Computer Networks,CSC303,1,"Grading dey unfair, e dey just dey anyhow, however, E dey come 30 minutes after time don pass",negative,"[[""Assessment and Grading"", ""negative""], [""Lecturer Punctuality"", ""negative""]]",nigerian_slang
slang-1529,Dr. Ibrahim,Data Science & Big Data,CSC412,2,"WhatsApp group dey dry, e no dey post anything",negative,"[[""Communication"", ""negative""]]",nigerian_slang
slang-1530,Dr. Chukwu,Data Science & Big Data,CSC412,4,"E dey make the hard topics look like child's play, however, You fit reach am anytime, e dey respond",positive,"[[""Teaching Clarity"", ""positive""], [""Availability"", ""positive""]]",nigerian_slang
slang-1531,Dr. Faith,Data Science & Big Data,CSC412,4,"This guy dey always available for office hours, and The way e dey arrange topics dey very logical, but This guy dey make class lively and interactive",positive,"[[""Availability"", ""positive""], [""Course Organisation"", ""positive""], [""Student Interaction"", ""positive""]]",nigerian_slang
slang-1532,Dr. (Mrs) Adeleke,Introduction to Computer Science,CSC101,4,"E dey return scripts on time, no wahala",positive,"[[""Assessment and Grading"", ""positive""]]",nigerian_slang
slang-1533,Prof. Balogun,Database Design & Management,CSC302,1,"This man dey impossible to reach outside class, but E dey resume when e feel like, no respect for time",negative,"[[""Availability"", ""negative""], [""Lecturer Punctuality"", ""negative""]]",nigerian_slang
slang-1534,Prof. Okonkwo,Introduction to Computer Science,CSC101,4,"Announcements dey clear and timely. Also, Materials dey very useful for revision",positive,"[[""Communication"", ""positive""], [""Use of Teaching Materials"", ""positive""]]",nigerian_slang
slang-1535,Dr. Chukwu,Cloud Computing Architectures,CSC406,1,"E dey cancel office hours without telling us, and E dey fail people unnecessarily, heartless marking, but E dey force us to buy textbook",negative,"[[""Availability"", ""negative""], [""Assessment and Grading"", ""negative""], [""Use of Teaching Materials"", ""negative""]]",nigerian_slang
slang-1536,Prof. Okonkwo,Introduction to Computer Science,CSC101,5,"E dey carry everybody along, no discrimination, and If you no understand after this guy's class, then na you be the problem, but This guy dey communicate well well",positive,"[[""Student Interaction"", ""positive""], [""Teaching Clarity"", ""positive""], [""Communication"", ""positive""]]",nigerian_slang
slang-1537,Dr. Nwosu,Computer Networks,CSC303,2,"Thanks for the surprise exam topics we never covered, really thoughtful",negative,"[[""Course Organisation"", ""negative""]]",nigerian_slang
slang-1538,Dr. Yusuf,Data Science & Big Data,CSC412,1,This man dey lock office door like say thief dey pursue am,negative,"[[""Availability"", ""negative""]]",nigerian_slang
slang-1539,Dr. (Mrs) Adeleke,Database Design & Management,CSC302,1,"Help dey hard to get from this lecturer. Also, This course dey scatter scatter, no proper arrangement",negative,"[[""Availability"", ""negative""], [""Course Organisation"", ""negative""]]",nigerian_slang
slang-1540,Prof. Martins,Introduction to Computer Science,CSC101,2,"This man dey make class hostile, e dey fight",negative,"[[""Student Interaction"", ""negative""]]",nigerian_slang
slang-1541,Prof. Okonkwo,Operating Systems Principles,CSC304,1,"This guy dey act like say materials na gold, and This man dey lock office door like say thief dey pursue am, but This guy dey treat students like slaves",negative,"[[""Use of Teaching Materials"", ""negative""], [""Availability"", ""negative""], [""Student Interaction"", ""negative""]]",nigerian_slang
slang-1542,Dr. Okafor,Special Computing,CSC410,2,"Wonderful how he manages to never actually explain anything, and Appreciate waiting 6 weeks for grades that were clearly randomly assigned, but Appreciate how he treats our time like it's worthless",negative,"[[""Teaching Clarity"", ""negative""], [""Assessment and Grading"", ""negative""], [""Lecturer Punctuality"", ""negative""]]",nigerian_slang
slang-1543,Dr. Okafor,Data Science & Big Data,CSC412,1,"E dey announce things after e don happen, and This mumu man no sabi explain anything at all, but No proper grading, e dey just dey give marks randomly",negative,"[[""Communication"", ""negative""], [""Teaching Clarity"", ""negative""], [""Assessment and Grading"", ""negative""]]",nigerian_slang
slang-1544,Dr. Pomele,Data Science & Big Data,CSC412,1,"This man dey come class late everyday, and No be only confusing, e dey even scatter person brain join, but E dey keep important information to himself",negative,"[[""Lecturer Punctuality"", ""negative""], [""Teaching Clarity"", ""negative""], [""Communication"", ""negative""]]",nigerian_slang
slang-1545,Dr. Adeyemi,Data Science & Big Data,CSC412,1,"This man dey hide from students like rat, and This man na evil with marking, e dey fail people",negative,"[[""Availability"", ""negative""], [""Assessment and Grading"", ""negative""]]",nigerian_slang
slang-1546,Dr. Faith,Cloud Computing Architectures,CSC406,2,E dey force us to buy textbook,negative,"[[""Use of Teaching Materials"", ""negative""]]",nigerian_slang
slang-1547,Prof. Martins,Operating Systems Principles,CSC304,2,"This guy dey talk nonsense for class. Also, This guy dey act like say communication na crime",negative,"[[""Teaching Clarity"", ""negative""], [""Communication"", ""negative""]]",nigerian_slang
slang-1548,Dr. Pomele,Introduction to Computer Science,CSC101,5,"This guy dey come class early, dey wait for us, and E dey reply emails fast, no dulling, but Materials dey very useful for revision",positive,"[[""Lecturer Punctuality"", ""positive""], [""Communication"", ""positive""], [""Use of Teaching Materials"", ""positive""]]",nigerian_slang
slang-1549,Dr. Yusuf,Software Engineering,CSC301,5,"E dey break down complex things like say na jollof rice, and Results dey come out quick, no long story, but Very interactive lecturer, class dey sweet",positive,"[[""Teaching Clarity"", ""positive""], [""Assessment and Grading"", ""positive""], [""Student Interaction"", ""positive""]]",nigerian_slang
slang-1550,Dr. Ibrahim,Data Structures and Algorithms,CSC201,1,"Person write well still fail, who understand this man?, however, E dey force us to buy textbook",negative,"[[""Assessment and Grading"", ""negative""], [""Use of Teaching Materials"", ""negative""]]",nigerian_slang
slang-1551,Prof. Balogun,Operating Systems Principles,CSC304,5,E dey upload notes on time for us to read,positive,"[[""Use of Teaching Materials"", ""positive""]]",nigerian_slang
slang-1552,Dr. Chukwu,Database Design & Management,CSC302,5,"E dey inform us before time, no last minute rush",positive,"[[""Communication"", ""positive""]]",nigerian_slang
slang-1553,Dr. Nwosu,Software Engineering,CSC301,4,"Marking dey transparent, no under the table business, however, E dey attend to students like family",positive,"[[""Assessment and Grading"", ""positive""], [""Availability"", ""positive""]]",nigerian_slang
slang-1554,Dr. Faith,Cloud Computing Architectures,CSC406,1,"This guy dey behave like say we be enemies, but This man dey talk rubbish, nothing dey enter head",negative,"[[""Student Interaction"", ""negative""], [""Teaching Clarity"", ""negative""]]",nigerian_slang
slang-1555,Dr. Okafor,Computer Networks,CSC303,2,"Missed classes well well, no proper replacement, and E dey ignore class rep messages, but Class dey boring, e dey just lecture like radio",negative,"[[""Lecturer Punctuality"", ""negative""], [""Communication"", ""negative""], [""Student Interaction"", ""negative""]]",nigerian_slang
slang-1556,Dr. Ibrahim,Database Design & Management,CSC302,1,"This man na waste, e no dey interact at all, and This man dey do anyhow, no proper organization",negative,"[[""Student Interaction"", ""negative""], [""Course Organisation"", ""negative""]]",nigerian_slang
slang-1557,Dr. Nwosu,Introduction to Computer Science,CSC101,2,"Appreciate how he treats our time like it's worthless, and Thanks for the last-minute announcements, really helpful, but Wonderful how he manages to never actually explain anything",negative,"[[""Lecturer Punctuality"", ""negative""], [""Communication"", ""negative""], [""Teaching Clarity"", ""negative""]]",nigerian_slang
slang-1558,Dr. Yusuf,Data Science & Big Data,CSC412,2,This guy dey act like say we be children,negative,"[[""Student Interaction"", ""negative""]]",nigerian_slang
slang-1559,Dr. Nwosu,Software Engineering,CSC301,3,"Standard teaching, nothing to write home about",neutral,"[[""Teaching Clarity"", ""neutral""]]",nigerian_slang
slang-1560,Dr. Faith,Data Science & Big Data,CSC412,1,"Very unapproachable, e dey look students like trouble",negative,"[[""Availability"", ""negative""]]",nigerian_slang
slang-1561,Prof. Balogun,Operating Systems Principles,CSC304,1,"Love how office hours are just theoretical concepts, however, Great feedback - 'needs improvement' really tells me everything",negative,"[[""Availability"", ""negative""], [""Assessment and Grading"", ""negative""]]",nigerian_slang
slang-1562,Prof. Okonkwo,Operating Systems Principles,CSC304,1,"Wonderful how he manages to never actually explain anything, and Thanks for the last-minute announcements, really helpful",negative,"[[""Teaching Clarity"", ""negative""], [""Communication"", ""negative""]]",nigerian_slang
slang-1563,Dr. Okafor,Database Design & Management,CSC302,1,"E dey teach like say e no get plan, just dey do anyhow. Also, Time waster, always behind schedule",negative,"[[""Course Organisation"", ""negative""], [""Lecturer Punctuality"", ""negative""]]",nigerian_slang
slang-1564,Dr. Okafor,Data Structures and Algorithms,CSC201,3,"Topics dey covered as per the curriculum, but E dey come roughly on time most times",neutral,"[[""Course Organisation"", ""neutral""], [""Lecturer Punctuality"", ""neutral""]]",nigerian_slang
slang-1565,Dr. Yusuf,Introduction to Computer Science,CSC101,2,"This lecturer na clown, e dey disorganize everything, however, This man dey always late, e no get shame",negative,"[[""Course Organisation"", ""negative""], [""Lecturer Punctuality"", ""negative""]]",nigerian_slang
slang-1566,Prof. Balogun,Special Computing,CSC410,1,"E dey come 30 minutes after time don pass, and This man dey impossible to reach outside class, but E dey refuse to share notes with us",negative,"[[""Lecturer Punctuality"", ""negative""], [""Availability"", ""negative""], [""Use of Teaching Materials"", ""negative""]]",nigerian_slang
slang-1567,Dr. Ibrahim,Special Computing,CSC410,1,"Unengaging lecturer, class dey sleep. Also, This man no dey give us any materials",negative,"[[""Student Interaction"", ""negative""], [""Use of Teaching Materials"", ""negative""]]",nigerian_slang
slang-1568,Dr. Yusuf,Data Science & Big Data,CSC412,1,"Thanks for never replying to emails, really shows dedication, and Love how he turns legitimate questions into insults, but Appreciate how the course outline was clearly written in invisible ink",negative,"[[""Availability"", ""negative""], [""Student Interaction"", ""negative""], [""Course Organisation"", ""negative""]]",nigerian_slang
slang-1569,Dr. Adeyemi,Operating Systems Principles,CSC304,1,Thanks for making us buy textbooks you never reference,negative,"[[""Use of Teaching Materials"", ""negative""]]",nigerian_slang
slang-1570,Dr. Yusuf,Operating Systems Principles,CSC304,2,"This lecturer na olodo, e no dey interact, and This lecturer na mumu, e dey confuse person, but This man dey mark person wickedly, heartless",negative,"[[""Student Interaction"", ""negative""], [""Teaching Clarity"", ""negative""], [""Assessment and Grading"", ""negative""]]",nigerian_slang
slang-1571,Dr. Yusuf,Introduction to Computer Science,CSC101,1,"No proper syllabus, e dey just dey teach wetin e like, and Materials dey inadequate for the course, but Student interaction dey zero, e no dey carry us along",negative,"[[""Course Organisation"", ""negative""], [""Use of Teaching Materials"", ""negative""], [""Student Interaction"", ""negative""]]",nigerian_slang
slang-1572,Dr. (Mrs) Adeleke,Data Structures and Algorithms,CSC201,1,E dey keep us in the dark about everything,negative,"[[""Communication"", ""negative""]]",nigerian_slang
slang-1573,Dr. (Mrs) Adeleke,Operating Systems Principles,CSC304,2,"E dey jump from chapter 1 to chapter 10 back to chapter 3. Also, E dey use big big grammar wey even dictionary no get",negative,"[[""Course Organisation"", ""negative""], [""Teaching Clarity"", ""negative""]]",nigerian_slang
slang-1574,Dr. Ibrahim,Operating Systems Principles,CSC304,2,"This lecturer na olodo with marking, e no sabi mark, and This guy dey talk nonsense for class, but This man na waste, e no dey interact at all",negative,"[[""Assessment and Grading"", ""negative""], [""Teaching Clarity"", ""negative""], [""Student Interaction"", ""negative""]]",nigerian_slang
slang-1575,Dr. (Mrs) Adeleke,Introduction to Computer Science,CSC101,1,"Appreciate the complete lack of any useful study materials, and Great job explaining things that weren't in the exam, really helpful",negative,"[[""Use of Teaching Materials"", ""negative""], [""Teaching Clarity"", ""negative""]]",nigerian_slang
slang-1576,Dr. Okafor,Software Engineering,CSC301,5,This guy dey make class lively and interactive,positive,"[[""Student Interaction"", ""positive""]]",nigerian_slang
slang-1577,Dr. Ibrahim,Special Computing,CSC410,1,"This man na waste, e no dey help at all",negative,"[[""Availability"", ""negative""]]",nigerian_slang
slang-1578,Prof. Martins,Machine Learning & Neural Nets,CSC408,4,"Very reliable with time, always available, and E dey finish syllabus on time, no rushing last minute",positive,"[[""Lecturer Punctuality"", ""positive""], [""Course Organisation"", ""positive""]]",nigerian_slang
slang-1579,Prof. Martins,Data Science & Big Data,CSC412,1,"No proper syllabus, e dey just dey teach wetin e like, however, If you no buy handout, you no go get anything",negative,"[[""Course Organisation"", ""negative""], [""Use of Teaching Materials"", ""negative""]]",nigerian_slang
slang-1580,Dr. Ibrahim,Data Structures and Algorithms,CSC201,2,"This man dey mark anyhow, e dey fail people for nothing",negative,"[[""Assessment and Grading"", ""negative""]]",nigerian_slang
slang-1581,Dr. Faith,Database Design & Management,CSC302,2,"This man dey make class hostile, e dey fight, but This man dey dull, e no sabi explain anything",negative,"[[""Student Interaction"", ""negative""], [""Teaching Clarity"", ""negative""]]",nigerian_slang
slang-1582,Dr. Chukwu,Database Design & Management,CSC302,3,Standard assessment procedures,neutral,"[[""Assessment and Grading"", ""neutral""]]",nigerian_slang
slang-1583,Dr. Ibrahim,Computer Networks,CSC303,2,"This man na evil with marking, e dey fail people. Also, This guy dey act like say e no know syllabus",negative,"[[""Assessment and Grading"", ""negative""], [""Course Organisation"", ""negative""]]",nigerian_slang
slang-1584,Dr. Chukwu,Data Science & Big Data,CSC412,2,Appreciate how the course outline was clearly written in invisible ink,negative,"[[""Course Organisation"", ""negative""]]",nigerian_slang
slang-1585,Prof. Balogun,Special Computing,CSC410,5,"Communication dey top notch, e no dey hide info. Also, Results dey come out quick, no long story",positive,"[[""Communication"", ""positive""], [""Assessment and Grading"", ""positive""]]",nigerian_slang
slang-1586,Dr. Ibrahim,Data Structures and Algorithms,CSC201,1,"Grading dey unfair, e dey just dey anyhow, and Punctuality dey zero, e dey always come late, but Slides dey blurry, you no fit read",negative,"[[""Assessment and Grading"", ""negative""], [""Lecturer Punctuality"", ""negative""], [""Use of Teaching Materials"", ""negative""]]",nigerian_slang
slang-1587,Prof. Okonkwo,Software Engineering,CSC301,1,"Love how office hours are just theoretical concepts, however, Appreciate the hostile atmosphere that discourages participation",negative,"[[""Availability"", ""negative""], [""Student Interaction"", ""negative""]]",nigerian_slang
slang-1588,Dr. Faith,Database Design & Management,CSC302,1,"Appreciate how he treats our time like it's worthless, and Appreciate the hostile atmosphere that discourages participation, but Great feedback - 'needs improvement' really tells me everything",negative,"[[""Lecturer Punctuality"", ""negative""], [""Student Interaction"", ""negative""], [""Assessment and Grading"", ""negative""]]",nigerian_slang
slang-1589,Prof. Okonkwo,Machine Learning & Neural Nets,CSC408,1,"No proper grading, e dey just dey give marks randomly. Also, No interaction at all, just one way traffic",negative,"[[""Assessment and Grading"", ""negative""], [""Student Interaction"", ""negative""]]",nigerian_slang
slang-1590,Dr. Ibrahim,Software Engineering,CSC301,1,"No proper grading, e dey just dey give marks randomly, however, The guy dey rush through slides like say thief dey pursue am",negative,"[[""Assessment and Grading"", ""negative""], [""Teaching Clarity"", ""negative""]]",nigerian_slang
slang-1591,Prof. Martins,Database Design & Management,CSC302,2,"This man dey ignore us like say we be ghost, and This guy dey run course like agbero, but This man na waste, e dey always late",negative,"[[""Communication"", ""negative""], [""Course Organisation"", ""negative""], [""Lecturer Punctuality"", ""negative""]]",nigerian_slang
slang-1592,Prof. Balogun,Software Engineering,CSC301,2,"Unengaging lecturer, class dey sleep",negative,"[[""Student Interaction"", ""negative""]]",nigerian_slang
slang-1593,Dr. Adeyemi,Special Computing,CSC410,3,"Basic slides with bullet points, and You fit reach am during consultation hours, but E dey entertain questions sometimes",neutral,"[[""Use of Teaching Materials"", ""neutral""], [""Availability"", ""neutral""], [""Student Interaction"", ""neutral""]]",nigerian_slang
slang-1594,Dr. Okafor,Machine Learning & Neural Nets,CSC408,2,"This guy dey force us buy textbook, e dey greedy, and This man dey make himself unavailable, wicked",negative,"[[""Use of Teaching Materials"", ""negative""], [""Availability"", ""negative""]]",nigerian_slang
slang-1595,Dr. Adeyemi,Database Design & Management,CSC302,4,"E dey break down complex things like say na jollof rice, but E dey use projector well, no wahala",positive,"[[""Teaching Clarity"", ""positive""], [""Use of Teaching Materials"", ""positive""]]",nigerian_slang
slang-1596,Dr. Pomele,Software Engineering,CSC301,4,"This guy dey make class lively and interactive, but Course dey run like smooth engine, no wahala",positive,"[[""Student Interaction"", ""positive""], [""Course Organisation"", ""positive""]]",nigerian_slang
slang-1597,Prof. Balogun,Data Science & Big Data,CSC412,1,"This man dey lock office door like say thief dey pursue am, however, This man dey come class late everyday, mumu behavior",negative,"[[""Availability"", ""negative""], [""Lecturer Punctuality"", ""negative""]]",nigerian_slang
slang-1598,Prof. Balogun,Software Engineering,CSC301,2,"This man dey keep info to himself, selfish",negative,"[[""Communication"", ""negative""]]",nigerian_slang
slang-1599,Dr. Faith,Operating Systems Principles,CSC304,1,"Appreciate how the course outline was clearly written in invisible ink, and Love how office hours are just theoretical concepts, but Love finding out about venue changes 10 minutes before class",negative,"[[""Course Organisation"", ""negative""], [""Availability"", ""negative""], [""Communication"", ""negative""]]",nigerian_slang
slang-1600,Dr. Faith,Data Science & Big Data,CSC412,2,"This man na waste, materials dey zero",negative,"[[""Use of Teaching Materials"", ""negative""]]",nigerian_slang
slang-1601,Dr. Faith,Cloud Computing Architectures,CSC406,4,"Student interaction dey excellent, e dey relate well, and You fit reach am anytime, e dey respond",positive,"[[""Student Interaction"", ""positive""], [""Availability"", ""positive""]]",nigerian_slang
slang-1602,Dr. Adeyemi,Introduction to Computer Science,CSC101,1,"This lecturer na olodo, e no dey provide materials, and This lecturer na clown with time, e dey late always",negative,"[[""Use of Teaching Materials"", ""negative""], [""Lecturer Punctuality"", ""negative""]]",nigerian_slang
slang-1603,Dr. Pomele,Software Engineering,CSC301,2,"This man no dey reply emails at all, and No rubric, e dey just dey mark as e like",negative,"[[""Communication"", ""negative""], [""Assessment and Grading"", ""negative""]]",nigerian_slang
slang-1604,Dr. Faith,Computer Networks,CSC303,2,"E dey ignore students wey raise hand, however, Course dey disorganized well well, who understand this man?",negative,"[[""Student Interaction"", ""negative""], [""Course Organisation"", ""negative""]]",nigerian_slang
slang-1605,Dr. Chukwu,Database Design & Management,CSC302,1,"This man dey intimidate students for class, and Availability dey zero, e dey run from students, but Always late, time no dey important to am",negative,"[[""Student Interaction"", ""negative""], [""Availability"", ""negative""], [""Lecturer Punctuality"", ""negative""]]",nigerian_slang
slang-1606,Dr. (Mrs) Adeleke,Data Science & Big Data,CSC412,2,"This man dey fail to respond, e dey dull",negative,"[[""Communication"", ""negative""]]",nigerian_slang
slang-1607,Dr. (Mrs) Adeleke,Special Computing,CSC410,2,"Class dey dull like graveyard, e no dey interact. Also, E dey keep scripts till next semester, no return",negative,"[[""Student Interaction"", ""negative""], [""Assessment and Grading"", ""negative""]]",nigerian_slang
slang-1608,Dr. (Mrs) Adeleke,Machine Learning & Neural Nets,CSC408,4,"This guy dey come class early, dey wait for us. Also, E dey listen to student contributions",positive,"[[""Lecturer Punctuality"", ""positive""], [""Student Interaction"", ""positive""]]",nigerian_slang
slang-1609,Dr. Adeyemi,Introduction to Computer Science,CSC101,1,This man dey talk like say e no go school,negative,"[[""Teaching Clarity"", ""negative""]]",nigerian_slang
slang-1610,Dr. Pomele,Software Engineering,CSC301,4,"Very approachable, e dey welcome questions, and E dey listen to student contributions, but E dey give us proper timetable, no surprises",positive,"[[""Availability"", ""positive""], [""Student Interaction"", ""positive""], [""Course Organisation"", ""positive""]]",nigerian_slang
slang-1611,Dr. Adeyemi,Software Engineering,CSC301,4,"E dey give helpful feedback, you go know where you miss am",positive,"[[""Assessment and Grading"", ""positive""]]",nigerian_slang
slang-1612,Dr. Chukwu,Data Structures and Algorithms,CSC201,1,"This man na waste, e dey always late",negative,"[[""Lecturer Punctuality"", ""negative""]]",nigerian_slang
slang-1613,Dr. Adeyemi,Data Science & Big Data,CSC412,1,"Slides dey blurry, you no fit read, however, Office hours dey for form only, door dey locked",negative,"[[""Use of Teaching Materials"", ""negative""], [""Availability"", ""negative""]]",nigerian_slang
slang-1614,Dr. Faith,Cloud Computing Architectures,CSC406,1,"This guy dey act like say we dey do am favor, but This guy dey behave like say we be enemies",negative,"[[""Assessment and Grading"", ""negative""], [""Student Interaction"", ""negative""]]",nigerian_slang
slang-1615,Prof. Martins,Operating Systems Principles,CSC304,2,"Missed classes well well, no proper replacement, and Student interaction dey zero, e no dey carry us along, but Impossible to see for office hours",negative,"[[""Lecturer Punctuality"", ""negative""], [""Student Interaction"", ""negative""], [""Availability"", ""negative""]]",nigerian_slang
slang-1616,Dr. (Mrs) Adeleke,Introduction to Computer Science,CSC101,5,E dey break down complex things like say na jollof rice,positive,"[[""Teaching Clarity"", ""positive""]]",nigerian_slang
slang-1617,Dr. Okafor,Cloud Computing Architectures,CSC406,1,"Unengaging lecturer, class dey sleep, and When you need am, e no dey available",negative,"[[""Student Interaction"", ""negative""], [""Availability"", ""negative""]]",nigerian_slang
slang-1618,Prof. Balogun,Software Engineering,CSC301,2,"This guy dey act like say we be children, and This guy dey behave like say materials na luxury",negative,"[[""Student Interaction"", ""negative""], [""Use of Teaching Materials"", ""negative""]]",nigerian_slang
slang-1619,Dr. (Mrs) Adeleke,Software Engineering,CSC301,4,"Communication dey excellent, e dey carry us along",positive,"[[""Communication"", ""positive""]]",nigerian_slang
slang-1620,Dr. Chukwu,Computer Networks,CSC303,4,Materials dey up to date and helpful,positive,"[[""Use of Teaching Materials"", ""positive""]]",nigerian_slang
slang-1621,Dr. Chukwu,Introduction to Computer Science,CSC101,2,"This man na waste, materials dey zero. Also, This lecturer na olodo, e no dey interact",negative,"[[""Use of Teaching Materials"", ""negative""], [""Student Interaction"", ""negative""]]",nigerian_slang
slang-1622,Prof. Martins,Introduction to Computer Science,CSC101,4,"Teaching materials dey top notch. Also, Very reliable with time, always available",positive,"[[""Use of Teaching Materials"", ""positive""], [""Lecturer Punctuality"", ""positive""]]",nigerian_slang
slang-1623,Prof. Martins,Data Structures and Algorithms,CSC201,5,"Course dey well arranged, e no dey scatter at all, and Marking dey transparent, no under the table business, but Classroom interaction dey top level",positive,"[[""Course Organisation"", ""positive""], [""Assessment and Grading"", ""positive""], [""Student Interaction"", ""positive""]]",nigerian_slang
slang-1624,Dr. Adeyemi,Operating Systems Principles,CSC304,2,"Thanks for making us buy textbooks you never reference, and Thanks for the 'clear' explanations that require a PhD to understand, but Love the surprise cancelled classes we find out about 5 minutes before",negative,"[[""Use of Teaching Materials"", ""negative""], [""Teaching Clarity"", ""negative""], [""Lecturer Punctuality"", ""negative""]]",nigerian_slang
slang-1625,Dr. Ibrahim,Machine Learning & Neural Nets,CSC408,3,Available during normal office hours,neutral,"[[""Availability"", ""neutral""]]",nigerian_slang
slang-1626,Dr. Ibrahim,Special Computing,CSC410,1,"Class dey dull like graveyard, e no dey interact",negative,"[[""Student Interaction"", ""negative""]]",nigerian_slang
slang-1627,Prof. Balogun,Data Structures and Algorithms,CSC201,1,"Great planning - rushing everything in the last two weeks was genius, but Love the surprise cancelled classes we find out about 5 minutes before",negative,"[[""Course Organisation"", ""negative""], [""Lecturer Punctuality"", ""negative""]]",nigerian_slang
slang-1628,Dr. Chukwu,Cloud Computing Architectures,CSC406,1,"Office hours dey for form only, door dey locked, but Course dey disorganized well well, who understand this man?",negative,"[[""Availability"", ""negative""], [""Course Organisation"", ""negative""]]",nigerian_slang
slang-1629,Dr. Pomele,Operating Systems Principles,CSC304,5,"If you sabi the work, you go definitely pass, however, Course dey run like smooth engine, no wahala",positive,"[[""Assessment and Grading"", ""positive""], [""Course Organisation"", ""positive""]]",nigerian_slang
slang-1630,Dr. Chukwu,Cloud Computing Architectures,CSC406,2,"Thanks for wasting 30 minutes of every class being late, and Oh sure, because reading slides word-for-word is definitely 'teaching', but Love how he turns legitimate questions into insults",negative,"[[""Lecturer Punctuality"", ""negative""], [""Teaching Clarity"", ""negative""], [""Student Interaction"", ""negative""]]",nigerian_slang
slang-1631,Dr. Faith,Data Science & Big Data,CSC412,3,"Normal university materials, and Standard teaching, nothing to write home about, but Standard lecture format with some interaction",neutral,"[[""Use of Teaching Materials"", ""neutral""], [""Teaching Clarity"", ""neutral""], [""Student Interaction"", ""neutral""]]",nigerian_slang
slang-1632,Dr. Pomele,Data Structures and Algorithms,CSC201,2,"Thanks for the last-minute announcements, really helpful. Also, Appreciate the help - or lack thereof - when we actually need it",negative,"[[""Communication"", ""negative""], [""Availability"", ""negative""]]",nigerian_slang
slang-1633,Dr. Okafor,Introduction to Computer Science,CSC101,5,"You fit reach am anytime, e dey respond, and This guy dey come class early, dey wait for us, but E dey pass information properly, no confusion",positive,"[[""Availability"", ""positive""], [""Lecturer Punctuality"", ""positive""], [""Communication"", ""positive""]]",nigerian_slang
slang-1634,Dr. Adeyemi,Machine Learning & Neural Nets,CSC408,1,"This man dey disrespect us with lateness, but This lecturer na olodo, e no get plan",negative,"[[""Lecturer Punctuality"", ""negative""], [""Course Organisation"", ""negative""]]",nigerian_slang
slang-1635,Dr. Yusuf,Operating Systems Principles,CSC304,1,E dey cancel class like say e dey pure water,negative,"[[""Lecturer Punctuality"", ""negative""]]",nigerian_slang
slang-1636,Dr. Nwosu,Data Structures and Algorithms,CSC201,4,"E dey respect students well well, and Time keeper, e no dey waste student's time, but Teaching materials dey top notch",positive,"[[""Student Interaction"", ""positive""], [""Lecturer Punctuality"", ""positive""], [""Use of Teaching Materials"", ""positive""]]",nigerian_slang
slang-1637,Prof. Balogun,Database Design & Management,CSC302,4,"Materials dey up to date and helpful, and Time keeper, e no dey waste student's time, but You fit reach am anytime, e dey respond",positive,"[[""Use of Teaching Materials"", ""positive""], [""Lecturer Punctuality"", ""positive""], [""Availability"", ""positive""]]",nigerian_slang
slang-1638,Dr. Faith,Machine Learning & Neural Nets,CSC408,1,"Love finding out about venue changes 10 minutes before class, but Thanks for never replying to emails, really shows dedication",negative,"[[""Communication"", ""negative""], [""Availability"", ""negative""]]",nigerian_slang
slang-1639,Dr. Yusuf,Data Science & Big Data,CSC412,2,"No proper syllabus, e dey just dey teach wetin e like, but This man dey intimidate students for class",negative,"[[""Course Organisation"", ""negative""], [""Student Interaction"", ""negative""]]",nigerian_slang
slang-1640,Dr. Okafor,Cloud Computing Architectures,CSC406,3,"E dey send emails sometimes, but Standard slides like other courses",neutral,"[[""Communication"", ""neutral""], [""Use of Teaching Materials"", ""neutral""]]",nigerian_slang
slang-1641,Dr. Pomele,Cloud Computing Architectures,CSC406,5,"This guy sabi book die, explanations dey enter head well well, however, Very approachable, e dey welcome questions",positive,"[[""Teaching Clarity"", ""positive""], [""Availability"", ""positive""]]",nigerian_slang
slang-1642,Dr. Adeyemi,Data Structures and Algorithms,CSC201,5,"E dey give us proper timetable, no surprises, and E dey respect students well well, but E dey reply emails sharp sharp",positive,"[[""Course Organisation"", ""positive""], [""Student Interaction"", ""positive""], [""Availability"", ""positive""]]",nigerian_slang
slang-1643,Dr. Pomele,Computer Networks,CSC303,2,"Materials dey poor, plenty errors, but Impossible to see for office hours",negative,"[[""Use of Teaching Materials"", ""negative""], [""Availability"", ""negative""]]",nigerian_slang
slang-1644,Dr. Nwosu,Database Design & Management,CSC302,2,"When you need am, e no dey available, however, Grading dey harsh, e dey fail people like say na competition",negative,"[[""Availability"", ""negative""], [""Assessment and Grading"", ""negative""]]",nigerian_slang
slang-1645,Dr. Faith,Database Design & Management,CSC302,4,"Course dey well arranged, e no dey scatter at all",positive,"[[""Course Organisation"", ""positive""]]",nigerian_slang
slang-1646,Prof. Martins,Data Science & Big Data,CSC412,2,"E dey rush everything for final weeks, like say exam dey tomorrow",negative,"[[""Course Organisation"", ""negative""]]",nigerian_slang
slang-1647,Prof. Okonkwo,Database Design & Management,CSC302,2,"E dey shun students when we ask for help, but E dey ignore class rep messages",negative,"[[""Availability"", ""negative""], [""Communication"", ""negative""]]",nigerian_slang
slang-1648,Dr. Chukwu,Cloud Computing Architectures,CSC406,4,"You fit reach am anytime, e dey respond",positive,"[[""Availability"", ""positive""]]",nigerian_slang
slang-1649,Dr. (Mrs) Adeleke,Data Structures and Algorithms,CSC201,1,"Thanks for the last-minute announcements, really helpful, and Love the surprise cancelled classes we find out about 5 minutes before",negative,"[[""Communication"", ""negative""], [""Lecturer Punctuality"", ""negative""]]",nigerian_slang
slang-1650,Dr. Yusuf,Computer Networks,CSC303,3,You fit reach am during consultation hours,neutral,"[[""Availability"", ""neutral""]]",nigerian_slang
slang-1651,Dr. (Mrs) Adeleke,Data Science & Big Data,CSC412,1,"This lecturer na mumu, e dey confuse person, and This guy dey act like say e no know syllabus",negative,"[[""Teaching Clarity"", ""negative""], [""Course Organisation"", ""negative""]]",nigerian_slang
slang-1652,Dr. Yusuf,Introduction to Computer Science,CSC101,4,E dey reply WhatsApp messages sharp sharp,positive,"[[""Communication"", ""positive""]]",nigerian_slang
slang-1653,Prof. Balogun,Database Design & Management,CSC302,1,"Missed classes well well, no proper replacement, and Course organization dey zero, total nonsense, but E dey ridicule students wey ask questions",negative,"[[""Lecturer Punctuality"", ""negative""], [""Course Organisation"", ""negative""], [""Student Interaction"", ""negative""]]",nigerian_slang
slang-1654,Dr. Ibrahim,Operating Systems Principles,CSC304,2,"This man dey come late like say na am own time. Also, This man dey use bad materials, e no try",negative,"[[""Lecturer Punctuality"", ""negative""], [""Use of Teaching Materials"", ""negative""]]",nigerian_slang
slang-1655,Dr. Pomele,Special Computing,CSC410,2,"The course dey confused, topics dey jump up and down, however, Punctuality dey zero, e dey always come late",negative,"[[""Course Organisation"", ""negative""], [""Lecturer Punctuality"", ""negative""]]",nigerian_slang
slang-1656,Dr. Faith,Computer Networks,CSC303,5,"Man sabi explain tire, even dullard go understand. Also, Student interaction dey excellent, e dey relate well",positive,"[[""Teaching Clarity"", ""positive""], [""Student Interaction"", ""positive""]]",nigerian_slang
slang-1657,Dr. Okafor,Machine Learning & Neural Nets,CSC408,2,Thanks for making us buy textbooks you never reference,negative,"[[""Use of Teaching Materials"", ""negative""]]",nigerian_slang
slang-1658,Dr. Chukwu,Special Computing,CSC410,5,"E dey carry everybody along, no discrimination, and The way e dey explain dey give joy, you go just understand everything, but This guy dey always available for office hours",positive,"[[""Student Interaction"", ""positive""], [""Teaching Clarity"", ""positive""], [""Availability"", ""positive""]]",nigerian_slang
slang-1659,Dr. Faith,Computer Networks,CSC303,2,"Appreciate how he treats our time like it's worthless. Also, Appreciate the complete lack of any useful study materials",negative,"[[""Lecturer Punctuality"", ""negative""], [""Use of Teaching Materials"", ""negative""]]",nigerian_slang
slang-1660,Dr. Nwosu,Software Engineering,CSC301,1,"Punctuality dey zero, e dey always come late",negative,"[[""Lecturer Punctuality"", ""negative""]]",nigerian_slang
slang-1661,Prof. Martins,Data Science & Big Data,CSC412,2,"This guy dey act like say we dey do am favor, and This guy dey act like say communication na crime",negative,"[[""Assessment and Grading"", ""negative""], [""Communication"", ""negative""]]",nigerian_slang
slang-1662,Dr. Faith,Operating Systems Principles,CSC304,1,"This guy dey behave like say we no important, but This guy dey give random marks, e no sabi wetin e dey do",negative,"[[""Availability"", ""negative""], [""Assessment and Grading"", ""negative""]]",nigerian_slang
slang-1663,Dr. Adeyemi,Cloud Computing Architectures,CSC406,1,This guy dey waste our time with lateness,negative,"[[""Lecturer Punctuality"", ""negative""]]",nigerian_slang
slang-1664,Dr. Adeyemi,Cloud Computing Architectures,CSC406,1,"This guy dey force us buy textbook, e dey greedy. Also, This man dey make himself unavailable, wicked",negative,"[[""Use of Teaching Materials"", ""negative""], [""Availability"", ""negative""]]",nigerian_slang
slang-1665,Dr. Adeyemi,Database Design & Management,CSC302,1,This man dey impossible to reach outside class,negative,"[[""Availability"", ""negative""]]",nigerian_slang
slang-1666,Dr. Adeyemi,Data Science & Big Data,CSC412,5,"E dey come before 8am for 8am class. Also, This guy dey give us better materials",positive,"[[""Lecturer Punctuality"", ""positive""], [""Use of Teaching Materials"", ""positive""]]",nigerian_slang
slang-1667,Dr. Adeyemi,Operating Systems Principles,CSC304,1,"This lecturer na olodo, e no dey interact, and This man dey confuse course organization, e no know wetin e dey do",negative,"[[""Student Interaction"", ""negative""], [""Course Organisation"", ""negative""]]",nigerian_slang
slang-1668,Dr. Nwosu,Introduction to Computer Science,CSC101,1,"This man dey refuse to share notes, wicked, however, This man dey always late, e no get shame",negative,"[[""Use of Teaching Materials"", ""negative""], [""Lecturer Punctuality"", ""negative""]]",nigerian_slang
slang-1669,Dr. (Mrs) Adeleke,Special Computing,CSC410,2,E dey read messages but no dey reply,negative,"[[""Communication"", ""negative""]]",nigerian_slang
slang-1670,Prof. Balogun,Special Computing,CSC410,1,"This man na waste of space, course dey scatter",negative,"[[""Course Organisation"", ""negative""]]",nigerian_slang
slang-1671,Prof. Martins,Computer Networks,CSC303,1,"E dey fail to inform us about important things. Also, This mumu man no sabi explain anything at all",negative,"[[""Communication"", ""negative""], [""Teaching Clarity"", ""negative""]]",nigerian_slang
slang-1672,Dr. Ibrahim,Machine Learning & Neural Nets,CSC408,1,"This man dey scatter everything, no sense at all",negative,"[[""Course Organisation"", ""negative""]]",nigerian_slang
slang-1673,Dr. Yusuf,Cloud Computing Architectures,CSC406,1,E dey announce things after e don happen,negative,"[[""Communication"", ""negative""]]",nigerian_slang
slang-1674,Prof. Balogun,Software Engineering,CSC301,5,"This guy sabi book die, explanations dey enter head well well",positive,"[[""Teaching Clarity"", ""positive""]]",nigerian_slang
slang-1675,Prof. Martins,Database Design & Management,CSC302,1,"This guy dey organize course like mumu, and This guy dey act like say we dey do am favor, but This guy na idiot, e no dey understand wetin e dey teach",negative,"[[""Course Organisation"", ""negative""], [""Assessment and Grading"", ""negative""], [""Teaching Clarity"", ""negative""]]",nigerian_slang
slang-1676,Prof. Martins,Data Science & Big Data,CSC412,1,Love how office hours are just theoretical concepts,negative,"[[""Availability"", ""negative""]]",nigerian_slang
slang-1677,Prof. Okonkwo,Software Engineering,CSC301,2,"This lecturer na mumu, e no dey see students. Also, This mumu man no sabi teach at all",negative,"[[""Availability"", ""negative""], [""Teaching Clarity"", ""negative""]]",nigerian_slang
slang-1678,Dr. Nwosu,Data Science & Big Data,CSC412,1,"E dey teach like say e no get plan, just dey do anyhow",negative,"[[""Course Organisation"", ""negative""]]",nigerian_slang
slang-1679,Dr. (Mrs) Adeleke,Data Science & Big Data,CSC412,3,"Course dey go according to standard university format, but Two tests and one exam like every other course",neutral,"[[""Course Organisation"", ""neutral""], [""Assessment and Grading"", ""neutral""]]",nigerian_slang
slang-1680,Prof. Martins,Database Design & Management,CSC302,3,"E dey follow the normal departmental syllabus, however, Communication dey okay, nothing special",neutral,"[[""Course Organisation"", ""neutral""], [""Communication"", ""neutral""]]",nigerian_slang
slang-1681,Prof. Martins,Cloud Computing Architectures,CSC406,2,"This guy dey come late like agbero, no respect, and This guy dey act like say materials na gold, but This guy na clown, e dey make person laugh instead of learn",negative,"[[""Lecturer Punctuality"", ""negative""], [""Use of Teaching Materials"", ""negative""], [""Teaching Clarity"", ""negative""]]",nigerian_slang
slang-1682,Dr. Ibrahim,Data Structures and Algorithms,CSC201,1,"Unengaging lecturer, class dey sleep. Also, E dey rush everything for final weeks, like say exam dey tomorrow",negative,"[[""Student Interaction"", ""negative""], [""Course Organisation"", ""negative""]]",nigerian_slang
slang-1683,Prof. Okonkwo,Operating Systems Principles,CSC304,2,"The course dey confused, topics dey jump up and down",negative,"[[""Course Organisation"", ""negative""]]",nigerian_slang
slang-1684,Dr. (Mrs) Adeleke,Computer Networks,CSC303,4,"If you need help, e dey make time for you, however, E dey pass information properly, no confusion",positive,"[[""Availability"", ""positive""], [""Communication"", ""positive""]]",nigerian_slang
slang-1685,Dr. Adeyemi,Computer Networks,CSC303,2,"This lecturer na mumu, e dey confuse person",negative,"[[""Teaching Clarity"", ""negative""]]",nigerian_slang
slang-1686,Dr. Yusuf,Special Computing,CSC410,1,"This man dey impossible to reach outside class, and The guy dey rush through slides like say thief dey pursue am, but Slides dey old and outdated, like 1990s",negative,"[[""Availability"", ""negative""], [""Teaching Clarity"", ""negative""], [""Use of Teaching Materials"", ""negative""]]",nigerian_slang
slang-1687,Dr. Chukwu,Special Computing,CSC410,5,"Course organization dey top notch, professional work",positive,"[[""Course Organisation"", ""positive""]]",nigerian_slang
slang-1688,Dr. Chukwu,Operating Systems Principles,CSC304,2,"Appreciate how he treats our time like it's worthless, however, Thanks for making students feel stupid for asking questions",negative,"[[""Lecturer Punctuality"", ""negative""], [""Student Interaction"", ""negative""]]",nigerian_slang
slang-1689,Dr. Faith,Database Design & Management,CSC302,1,"This guy dey act like time no dey important, and This lecturer na mumu, e no dey give anything, but This man dey intimidate students like bully",negative,"[[""Lecturer Punctuality"", ""negative""], [""Use of Teaching Materials"", ""negative""], [""Student Interaction"", ""negative""]]",nigerian_slang
slang-1690,Dr. Chukwu,Special Computing,CSC410,5,"E dey tear lecture wella, everything dey crystal clear, and Communication dey excellent, e dey carry us along, but E dey respect time die, no African time",positive,"[[""Teaching Clarity"", ""positive""], [""Communication"", ""positive""], [""Lecturer Punctuality"", ""positive""]]",nigerian_slang
slang-1691,Dr. Pomele,Data Science & Big Data,CSC412,5,"E dey tear lecture wella, everything dey crystal clear, and E dey start class exactly on time, no delay",positive,"[[""Teaching Clarity"", ""positive""], [""Lecturer Punctuality"", ""positive""]]",nigerian_slang
slang-1692,Dr. Nwosu,Machine Learning & Neural Nets,CSC408,5,"E dey share notes early, no last minute rush, and Very reliable with time, always available, but Test questions dey based on wetin e teach for class",positive,"[[""Use of Teaching Materials"", ""positive""], [""Lecturer Punctuality"", ""positive""], [""Assessment and Grading"", ""positive""]]",nigerian_slang
slang-1693,Dr. Okafor,Cloud Computing Architectures,CSC406,1,"This guy dey behave like say we be enemies, however, This guy dey act like say e no know syllabus",negative,"[[""Student Interaction"", ""negative""], [""Course Organisation"", ""negative""]]",nigerian_slang
slang-1694,Dr. Yusuf,Machine Learning & Neural Nets,CSC408,4,"You fit reach am anytime, e dey respond",positive,"[[""Availability"", ""positive""]]",nigerian_slang
slang-1695,Prof. Okonkwo,Data Science & Big Data,CSC412,2,This guy dey act like say we dey disturb am,negative,"[[""Availability"", ""negative""]]",nigerian_slang
slang-1696,Prof. Okonkwo,Software Engineering,CSC301,1,"Oh sure, because reading slides word-for-word is definitely 'teaching', and Great planning - rushing everything in the last two weeks was genius",negative,"[[""Teaching Clarity"", ""negative""], [""Course Organisation"", ""negative""]]",nigerian_slang
slang-1697,Dr. (Mrs) Adeleke,Special Computing,CSC410,4,"E dey carry everybody along, no discrimination, however, Results dey come out quick, no long story",positive,"[[""Student Interaction"", ""positive""], [""Assessment and Grading"", ""positive""]]",nigerian_slang
slang-1698,Dr. Nwosu,Operating Systems Principles,CSC304,2,"This lecturer na mumu, e no dey inform us, however, This lecturer na waste, e no fit teach",negative,"[[""Communication"", ""negative""], [""Teaching Clarity"", ""negative""]]",nigerian_slang
slang-1699,Dr. Okafor,Database Design & Management,CSC302,2,"This man dey always late, e no get shame, however, This man dey make himself unavailable, wicked",negative,"[[""Lecturer Punctuality"", ""negative""], [""Availability"", ""negative""]]",nigerian_slang
slang-1700,Dr. Okafor,Software Engineering,CSC301,2,"Great feedback - 'needs improvement' really tells me everything, however, Thanks for the surprise exam topics we never covered, really thoughtful",negative,"[[""Assessment and Grading"", ""negative""], [""Course Organisation"", ""negative""]]",nigerian_slang
slang-1701,Dr. Ibrahim,Operating Systems Principles,CSC304,2,"This lecturer na olodo, e no dey provide materials",negative,"[[""Use of Teaching Materials"", ""negative""]]",nigerian_slang
slang-1702,Dr. Faith,Introduction to Computer Science,CSC101,5,"E dey encourage questions, nobody dey dull",positive,"[[""Student Interaction"", ""positive""]]",nigerian_slang
slang-1703,Dr. (Mrs) Adeleke,Computer Networks,CSC303,1,"This man na waste, e dey always late",negative,"[[""Lecturer Punctuality"", ""negative""]]",nigerian_slang
slang-1704,Dr. Pomele,Data Science & Big Data,CSC412,1,"This man dey disrespect us with lateness, however, This man dey talk like say e no go school",negative,"[[""Lecturer Punctuality"", ""negative""], [""Teaching Clarity"", ""negative""]]",nigerian_slang
slang-1705,Dr. Faith,Data Structures and Algorithms,CSC201,1,"This man na waste of space, course dey scatter, and This lecturer na mumu, e dey confuse person, but This man na waste, e no dey help at all",negative,"[[""Course Organisation"", ""negative""], [""Teaching Clarity"", ""negative""], [""Availability"", ""negative""]]",nigerian_slang
slang-1706,Dr. Chukwu,Special Computing,CSC410,1,"Appreciate waiting 6 weeks for grades that were clearly randomly assigned, but Oh sure, because reading slides word-for-word is definitely 'teaching'",negative,"[[""Assessment and Grading"", ""negative""], [""Teaching Clarity"", ""negative""]]",nigerian_slang
slang-1707,Prof. Martins,Introduction to Computer Science,CSC101,2,"This man na olodo, e no sabi anything",negative,"[[""Teaching Clarity"", ""negative""]]",nigerian_slang
slang-1708,Dr. Faith,Introduction to Computer Science,CSC101,1,"E dey cancel class like say e dey pure water, but This man dey impossible to reach outside class",negative,"[[""Lecturer Punctuality"", ""negative""], [""Availability"", ""negative""]]",nigerian_slang
slang-1709,Prof. Balogun,Introduction to Computer Science,CSC101,2,"Thanks for making students feel stupid for asking questions, and Thanks for the surprise exam topics we never covered, really thoughtful, but Love finding out about venue changes 10 minutes before class",negative,"[[""Student Interaction"", ""negative""], [""Course Organisation"", ""negative""], [""Communication"", ""negative""]]",nigerian_slang
slang-1710,Prof. Martins,Special Computing,CSC410,1,"Class dey boring, e dey just lecture like radio, however, E dey confuse person well well, explanations no get head",negative,"[[""Student Interaction"", ""negative""], [""Teaching Clarity"", ""negative""]]",nigerian_slang
slang-1711,Dr. Chukwu,Cloud Computing Architectures,CSC406,4,"E dey attend to students like family, and E dey make sure everybody understand announcement, but Materials dey very useful for revision",positive,"[[""Availability"", ""positive""], [""Communication"", ""positive""], [""Use of Teaching Materials"", ""positive""]]",nigerian_slang
slang-1712,Dr. (Mrs) Adeleke,Database Design & Management,CSC302,3,"Deports within reasonable time limits, and E dey follow normal faculty materials",neutral,"[[""Lecturer Punctuality"", ""neutral""], [""Use of Teaching Materials"", ""neutral""]]",nigerian_slang
slang-1713,Prof. Balogun,Machine Learning & Neural Nets,CSC408,4,"E dey make the hard topics look like child's play, and E dey give us proper timetable, no surprises",positive,"[[""Teaching Clarity"", ""positive""], [""Course Organisation"", ""positive""]]",nigerian_slang
slang-1714,Dr. Adeyemi,Data Structures and Algorithms,CSC201,2,This man dey mark like wicked person,negative,"[[""Assessment and Grading"", ""negative""]]",nigerian_slang
slang-1715,Dr. Adeyemi,Software Engineering,CSC301,2,"Wonderful how the guy who wrote the best essay still failed, and Great job explaining things that weren't in the exam, really helpful, but Thanks for never replying to emails, really shows dedication",negative,"[[""Assessment and Grading"", ""negative""], [""Teaching Clarity"", ""negative""], [""Availability"", ""negative""]]",nigerian_slang
slang-1716,Dr. Ibrahim,Special Computing,CSC410,1,"This guy dey act like say e no know syllabus, but This guy dey behave like say materials na luxury",negative,"[[""Course Organisation"", ""negative""], [""Use of Teaching Materials"", ""negative""]]",nigerian_slang
slang-1717,Dr. Ibrahim,Software Engineering,CSC301,4,"If you sabi the work, you go definitely pass, however, If you no understand after this guy's class, then na you be the problem",positive,"[[""Assessment and Grading"", ""positive""], [""Teaching Clarity"", ""positive""]]",nigerian_slang
slang-1718,Dr. Yusuf,Introduction to Computer Science,CSC101,1,"Appreciate how the course outline was clearly written in invisible ink, but Appreciate how he treats our time like it's worthless",negative,"[[""Course Organisation"", ""negative""], [""Lecturer Punctuality"", ""negative""]]",nigerian_slang
slang-1719,Prof. Martins,Data Structures and Algorithms,CSC201,1,"Oh sure, because reading slides word-for-word is definitely 'teaching'",negative,"[[""Teaching Clarity"", ""negative""]]",nigerian_slang
slang-1720,Dr. Adeyemi,Special Computing,CSC410,2,"Course dey disorganized well well, who understand this man?, and No be only confusing, e dey even scatter person brain join, but E dey ignore messages like say we no exist",negative,"[[""Course Organisation"", ""negative""], [""Teaching Clarity"", ""negative""], [""Communication"", ""negative""]]",nigerian_slang
slang-1721,Dr. Nwosu,Software Engineering,CSC301,2,"E dey confuse person well well, explanations no get head. Also, WhatsApp group dey dry, e no dey post anything",negative,"[[""Teaching Clarity"", ""negative""], [""Communication"", ""negative""]]",nigerian_slang
slang-1722,Dr. Ibrahim,Data Science & Big Data,CSC412,2,Appreciate how the course outline was clearly written in invisible ink,negative,"[[""Course Organisation"", ""negative""]]",nigerian_slang
slang-1723,Dr. Nwosu,Computer Networks,CSC303,2,"Thanks for the surprise exam topics we never covered, really thoughtful",negative,"[[""Course Organisation"", ""negative""]]",nigerian_slang
slang-1724,Dr. Ibrahim,Machine Learning & Neural Nets,CSC408,1,"Appreciate the complete lack of any useful study materials, and Wonderful how he manages to never actually explain anything",negative,"[[""Use of Teaching Materials"", ""negative""], [""Teaching Clarity"", ""negative""]]",nigerian_slang
slang-1725,Prof. Okonkwo,Special Computing,CSC410,1,"Class dey dull like graveyard, e no dey interact, and Grading dey unfair, e dey just dey anyhow, but WhatsApp group dey dry, e no dey post anything",negative,"[[""Student Interaction"", ""negative""], [""Assessment and Grading"", ""negative""], [""Communication"", ""negative""]]",nigerian_slang
slang-1726,Dr. Pomele,Software Engineering,CSC301,2,"Great planning - rushing everything in the last two weeks was genius. Also, Thanks for making us buy textbooks you never reference",negative,"[[""Course Organisation"", ""negative""], [""Use of Teaching Materials"", ""negative""]]",nigerian_slang
slang-1727,Prof. Balogun,Database Design & Management,CSC302,1,"Appreciate waiting 6 weeks for grades that were clearly randomly assigned, but Love how he turns legitimate questions into insults",negative,"[[""Assessment and Grading"", ""negative""], [""Student Interaction"", ""negative""]]",nigerian_slang
slang-1728,Dr. Okafor,Data Structures and Algorithms,CSC201,4,"Slides dey clear and easy to understand, however, This guy dey always available for office hours",positive,"[[""Use of Teaching Materials"", ""positive""], [""Availability"", ""positive""]]",nigerian_slang
slang-1729,Dr. Okafor,Data Science & Big Data,CSC412,4,"E dey carry everybody along, no discrimination",positive,"[[""Student Interaction"", ""positive""]]",nigerian_slang
slang-1730,Dr. Ibrahim,Data Science & Big Data,CSC412,2,"This guy dey act like say we dey disturb am, and This lecturer na olodo, e no sabi communicate",negative,"[[""Availability"", ""negative""], [""Communication"", ""negative""]]",nigerian_slang
slang-1731,Dr. Ibrahim,Introduction to Computer Science,CSC101,2,"The course dey confused, topics dey jump up and down",negative,"[[""Course Organisation"", ""negative""]]",nigerian_slang
slang-1732,Prof. Martins,Introduction to Computer Science,CSC101,2,"Thanks for never replying to emails, really shows dedication. Also, Appreciate the complete radio silence on important matters",negative,"[[""Availability"", ""negative""], [""Communication"", ""negative""]]",nigerian_slang
slang-1733,Prof. Martins,Machine Learning & Neural Nets,CSC408,3,"Standard assessment procedures, but E dey follow normal faculty materials",neutral,"[[""Assessment and Grading"", ""neutral""], [""Use of Teaching Materials"", ""neutral""]]",nigerian_slang
slang-1734,Dr. Pomele,Machine Learning & Neural Nets,CSC408,3,"E dey see students if you book appointment, and Updates dey come through normal channels, but Timing dey okay, manageable",neutral,"[[""Availability"", ""neutral""], [""Communication"", ""neutral""], [""Lecturer Punctuality"", ""neutral""]]",nigerian_slang
slang-1735,Dr. Okafor,Machine Learning & Neural Nets,CSC408,1,"E dey keep us in the dark about everything. Also, Test questions dey different from wetin e teach for class",negative,"[[""Communication"", ""negative""], [""Assessment and Grading"", ""negative""]]",nigerian_slang
slang-1736,Dr. Nwosu,Special Computing,CSC410,1,"Impossible to see for office hours, but Unengaging lecturer, class dey sleep",negative,"[[""Availability"", ""negative""], [""Student Interaction"", ""negative""]]",nigerian_slang
slang-1737,Prof. Balogun,Data Science & Big Data,CSC412,1,"Office hours dey for form only, door dey locked, but No rubric, e dey just dey mark as e like",negative,"[[""Availability"", ""negative""], [""Assessment and Grading"", ""negative""]]",nigerian_slang
slang-1738,Dr. Okafor,Database Design & Management,CSC302,1,"E dey shun students when we ask for help, and Course dey disorganized well well, who understand this man?, but Class dey dull like graveyard, e no dey interact",negative,"[[""Availability"", ""negative""], [""Course Organisation"", ""negative""], [""Student Interaction"", ""negative""]]",nigerian_slang
slang-1739,Dr. Pomele,Software Engineering,CSC301,1,"Thanks for wasting 30 minutes of every class being late, but Thanks for making students feel stupid for asking questions",negative,"[[""Lecturer Punctuality"", ""negative""], [""Student Interaction"", ""negative""]]",nigerian_slang
slang-1740,Dr. (Mrs) Adeleke,Computer Networks,CSC303,2,"Appreciate how he treats our time like it's worthless, however, Thanks for the surprise exam topics we never covered, really thoughtful",negative,"[[""Lecturer Punctuality"", ""negative""], [""Course Organisation"", ""negative""]]",nigerian_slang
slang-1741,Prof. Martins,Introduction to Computer Science,CSC101,4,This guy dey make class lively and interactive,positive,"[[""Student Interaction"", ""positive""]]",nigerian_slang
slang-1742,Dr. Adeyemi,Data Science & Big Data,CSC412,2,"This man dey refuse to share notes, wicked, but This lecturer na mumu, e no dey carry us along",negative,"[[""Use of Teaching Materials"", ""negative""], [""Student Interaction"", ""negative""]]",nigerian_slang
slang-1743,Dr. Chukwu,Software Engineering,CSC301,1,"This man na olodo, e no sabi anything, but This man dey use old slides, e dey dull",negative,"[[""Teaching Clarity"", ""negative""], [""Use of Teaching Materials"", ""negative""]]",nigerian_slang
slang-1744,Dr. Adeyemi,Computer Networks,CSC303,1,"E dey just dey read slides like primary school teacher, and No proper outline, e dey just dey waka anyhow",negative,"[[""Teaching Clarity"", ""negative""], [""Course Organisation"", ""negative""]]",nigerian_slang
slang-1745,Dr. Pomele,Data Structures and Algorithms,CSC201,2,"This man dey scatter everything, no sense at all, and This man na waste, communication dey zero, but This man dey come class late everyday, mumu behavior",negative,"[[""Course Organisation"", ""negative""], [""Communication"", ""negative""], [""Lecturer Punctuality"", ""negative""]]",nigerian_slang
slang-1746,Prof. Okonkwo,Database Design & Management,CSC302,1,This guy dey talk nonsense for class,negative,"[[""Teaching Clarity"", ""negative""]]",nigerian_slang
slang-1747,Dr. Adeyemi,Computer Networks,CSC303,2,"This guy dey act like say we dey disturb am, and This lecturer na mumu, e dey confuse person, but This man dey use old slides, e dey dull",negative,"[[""Availability"", ""negative""], [""Teaching Clarity"", ""negative""], [""Use of Teaching Materials"", ""negative""]]",nigerian_slang
slang-1748,Dr. (Mrs) Adeleke,Software Engineering,CSC301,4,"Class dey engaging, no dull moment",positive,"[[""Student Interaction"", ""positive""]]",nigerian_slang
slang-1749,Dr. Faith,Cloud Computing Architectures,CSC406,1,Love the slides with more typos than actual content,negative,"[[""Use of Teaching Materials"", ""negative""]]",nigerian_slang
slang-1750,Dr. Chukwu,Database Design & Management,CSC302,4,"If you need help, e dey make time for you",positive,"[[""Availability"", ""positive""]]",nigerian_slang
slang-1751,Dr. Chukwu,Software Engineering,CSC301,1,"This man no dey reply, e dey form busy",negative,"[[""Communication"", ""negative""]]",nigerian_slang
slang-1752,Dr. (Mrs) Adeleke,Introduction to Computer Science,CSC101,2,"This guy dey talk nonsense for class, however, This guy dey impossible to reach, e dey run",negative,"[[""Teaching Clarity"", ""negative""], [""Availability"", ""negative""]]",nigerian_slang
slang-1753,Dr. Okafor,Special Computing,CSC410,1,"This guy na idiot, e no dey understand wetin e dey teach, and This lecturer na mumu, e no dey see students, but This lecturer na clown, e dey disorganize everything",negative,"[[""Teaching Clarity"", ""negative""], [""Availability"", ""negative""], [""Course Organisation"", ""negative""]]",nigerian_slang
slang-1754,Dr. Chukwu,Special Computing,CSC410,2,"E dey cancel class like say e dey pure water. Also, The guy dey rush through slides like say thief dey pursue am",negative,"[[""Lecturer Punctuality"", ""negative""], [""Teaching Clarity"", ""negative""]]",nigerian_slang
slang-1755,Dr. Okafor,Database Design & Management,CSC302,2,"This man na evil with marking, e dey fail people, and This guy dey waste our time with lateness",negative,"[[""Assessment and Grading"", ""negative""], [""Lecturer Punctuality"", ""negative""]]",nigerian_slang
slang-1756,Dr. Ibrahim,Operating Systems Principles,CSC304,2,"Appreciate the help - or lack thereof - when we actually need it, but Wonderful how the guy who wrote the best essay still failed",negative,"[[""Availability"", ""negative""], [""Assessment and Grading"", ""negative""]]",nigerian_slang
slang-1757,Dr. Ibrahim,Machine Learning & Neural Nets,CSC408,1,"E dey waste our time with lateness, and E dey keep scripts till next semester, no return",negative,"[[""Lecturer Punctuality"", ""negative""], [""Assessment and Grading"", ""negative""]]",nigerian_slang
slang-1758,Dr. Yusuf,Software Engineering,CSC301,2,"This lecturer na mumu, e dey confuse person",negative,"[[""Teaching Clarity"", ""negative""]]",nigerian_slang
slang-1759,Prof. Okonkwo,Database Design & Management,CSC302,1,This man dey ignore us like say we be ghost,negative,"[[""Communication"", ""negative""]]",nigerian_slang
slang-1760,Dr. Okafor,Computer Networks,CSC303,1,"Thanks for never replying to emails, really shows dedication, and Appreciate the complete lack of any useful study materials, but Great planning - rushing everything in the last two weeks was genius",negative,"[[""Availability"", ""negative""], [""Use of Teaching Materials"", ""negative""], [""Course Organisation"", ""negative""]]",nigerian_slang
slang-1761,Prof. Martins,Computer Networks,CSC303,1,"Student interaction dey zero, e no dey carry us along, and Materials dey inadequate for the course",negative,"[[""Student Interaction"", ""negative""], [""Use of Teaching Materials"", ""negative""]]",nigerian_slang
slang-1762,Dr. Ibrahim,Machine Learning & Neural Nets,CSC408,1,"Thanks for never replying to emails, really shows dedication",negative,"[[""Availability"", ""negative""]]",nigerian_slang
slang-1763,Dr. Chukwu,Computer Networks,CSC303,1,Great planning - rushing everything in the last two weeks was genius,negative,"[[""Course Organisation"", ""negative""]]",nigerian_slang
slang-1764,Dr. Pomele,Software Engineering,CSC301,2,"Thanks for wasting 30 minutes of every class being late, and Thanks for the 'clear' explanations that require a PhD to understand, but Thanks for the surprise exam topics we never covered, really thoughtful",negative,"[[""Lecturer Punctuality"", ""negative""], [""Teaching Clarity"", ""negative""], [""Course Organisation"", ""negative""]]",nigerian_slang
slang-1765,Prof. Okonkwo,Operating Systems Principles,CSC304,1,"Wonderful how he manages to never actually explain anything, and Thanks for never replying to emails, really shows dedication",negative,"[[""Teaching Clarity"", ""negative""], [""Availability"", ""negative""]]",nigerian_slang
slang-1766,Dr. Chukwu,Data Structures and Algorithms,CSC201,2,"This lecturer na olodo, e no dey provide materials",negative,"[[""Use of Teaching Materials"", ""negative""]]",nigerian_slang
slang-1767,Dr. Ibrahim,Machine Learning & Neural Nets,CSC408,2,"This man na waste, e dey always late, however, This man dey mark person wickedly, heartless",negative,"[[""Lecturer Punctuality"", ""negative""], [""Assessment and Grading"", ""negative""]]",nigerian_slang
slang-1768,Dr. Okafor,Software Engineering,CSC301,2,"This guy dey talk nonsense for class, and This lecturer na olodo with marking, e no sabi mark, but This man na waste, e dey always late",negative,"[[""Teaching Clarity"", ""negative""], [""Assessment and Grading"", ""negative""], [""Lecturer Punctuality"", ""negative""]]",nigerian_slang
slang-1769,Dr. Okafor,Database Design & Management,CSC302,1,"Appreciate the complete radio silence on important matters, and Thanks for never replying to emails, really shows dedication",negative,"[[""Communication"", ""negative""], [""Availability"", ""negative""]]",nigerian_slang
slang-1770,Dr. Ibrahim,Data Science & Big Data,CSC412,2,"Course dey disorganized well well, who understand this man?, and This man dey intimidate students for class",negative,"[[""Course Organisation"", ""negative""], [""Student Interaction"", ""negative""]]",nigerian_slang
slang-1771,Dr. Nwosu,Data Science & Big Data,CSC412,1,"This man dey always late, e no get shame, and This man na waste, e no dey interact at all, but This man dey run from students, e no dey help",negative,"[[""Lecturer Punctuality"", ""negative""], [""Student Interaction"", ""negative""], [""Availability"", ""negative""]]",nigerian_slang
slang-1772,Dr. Faith,Machine Learning & Neural Nets,CSC408,1,"This man na evil with marking, e dey fail people. Also, This guy dey run course like agbero",negative,"[[""Assessment and Grading"", ""negative""], [""Course Organisation"", ""negative""]]",nigerian_slang
slang-1773,Prof. Martins,Special Computing,CSC410,5,"Student interaction dey excellent, e dey relate well",positive,"[[""Student Interaction"", ""positive""]]",nigerian_slang
slang-1774,Dr. Adeyemi,Operating Systems Principles,CSC304,2,This guy dey behave like say we be enemies,negative,"[[""Student Interaction"", ""negative""]]",nigerian_slang
slang-1775,Dr. Adeyemi,Data Science & Big Data,CSC412,1,"Wonderful how he manages to never actually explain anything, and Appreciate the complete lack of any useful study materials, but Thanks for making students feel stupid for asking questions",negative,"[[""Teaching Clarity"", ""negative""], [""Use of Teaching Materials"", ""negative""], [""Student Interaction"", ""negative""]]",nigerian_slang
slang-1776,Dr. Pomele,Data Science & Big Data,CSC412,2,"Love finding out about venue changes 10 minutes before class, and Great job explaining things that weren't in the exam, really helpful, but Appreciate how he treats our time like it's worthless",negative,"[[""Communication"", ""negative""], [""Teaching Clarity"", ""negative""], [""Lecturer Punctuality"", ""negative""]]",nigerian_slang
slang-1777,Dr. (Mrs) Adeleke,Computer Networks,CSC303,1,"Thanks for the last-minute announcements, really helpful",negative,"[[""Communication"", ""negative""]]",nigerian_slang
slang-1778,Dr. Okafor,Machine Learning & Neural Nets,CSC408,2,"This lecturer na olodo, e no dey available, and This man dey come late like say na am own time",negative,"[[""Availability"", ""negative""], [""Lecturer Punctuality"", ""negative""]]",nigerian_slang
slang-1779,Dr. Chukwu,Operating Systems Principles,CSC304,2,"Great planning - rushing everything in the last two weeks was genius, and Appreciate the complete radio silence on important matters",negative,"[[""Course Organisation"", ""negative""], [""Communication"", ""negative""]]",nigerian_slang
slang-1780,Prof. Martins,Special Computing,CSC410,2,"Love how office hours are just theoretical concepts, but Thanks for the 'clear' explanations that require a PhD to understand",negative,"[[""Availability"", ""negative""], [""Teaching Clarity"", ""negative""]]",nigerian_slang
slang-1781,Dr. Faith,Introduction to Computer Science,CSC101,4,Class rep dey always get info on time,positive,"[[""Communication"", ""positive""]]",nigerian_slang
slang-1782,Dr. Faith,Cloud Computing Architectures,CSC406,3,"Nothing special, just normal course arrangement",neutral,"[[""Course Organisation"", ""neutral""]]",nigerian_slang
slang-1783,Dr. Faith,Special Computing,CSC410,1,"This guy dey fail people intentionally, e dey wicked, and This man na waste, communication dey zero, but This man na olodo, e no sabi anything",negative,"[[""Assessment and Grading"", ""negative""], [""Communication"", ""negative""], [""Teaching Clarity"", ""negative""]]",nigerian_slang
slang-1784,Dr. Adeyemi,Operating Systems Principles,CSC304,2,"E dey ignore class rep messages, and Course organization dey zero, total nonsense, but Time waster, always behind schedule",negative,"[[""Communication"", ""negative""], [""Course Organisation"", ""negative""], [""Lecturer Punctuality"", ""negative""]]",nigerian_slang
slang-1785,Dr. Adeyemi,Operating Systems Principles,CSC304,1,"Availability dey zero, e dey run from students, and This man dey mark person wickedly, e dey fail people for nothing, but E dey discourage questions, e dey vex when we ask",negative,"[[""Availability"", ""negative""], [""Assessment and Grading"", ""negative""], [""Student Interaction"", ""negative""]]",nigerian_slang
slang-1786,Dr. Okafor,Database Design & Management,CSC302,1,"E dey rush everything for final weeks, like say exam dey tomorrow, but E dey waste our time with lateness",negative,"[[""Course Organisation"", ""negative""], [""Lecturer Punctuality"", ""negative""]]",nigerian_slang
slang-1787,Dr. Faith,Data Structures and Algorithms,CSC201,2,"Great planning - rushing everything in the last two weeks was genius, and Appreciate the complete lack of any useful study materials",negative,"[[""Course Organisation"", ""negative""], [""Use of Teaching Materials"", ""negative""]]",nigerian_slang
slang-1788,Dr. Adeyemi,Cloud Computing Architectures,CSC406,4,Materials dey very useful for revision,positive,"[[""Use of Teaching Materials"", ""positive""]]",nigerian_slang
slang-1789,Dr. Adeyemi,Cloud Computing Architectures,CSC406,2,"Appreciate the hostile atmosphere that discourages participation. Also, Appreciate how the course outline was clearly written in invisible ink",negative,"[[""Student Interaction"", ""negative""], [""Course Organisation"", ""negative""]]",nigerian_slang
slang-1790,Dr. (Mrs) Adeleke,Computer Networks,CSC303,2,"E dey cancel class like say e dey pure water, and E dey teach like say e dey speak in tongues, who understand?, but E dey cancel office hours without telling us",negative,"[[""Lecturer Punctuality"", ""negative""], [""Teaching Clarity"", ""negative""], [""Availability"", ""negative""]]",nigerian_slang
slang-1791,Prof. Balogun,Special Computing,CSC410,2,"The way e dey explain dey make person vex, nothing clear at all, and E dey keep us waiting for nothing, but E dey announce things after e don happen",negative,"[[""Teaching Clarity"", ""negative""], [""Lecturer Punctuality"", ""negative""], [""Communication"", ""negative""]]",nigerian_slang
slang-1792,Dr. (Mrs) Adeleke,Data Science & Big Data,CSC412,5,"E dey upload notes on time for us to read, and No rush at all, e dey take time cover everything, but This guy dey come class early, dey wait for us",positive,"[[""Use of Teaching Materials"", ""positive""], [""Course Organisation"", ""positive""], [""Lecturer Punctuality"", ""positive""]]",nigerian_slang
slang-1793,Dr. Chukwu,Special Computing,CSC410,1,"Wonderful how the guy who wrote the best essay still failed. Also, Appreciate how the course outline was clearly written in invisible ink",negative,"[[""Assessment and Grading"", ""negative""], [""Course Organisation"", ""negative""]]",nigerian_slang
slang-1794,Dr. Adeyemi,Cloud Computing Architectures,CSC406,1,"This man dey fail to respond, e dey dull, and This man dey talk rubbish, nothing dey enter head",negative,"[[""Communication"", ""negative""], [""Teaching Clarity"", ""negative""]]",nigerian_slang
slang-1795,Dr. Chukwu,Machine Learning & Neural Nets,CSC408,2,"Appreciate waiting 6 weeks for grades that were clearly randomly assigned. Also, Great job explaining things that weren't in the exam, really helpful",negative,"[[""Assessment and Grading"", ""negative""], [""Teaching Clarity"", ""negative""]]",nigerian_slang
slang-1796,Prof. Okonkwo,Data Structures and Algorithms,CSC201,1,"This lecturer na mumu, e no dey see students. Also, This man na waste of space, course dey scatter",negative,"[[""Availability"", ""negative""], [""Course Organisation"", ""negative""]]",nigerian_slang
slang-1797,Prof. Martins,Cloud Computing Architectures,CSC406,2,"This man no dey reply, e dey form busy",negative,"[[""Communication"", ""negative""]]",nigerian_slang
slang-1798,Dr. Chukwu,Software Engineering,CSC301,1,"This guy dey act like say we dey disturb am. Also, This lecturer na olodo, e no dey provide materials",negative,"[[""Availability"", ""negative""], [""Use of Teaching Materials"", ""negative""]]",nigerian_slang
slang-1799,Dr. Ibrahim,Computer Networks,CSC303,1,"Love how office hours are just theoretical concepts, and Appreciate waiting 6 weeks for grades that were clearly randomly assigned",negative,"[[""Availability"", ""negative""], [""Assessment and Grading"", ""negative""]]",nigerian_slang
slang-1800,Dr. Adeyemi,Data Structures and Algorithms,CSC201,4,"Classroom interaction dey top level, and E dey respect time die, no African time, but E dey upload notes on time for us to read",positive,"[[""Student Interaction"", ""positive""], [""Lecturer Punctuality"", ""positive""], [""Use of Teaching Materials"", ""positive""]]",nigerian_slang
slang-1801,Dr. Okafor,Cloud Computing Architectures,CSC406,2,"This guy dey treat students like slaves, but This man na waste, materials dey zero",negative,"[[""Student Interaction"", ""negative""], [""Use of Teaching Materials"", ""negative""]]",nigerian_slang
slang-1802,Prof. Okonkwo,Data Structures and Algorithms,CSC201,2,"Love how he turns legitimate questions into insults, however, Appreciate the help - or lack thereof - when we actually need it",negative,"[[""Student Interaction"", ""negative""], [""Availability"", ""negative""]]",nigerian_slang
slang-1803,Dr. Ibrahim,Database Design & Management,CSC302,1,"Thanks for the 'clear' explanations that require a PhD to understand, and Appreciate the hostile atmosphere that discourages participation, but Appreciate the complete radio silence on important matters",negative,"[[""Teaching Clarity"", ""negative""], [""Student Interaction"", ""negative""], [""Communication"", ""negative""]]",nigerian_slang
slang-1804,Dr. Nwosu,Operating Systems Principles,CSC304,1,E dey use big big grammar wey even dictionary no get,negative,"[[""Teaching Clarity"", ""negative""]]",nigerian_slang
slang-1805,Dr. Chukwu,Database Design & Management,CSC302,1,"E dey talk to himself for class, nobody dey grab wetin e dey talk. Also, E dey refuse to share notes with us",negative,"[[""Teaching Clarity"", ""negative""], [""Use of Teaching Materials"", ""negative""]]",nigerian_slang
slang-1806,Dr. Yusuf,Cloud Computing Architectures,CSC406,1,"Hostile environment, students dey fear to talk",negative,"[[""Student Interaction"", ""negative""]]",nigerian_slang
slang-1807,Dr. Faith,Operating Systems Principles,CSC304,3,"Two tests and one exam like every other course, however, Normal level of communication",neutral,"[[""Assessment and Grading"", ""neutral""], [""Communication"", ""neutral""]]",nigerian_slang
slang-1808,Dr. Yusuf,Software Engineering,CSC301,1,"Thanks for wasting 30 minutes of every class being late, but Appreciate the hostile atmosphere that discourages participation",negative,"[[""Lecturer Punctuality"", ""negative""], [""Student Interaction"", ""negative""]]",nigerian_slang
slang-1809,Prof. Martins,Operating Systems Principles,CSC304,2,"No rubric, e dey just dey mark as e like, and Office hours dey for form only, door dey locked, but Slides dey blurry, you no fit read",negative,"[[""Assessment and Grading"", ""negative""], [""Availability"", ""negative""], [""Use of Teaching Materials"", ""negative""]]",nigerian_slang
slang-1810,Prof. Okonkwo,Cloud Computing Architectures,CSC406,3,"Timing dey okay, manageable",neutral,"[[""Lecturer Punctuality"", ""neutral""]]",nigerian_slang
slang-1811,Prof. Okonkwo,Software Engineering,CSC301,1,"This guy dey come late like agbero, no respect, and This guy dey treat students like slaves",negative,"[[""Lecturer Punctuality"", ""negative""], [""Student Interaction"", ""negative""]]",nigerian_slang
slang-1812,Dr. Okafor,Database Design & Management,CSC302,1,"This guy dey behave like say we no important, but This man dey always late, e no get shame",negative,"[[""Availability"", ""negative""], [""Lecturer Punctuality"", ""negative""]]",nigerian_slang
slang-1813,Dr. Nwosu,Data Structures and Algorithms,CSC201,4,"Availability dey top notch, always there when needed",positive,"[[""Availability"", ""positive""]]",nigerian_slang
slang-1814,Prof. Okonkwo,Software Engineering,CSC301,3,"E dey follow normal faculty materials, and Topics dey covered as per the curriculum, but Lectures dey manageable, you go fit understand if you read well",neutral,"[[""Use of Teaching Materials"", ""neutral""], [""Course Organisation"", ""neutral""], [""Teaching Clarity"", ""neutral""]]",nigerian_slang
slang-1815,Dr. Pomele,Introduction to Computer Science,CSC101,2,"This man dey keep info to himself, selfish",negative,"[[""Communication"", ""negative""]]",nigerian_slang
slang-1816,Dr. Adeyemi,Machine Learning & Neural Nets,CSC408,2,"E dey ignore messages like say we no exist, however, Course dey disorganized well well, who understand this man?",negative,"[[""Communication"", ""negative""], [""Course Organisation"", ""negative""]]",nigerian_slang
slang-1817,Dr. Faith,Computer Networks,CSC303,1,"This lecturer na clown, e dey disorganize everything. Also, This man dey use bad materials, e no try",negative,"[[""Course Organisation"", ""negative""], [""Use of Teaching Materials"", ""negative""]]",nigerian_slang
slang-1818,Prof. Okonkwo,Special Computing,CSC410,3,"E dey follow the normal departmental syllabus. Also, Grading dey follow normal university standard",neutral,"[[""Course Organisation"", ""neutral""], [""Assessment and Grading"", ""neutral""]]",nigerian_slang
slang-1819,Dr. (Mrs) Adeleke,Cloud Computing Architectures,CSC406,1,"Materials dey inadequate for the course, and Office hours dey for form only, door dey locked, but No be only confusing, e dey even scatter person brain join",negative,"[[""Use of Teaching Materials"", ""negative""], [""Availability"", ""negative""], [""Teaching Clarity"", ""negative""]]",nigerian_slang
slang-1820,Prof. Balogun,Machine Learning & Neural Nets,CSC408,3,"Standard university communication channels. Also, Occasional lateness but not too bad",neutral,"[[""Communication"", ""neutral""], [""Lecturer Punctuality"", ""neutral""]]",nigerian_slang
slang-1821,Dr. Chukwu,Software Engineering,CSC301,3,"Nothing special, just normal class interaction, and Basic slides with bullet points, but Timing dey okay, manageable",neutral,"[[""Student Interaction"", ""neutral""], [""Use of Teaching Materials"", ""neutral""], [""Lecturer Punctuality"", ""neutral""]]",nigerian_slang
slang-1822,Prof. Martins,Cloud Computing Architectures,CSC406,5,"E dey help struggling students well well, and Materials dey very useful for revision",positive,"[[""Availability"", ""positive""], [""Use of Teaching Materials"", ""positive""]]",nigerian_slang
slang-1823,Dr. Yusuf,Database Design & Management,CSC302,1,This guy dey act like say we dey do am favor,negative,"[[""Assessment and Grading"", ""negative""]]",nigerian_slang
slang-1824,Dr. Yusuf,Data Science & Big Data,CSC412,4,"This guy sabi book die, explanations dey enter head well well",positive,"[[""Teaching Clarity"", ""positive""]]",nigerian_slang
slang-1825,Dr. Pomele,Cloud Computing Architectures,CSC406,5,"E dey respect time die, no African time, but Every lecture dey clear, no wahala at all",positive,"[[""Lecturer Punctuality"", ""positive""], [""Teaching Clarity"", ""positive""]]",nigerian_slang
slang-1826,Dr. Adeyemi,Database Design & Management,CSC302,4,"Time keeper, e no dey waste student's time, however, Communication dey top notch, e no dey hide info",positive,"[[""Lecturer Punctuality"", ""positive""], [""Communication"", ""positive""]]",nigerian_slang
slang-1827,Dr. Pomele,Data Science & Big Data,CSC412,3,"Nothing special, just normal class interaction, and Occasional lateness but not too bad",neutral,"[[""Student Interaction"", ""neutral""], [""Lecturer Punctuality"", ""neutral""]]",nigerian_slang
slang-1828,Dr. Chukwu,Introduction to Computer Science,CSC101,1,"When you need am, e no dey available, but Poor communication, students dey in the dark",negative,"[[""Availability"", ""negative""], [""Communication"", ""negative""]]",nigerian_slang
slang-1829,Dr. Ibrahim,Database Design & Management,CSC302,2,"This man dey keep info to himself, selfish, however, This guy dey fail people intentionally, e dey wicked",negative,"[[""Communication"", ""negative""], [""Assessment and Grading"", ""negative""]]",nigerian_slang
slang-1830,Dr. Adeyemi,Software Engineering,CSC301,2,"This lecturer na olodo, e no get plan",negative,"[[""Course Organisation"", ""negative""]]",nigerian_slang
slang-1831,Prof. Martins,Computer Networks,CSC303,1,"This guy dey impossible to reach, e dey run, and This man no dey give materials, e dey stingy",negative,"[[""Availability"", ""negative""], [""Use of Teaching Materials"", ""negative""]]",nigerian_slang
slang-1832,Dr. Ibrahim,Data Science & Big Data,CSC412,4,Slides dey clear and easy to understand,positive,"[[""Use of Teaching Materials"", ""positive""]]",nigerian_slang
slang-1833,Prof. Martins,Software Engineering,CSC301,1,"This man dey mess up course structure completely, however, This lecturer na olodo, e no sabi communicate",negative,"[[""Course Organisation"", ""negative""], [""Communication"", ""negative""]]",nigerian_slang
slang-1834,Dr. (Mrs) Adeleke,Data Structures and Algorithms,CSC201,1,"Office hours dey for form only, door dey locked, however, E dey resume when e feel like, no respect for time",negative,"[[""Availability"", ""negative""], [""Lecturer Punctuality"", ""negative""]]",nigerian_slang
slang-1835,Prof. Balogun,Special Computing,CSC410,5,"E dey upload notes on time for us to read, and E dey respect time die, no African time, but E dey keep us informed about everything",positive,"[[""Use of Teaching Materials"", ""positive""], [""Lecturer Punctuality"", ""positive""], [""Communication"", ""positive""]]",nigerian_slang
slang-1836,Dr. Ibrahim,Special Computing,CSC410,2,"This man dey mess up course structure completely, but This lecturer na olodo, e no sabi communicate",negative,"[[""Course Organisation"", ""negative""], [""Communication"", ""negative""]]",nigerian_slang
slang-1837,Dr. Faith,Introduction to Computer Science,CSC101,2,"This man dey mark person wickedly, e dey fail people for nothing",negative,"[[""Assessment and Grading"", ""negative""]]",nigerian_slang
slang-1838,Prof. Martins,Cloud Computing Architectures,CSC406,3,"Occasional lateness but not too bad, and E dey communicate through class rep, but Normal university materials",neutral,"[[""Lecturer Punctuality"", ""neutral""], [""Communication"", ""neutral""], [""Use of Teaching Materials"", ""neutral""]]",nigerian_slang
slang-1839,Dr. Nwosu,Database Design & Management,CSC302,2,This man dey lock office door like say thief dey pursue am,negative,"[[""Availability"", ""negative""]]",nigerian_slang
slang-1840,Prof. Martins,Introduction to Computer Science,CSC101,1,"E dey waste our time with lateness, and No proper grading, e dey just dey give marks randomly, but When you need am, e no dey available",negative,"[[""Lecturer Punctuality"", ""negative""], [""Assessment and Grading"", ""negative""], [""Availability"", ""negative""]]",nigerian_slang
slang-1841,Dr. Yusuf,Data Structures and Algorithms,CSC201,2,Love how he turns legitimate questions into insults,negative,"[[""Student Interaction"", ""negative""]]",nigerian_slang
slang-1842,Prof. Okonkwo,Special Computing,CSC410,3,"Standard slides like other courses, and E dey see students if you book appointment",neutral,"[[""Use of Teaching Materials"", ""neutral""], [""Availability"", ""neutral""]]",nigerian_slang
slang-1843,Prof. Okonkwo,Computer Networks,CSC303,4,"No rush at all, e dey take time cover everything",positive,"[[""Course Organisation"", ""positive""]]",nigerian_slang
slang-1844,Dr. Faith,Database Design & Management,CSC302,1,"Thanks for making us buy textbooks you never reference, and Thanks for the last-minute announcements, really helpful",negative,"[[""Use of Teaching Materials"", ""negative""], [""Communication"", ""negative""]]",nigerian_slang
slang-1845,Prof. Okonkwo,Cloud Computing Architectures,CSC406,1,"This man dey come late like say na am own time, and This guy dey organize course like mumu, but This lecturer na olodo, e no dey interact",negative,"[[""Lecturer Punctuality"", ""negative""], [""Course Organisation"", ""negative""], [""Student Interaction"", ""negative""]]",nigerian_slang
slang-1846,Dr. Yusuf,Operating Systems Principles,CSC304,2,"This man dey come late like say na am own time, and This guy dey run course like agbero, but This man dey talk rubbish, nothing dey enter head",negative,"[[""Lecturer Punctuality"", ""negative""], [""Course Organisation"", ""negative""], [""Teaching Clarity"", ""negative""]]",nigerian_slang
slang-1847,Dr. Nwosu,Computer Networks,CSC303,2,"This man dey use old slides, e dey dull. Also, This man dey mark person wickedly, heartless",negative,"[[""Use of Teaching Materials"", ""negative""], [""Assessment and Grading"", ""negative""]]",nigerian_slang
slang-1848,Dr. Nwosu,Introduction to Computer Science,CSC101,2,"Oh sure, because reading slides word-for-word is definitely 'teaching'. Also, Great planning - rushing everything in the last two weeks was genius",negative,"[[""Teaching Clarity"", ""negative""], [""Course Organisation"", ""negative""]]",nigerian_slang
slang-1849,Dr. Nwosu,Operating Systems Principles,CSC304,1,"No proper communication, we dey hear am for road. Also, E dey talk to himself for class, nobody dey grab wetin e dey talk",negative,"[[""Communication"", ""negative""], [""Teaching Clarity"", ""negative""]]",nigerian_slang
slang-1850,Dr. Yusuf,Introduction to Computer Science,CSC101,2,Appreciate waiting 6 weeks for grades that were clearly randomly assigned,negative,"[[""Assessment and Grading"", ""negative""]]",nigerian_slang
slang-1851,Dr. Yusuf,Computer Networks,CSC303,4,"E dey upload notes on time for us to read, but Test questions dey based on wetin e teach for class",positive,"[[""Use of Teaching Materials"", ""positive""], [""Assessment and Grading"", ""positive""]]",nigerian_slang
slang-1852,Dr. Okafor,Introduction to Computer Science,CSC101,1,Thanks for making us buy textbooks you never reference,negative,"[[""Use of Teaching Materials"", ""negative""]]",nigerian_slang
slang-1853,Dr. Chukwu,Cloud Computing Architectures,CSC406,4,"Never late for once, very punctual man",positive,"[[""Lecturer Punctuality"", ""positive""]]",nigerian_slang
slang-1854,Dr. Chukwu,Data Structures and Algorithms,CSC201,1,E dey jump from chapter 1 to chapter 10 back to chapter 3,negative,"[[""Course Organisation"", ""negative""]]",nigerian_slang
slang-1855,Dr. Chukwu,Operating Systems Principles,CSC304,3,"E dey try sha, but sometimes e dey slow",neutral,"[[""Teaching Clarity"", ""neutral""]]",nigerian_slang
slang-1856,Dr. Yusuf,Cloud Computing Architectures,CSC406,1,"Materials dey poor, plenty errors, however, E dey teach like say e no get plan, just dey do anyhow",negative,"[[""Use of Teaching Materials"", ""negative""], [""Course Organisation"", ""negative""]]",nigerian_slang
slang-1857,Prof. Okonkwo,Machine Learning & Neural Nets,CSC408,2,"E dey confuse person well well, explanations no get head",negative,"[[""Teaching Clarity"", ""negative""]]",nigerian_slang
slang-1858,Dr. Ibrahim,Machine Learning & Neural Nets,CSC408,2,E dey jump from chapter 1 to chapter 10 back to chapter 3,negative,"[[""Course Organisation"", ""negative""]]",nigerian_slang
slang-1859,Dr. Ibrahim,Special Computing,CSC410,1,"Thanks for the 'clear' explanations that require a PhD to understand, and Thanks for never replying to emails, really shows dedication, but Thanks for the last-minute announcements, really helpful",negative,"[[""Teaching Clarity"", ""negative""], [""Availability"", ""negative""], [""Communication"", ""negative""]]",nigerian_slang
slang-1860,Prof. Martins,Operating Systems Principles,CSC304,3,Updates dey come through normal channels,neutral,"[[""Communication"", ""neutral""]]",nigerian_slang
slang-1861,Dr. Adeyemi,Operating Systems Principles,CSC304,2,"This lecturer na mumu, e dey confuse person. Also, This man na waste, e no dey interact at all",negative,"[[""Teaching Clarity"", ""negative""], [""Student Interaction"", ""negative""]]",nigerian_slang
slang-1862,Dr. (Mrs) Adeleke,Computer Networks,CSC303,2,"This guy dey waste our time with lateness. Also, This lecturer na olodo, e no dey provide materials",negative,"[[""Lecturer Punctuality"", ""negative""], [""Use of Teaching Materials"", ""negative""]]",nigerian_slang
slang-1863,Prof. Balogun,Operating Systems Principles,CSC304,2,"Wonderful how the guy who wrote the best essay still failed, but Great planning - rushing everything in the last two weeks was genius",negative,"[[""Assessment and Grading"", ""negative""], [""Course Organisation"", ""negative""]]",nigerian_slang
slang-1864,Prof. Martins,Special Computing,CSC410,2,"This man na waste, e no dey interact at all, and This man na olodo, e no sabi anything, but This man dey mark like enemy, e dey fail us",negative,"[[""Student Interaction"", ""negative""], [""Teaching Clarity"", ""negative""], [""Assessment and Grading"", ""negative""]]",nigerian_slang
slang-1865,Dr. (Mrs) Adeleke,Software Engineering,CSC301,4,"Slides dey comprehensive and well designed, and Communication dey clear, no wahala at all",positive,"[[""Use of Teaching Materials"", ""positive""], [""Communication"", ""positive""]]",nigerian_slang
slang-1866,Dr. Chukwu,Special Computing,CSC410,5,"Course organization dey top notch, professional work",positive,"[[""Course Organisation"", ""positive""]]",nigerian_slang
slang-1867,Prof. Martins,Machine Learning & Neural Nets,CSC408,1,"This man dey talk like say e no go school, however, This man dey scatter everything, no sense at all",negative,"[[""Teaching Clarity"", ""negative""], [""Course Organisation"", ""negative""]]",nigerian_slang
slang-1868,Dr. Okafor,Data Science & Big Data,CSC412,1,"Love the slides with more typos than actual content, and Appreciate waiting 6 weeks for grades that were clearly randomly assigned, but Thanks for wasting 30 minutes of every class being late",negative,"[[""Use of Teaching Materials"", ""negative""], [""Assessment and Grading"", ""negative""], [""Lecturer Punctuality"", ""negative""]]",nigerian_slang
slang-1869,Prof. Okonkwo,Data Structures and Algorithms,CSC201,2,"Thanks for making students feel stupid for asking questions. Also, Thanks for making us buy textbooks you never reference",negative,"[[""Student Interaction"", ""negative""], [""Use of Teaching Materials"", ""negative""]]",nigerian_slang
slang-1870,Prof. Martins,Data Science & Big Data,CSC412,1,This man dey intimidate students like bully,negative,"[[""Student Interaction"", ""negative""]]",nigerian_slang
slang-1871,Dr. Ibrahim,Special Computing,CSC410,4,"The course structure dey make sense, everything dey follow proper order, and This guy sabi book die, explanations dey enter head well well",positive,"[[""Course Organisation"", ""positive""], [""Teaching Clarity"", ""positive""]]",nigerian_slang
slang-1872,Dr. Adeyemi,Introduction to Computer Science,CSC101,4,"E dey upload notes on time for us to read, and Course dey well arranged, e no dey scatter at all, but E dey start class sharp sharp, no wasting time",positive,"[[""Use of Teaching Materials"", ""positive""], [""Course Organisation"", ""positive""], [""Lecturer Punctuality"", ""positive""]]",nigerian_slang
slang-1873,Dr. Adeyemi,Software Engineering,CSC301,1,"This lecturer na olodo, e no dey provide materials, but This guy na clown, e dey make person laugh instead of learn",negative,"[[""Use of Teaching Materials"", ""negative""], [""Teaching Clarity"", ""negative""]]",nigerian_slang
slang-1874,Dr. Yusuf,Database Design & Management,CSC302,5,"E dey encourage questions, nobody dey dull, but E dey respect time die, no African time",positive,"[[""Student Interaction"", ""positive""], [""Lecturer Punctuality"", ""positive""]]",nigerian_slang
slang-1875,Prof. Balogun,Introduction to Computer Science,CSC101,5,"Very good with emails, e dey reply sharp, and Office door dey always open for students, but Test questions dey based on wetin e teach for class",positive,"[[""Communication"", ""positive""], [""Availability"", ""positive""], [""Assessment and Grading"", ""positive""]]",nigerian_slang
slang-1876,Dr. Adeyemi,Cloud Computing Architectures,CSC406,1,"This lecturer na olodo, e no dey interact",negative,"[[""Student Interaction"", ""negative""]]",nigerian_slang
slang-1877,Dr. Ibrahim,Software Engineering,CSC301,2,"Love how he turns legitimate questions into insults, but Love how office hours are just theoretical concepts",negative,"[[""Student Interaction"", ""negative""], [""Availability"", ""negative""]]",nigerian_slang
slang-1878,Dr. Ibrahim,Data Science & Big Data,CSC412,5,"Time keeper, e no dey waste student's time, and If you need help, e dey make time for you",positive,"[[""Lecturer Punctuality"", ""positive""], [""Availability"", ""positive""]]",nigerian_slang
slang-1879,Dr. Chukwu,Operating Systems Principles,CSC304,4,"The course structure dey make sense, everything dey follow proper order, and If you need help, e dey make time for you",positive,"[[""Course Organisation"", ""positive""], [""Availability"", ""positive""]]",nigerian_slang
slang-1880,Dr. Okafor,Special Computing,CSC410,1,"This guy dey act like say we be children, but This guy na idiot, e no dey understand wetin e dey teach",negative,"[[""Student Interaction"", ""negative""], [""Teaching Clarity"", ""negative""]]",nigerian_slang
slang-1881,Dr. Okafor,Data Science & Big Data,CSC412,1,"This man dey impossible to reach outside class, however, E dey use big big grammar wey even dictionary no get",negative,"[[""Availability"", ""negative""], [""Teaching Clarity"", ""negative""]]",nigerian_slang
slang-1882,Dr. Adeyemi,Software Engineering,CSC301,1,"This man dey hide from students like rat, however, This man dey refuse to share notes, wicked",negative,"[[""Availability"", ""negative""], [""Use of Teaching Materials"", ""negative""]]",nigerian_slang
slang-1883,Prof. Martins,Database Design & Management,CSC302,1,"Availability dey zero, e dey run from students, and E dey ignore class rep messages",negative,"[[""Availability"", ""negative""], [""Communication"", ""negative""]]",nigerian_slang
slang-1884,Dr. (Mrs) Adeleke,Software Engineering,CSC301,1,Appreciate the complete lack of any useful study materials,negative,"[[""Use of Teaching Materials"", ""negative""]]",nigerian_slang
slang-1885,Dr. Chukwu,Operating Systems Principles,CSC304,2,Thanks for making students feel stupid for asking questions,negative,"[[""Student Interaction"", ""negative""]]",nigerian_slang
slang-1886,Dr. (Mrs) Adeleke,Introduction to Computer Science,CSC101,5,"Very approachable, e dey welcome questions. Also, No rush at all, e dey take time cover everything",positive,"[[""Availability"", ""positive""], [""Course Organisation"", ""positive""]]",nigerian_slang
slang-1887,Dr. Faith,Cloud Computing Architectures,CSC406,1,"This guy dey impossible to reach, e dey run, and This man na waste, materials dey zero, but This man dey disrespect students well well",negative,"[[""Availability"", ""negative""], [""Use of Teaching Materials"", ""negative""], [""Student Interaction"", ""negative""]]",nigerian_slang
slang-1888,Dr. Yusuf,Data Science & Big Data,CSC412,1,"This lecturer na olodo, e no dey interact",negative,"[[""Student Interaction"", ""negative""]]",nigerian_slang
slang-1889,Dr. (Mrs) Adeleke,Introduction to Computer Science,CSC101,1,"Grading dey harsh, e dey fail people like say na competition, and This mumu man no sabi explain anything at all, but E dey discourage questions, e dey vex when we ask",negative,"[[""Assessment and Grading"", ""negative""], [""Teaching Clarity"", ""negative""], [""Student Interaction"", ""negative""]]",nigerian_slang
slang-1890,Dr. Nwosu,Special Computing,CSC410,1,"This guy dey act like say e no know syllabus, however, This guy dey treat students like slaves",negative,"[[""Course Organisation"", ""negative""], [""Student Interaction"", ""negative""]]",nigerian_slang
slang-1891,Prof. Okonkwo,Computer Networks,CSC303,1,"Thanks for the surprise exam topics we never covered, really thoughtful, and Thanks for the 'clear' explanations that require a PhD to understand, but Appreciate how he treats our time like it's worthless",negative,"[[""Course Organisation"", ""negative""], [""Teaching Clarity"", ""negative""], [""Lecturer Punctuality"", ""negative""]]",nigerian_slang
slang-1892,Dr. Ibrahim,Data Science & Big Data,CSC412,1,"This lecturer na olodo, e no dey available, and This guy dey force us buy textbook, e dey greedy, but This man dey mess up course structure completely",negative,"[[""Availability"", ""negative""], [""Use of Teaching Materials"", ""negative""], [""Course Organisation"", ""negative""]]",nigerian_slang
slang-1893,Dr. Ibrahim,Software Engineering,CSC301,1,This guy dey behave like say materials na luxury,negative,"[[""Use of Teaching Materials"", ""negative""]]",nigerian_slang
slang-1894,Dr. Okafor,Data Structures and Algorithms,CSC201,2,"Love how office hours are just theoretical concepts, and Love the slides with more typos than actual content, but Thanks for the 'clear' explanations that require a PhD to understand",negative,"[[""Availability"", ""negative""], [""Use of Teaching Materials"", ""negative""], [""Teaching Clarity"", ""negative""]]",nigerian_slang
slang-1895,Prof. Martins,Data Science & Big Data,CSC412,1,"This man na waste of space, course dey scatter, but This lecturer na mumu with grading, e no dey fair",negative,"[[""Course Organisation"", ""negative""], [""Assessment and Grading"", ""negative""]]",nigerian_slang
slang-1896,Dr. Ibrahim,Cloud Computing Architectures,CSC406,2,"This lecturer na olodo, e no dey available, and This man na waste, e no dey interact at all",negative,"[[""Availability"", ""negative""], [""Student Interaction"", ""negative""]]",nigerian_slang
slang-1897,Dr. Yusuf,Data Structures and Algorithms,CSC201,1,"This man no dey give materials, e dey stingy, but This guy dey act like say communication na crime",negative,"[[""Use of Teaching Materials"", ""negative""], [""Communication"", ""negative""]]",nigerian_slang
slang-1898,Dr. Yusuf,Introduction to Computer Science,CSC101,3,Interaction dey normal like other lecturers,neutral,"[[""Student Interaction"", ""neutral""]]",nigerian_slang
slang-1899,Dr. Chukwu,Database Design & Management,CSC302,3,"Marking dey okay, nothing special. Also, Occasional lateness but not too bad",neutral,"[[""Assessment and Grading"", ""neutral""], [""Lecturer Punctuality"", ""neutral""]]",nigerian_slang
slang-1900,Prof. Balogun,Operating Systems Principles,CSC304,3,"Standard lecture format with some interaction, and E dey follow the normal departmental syllabus",neutral,"[[""Student Interaction"", ""neutral""], [""Course Organisation"", ""neutral""]]",nigerian_slang
slang-1901,Prof. Okonkwo,Machine Learning & Neural Nets,CSC408,1,"E dey ridicule students wey ask questions. Also, No be only confusing, e dey even scatter person brain join",negative,"[[""Student Interaction"", ""negative""], [""Teaching Clarity"", ""negative""]]",nigerian_slang
slang-1902,Dr. (Mrs) Adeleke,Data Science & Big Data,CSC412,2,Test questions dey different from wetin e teach for class,negative,"[[""Assessment and Grading"", ""negative""]]",nigerian_slang
slang-1903,Dr. Faith,Computer Networks,CSC303,1,"This guy dey give random marks, e no sabi wetin e dey do, however, This guy na clown, e dey make person laugh instead of learn",negative,"[[""Assessment and Grading"", ""negative""], [""Teaching Clarity"", ""negative""]]",nigerian_slang
slang-1904,Dr. Chukwu,Software Engineering,CSC301,2,"Love how he turns legitimate questions into insults, and Great planning - rushing everything in the last two weeks was genius",negative,"[[""Student Interaction"", ""negative""], [""Course Organisation"", ""negative""]]",nigerian_slang
slang-1905,Dr. (Mrs) Adeleke,Software Engineering,CSC301,1,"Great planning - rushing everything in the last two weeks was genius, however, Oh sure, because reading slides word-for-word is definitely 'teaching'",negative,"[[""Course Organisation"", ""negative""], [""Teaching Clarity"", ""negative""]]",nigerian_slang
slang-1906,Dr. Yusuf,Computer Networks,CSC303,1,"Grading dey harsh, e dey fail people like say na competition, and Class dey boring, e dey just lecture like radio, but Course dey disorganized well well, who understand this man?",negative,"[[""Assessment and Grading"", ""negative""], [""Student Interaction"", ""negative""], [""Course Organisation"", ""negative""]]",nigerian_slang
slang-1907,Dr. Yusuf,Data Structures and Algorithms,CSC201,5,"This guy dey come class early, dey wait for us",positive,"[[""Lecturer Punctuality"", ""positive""]]",nigerian_slang
slang-1908,Dr. Ibrahim,Database Design & Management,CSC302,2,"Thanks for the 'clear' explanations that require a PhD to understand. Also, Great planning - rushing everything in the last two weeks was genius",negative,"[[""Teaching Clarity"", ""negative""], [""Course Organisation"", ""negative""]]",nigerian_slang
slang-1909,Dr. Pomele,Cloud Computing Architectures,CSC406,4,"Man sabi explain tire, even dullard go understand. Also, E dey carry everybody along, no discrimination",positive,"[[""Teaching Clarity"", ""positive""], [""Student Interaction"", ""positive""]]",nigerian_slang
slang-1910,Dr. Chukwu,Computer Networks,CSC303,4,"Slides dey comprehensive and well designed, however, E dey make sure everybody understand announcement",positive,"[[""Use of Teaching Materials"", ""positive""], [""Communication"", ""positive""]]",nigerian_slang
slang-1911,Prof. Okonkwo,Machine Learning & Neural Nets,CSC408,1,"Wonderful how he manages to never actually explain anything, however, Love how he turns legitimate questions into insults",negative,"[[""Teaching Clarity"", ""negative""], [""Student Interaction"", ""negative""]]",nigerian_slang
slang-1912,Dr. Adeyemi,Machine Learning & Neural Nets,CSC408,2,"No proper outline, e dey just dey waka anyhow, and Student interaction dey zero, e no dey carry us along, but E dey refuse to share notes with us",negative,"[[""Course Organisation"", ""negative""], [""Student Interaction"", ""negative""], [""Use of Teaching Materials"", ""negative""]]",nigerian_slang
slang-1913,Dr. Pomele,Operating Systems Principles,CSC304,1,"Appreciate the hostile atmosphere that discourages participation, and Appreciate the complete radio silence on important matters",negative,"[[""Student Interaction"", ""negative""], [""Communication"", ""negative""]]",nigerian_slang
slang-1914,Dr. Chukwu,Software Engineering,CSC301,1,"Appreciate the help - or lack thereof - when we actually need it, but Wonderful how the guy who wrote the best essay still failed",negative,"[[""Availability"", ""negative""], [""Assessment and Grading"", ""negative""]]",nigerian_slang
slang-1915,Prof. Martins,Computer Networks,CSC303,2,"This lecturer na waste, e no fit teach, however, This man dey make class hostile, e dey fight",negative,"[[""Teaching Clarity"", ""negative""], [""Student Interaction"", ""negative""]]",nigerian_slang
slang-1916,Prof. Balogun,Special Computing,CSC410,1,"The way e dey explain dey make person vex, nothing clear at all, and Course organization dey zero, total nonsense",negative,"[[""Teaching Clarity"", ""negative""], [""Course Organisation"", ""negative""]]",nigerian_slang
slang-1917,Prof. Balogun,Operating Systems Principles,CSC304,3,"Topics dey covered as per the curriculum. Also, Standard availability like other lecturers",neutral,"[[""Course Organisation"", ""neutral""], [""Availability"", ""neutral""]]",nigerian_slang
slang-1918,Dr. Okafor,Computer Networks,CSC303,5,"If you need help, e dey make time for you",positive,"[[""Availability"", ""positive""]]",nigerian_slang
slang-1919,Prof. Okonkwo,Software Engineering,CSC301,5,"E dey make students feel comfortable to talk, and Always updated us on everything, e dey carry us along, but If you sabi the work, you go definitely pass",positive,"[[""Student Interaction"", ""positive""], [""Communication"", ""positive""], [""Assessment and Grading"", ""positive""]]",nigerian_slang
slang-1920,Dr. Chukwu,Data Structures and Algorithms,CSC201,2,E dey use big big grammar wey even dictionary no get,negative,"[[""Teaching Clarity"", ""negative""]]",nigerian_slang
slang-1921,Prof. Balogun,Operating Systems Principles,CSC304,1,"No be only confusing, e dey even scatter person brain join. Also, Impossible to see for office hours",negative,"[[""Teaching Clarity"", ""negative""], [""Availability"", ""negative""]]",nigerian_slang
slang-1922,Dr. Ibrahim,Introduction to Computer Science,CSC101,1,"This man dey mark anyhow, e dey fail people for nothing",negative,"[[""Assessment and Grading"", ""negative""]]",nigerian_slang
slang-1923,Dr. Chukwu,Machine Learning & Neural Nets,CSC408,1,"This lecturer na mumu with grading, e no dey fair. Also, This man dey make class hostile, e dey fight",negative,"[[""Assessment and Grading"", ""negative""], [""Student Interaction"", ""negative""]]",nigerian_slang
slang-1924,Dr. Chukwu,Data Science & Big Data,CSC412,2,"Oh sure, because reading slides word-for-word is definitely 'teaching'",negative,"[[""Teaching Clarity"", ""negative""]]",nigerian_slang
slang-1925,Prof. Martins,Cloud Computing Architectures,CSC406,5,E dey provide handouts and extra materials,positive,"[[""Use of Teaching Materials"", ""positive""]]",nigerian_slang
slang-1926,Dr. Pomele,Data Structures and Algorithms,CSC201,2,"Class dey boring, e dey just lecture like radio, however, E dey talk to himself for class, nobody dey grab wetin e dey talk",negative,"[[""Student Interaction"", ""negative""], [""Teaching Clarity"", ""negative""]]",nigerian_slang
slang-1927,Dr. Adeyemi,Data Science & Big Data,CSC412,3,"You fit reach am during consultation hours, but Standard slides like other courses",neutral,"[[""Availability"", ""neutral""], [""Use of Teaching Materials"", ""neutral""]]",nigerian_slang
slang-1928,Dr. Okafor,Software Engineering,CSC301,1,"If you no buy handout, you no go get anything, and Poor communication, students dey in the dark, but Always late, time no dey important to am",negative,"[[""Use of Teaching Materials"", ""negative""], [""Communication"", ""negative""], [""Lecturer Punctuality"", ""negative""]]",nigerian_slang
slang-1929,Prof. Okonkwo,Cloud Computing Architectures,CSC406,2,"Thanks for the 'clear' explanations that require a PhD to understand, however, Love how he turns legitimate questions into insults",negative,"[[""Teaching Clarity"", ""negative""], [""Student Interaction"", ""negative""]]",nigerian_slang
slang-1930,Prof. Martins,Machine Learning & Neural Nets,CSC408,1,"Thanks for the surprise exam topics we never covered, really thoughtful",negative,"[[""Course Organisation"", ""negative""]]",nigerian_slang
slang-1931,Dr. Ibrahim,Introduction to Computer Science,CSC101,1,"WhatsApp group dey dry, e no dey post anything, and E dey teach like say e no get plan, just dey do anyhow, but E dey resume when e feel like, no respect for time",negative,"[[""Communication"", ""negative""], [""Course Organisation"", ""negative""], [""Lecturer Punctuality"", ""negative""]]",nigerian_slang
slang-1932,Dr. (Mrs) Adeleke,Special Computing,CSC410,1,"Thanks for never replying to emails, really shows dedication, however, Love the slides with more typos than actual content",negative,"[[""Availability"", ""negative""], [""Use of Teaching Materials"", ""negative""]]",nigerian_slang
slang-1933,Dr. Yusuf,Software Engineering,CSC301,2,"This guy dey act like say we dey disturb am, but This man dey mark like wicked person",negative,"[[""Availability"", ""negative""], [""Assessment and Grading"", ""negative""]]",nigerian_slang
slang-1934,Dr. Pomele,Machine Learning & Neural Nets,CSC408,1,"Thanks for the last-minute announcements, really helpful, but Thanks for making us buy textbooks you never reference",negative,"[[""Communication"", ""negative""], [""Use of Teaching Materials"", ""negative""]]",nigerian_slang
slang-1935,Dr. Faith,Cloud Computing Architectures,CSC406,2,"Materials dey inadequate for the course, and Announcements dey last minute, confusing",negative,"[[""Use of Teaching Materials"", ""negative""], [""Communication"", ""negative""]]",nigerian_slang
slang-1936,Dr. Faith,Operating Systems Principles,CSC304,4,"E dey return scripts on time, no wahala, however, This guy dey come class early, dey wait for us",positive,"[[""Assessment and Grading"", ""positive""], [""Lecturer Punctuality"", ""positive""]]",nigerian_slang
slang-1937,Dr. Chukwu,Software Engineering,CSC301,1,"Appreciate the complete radio silence on important matters, and Appreciate the complete lack of any useful study materials, but Oh sure, because reading slides word-for-word is definitely 'teaching'",negative,"[[""Communication"", ""negative""], [""Use of Teaching Materials"", ""negative""], [""Teaching Clarity"", ""negative""]]",nigerian_slang
slang-1938,Dr. Chukwu,Computer Networks,CSC303,2,"This man dey lock office door like say thief dey pursue am, and This man dey mark like wicked person, but This lecturer na mumu, e no dey inform us",negative,"[[""Availability"", ""negative""], [""Assessment and Grading"", ""negative""], [""Communication"", ""negative""]]",nigerian_slang
slang-1939,Dr. Yusuf,Database Design & Management,CSC302,2,Love the surprise cancelled classes we find out about 5 minutes before,negative,"[[""Lecturer Punctuality"", ""negative""]]",nigerian_slang
slang-1940,Dr. Okafor,Machine Learning & Neural Nets,CSC408,3,"E dey follow the normal departmental syllabus, and You fit reach am during consultation hours",neutral,"[[""Course Organisation"", ""neutral""], [""Availability"", ""neutral""]]",nigerian_slang
slang-1941,Dr. Ibrahim,Data Structures and Algorithms,CSC201,3,"Updates dey come through normal channels, and Topics dey covered as per the curriculum, but Marking dey okay, nothing special",neutral,"[[""Communication"", ""neutral""], [""Course Organisation"", ""neutral""], [""Assessment and Grading"", ""neutral""]]",nigerian_slang
slang-1942,Dr. Pomele,Machine Learning & Neural Nets,CSC408,3,Normal level of communication,neutral,"[[""Communication"", ""neutral""]]",nigerian_slang
slang-1943,Dr. (Mrs) Adeleke,Data Science & Big Data,CSC412,1,"Appreciate how the course outline was clearly written in invisible ink, however, Thanks for the 'clear' explanations that require a PhD to understand",negative,"[[""Course Organisation"", ""negative""], [""Teaching Clarity"", ""negative""]]",nigerian_slang
slang-1944,Dr. Ibrahim,Cloud Computing Architectures,CSC406,1,"Student interaction dey zero, e no dey carry us along, and Materials dey inadequate for the course",negative,"[[""Student Interaction"", ""negative""], [""Use of Teaching Materials"", ""negative""]]",nigerian_slang
slang-1945,Dr. Ibrahim,Software Engineering,CSC301,2,"This lecturer na waste, e no fit teach, and This man na evil with marking, e dey fail people, but This lecturer na olodo, e no dey interact",negative,"[[""Teaching Clarity"", ""negative""], [""Assessment and Grading"", ""negative""], [""Student Interaction"", ""negative""]]",nigerian_slang
slang-1946,Dr. Pomele,Data Science & Big Data,CSC412,2,"This man dey lock office door like say thief dey pursue am, but This man dey come late like say na am own time",negative,"[[""Availability"", ""negative""], [""Lecturer Punctuality"", ""negative""]]",nigerian_slang
slang-1947,Prof. Martins,Machine Learning & Neural Nets,CSC408,3,"Occasional lateness but not too bad, and E dey see students if you book appointment, but E dey follow normal faculty materials",neutral,"[[""Lecturer Punctuality"", ""neutral""], [""Availability"", ""neutral""], [""Use of Teaching Materials"", ""neutral""]]",nigerian_slang
slang-1948,Dr. Adeyemi,Computer Networks,CSC303,4,"E dey provide handouts and extra materials, however, Every lecture dey clear, no wahala at all",positive,"[[""Use of Teaching Materials"", ""positive""], [""Teaching Clarity"", ""positive""]]",nigerian_slang
slang-1949,Dr. Ibrahim,Software Engineering,CSC301,1,"This lecturer na olodo, e no respect time, but This guy dey organize course like mumu",negative,"[[""Lecturer Punctuality"", ""negative""], [""Course Organisation"", ""negative""]]",nigerian_slang
slang-1950,Prof. Martins,Special Computing,CSC410,3,"Nothing special, just normal class interaction",neutral,"[[""Student Interaction"", ""neutral""]]",nigerian_slang
slang-1951,Dr. Chukwu,Operating Systems Principles,CSC304,3,"Normal university materials, but E dey communicate through class rep",neutral,"[[""Use of Teaching Materials"", ""neutral""], [""Communication"", ""neutral""]]",nigerian_slang
slang-1952,Dr. Adeyemi,Software Engineering,CSC301,1,This guy dey treat students like slaves,negative,"[[""Student Interaction"", ""negative""]]",nigerian_slang
slang-1953,Dr. Yusuf,Special Computing,CSC410,2,"Time waster, always behind schedule, and Communication dey wack, e no dey pass info, but This mumu man no sabi explain anything at all",negative,"[[""Lecturer Punctuality"", ""negative""], [""Communication"", ""negative""], [""Teaching Clarity"", ""negative""]]",nigerian_slang
slang-1954,Dr. Chukwu,Machine Learning & Neural Nets,CSC408,1,"This man dey mark person wickedly, heartless, and This guy dey run course like agbero",negative,"[[""Assessment and Grading"", ""negative""], [""Course Organisation"", ""negative""]]",nigerian_slang
slang-1955,Dr. Okafor,Data Science & Big Data,CSC412,2,"E dey refuse to share notes with us, and This man dey intimidate students for class, but Missed classes well well, no proper replacement",negative,"[[""Use of Teaching Materials"", ""negative""], [""Student Interaction"", ""negative""], [""Lecturer Punctuality"", ""negative""]]",nigerian_slang
slang-1956,Dr. Yusuf,Database Design & Management,CSC302,2,"Thanks for the last-minute announcements, really helpful, and Wonderful how he manages to never actually explain anything, but Love the slides with more typos than actual content",negative,"[[""Communication"", ""negative""], [""Teaching Clarity"", ""negative""], [""Use of Teaching Materials"", ""negative""]]",nigerian_slang
slang-1957,Dr. Pomele,Operating Systems Principles,CSC304,5,"Announcements dey clear and timely, however, Grading dey fair, if you work hard you go get your due",positive,"[[""Communication"", ""positive""], [""Assessment and Grading"", ""positive""]]",nigerian_slang
slang-1958,Dr. (Mrs) Adeleke,Special Computing,CSC410,1,"Appreciate the help - or lack thereof - when we actually need it, but Love how he turns legitimate questions into insults",negative,"[[""Availability"", ""negative""], [""Student Interaction"", ""negative""]]",nigerian_slang
slang-1959,Dr. Ibrahim,Database Design & Management,CSC302,2,"This guy dey come late like agbero, no respect, and This lecturer na olodo with marking, e no sabi mark",negative,"[[""Lecturer Punctuality"", ""negative""], [""Assessment and Grading"", ""negative""]]",nigerian_slang
slang-1960,Dr. Chukwu,Cloud Computing Architectures,CSC406,2,"Appreciate the hostile atmosphere that discourages participation, but Appreciate the help - or lack thereof - when we actually need it",negative,"[[""Student Interaction"", ""negative""], [""Availability"", ""negative""]]",nigerian_slang
slang-1961,Dr. Nwosu,Software Engineering,CSC301,2,"Thanks for the surprise exam topics we never covered, really thoughtful, and Great feedback - 'needs improvement' really tells me everything",negative,"[[""Course Organisation"", ""negative""], [""Assessment and Grading"", ""negative""]]",nigerian_slang
slang-1962,Dr. (Mrs) Adeleke,Database Design & Management,CSC302,1,"This man na waste, e no dey interact at all, however, This lecturer na mumu, e dey confuse person",negative,"[[""Student Interaction"", ""negative""], [""Teaching Clarity"", ""negative""]]",nigerian_slang
slang-1963,Prof. Martins,Data Science & Big Data,CSC412,1,"If you no buy handout, you no go get anything, and Student interaction dey zero, e no dey carry us along, but E dey keep us in the dark about everything",negative,"[[""Use of Teaching Materials"", ""negative""], [""Student Interaction"", ""negative""], [""Communication"", ""negative""]]",nigerian_slang
slang-1964,Dr. Okafor,Operating Systems Principles,CSC304,4,"E dey inform us before time, no last minute rush, and Course organization dey top notch, professional work, but Explains things way better than those old lecturers wey dey confuse person",positive,"[[""Communication"", ""positive""], [""Course Organisation"", ""positive""], [""Teaching Clarity"", ""positive""]]",nigerian_slang
slang-1965,Dr. Adeyemi,Database Design & Management,CSC302,1,"No proper grading, e dey just dey give marks randomly, however, E dey resume when e feel like, no respect for time",negative,"[[""Assessment and Grading"", ""negative""], [""Lecturer Punctuality"", ""negative""]]",nigerian_slang
slang-1966,Dr. Ibrahim,Data Science & Big Data,CSC412,2,Thanks for making students feel stupid for asking questions,negative,"[[""Student Interaction"", ""negative""]]",nigerian_slang
slang-1967,Prof. Martins,Machine Learning & Neural Nets,CSC408,2,"This course dey scatter scatter, no proper arrangement. Also, E dey waste our time with lateness",negative,"[[""Course Organisation"", ""negative""], [""Lecturer Punctuality"", ""negative""]]",nigerian_slang
slang-1968,Dr. Adeyemi,Cloud Computing Architectures,CSC406,2,"This man dey make himself unavailable, wicked. Also, This man dey mark like wicked person",negative,"[[""Availability"", ""negative""], [""Assessment and Grading"", ""negative""]]",nigerian_slang
slang-1969,Prof. Martins,Software Engineering,CSC301,1,E dey ignore class rep messages,negative,"[[""Communication"", ""negative""]]",nigerian_slang
slang-1970,Dr. Okafor,Computer Networks,CSC303,1,This man dey insult students for class,negative,"[[""Student Interaction"", ""negative""]]",nigerian_slang
slang-1971,Dr. Pomele,Operating Systems Principles,CSC304,2,"This lecturer na olodo, e no respect time, and This guy dey act like say we be children",negative,"[[""Lecturer Punctuality"", ""negative""], [""Student Interaction"", ""negative""]]",nigerian_slang
slang-1972,Prof. Martins,Software Engineering,CSC301,2,"This man dey hide from students like rat, and This guy dey talk nonsense for class",negative,"[[""Availability"", ""negative""], [""Teaching Clarity"", ""negative""]]",nigerian_slang
slang-1973,Dr. Yusuf,Cloud Computing Architectures,CSC406,2,"Class dey boring, e dey just lecture like radio",negative,"[[""Student Interaction"", ""negative""]]",nigerian_slang
slang-1974,Prof. Balogun,Software Engineering,CSC301,4,"E dey break down complex things like say na jollof rice. Also, Materials dey very useful for revision",positive,"[[""Teaching Clarity"", ""positive""], [""Use of Teaching Materials"", ""positive""]]",nigerian_slang
slang-1975,Prof. Martins,Computer Networks,CSC303,2,"This guy dey organize course like mumu, and This man dey make class hostile, e dey fight, but This lecturer na olodo, e no sabi communicate",negative,"[[""Course Organisation"", ""negative""], [""Student Interaction"", ""negative""], [""Communication"", ""negative""]]",nigerian_slang
slang-1976,Dr. Yusuf,Data Science & Big Data,CSC412,2,"This man dey disrespect us with lateness, however, This man dey intimidate students like bully",negative,"[[""Lecturer Punctuality"", ""negative""], [""Student Interaction"", ""negative""]]",nigerian_slang
slang-1977,Dr. Okafor,Special Computing,CSC410,3,"E dey try sha, but sometimes e dey slow, but Basic slides with bullet points",neutral,"[[""Teaching Clarity"", ""neutral""], [""Use of Teaching Materials"", ""neutral""]]",nigerian_slang
slang-1978,Prof. Okonkwo,Software Engineering,CSC301,2,"This guy dey act like say communication na crime, however, This man dey use old slides, e dey dull",negative,"[[""Communication"", ""negative""], [""Use of Teaching Materials"", ""negative""]]",nigerian_slang
slang-1979,Prof. Okonkwo,Operating Systems Principles,CSC304,2,"Appreciate the hostile atmosphere that discourages participation, and Great feedback - 'needs improvement' really tells me everything, but Great planning - rushing everything in the last two weeks was genius",negative,"[[""Student Interaction"", ""negative""], [""Assessment and Grading"", ""negative""], [""Course Organisation"", ""negative""]]",nigerian_slang
slang-1980,Dr. Chukwu,Data Science & Big Data,CSC412,2,"This man dey mark like enemy, e dey fail us",negative,"[[""Assessment and Grading"", ""negative""]]",nigerian_slang
slang-1981,Dr. Ibrahim,Machine Learning & Neural Nets,CSC408,3,"Topics dey covered as per the curriculum, but Standard teaching, nothing to write home about",neutral,"[[""Course Organisation"", ""neutral""], [""Teaching Clarity"", ""neutral""]]",nigerian_slang
slang-1982,Prof. Balogun,Cloud Computing Architectures,CSC406,1,"This lecturer na olodo, e no dey interact, and This guy dey organize course like mumu",negative,"[[""Student Interaction"", ""negative""], [""Course Organisation"", ""negative""]]",nigerian_slang
slang-1983,Dr. Yusuf,Introduction to Computer Science,CSC101,5,"Never late for once, very punctual man, but If you sabi the work, you go definitely pass",positive,"[[""Lecturer Punctuality"", ""positive""], [""Assessment and Grading"", ""positive""]]",nigerian_slang
slang-1984,Dr. Ibrahim,Machine Learning & Neural Nets,CSC408,1,"E dey waste our time with lateness, however, Unreliable information, confusing announcements",negative,"[[""Lecturer Punctuality"", ""negative""], [""Communication"", ""negative""]]",nigerian_slang
slang-1985,Prof. Martins,Machine Learning & Neural Nets,CSC408,5,"E dey attend to students like family, and This guy dey come class early, dey wait for us, but Course organization dey top notch, professional work",positive,"[[""Availability"", ""positive""], [""Lecturer Punctuality"", ""positive""], [""Course Organisation"", ""positive""]]",nigerian_slang
slang-1986,Dr. (Mrs) Adeleke,Special Computing,CSC410,1,"This lecturer na waste, e no fit teach, and This man na waste, e dey always late, but This man dey mark person wickedly, heartless",negative,"[[""Teaching Clarity"", ""negative""], [""Lecturer Punctuality"", ""negative""], [""Assessment and Grading"", ""negative""]]",nigerian_slang
slang-1987,Prof. Balogun,Data Science & Big Data,CSC412,1,This man dey mark like wicked person,negative,"[[""Assessment and Grading"", ""negative""]]",nigerian_slang
slang-1988,Prof. Balogun,Software Engineering,CSC301,2,"This man dey talk like say e no go school, but This man dey come late like say na am own time",negative,"[[""Teaching Clarity"", ""negative""], [""Lecturer Punctuality"", ""negative""]]",nigerian_slang
slang-1989,Dr. Adeyemi,Data Science & Big Data,CSC412,1,"This man na waste, e no dey interact at all, however, This mumu man no sabi teach at all",negative,"[[""Student Interaction"", ""negative""], [""Teaching Clarity"", ""negative""]]",nigerian_slang
slang-1990,Dr. Yusuf,Machine Learning & Neural Nets,CSC408,2,"This man na olodo, e no sabi anything, but This lecturer na olodo, e no sabi communicate",negative,"[[""Teaching Clarity"", ""negative""], [""Communication"", ""negative""]]",nigerian_slang
slang-1991,Prof. Balogun,Computer Networks,CSC303,1,"This guy dey impossible to reach, e dey run, but This lecturer na olodo, e no sabi communicate",negative,"[[""Availability"", ""negative""], [""Communication"", ""negative""]]",nigerian_slang
slang-1992,Prof. Martins,Cloud Computing Architectures,CSC406,5,"E dey reply emails fast, no dulling, however, This guy dey make class lively and interactive",positive,"[[""Communication"", ""positive""], [""Student Interaction"", ""positive""]]",nigerian_slang
slang-1993,Dr. Adeyemi,Special Computing,CSC410,4,"Results dey come out quick, no long story, and E dey use projector well, no wahala, but E dey inform us before time, no last minute rush",positive,"[[""Assessment and Grading"", ""positive""], [""Use of Teaching Materials"", ""positive""], [""Communication"", ""positive""]]",nigerian_slang
slang-1994,Prof. Balogun,Computer Networks,CSC303,4,"Materials dey up to date and helpful, and Every lecture dey clear, no wahala at all, but Very reliable with time, always available",positive,"[[""Use of Teaching Materials"", ""positive""], [""Teaching Clarity"", ""positive""], [""Lecturer Punctuality"", ""positive""]]",nigerian_slang
slang-1995,Dr. Okafor,Software Engineering,CSC301,1,"This man no dey reply, e dey form busy, but This man dey use old slides, e dey dull",negative,"[[""Communication"", ""negative""], [""Use of Teaching Materials"", ""negative""]]",nigerian_slang
slang-1996,Dr. Chukwu,Special Computing,CSC410,1,This man dey impossible to reach outside class,negative,"[[""Availability"", ""negative""]]",nigerian_slang
slang-1997,Dr. Adeyemi,Computer Networks,CSC303,4,"E dey start class sharp sharp, no wasting time, and Materials dey very useful for revision, but E dey use better examples wey dey relate to our everyday life",positive,"[[""Lecturer Punctuality"", ""positive""], [""Use of Teaching Materials"", ""positive""], [""Teaching Clarity"", ""positive""]]",nigerian_slang
slang-1998,Dr. Ibrahim,Data Science & Big Data,CSC412,1,"Missed classes well well, no proper replacement",negative,"[[""Lecturer Punctuality"", ""negative""]]",nigerian_slang
slang-1999,Prof. Martins,Computer Networks,CSC303,1,"This man na waste, e dey always late, however, This man dey mark person wickedly, heartless",negative,"[[""Lecturer Punctuality"", ""negative""], [""Assessment and Grading"", ""negative""]]",nigerian_slang
slang-2000,Dr. Chukwu,Database Design & Management,CSC302,4,"E dey make the hard topics look like child's play, and E dey pass information properly, no confusion, but E dey provide handouts and extra materials",positive,"[[""Teaching Clarity"", ""positive""], [""Communication"", ""positive""], [""Use of Teaching Materials"", ""positive""]]",nigerian_slang
