id,lecturer_name,course,course_code,rating,comment,document_sentiment,aspect_labels,source
1,Dr. Okafor,Data Science & Big Data,CSC412,4,Always punctual and starts every class right on time. and Outstanding planning; topics progress logically and systematically.,positive,"[[""Lecturer Punctuality"", ""positive""], [""Course Organisation"", ""positive""]]",synthetic
2,Dr. Okafor,Special Computing,CSC410,2,Habitually late to lectures and wastes valuable class time.,negative,"[[""Lecturer Punctuality"", ""negative""]]",synthetic
3,Dr. Faith,Operating Systems Principles,CSC304,3,Office hours are kept when requested in advance. Lectures are predominantly instructional with some Q&A.,neutral,"[[""Availability"", ""neutral""], [""Student Interaction"", ""neutral""]]",synthetic
4,Prof. Martins,Machine Learning & Neural Nets,CSC408,4,Professional and courteous communication across all channels.,positive,"[[""Communication"", ""positive""]]",synthetic
5,Prof. Balogun,Database Design & Management,CSC302,1,Rushes through difficult slides without proper explanation. and Ignores emails regarding coursework clarifications.,negative,"[[""Teaching Clarity"", ""negative""], [""Communication"", ""negative""]]",synthetic
6,Dr. Faith,Database Design & Management,CSC302,4,Uses practical analogies that simplify technical concepts. and Responds promptly to student emails with helpful guidance.,positive,"[[""Teaching Clarity"", ""positive""], [""Communication"", ""positive""]]",synthetic
7,Dr. (Mrs) Adeleke,Machine Learning & Neural Nets,CSC408,5,Responds promptly to student emails with helpful guidance. and The timetable and course pace are managed impeccably.,positive,"[[""Communication"", ""positive""], [""Course Organisation"", ""positive""]]",synthetic
8,Prof. Martins,Introduction to Computer Science,CSC101,1,"Never available during posted office hours; doors always locked.. Furthermore, Fails to respond to student emails and academic inquiries.",negative,"[[""Availability"", ""negative""], [""Communication"", ""negative""]]",synthetic
9,Dr. Chukwu,Database Design & Management,CSC302,2,Lectures started within reasonable university grace periods. Office hours are kept when requested in advance.,neutral,"[[""Lecturer Punctuality"", ""neutral""], [""Availability"", ""neutral""]]",synthetic
10,Dr. (Mrs) Adeleke,Operating Systems Principles,CSC304,5,Returns test scores quickly with helpful correction notes.,positive,"[[""Assessment and Grading"", ""positive""]]",synthetic
11,Dr. Chukwu,Operating Systems Principles,CSC304,2,"Grading is arbitrary, inconsistent, and unfairly penalized.. Furthermore, Never available during posted office hours; doors always locked.",negative,"[[""Assessment and Grading"", ""negative""], [""Availability"", ""negative""]]",synthetic
12,Dr. Chukwu,Data Science & Big Data,CSC412,5,Curated readings and textbook recommendations are extremely helpful. and Always available during office hours for student consultation.,positive,"[[""Use of Teaching Materials"", ""positive""], [""Availability"", ""positive""]]",synthetic
13,Dr. Adeyemi,Database Design & Management,CSC302,5,"Grading criteria are explicit and applied equitably to all students.; moreover, Exemplary punctuality and regular attendance all semester.",positive,"[[""Assessment and Grading"", ""positive""], [""Lecturer Punctuality"", ""positive""]]",synthetic
14,Dr. Pomele,Data Science & Big Data,CSC412,1,"Very poor punctuality; classes start whenever he feels like it.. Also, Lacks structure; we jumped from chapter five back to chapter two., yet Exams were unreasonably difficult and far beyond the syllabus.",negative,"[[""Lecturer Punctuality"", ""negative""], [""Course Organisation"", ""negative""], [""Assessment and Grading"", ""negative""]]",synthetic
15,Prof. Balogun,Data Science & Big Data,CSC412,5,"Readily accessible and makes time to mentor struggling learners.; moreover, Course is exceptionally organized and follows the syllabus perfectly., however, Breaks down difficult topics into digestible steps.",positive,"[[""Availability"", ""positive""], [""Course Organisation"", ""positive""], [""Teaching Clarity"", ""positive""]]",synthetic
16,Prof. Martins,Data Structures and Algorithms,CSC201,2,Questions are entertained towards the final ten minutes of class. The syllabus pacing was fairly typical of university modules.,neutral,"[[""Student Interaction"", ""neutral""], [""Course Organisation"", ""neutral""]]",synthetic
17,Dr. (Mrs) Adeleke,Database Design & Management,CSC302,4,"Shares lecture notes well ahead of time on the student portal.. Furthermore, Lecture delivery is acceptable for introductory topics., but The course follows the institutional standard syllabus.",positive,"[[""Use of Teaching Materials"", ""positive""], [""Teaching Clarity"", ""neutral""], [""Course Organisation"", ""neutral""]]",synthetic
18,Dr. Adeyemi,Database Design & Management,CSC302,3,"Students cannot reach the lecturer for urgent academic inquiries., yet Responds promptly to student emails with helpful guidance.",neutral,"[[""Availability"", ""negative""], [""Communication"", ""positive""]]",synthetic
19,Dr. Faith,Operating Systems Principles,CSC304,4,Listens attentively to student viewpoints and questions.,positive,"[[""Student Interaction"", ""positive""]]",synthetic
20,Dr. Adeyemi,Special Computing,CSC410,3,Class announcements were relayed through the class representative.,neutral,"[[""Communication"", ""neutral""]]",synthetic
21,Dr. Faith,Introduction to Computer Science,CSC101,4,"Exams were well-balanced and marked with complete fairness., on the other hand, Session timing was generally maintained.",positive,"[[""Assessment and Grading"", ""positive""], [""Lecturer Punctuality"", ""neutral""]]",synthetic
22,Dr. Okafor,Special Computing,CSC410,1,"Arrives thirty to forty minutes behind schedule repeatedly.. Also, The course is poorly organized with no clear syllabus., yet Lecture slides cover only basic bullet points.",negative,"[[""Lecturer Punctuality"", ""negative""], [""Course Organisation"", ""negative""], [""Use of Teaching Materials"", ""neutral""]]",synthetic
23,Dr. (Mrs) Adeleke,Operating Systems Principles,CSC304,4,Always available during office hours for student consultation.,positive,"[[""Availability"", ""positive""]]",synthetic
24,Dr. Okafor,Database Design & Management,CSC302,2,Zero supplementary learning materials provided throughout the course.,negative,"[[""Use of Teaching Materials"", ""negative""]]",synthetic
25,Dr. Adeyemi,Special Computing,CSC410,1,"Course outline was never provided and topics were disjointed. and Students cannot reach the lecturer for urgent academic inquiries., yet Lecture delivery is acceptable for introductory topics.",negative,"[[""Course Organisation"", ""negative""], [""Availability"", ""negative""], [""Teaching Clarity"", ""neutral""]]",synthetic
26,Dr. Faith,Machine Learning & Neural Nets,CSC408,5,"Responds promptly to student emails with helpful guidance.. Additionally, Maintains a clear course outline from week one to final exams.",positive,"[[""Communication"", ""positive""], [""Course Organisation"", ""positive""]]",synthetic
27,Dr. Okafor,Data Science & Big Data,CSC412,2,Lacks structure; we jumped from chapter five back to chapter two. and Lacks pedagogical clarity; students leave the hall confused.,negative,"[[""Course Organisation"", ""negative""], [""Teaching Clarity"", ""negative""]]",synthetic
28,Dr. Pomele,Database Design & Management,CSC302,1,Students cannot reach the lecturer for urgent academic inquiries.,negative,"[[""Availability"", ""negative""]]",synthetic
29,Dr. Adeyemi,Machine Learning & Neural Nets,CSC408,4,Two tests and one exam were administered as scheduled. Course materials were shared according to standard faculty policy. Coverage of the syllabus was delivered as outlined.,neutral,"[[""Assessment and Grading"", ""neutral""], [""Use of Teaching Materials"", ""neutral""], [""Teaching Clarity"", ""neutral""]]",synthetic
30,Prof. Balogun,Introduction to Computer Science,CSC101,1,Dismissive and impatient when students approach for assistance.,negative,"[[""Availability"", ""negative""]]",synthetic
31,Dr. Chukwu,Data Science & Big Data,CSC412,1,"Difficult to follow what the lecturer is trying to convey. and Curated readings and textbook recommendations are extremely helpful., but Exams were unreasonably difficult and far beyond the syllabus.",negative,"[[""Teaching Clarity"", ""negative""], [""Use of Teaching Materials"", ""positive""], [""Assessment and Grading"", ""negative""]]",synthetic
32,Dr. Okafor,Cloud Computing Architectures,CSC406,4,"Provides detailed rubrics and constructive feedback on scripts.. Furthermore, Always punctual and starts every class right on time. although The lecture schedule and weekly milestones are well planned.",positive,"[[""Assessment and Grading"", ""positive""], [""Lecturer Punctuality"", ""positive""], [""Course Organisation"", ""positive""]]",synthetic
33,Dr. Chukwu,Database Design & Management,CSC302,3,Two tests and one exam were administered as scheduled. Module sequence followed the assigned curriculum. Class interaction was typical with occasional question sessions.,neutral,"[[""Assessment and Grading"", ""neutral""], [""Course Organisation"", ""neutral""], [""Student Interaction"", ""neutral""]]",synthetic
34,Dr. Chukwu,Database Design & Management,CSC302,1,"Habitually late to lectures and wastes valuable class time.. Furthermore, Grading is arbitrary, inconsistent, and unfairly penalized., yet Course outline was never provided and topics were disjointed.",negative,"[[""Lecturer Punctuality"", ""negative""], [""Assessment and Grading"", ""negative""], [""Course Organisation"", ""negative""]]",synthetic
35,Dr. Faith,Machine Learning & Neural Nets,CSC408,4,Exemplary punctuality and regular attendance all semester.,positive,"[[""Lecturer Punctuality"", ""positive""]]",synthetic
36,Prof. Balogun,Machine Learning & Neural Nets,CSC408,3,Interaction level was standard for a large lecture hall. Class announcements were relayed through the class representative.,neutral,"[[""Student Interaction"", ""neutral""], [""Communication"", ""neutral""]]",synthetic
37,Prof. Martins,Machine Learning & Neural Nets,CSC408,4,"Office doors are always open for academic guidance.. Additionally, Delivers structured and comprehensible lectures every time.",positive,"[[""Availability"", ""positive""], [""Teaching Clarity"", ""positive""]]",synthetic
38,Dr. Faith,Operating Systems Principles,CSC304,2,"Completely unengaging; ignores students raising hands.. Also, Speaks too fast and jumps between topics erratically.",negative,"[[""Student Interaction"", ""negative""], [""Teaching Clarity"", ""negative""]]",synthetic
39,Prof. Balogun,Data Science & Big Data,CSC412,3,The syllabus pacing was fairly typical of university modules. Standard course notices were shared periodically.,neutral,"[[""Course Organisation"", ""neutral""], [""Communication"", ""neutral""]]",synthetic
40,Dr. Pomele,Operating Systems Principles,CSC304,1,"Missed multiple lecture sessions without making up the hours.; moreover, Uses outdated, blurry, and handwritten materials from a decade ago.",negative,"[[""Lecturer Punctuality"", ""negative""], [""Use of Teaching Materials"", ""negative""]]",synthetic
41,Dr. Okafor,Operating Systems Principles,CSC304,2,"Very poor punctuality; classes start whenever he feels like it.. Additionally, Teaching materials are riddled with typos, errors, and missing pages.",negative,"[[""Lecturer Punctuality"", ""negative""], [""Use of Teaching Materials"", ""negative""]]",synthetic
42,Dr. (Mrs) Adeleke,Introduction to Computer Science,CSC101,5,"Grading criteria are explicit and applied equitably to all students.. Furthermore, Keeps students well informed about assignment changes and events., however, Coverage of the syllabus was delivered as outlined.",positive,"[[""Assessment and Grading"", ""positive""], [""Communication"", ""positive""], [""Teaching Clarity"", ""neutral""]]",synthetic
43,Dr. Okafor,Special Computing,CSC410,2,Does not share lecture slides or study materials with the class.,negative,"[[""Use of Teaching Materials"", ""negative""]]",synthetic
44,Dr. Faith,Operating Systems Principles,CSC304,4,"Treats every student with dignity, patience, and respect. and Always punctual and starts every class right on time.",positive,"[[""Student Interaction"", ""positive""], [""Lecturer Punctuality"", ""positive""]]",synthetic
45,Prof. Martins,Introduction to Computer Science,CSC101,4,"Provides comprehensive slides, reference materials, and handouts.; moreover, The explanations are articulate and straightforward to follow., though Readily accessible and makes time to mentor struggling learners.",positive,"[[""Use of Teaching Materials"", ""positive""], [""Teaching Clarity"", ""positive""], [""Availability"", ""positive""]]",synthetic
46,Dr. (Mrs) Adeleke,Operating Systems Principles,CSC304,1,"Refuses to upload lecture notes or reference documents.. Also, Very poor punctuality; classes start whenever he feels like it., yet Test questions covered material that was never taught in class.",negative,"[[""Use of Teaching Materials"", ""negative""], [""Lecturer Punctuality"", ""negative""], [""Assessment and Grading"", ""negative""]]",synthetic
47,Dr. Faith,Machine Learning & Neural Nets,CSC408,4,"Responds promptly to student emails with helpful guidance., but Office hours are kept when requested in advance.",positive,"[[""Communication"", ""positive""], [""Availability"", ""neutral""]]",synthetic
48,Prof. Balogun,Operating Systems Principles,CSC304,4,"Listens attentively to student viewpoints and questions.; moreover, Explains complex concepts with clarity and precision.",positive,"[[""Student Interaction"", ""positive""], [""Teaching Clarity"", ""positive""]]",synthetic
49,Dr. Okafor,Data Structures and Algorithms,CSC201,3,Meeting the lecturer requires scheduling an appointment. Questions are entertained towards the final ten minutes of class. Session timing was generally maintained.,neutral,"[[""Availability"", ""neutral""], [""Student Interaction"", ""neutral""], [""Lecturer Punctuality"", ""neutral""]]",synthetic
50,Dr. Chukwu,Machine Learning & Neural Nets,CSC408,1,"Hostile classroom environment where students fear participating.. Furthermore, Grading rubrics are completely absent and marks appear random.",negative,"[[""Student Interaction"", ""negative""], [""Assessment and Grading"", ""negative""]]",synthetic
51,Dr. Okafor,Operating Systems Principles,CSC304,5,Listens attentively to student viewpoints and questions.,positive,"[[""Student Interaction"", ""positive""]]",synthetic
52,Dr. Pomele,Special Computing,CSC410,4,"Never misses a lecture and values students' scheduled time.. Also, Teaching materials are rich, up-to-date, and beautifully designed.",positive,"[[""Lecturer Punctuality"", ""positive""], [""Use of Teaching Materials"", ""positive""]]",synthetic
53,Dr. Okafor,Data Structures and Algorithms,CSC201,4,Breaks down difficult topics into digestible steps. and Grading criteria are explicit and applied equitably to all students.,positive,"[[""Teaching Clarity"", ""positive""], [""Assessment and Grading"", ""positive""]]",synthetic
54,Dr. Faith,Introduction to Computer Science,CSC101,1,"Grading is arbitrary, inconsistent, and unfairly penalized.. Also, Course outline was never provided and topics were disjointed., however, Discourages questions and dismisses student contributions rudely.",negative,"[[""Assessment and Grading"", ""negative""], [""Course Organisation"", ""negative""], [""Student Interaction"", ""negative""]]",synthetic
55,Dr. Pomele,Cloud Computing Architectures,CSC406,2,Lecture delivery is acceptable for introductory topics.,neutral,"[[""Teaching Clarity"", ""neutral""]]",synthetic
56,Dr. Faith,Operating Systems Principles,CSC304,4,Exemplary punctuality and regular attendance all semester.,positive,"[[""Lecturer Punctuality"", ""positive""]]",synthetic
57,Prof. Balogun,Special Computing,CSC410,3,"Poor communication; students were uninformed about test venues., but The explanations are articulate and straightforward to follow.",neutral,"[[""Communication"", ""negative""], [""Teaching Clarity"", ""positive""]]",synthetic
58,Prof. Balogun,Operating Systems Principles,CSC304,4,"Uses modern multimedia, projectors, and code examples effectively.; moreover, Keeps students well informed about assignment changes and events.",positive,"[[""Use of Teaching Materials"", ""positive""], [""Communication"", ""positive""]]",synthetic
59,Dr. Chukwu,Data Structures and Algorithms,CSC201,3,Available primarily during designated departmental consultation hours. Exam difficulty reflected the average level of past papers. Module sequence followed the assigned curriculum.,neutral,"[[""Availability"", ""neutral""], [""Assessment and Grading"", ""neutral""], [""Course Organisation"", ""neutral""]]",synthetic
60,Dr. Chukwu,Data Structures and Algorithms,CSC201,3,"Teaching materials are rich, up-to-date, and beautifully designed., though Discourages questions and dismisses student contributions rudely.",neutral,"[[""Use of Teaching Materials"", ""positive""], [""Student Interaction"", ""negative""]]",synthetic
61,Dr. Okafor,Machine Learning & Neural Nets,CSC408,4,"Never misses a lecture and values students' scheduled time.. Additionally, Every lecture explanation is logical and clear.",positive,"[[""Lecturer Punctuality"", ""positive""], [""Teaching Clarity"", ""positive""]]",synthetic
62,Dr. Okafor,Data Structures and Algorithms,CSC201,5,Consistently arrives early and utilizes the full lecture period.,positive,"[[""Lecturer Punctuality"", ""positive""]]",synthetic
63,Dr. (Mrs) Adeleke,Database Design & Management,CSC302,2,Email responses take two to three business days on average. Lectures started within reasonable university grace periods.,neutral,"[[""Communication"", ""neutral""], [""Lecturer Punctuality"", ""neutral""]]",synthetic
64,Dr. Pomele,Machine Learning & Neural Nets,CSC408,5,"Course is exceptionally organized and follows the syllabus perfectly.. Furthermore, Responds promptly to student emails with helpful guidance.",positive,"[[""Course Organisation"", ""positive""], [""Communication"", ""positive""]]",synthetic
65,Dr. Pomele,Data Structures and Algorithms,CSC201,3,Consultation is available within standard university hours. The explanations are standard and neither exciting nor unclear.,neutral,"[[""Availability"", ""neutral""], [""Teaching Clarity"", ""neutral""]]",synthetic
66,Dr. Pomele,Cloud Computing Architectures,CSC406,5,"Grading is fair, objective, and transparently communicated.",positive,"[[""Assessment and Grading"", ""positive""]]",synthetic
67,Dr. (Mrs) Adeleke,Cloud Computing Architectures,CSC406,2,Explanations are vague and leave too many unanswered gaps.,negative,"[[""Teaching Clarity"", ""negative""]]",synthetic
68,Prof. Balogun,Data Structures and Algorithms,CSC201,4,The explanations are articulate and straightforward to follow.,positive,"[[""Teaching Clarity"", ""positive""]]",synthetic
69,Dr. Chukwu,Data Science & Big Data,CSC412,4,"Uses practical analogies that simplify technical concepts., on the other hand, The course follows the institutional standard syllabus.",positive,"[[""Teaching Clarity"", ""positive""], [""Course Organisation"", ""neutral""]]",synthetic
70,Dr. Chukwu,Introduction to Computer Science,CSC101,4,Lecture slides cover only basic bullet points. Exam difficulty reflected the average level of past papers.,neutral,"[[""Use of Teaching Materials"", ""neutral""], [""Assessment and Grading"", ""neutral""]]",synthetic
71,Dr. Adeyemi,Special Computing,CSC410,3,"Always punctual and starts every class right on time.; moreover, Class announcements were relayed through the class representative., yet The syllabus pace was rushed heavily in the final weeks.",neutral,"[[""Lecturer Punctuality"", ""positive""], [""Communication"", ""neutral""], [""Course Organisation"", ""negative""]]",synthetic
72,Dr. Okafor,Machine Learning & Neural Nets,CSC408,1,Unavailable to provide guidance on term papers and projects.,negative,"[[""Availability"", ""negative""]]",synthetic
73,Dr. Pomele,Introduction to Computer Science,CSC101,1,"Arrives thirty to forty minutes behind schedule repeatedly.; moreover, Uses outdated, blurry, and handwritten materials from a decade ago. although Coverage of the syllabus was delivered as outlined.",negative,"[[""Lecturer Punctuality"", ""negative""], [""Use of Teaching Materials"", ""negative""], [""Teaching Clarity"", ""neutral""]]",synthetic
74,Dr. Adeyemi,Data Structures and Algorithms,CSC201,4,"Welcoming to students seeking help with difficult course projects.. Additionally, Professional and courteous communication across all channels.",positive,"[[""Availability"", ""positive""], [""Communication"", ""positive""]]",synthetic
75,Dr. Chukwu,Special Computing,CSC410,4,"Readily accessible and makes time to mentor struggling learners.. Also, Explains complex concepts with clarity and precision.",positive,"[[""Availability"", ""positive""], [""Teaching Clarity"", ""positive""]]",synthetic
76,Dr. (Mrs) Adeleke,Cloud Computing Architectures,CSC406,4,Curated readings and textbook recommendations are extremely helpful. and Exams were well-balanced and marked with complete fairness.,positive,"[[""Use of Teaching Materials"", ""positive""], [""Assessment and Grading"", ""positive""]]",synthetic
77,Dr. Chukwu,Database Design & Management,CSC302,4,"Course structure is cohesive and modules transition smoothly.. Additionally, Creates an engaging, dynamic, and interactive learning environment.",positive,"[[""Course Organisation"", ""positive""], [""Student Interaction"", ""positive""]]",synthetic
78,Dr. Adeyemi,Data Structures and Algorithms,CSC201,3,Standard course notices were shared periodically. Lecture delivery is acceptable for introductory topics.,neutral,"[[""Communication"", ""neutral""], [""Teaching Clarity"", ""neutral""]]",synthetic
79,Dr. Chukwu,Data Structures and Algorithms,CSC201,2,Ignores emails regarding coursework clarifications.,negative,"[[""Communication"", ""negative""]]",synthetic
80,Dr. Faith,Special Computing,CSC410,2,"Vague feedback on assignments; nobody knows why they lost marks.; moreover, Does not share lecture slides or study materials with the class.",negative,"[[""Assessment and Grading"", ""negative""], [""Use of Teaching Materials"", ""negative""]]",synthetic
81,Dr. Pomele,Cloud Computing Architectures,CSC406,4,"Encourages active classroom participation and welcoming debates.. Furthermore, Breaks down difficult topics into digestible steps.",positive,"[[""Student Interaction"", ""positive""], [""Teaching Clarity"", ""positive""]]",synthetic
82,Dr. Pomele,Machine Learning & Neural Nets,CSC408,5,"Curated readings and textbook recommendations are extremely helpful., but Attendance was generally consistent with occasional slight delays.",positive,"[[""Use of Teaching Materials"", ""positive""], [""Lecturer Punctuality"", ""neutral""]]",synthetic
83,Prof. Balogun,Operating Systems Principles,CSC304,4,"Welcoming to students seeking help with difficult course projects.. Furthermore, Fosters classroom interaction where everyone feels safe to speak., yet The explanations are articulate and straightforward to follow.",positive,"[[""Availability"", ""positive""], [""Student Interaction"", ""positive""], [""Teaching Clarity"", ""positive""]]",synthetic
84,Prof. Balogun,Database Design & Management,CSC302,4,Questions are entertained towards the final ten minutes of class. Attendance was generally consistent with occasional slight delays.,neutral,"[[""Student Interaction"", ""neutral""], [""Lecturer Punctuality"", ""neutral""]]",synthetic
85,Dr. Faith,Operating Systems Principles,CSC304,1,"Hostile classroom environment where students fear participating.. Furthermore, Complicates straightforward concepts unnecessarily., on the other hand, Grading is arbitrary, inconsistent, and unfairly penalized.",negative,"[[""Student Interaction"", ""negative""], [""Teaching Clarity"", ""negative""], [""Assessment and Grading"", ""negative""]]",synthetic
86,Dr. (Mrs) Adeleke,Data Science & Big Data,CSC412,4,"Uses modern multimedia, projectors, and code examples effectively.",positive,"[[""Use of Teaching Materials"", ""positive""]]",synthetic
87,Dr. Adeyemi,Cloud Computing Architectures,CSC406,2,"Unavailable to provide guidance on term papers and projects.; moreover, Continuous assessment scripts were never returned all semester.",negative,"[[""Availability"", ""negative""], [""Assessment and Grading"", ""negative""]]",synthetic
88,Dr. (Mrs) Adeleke,Database Design & Management,CSC302,5,"Uses practical analogies that simplify technical concepts. and Always available during office hours for student consultation., yet Provides comprehensive slides, reference materials, and handouts.",positive,"[[""Teaching Clarity"", ""positive""], [""Availability"", ""positive""], [""Use of Teaching Materials"", ""positive""]]",synthetic
89,Dr. Okafor,Machine Learning & Neural Nets,CSC408,4,Delivers structured and comprehensible lectures every time.,positive,"[[""Teaching Clarity"", ""positive""]]",synthetic
90,Dr. Faith,Cloud Computing Architectures,CSC406,4,"Returns test scores quickly with helpful correction notes.. Furthermore, Outstanding planning; topics progress logically and systematically.",positive,"[[""Assessment and Grading"", ""positive""], [""Course Organisation"", ""positive""]]",synthetic
91,Dr. Faith,Cloud Computing Architectures,CSC406,5,"Always available during office hours for student consultation.. Also, Never misses a lecture and values students' scheduled time.",positive,"[[""Availability"", ""positive""], [""Lecturer Punctuality"", ""positive""]]",synthetic
92,Dr. (Mrs) Adeleke,Data Science & Big Data,CSC412,2,"Unavailable to provide guidance on term papers and projects. and Announcements are confusing, contradictory, and last-minute., however, Missed multiple lecture sessions without making up the hours.",negative,"[[""Availability"", ""negative""], [""Communication"", ""negative""], [""Lecturer Punctuality"", ""negative""]]",synthetic
93,Dr. Pomele,Database Design & Management,CSC302,5,"Always available during office hours for student consultation.. Also, Explains complex concepts with clarity and precision., however, Professional and courteous communication across all channels.",positive,"[[""Availability"", ""positive""], [""Teaching Clarity"", ""positive""], [""Communication"", ""positive""]]",synthetic
94,Dr. Faith,Introduction to Computer Science,CSC101,4,"Grading criteria are explicit and applied equitably to all students.. Additionally, Keeps students well informed about assignment changes and events.",positive,"[[""Assessment and Grading"", ""positive""], [""Communication"", ""positive""]]",synthetic
95,Prof. Martins,Database Design & Management,CSC302,5,Office doors are always open for academic guidance.,positive,"[[""Availability"", ""positive""]]",synthetic
96,Prof. Martins,Introduction to Computer Science,CSC101,3,Communication was limited to official notice boards and portals. Consultation is available within standard university hours. Lectures are predominantly instructional with some Q&A.,neutral,"[[""Communication"", ""neutral""], [""Availability"", ""neutral""], [""Student Interaction"", ""neutral""]]",synthetic
97,Dr. Adeyemi,Database Design & Management,CSC302,1,"Course outline was never provided and topics were disjointed.; moreover, Teaching materials are riddled with typos, errors, and missing pages.",negative,"[[""Course Organisation"", ""negative""], [""Use of Teaching Materials"", ""negative""]]",synthetic
98,Dr. Chukwu,Data Science & Big Data,CSC412,1,Total lack of course organization throughout the entire semester.,negative,"[[""Course Organisation"", ""negative""]]",synthetic
99,Prof. Balogun,Operating Systems Principles,CSC304,1,Very poor punctuality; classes start whenever he feels like it.,negative,"[[""Lecturer Punctuality"", ""negative""]]",synthetic
100,Dr. Adeyemi,Introduction to Computer Science,CSC101,4,"Teaching materials are rich, up-to-date, and beautifully designed., though Class announcements were relayed through the class representative.",positive,"[[""Use of Teaching Materials"", ""positive""], [""Communication"", ""neutral""]]",synthetic
101,Dr. Adeyemi,Data Science & Big Data,CSC412,4,Provides detailed rubrics and constructive feedback on scripts.,positive,"[[""Assessment and Grading"", ""positive""]]",synthetic
102,Dr. Chukwu,Cloud Computing Architectures,CSC406,3,"Shares lecture notes well ahead of time on the student portal., yet Never available during posted office hours; doors always locked.",neutral,"[[""Use of Teaching Materials"", ""positive""], [""Availability"", ""negative""]]",synthetic
103,Dr. Faith,Data Structures and Algorithms,CSC201,2,"Total lack of course organization throughout the entire semester.. Additionally, Ignores emails regarding coursework clarifications., but Grading is arbitrary, inconsistent, and unfairly penalized.",negative,"[[""Course Organisation"", ""negative""], [""Communication"", ""negative""], [""Assessment and Grading"", ""negative""]]",synthetic
104,Dr. Okafor,Special Computing,CSC410,5,"Punctual arrival to 8 AM lectures without exception.; moreover, Course topics were addressed according to the departmental calendar., but Very approachable and willing to assist students after hours.",positive,"[[""Lecturer Punctuality"", ""positive""], [""Course Organisation"", ""neutral""], [""Availability"", ""positive""]]",synthetic
105,Prof. Martins,Cloud Computing Architectures,CSC406,3,"Grading is arbitrary, inconsistent, and unfairly penalized., on the other hand, Every lecture explanation is logical and clear.",neutral,"[[""Assessment and Grading"", ""negative""], [""Teaching Clarity"", ""positive""]]",synthetic
106,Dr. Okafor,Database Design & Management,CSC302,4,Clarifies every question thoroughly until we grasp the topic.,positive,"[[""Teaching Clarity"", ""positive""]]",synthetic
107,Dr. (Mrs) Adeleke,Data Science & Big Data,CSC412,1,Ignores emails regarding coursework clarifications. and Students cannot reach the lecturer for urgent academic inquiries.,negative,"[[""Communication"", ""negative""], [""Availability"", ""negative""]]",synthetic
108,Dr. Okafor,Data Structures and Algorithms,CSC201,3,Lecture slides cover only basic bullet points.,neutral,"[[""Use of Teaching Materials"", ""neutral""]]",synthetic
109,Dr. (Mrs) Adeleke,Data Structures and Algorithms,CSC201,4,The lecture schedule and weekly milestones are well planned.,positive,"[[""Course Organisation"", ""positive""]]",synthetic
110,Dr. Pomele,Cloud Computing Architectures,CSC406,4,Email responses take two to three business days on average. Session timing was generally maintained.,neutral,"[[""Communication"", ""neutral""], [""Lecturer Punctuality"", ""neutral""]]",synthetic
111,Dr. Adeyemi,Operating Systems Principles,CSC304,2,"Lacks structure; we jumped from chapter five back to chapter two.. Additionally, Class is a dull one-way monologue with zero student interaction., though Announcements are confusing, contradictory, and last-minute.",negative,"[[""Course Organisation"", ""negative""], [""Student Interaction"", ""negative""], [""Communication"", ""negative""]]",synthetic
112,Dr. Chukwu,Operating Systems Principles,CSC304,4,"Keeps students well informed about assignment changes and events.. Additionally, Consistently arrives early and utilizes the full lecture period.",positive,"[[""Communication"", ""positive""], [""Lecturer Punctuality"", ""positive""]]",synthetic
113,Dr. Adeyemi,Data Science & Big Data,CSC412,2,Disorganized scheduling; classes were shifted erratically.,negative,"[[""Course Organisation"", ""negative""]]",synthetic
114,Prof. Balogun,Special Computing,CSC410,3,Lectures are predominantly instructional with some Q&A. Assessments adhered to standard departmental grading scales.,neutral,"[[""Student Interaction"", ""neutral""], [""Assessment and Grading"", ""neutral""]]",synthetic
115,Prof. Balogun,Machine Learning & Neural Nets,CSC408,5,Never misses a lecture and values students' scheduled time.,positive,"[[""Lecturer Punctuality"", ""positive""]]",synthetic
116,Prof. Balogun,Data Science & Big Data,CSC412,1,"Ignores emails regarding coursework clarifications.. Furthermore, Fails to explain core principles clearly., though Grading is fair, objective, and transparently communicated.",negative,"[[""Communication"", ""negative""], [""Teaching Clarity"", ""negative""], [""Assessment and Grading"", ""positive""]]",synthetic
117,Prof. Balogun,Database Design & Management,CSC302,1,Grading rubrics are completely absent and marks appear random.,negative,"[[""Assessment and Grading"", ""negative""]]",synthetic
118,Dr. Okafor,Cloud Computing Architectures,CSC406,5,Never misses a lecture and values students' scheduled time.,positive,"[[""Lecturer Punctuality"", ""positive""]]",synthetic
119,Prof. Balogun,Cloud Computing Architectures,CSC406,3,Class announcements were relayed through the class representative. Class interaction was typical with occasional question sessions.,neutral,"[[""Communication"", ""neutral""], [""Student Interaction"", ""neutral""]]",synthetic
120,Dr. Okafor,Cloud Computing Architectures,CSC406,2,"Unavailable to provide guidance on term papers and projects.. Also, Missed multiple lecture sessions without making up the hours.",negative,"[[""Availability"", ""negative""], [""Lecturer Punctuality"", ""negative""]]",synthetic
121,Prof. Balogun,Data Science & Big Data,CSC412,2,Unavailable to provide guidance on term papers and projects. and Poor communication; students were uninformed about test venues.,negative,"[[""Availability"", ""negative""], [""Communication"", ""negative""]]",synthetic
122,Dr. Okafor,Operating Systems Principles,CSC304,3,Office hours are kept when requested in advance.,neutral,"[[""Availability"", ""neutral""]]",synthetic
123,Prof. Balogun,Machine Learning & Neural Nets,CSC408,2,"Uses outdated, blurry, and handwritten materials from a decade ago.",negative,"[[""Use of Teaching Materials"", ""negative""]]",synthetic
124,Dr. Faith,Operating Systems Principles,CSC304,5,"Communicates announcements clearly, proactively, and timely. and The explanations are articulate and straightforward to follow.",positive,"[[""Communication"", ""positive""], [""Teaching Clarity"", ""positive""]]",synthetic
125,Dr. Chukwu,Operating Systems Principles,CSC304,4,"Encourages active classroom participation and welcoming debates.; moreover, Continuous assessments directly test what was taught in class.",positive,"[[""Student Interaction"", ""positive""], [""Assessment and Grading"", ""positive""]]",synthetic
126,Dr. Adeyemi,Database Design & Management,CSC302,1,"The syllabus pace was rushed heavily in the final weeks.. Also, Teaching materials are riddled with typos, errors, and missing pages.",negative,"[[""Course Organisation"", ""negative""], [""Use of Teaching Materials"", ""negative""]]",synthetic
127,Prof. Balogun,Introduction to Computer Science,CSC101,5,"Outstanding planning; topics progress logically and systematically.. Furthermore, Dismissive and impatient when students approach for assistance., but Responds promptly to student emails with helpful guidance.",positive,"[[""Course Organisation"", ""positive""], [""Availability"", ""negative""], [""Communication"", ""positive""]]",synthetic
128,Dr. Faith,Machine Learning & Neural Nets,CSC408,1,Vague feedback on assignments; nobody knows why they lost marks.,negative,"[[""Assessment and Grading"", ""negative""]]",synthetic
129,Dr. (Mrs) Adeleke,Cloud Computing Architectures,CSC406,3,Course materials were shared according to standard faculty policy. Email responses take two to three business days on average.,neutral,"[[""Use of Teaching Materials"", ""neutral""], [""Communication"", ""neutral""]]",synthetic
130,Dr. Adeyemi,Data Structures and Algorithms,CSC201,4,"Always available during office hours for student consultation.. Also, Encourages active classroom participation and welcoming debates.",positive,"[[""Availability"", ""positive""], [""Student Interaction"", ""positive""]]",synthetic
131,Dr. Okafor,Data Structures and Algorithms,CSC201,4,Always available during office hours for student consultation.,positive,"[[""Availability"", ""positive""]]",synthetic
132,Dr. Okafor,Data Structures and Algorithms,CSC201,1,"Very poor punctuality; classes start whenever he feels like it., but Marks were computed according to normal university regulations.",negative,"[[""Lecturer Punctuality"", ""negative""], [""Assessment and Grading"", ""neutral""]]",synthetic
133,Prof. Martins,Data Science & Big Data,CSC412,3,Recommended textbooks are available in the university library.,neutral,"[[""Use of Teaching Materials"", ""neutral""]]",synthetic
134,Dr. Pomele,Database Design & Management,CSC302,1,"Poor communication; students were uninformed about test venues., though Lecture slides cover only basic bullet points.",negative,"[[""Communication"", ""negative""], [""Use of Teaching Materials"", ""neutral""]]",synthetic
135,Prof. Balogun,Cloud Computing Architectures,CSC406,2,Exam difficulty reflected the average level of past papers.,neutral,"[[""Assessment and Grading"", ""neutral""]]",synthetic
136,Dr. Adeyemi,Cloud Computing Architectures,CSC406,2,Class is a dull one-way monologue with zero student interaction. and Communication channel is disorganized and unreliable.,negative,"[[""Student Interaction"", ""negative""], [""Communication"", ""negative""]]",synthetic
137,Dr. Okafor,Database Design & Management,CSC302,5,"Exams were well-balanced and marked with complete fairness., but Course topics were addressed according to the departmental calendar.",positive,"[[""Assessment and Grading"", ""positive""], [""Course Organisation"", ""neutral""]]",synthetic
138,Dr. Okafor,Data Science & Big Data,CSC412,4,"Continuous assessments directly test what was taught in class., but Meeting the lecturer requires scheduling an appointment.",positive,"[[""Assessment and Grading"", ""positive""], [""Availability"", ""neutral""]]",synthetic
139,Dr. Faith,Database Design & Management,CSC302,2,"Never available during posted office hours; doors always locked.. Furthermore, Discourages questions and dismisses student contributions rudely., though Ignores emails regarding coursework clarifications.",negative,"[[""Availability"", ""negative""], [""Student Interaction"", ""negative""], [""Communication"", ""negative""]]",synthetic
140,Dr. Pomele,Data Structures and Algorithms,CSC201,2,Questions are entertained towards the final ten minutes of class. The syllabus pacing was fairly typical of university modules. Standard slide presentations were projected during lecture.,neutral,"[[""Student Interaction"", ""neutral""], [""Course Organisation"", ""neutral""], [""Use of Teaching Materials"", ""neutral""]]",synthetic
141,Dr. Adeyemi,Database Design & Management,CSC302,4,"The lecture schedule and weekly milestones are well planned.. Furthermore, Returns test scores quickly with helpful correction notes.",positive,"[[""Course Organisation"", ""positive""], [""Assessment and Grading"", ""positive""]]",synthetic
142,Dr. Faith,Data Science & Big Data,CSC412,5,"Clear verbal and written communication throughout the semester.. Furthermore, Clarifies every question thoroughly until we grasp the topic., but Exemplary punctuality and regular attendance all semester.",positive,"[[""Communication"", ""positive""], [""Teaching Clarity"", ""positive""], [""Lecturer Punctuality"", ""positive""]]",synthetic
143,Prof. Balogun,Data Science & Big Data,CSC412,2,Marks were computed according to normal university regulations. The explanations are standard and neither exciting nor unclear. Lecture slides cover only basic bullet points.,neutral,"[[""Assessment and Grading"", ""neutral""], [""Teaching Clarity"", ""neutral""], [""Use of Teaching Materials"", ""neutral""]]",synthetic
144,Dr. Adeyemi,Special Computing,CSC410,3,Session timing was generally maintained.,neutral,"[[""Lecturer Punctuality"", ""neutral""]]",synthetic
145,Dr. Faith,Machine Learning & Neural Nets,CSC408,3,"The explanations are articulate and straightforward to follow., on the other hand, Lacks structure; we jumped from chapter five back to chapter two.",neutral,"[[""Teaching Clarity"", ""positive""], [""Course Organisation"", ""negative""]]",synthetic
146,Dr. Faith,Special Computing,CSC410,3,Welcoming to students seeking help with difficult course projects. although Arrives thirty to forty minutes behind schedule repeatedly.,neutral,"[[""Availability"", ""positive""], [""Lecturer Punctuality"", ""negative""]]",synthetic
147,Prof. Balogun,Data Science & Big Data,CSC412,4,The explanations are articulate and straightforward to follow.,positive,"[[""Teaching Clarity"", ""positive""]]",synthetic
148,Prof. Balogun,Operating Systems Principles,CSC304,1,"Lacks pedagogical clarity; students leave the hall confused., however, Exam difficulty reflected the average level of past papers.",negative,"[[""Teaching Clarity"", ""negative""], [""Assessment and Grading"", ""neutral""]]",synthetic
149,Prof. Balogun,Database Design & Management,CSC302,1,"Vague feedback on assignments; nobody knows why they lost marks.. Additionally, Class is a dull one-way monologue with zero student interaction., but Fails to respond to student emails and academic inquiries.",negative,"[[""Assessment and Grading"", ""negative""], [""Student Interaction"", ""negative""], [""Communication"", ""negative""]]",synthetic
150,Dr. Okafor,Introduction to Computer Science,CSC101,1,"Fails to explain core principles clearly.. Also, Grading is arbitrary, inconsistent, and unfairly penalized., though Class is a dull one-way monologue with zero student interaction.",negative,"[[""Teaching Clarity"", ""negative""], [""Assessment and Grading"", ""negative""], [""Student Interaction"", ""negative""]]",synthetic
151,Dr. Pomele,Database Design & Management,CSC302,2,Ignores emails regarding coursework clarifications.,negative,"[[""Communication"", ""negative""]]",synthetic
152,Prof. Balogun,Operating Systems Principles,CSC304,5,"Curated readings and textbook recommendations are extremely helpful.. Additionally, Communicates announcements clearly, proactively, and timely., on the other hand, Always punctual and starts every class right on time.",positive,"[[""Use of Teaching Materials"", ""positive""], [""Communication"", ""positive""], [""Lecturer Punctuality"", ""positive""]]",synthetic
153,Prof. Balogun,Machine Learning & Neural Nets,CSC408,2,Poor communication; students were uninformed about test venues.,negative,"[[""Communication"", ""negative""]]",synthetic
154,Prof. Martins,Operating Systems Principles,CSC304,4,"Keeps students well informed about assignment changes and events.. Also, Never misses a lecture and values students' scheduled time.",positive,"[[""Communication"", ""positive""], [""Lecturer Punctuality"", ""positive""]]",synthetic
155,Dr. Chukwu,Data Science & Big Data,CSC412,5,Returns test scores quickly with helpful correction notes. and The explanations are articulate and straightforward to follow.,positive,"[[""Assessment and Grading"", ""positive""], [""Teaching Clarity"", ""positive""]]",synthetic
156,Dr. Faith,Data Science & Big Data,CSC412,3,Class announcements were relayed through the class representative. Two tests and one exam were administered as scheduled. Session timing was generally maintained.,neutral,"[[""Communication"", ""neutral""], [""Assessment and Grading"", ""neutral""], [""Lecturer Punctuality"", ""neutral""]]",synthetic
157,Dr. (Mrs) Adeleke,Database Design & Management,CSC302,4,"Grading criteria are explicit and applied equitably to all students.; moreover, Always available during office hours for student consultation., yet Lecture slides cover only basic bullet points.",positive,"[[""Assessment and Grading"", ""positive""], [""Availability"", ""positive""], [""Use of Teaching Materials"", ""neutral""]]",synthetic
158,Dr. Pomele,Machine Learning & Neural Nets,CSC408,5,"Never misses a lecture and values students' scheduled time., yet Available primarily during designated departmental consultation hours.",positive,"[[""Lecturer Punctuality"", ""positive""], [""Availability"", ""neutral""]]",synthetic
159,Dr. Adeyemi,Data Structures and Algorithms,CSC201,2,"Communication channel is disorganized and unreliable.. Furthermore, Refuses to upload lecture notes or reference documents., though Vague feedback on assignments; nobody knows why they lost marks.",negative,"[[""Communication"", ""negative""], [""Use of Teaching Materials"", ""negative""], [""Assessment and Grading"", ""negative""]]",synthetic
160,Dr. Faith,Data Science & Big Data,CSC412,4,"Punctual arrival to 8 AM lectures without exception.. Furthermore, Listens attentively to student viewpoints and questions., on the other hand, Curated readings and textbook recommendations are extremely helpful.",positive,"[[""Lecturer Punctuality"", ""positive""], [""Student Interaction"", ""positive""], [""Use of Teaching Materials"", ""positive""]]",synthetic
161,Dr. Pomele,Data Science & Big Data,CSC412,5,"Teaching materials are rich, up-to-date, and beautifully designed.. Furthermore, Always available during office hours for student consultation.",positive,"[[""Use of Teaching Materials"", ""positive""], [""Availability"", ""positive""]]",synthetic
162,Dr. (Mrs) Adeleke,Data Science & Big Data,CSC412,2,Communication was limited to official notice boards and portals. Course topics were addressed according to the departmental calendar.,neutral,"[[""Communication"", ""neutral""], [""Course Organisation"", ""neutral""]]",synthetic
163,Dr. Adeyemi,Special Computing,CSC410,4,"Very approachable and willing to assist students after hours.. Also, Outstanding planning; topics progress logically and systematically.",positive,"[[""Availability"", ""positive""], [""Course Organisation"", ""positive""]]",synthetic
164,Dr. Faith,Machine Learning & Neural Nets,CSC408,2,"Students cannot reach the lecturer for urgent academic inquiries.. Furthermore, Lacks structure; we jumped from chapter five back to chapter two.",negative,"[[""Availability"", ""negative""], [""Course Organisation"", ""negative""]]",synthetic
165,Prof. Balogun,Cloud Computing Architectures,CSC406,5,"Uses practical analogies that simplify technical concepts.. Additionally, Fosters classroom interaction where everyone feels safe to speak. although Provides comprehensive slides, reference materials, and handouts.",positive,"[[""Teaching Clarity"", ""positive""], [""Student Interaction"", ""positive""], [""Use of Teaching Materials"", ""positive""]]",synthetic
166,Dr. (Mrs) Adeleke,Machine Learning & Neural Nets,CSC408,4,Encourages active classroom participation and welcoming debates.,positive,"[[""Student Interaction"", ""positive""]]",synthetic
167,Dr. (Mrs) Adeleke,Cloud Computing Architectures,CSC406,5,"Uses modern multimedia, projectors, and code examples effectively.. Also, The timetable and course pace are managed impeccably.",positive,"[[""Use of Teaching Materials"", ""positive""], [""Course Organisation"", ""positive""]]",synthetic
168,Prof. Martins,Operating Systems Principles,CSC304,2,"Disorganized scheduling; classes were shifted erratically.; moreover, Test questions covered material that was never taught in class., yet Teaching materials are rich, up-to-date, and beautifully designed.",negative,"[[""Course Organisation"", ""negative""], [""Assessment and Grading"", ""negative""], [""Use of Teaching Materials"", ""positive""]]",synthetic
169,Prof. Balogun,Cloud Computing Architectures,CSC406,2,"Communication channel is disorganized and unreliable.. Additionally, Disorganized scheduling; classes were shifted erratically., on the other hand, Intimidates students and ridicules genuine questions in class.",negative,"[[""Communication"", ""negative""], [""Course Organisation"", ""negative""], [""Student Interaction"", ""negative""]]",synthetic
170,Dr. Faith,Introduction to Computer Science,CSC101,4,"The explanations are articulate and straightforward to follow. and Provides comprehensive slides, reference materials, and handouts.",positive,"[[""Teaching Clarity"", ""positive""], [""Use of Teaching Materials"", ""positive""]]",synthetic
171,Dr. Pomele,Cloud Computing Architectures,CSC406,5,"Encourages active classroom participation and welcoming debates.. Also, Continuous assessments directly test what was taught in class.",positive,"[[""Student Interaction"", ""positive""], [""Assessment and Grading"", ""positive""]]",synthetic
172,Dr. Chukwu,Data Science & Big Data,CSC412,3,Available primarily during designated departmental consultation hours. Questions are entertained towards the final ten minutes of class.,neutral,"[[""Availability"", ""neutral""], [""Student Interaction"", ""neutral""]]",synthetic
173,Prof. Balogun,Operating Systems Principles,CSC304,1,"Announcements are confusing, contradictory, and last-minute. and Unavailable to provide guidance on term papers and projects., however, Grading is arbitrary, inconsistent, and unfairly penalized.",negative,"[[""Communication"", ""negative""], [""Availability"", ""negative""], [""Assessment and Grading"", ""negative""]]",synthetic
174,Dr. (Mrs) Adeleke,Data Structures and Algorithms,CSC201,5,Returns test scores quickly with helpful correction notes.,positive,"[[""Assessment and Grading"", ""positive""]]",synthetic
175,Dr. Chukwu,Cloud Computing Architectures,CSC406,1,"Students cannot reach the lecturer for urgent academic inquiries.. Also, Zero supplementary learning materials provided throughout the course., though Grading is arbitrary, inconsistent, and unfairly penalized.",negative,"[[""Availability"", ""negative""], [""Use of Teaching Materials"", ""negative""], [""Assessment and Grading"", ""negative""]]",synthetic
176,Dr. Pomele,Operating Systems Principles,CSC304,5,"Every lecture explanation is logical and clear.; moreover, Readily accessible and makes time to mentor struggling learners., yet Punctual arrival to 8 AM lectures without exception.",positive,"[[""Teaching Clarity"", ""positive""], [""Availability"", ""positive""], [""Lecturer Punctuality"", ""positive""]]",synthetic
177,Dr. Okafor,Introduction to Computer Science,CSC101,4,"Maintains a clear course outline from week one to final exams.. Furthermore, Teaching materials are rich, up-to-date, and beautifully designed.",positive,"[[""Course Organisation"", ""positive""], [""Use of Teaching Materials"", ""positive""]]",synthetic
178,Dr. Okafor,Data Structures and Algorithms,CSC201,4,"Never misses a lecture and values students' scheduled time.. Furthermore, Welcoming to students seeking help with difficult course projects.",positive,"[[""Lecturer Punctuality"", ""positive""], [""Availability"", ""positive""]]",synthetic
179,Prof. Balogun,Database Design & Management,CSC302,1,"Never available during posted office hours; doors always locked.. Furthermore, Refuses to upload lecture notes or reference documents.",negative,"[[""Availability"", ""negative""], [""Use of Teaching Materials"", ""negative""]]",synthetic
180,Dr. Faith,Machine Learning & Neural Nets,CSC408,1,"Zero supplementary learning materials provided throughout the course.. Also, Vague feedback on assignments; nobody knows why they lost marks.",negative,"[[""Use of Teaching Materials"", ""negative""], [""Assessment and Grading"", ""negative""]]",synthetic
181,Dr. Chukwu,Data Science & Big Data,CSC412,3,Questions are entertained towards the final ten minutes of class. Course materials were shared according to standard faculty policy. Assessments adhered to standard departmental grading scales.,neutral,"[[""Student Interaction"", ""neutral""], [""Use of Teaching Materials"", ""neutral""], [""Assessment and Grading"", ""neutral""]]",synthetic
182,Prof. Balogun,Data Science & Big Data,CSC412,5,"Readily accessible and makes time to mentor struggling learners. and Clear verbal and written communication throughout the semester., on the other hand, Consistently arrives early and utilizes the full lecture period.",positive,"[[""Availability"", ""positive""], [""Communication"", ""positive""], [""Lecturer Punctuality"", ""positive""]]",synthetic
183,Dr. Okafor,Introduction to Computer Science,CSC101,5,Always punctual and starts every class right on time. and Professional and courteous communication across all channels.,positive,"[[""Lecturer Punctuality"", ""positive""], [""Communication"", ""positive""]]",synthetic
184,Prof. Martins,Special Computing,CSC410,2,Refuses to upload lecture notes or reference documents. and Habitually late to lectures and wastes valuable class time.,negative,"[[""Use of Teaching Materials"", ""negative""], [""Lecturer Punctuality"", ""negative""]]",synthetic
185,Prof. Martins,Special Computing,CSC410,3,Marks were computed according to normal university regulations. Explanations are moderate and aligned with the course guide.,neutral,"[[""Assessment and Grading"", ""neutral""], [""Teaching Clarity"", ""neutral""]]",synthetic
186,Dr. Okafor,Machine Learning & Neural Nets,CSC408,3,The syllabus pacing was fairly typical of university modules.,neutral,"[[""Course Organisation"", ""neutral""]]",synthetic
187,Dr. (Mrs) Adeleke,Data Structures and Algorithms,CSC201,1,"Test questions covered material that was never taught in class.. Furthermore, Discourages questions and dismisses student contributions rudely., but Welcoming to students seeking help with difficult course projects.",negative,"[[""Assessment and Grading"", ""negative""], [""Student Interaction"", ""negative""], [""Availability"", ""positive""]]",synthetic
188,Dr. Faith,Machine Learning & Neural Nets,CSC408,3,Interaction level was standard for a large lecture hall.,neutral,"[[""Student Interaction"", ""neutral""]]",synthetic
189,Dr. Adeyemi,Operating Systems Principles,CSC304,1,Test questions covered material that was never taught in class.,negative,"[[""Assessment and Grading"", ""negative""]]",synthetic
190,Dr. Chukwu,Machine Learning & Neural Nets,CSC408,4,Consultation is available within standard university hours.,neutral,"[[""Availability"", ""neutral""]]",synthetic
191,Dr. Pomele,Special Computing,CSC410,1,"Missed multiple lecture sessions without making up the hours.; moreover, Uses dense jargon without breaking down fundamentals.",negative,"[[""Lecturer Punctuality"", ""negative""], [""Teaching Clarity"", ""negative""]]",synthetic
192,Dr. Pomele,Data Science & Big Data,CSC412,2,Session timing was generally maintained. Course topics were addressed according to the departmental calendar.,neutral,"[[""Lecturer Punctuality"", ""neutral""], [""Course Organisation"", ""neutral""]]",synthetic
193,Dr. Chukwu,Database Design & Management,CSC302,2,"Uses outdated, blurry, and handwritten materials from a decade ago. and Completely unengaging; ignores students raising hands.",negative,"[[""Use of Teaching Materials"", ""negative""], [""Student Interaction"", ""negative""]]",synthetic
194,Dr. Adeyemi,Database Design & Management,CSC302,3,Course topics were addressed according to the departmental calendar. Lecture delivery is acceptable for introductory topics. Office hours are kept when requested in advance.,neutral,"[[""Course Organisation"", ""neutral""], [""Teaching Clarity"", ""neutral""], [""Availability"", ""neutral""]]",synthetic
195,Dr. (Mrs) Adeleke,Database Design & Management,CSC302,1,Missed multiple lecture sessions without making up the hours.,negative,"[[""Lecturer Punctuality"", ""negative""]]",synthetic
196,Dr. Okafor,Data Structures and Algorithms,CSC201,2,Completely unengaging; ignores students raising hands. and Frequently cancels lectures without giving prior notice.,negative,"[[""Student Interaction"", ""negative""], [""Lecturer Punctuality"", ""negative""]]",synthetic
197,Dr. Okafor,Machine Learning & Neural Nets,CSC408,1,"Total lack of course organization throughout the entire semester., yet Lectures follow the textbook explanations adequately.",negative,"[[""Course Organisation"", ""negative""], [""Teaching Clarity"", ""neutral""]]",synthetic
198,Dr. Chukwu,Machine Learning & Neural Nets,CSC408,2,Vague feedback on assignments; nobody knows why they lost marks.,negative,"[[""Assessment and Grading"", ""negative""]]",synthetic
199,Dr. Chukwu,Database Design & Management,CSC302,3,"Fosters classroom interaction where everyone feels safe to speak., however, Habitually late to lectures and wastes valuable class time.",neutral,"[[""Student Interaction"", ""positive""], [""Lecturer Punctuality"", ""negative""]]",synthetic
200,Prof. Martins,Operating Systems Principles,CSC304,4,"Always punctual and starts every class right on time.; moreover, Listens attentively to student viewpoints and questions.",positive,"[[""Lecturer Punctuality"", ""positive""], [""Student Interaction"", ""positive""]]",synthetic
201,Dr. Faith,Operating Systems Principles,CSC304,4,Responds promptly to student emails with helpful guidance.,positive,"[[""Communication"", ""positive""]]",synthetic
202,Dr. Chukwu,Special Computing,CSC410,4,"Breaks down difficult topics into digestible steps.; moreover, Course structure is cohesive and modules transition smoothly.",positive,"[[""Teaching Clarity"", ""positive""], [""Course Organisation"", ""positive""]]",synthetic
203,Dr. Okafor,Introduction to Computer Science,CSC101,3,Always punctual and starts every class right on time. although Never available during posted office hours; doors always locked.,neutral,"[[""Lecturer Punctuality"", ""positive""], [""Availability"", ""negative""]]",synthetic
204,Prof. Balogun,Database Design & Management,CSC302,2,Two tests and one exam were administered as scheduled.,neutral,"[[""Assessment and Grading"", ""neutral""]]",synthetic
205,Dr. Pomele,Machine Learning & Neural Nets,CSC408,2,Grading rubrics are completely absent and marks appear random.,negative,"[[""Assessment and Grading"", ""negative""]]",synthetic
206,Prof. Balogun,Special Computing,CSC410,5,"Listens attentively to student viewpoints and questions.. Additionally, Shares lecture notes well ahead of time on the student portal., however, Readily accessible and makes time to mentor struggling learners.",positive,"[[""Student Interaction"", ""positive""], [""Use of Teaching Materials"", ""positive""], [""Availability"", ""positive""]]",synthetic
207,Prof. Martins,Machine Learning & Neural Nets,CSC408,3,Lecture delivery is acceptable for introductory topics. Office hours are kept when requested in advance. Session timing was generally maintained.,neutral,"[[""Teaching Clarity"", ""neutral""], [""Availability"", ""neutral""], [""Lecturer Punctuality"", ""neutral""]]",synthetic
208,Dr. Faith,Machine Learning & Neural Nets,CSC408,3,The course follows the institutional standard syllabus. Attendance was generally consistent with occasional slight delays.,neutral,"[[""Course Organisation"", ""neutral""], [""Lecturer Punctuality"", ""neutral""]]",synthetic
209,Dr. Chukwu,Machine Learning & Neural Nets,CSC408,4,"Brilliant teaching clarity; makes challenging algorithms look simple., though Interaction level was standard for a large lecture hall.",positive,"[[""Teaching Clarity"", ""positive""], [""Student Interaction"", ""neutral""]]",synthetic
210,Dr. Faith,Introduction to Computer Science,CSC101,4,Course topics were addressed according to the departmental calendar. Standard course notices were shared periodically. Attendance was generally consistent with occasional slight delays.,neutral,"[[""Course Organisation"", ""neutral""], [""Communication"", ""neutral""], [""Lecturer Punctuality"", ""neutral""]]",synthetic
211,Dr. Pomele,Database Design & Management,CSC302,4,Clear verbal and written communication throughout the semester. and Exams were well-balanced and marked with complete fairness.,positive,"[[""Communication"", ""positive""], [""Assessment and Grading"", ""positive""]]",synthetic
212,Dr. Faith,Database Design & Management,CSC302,2,"Class is a dull one-way monologue with zero student interaction.. Also, Explanations are confusing and lack structure.",negative,"[[""Student Interaction"", ""negative""], [""Teaching Clarity"", ""negative""]]",synthetic
213,Prof. Martins,Machine Learning & Neural Nets,CSC408,4,Consistently arrives early and utilizes the full lecture period.,positive,"[[""Lecturer Punctuality"", ""positive""]]",synthetic
214,Dr. Pomele,Database Design & Management,CSC302,4,"Teaching materials are riddled with typos, errors, and missing pages.; moreover, Responds promptly to student emails with helpful guidance. although Treats every student with dignity, patience, and respect.",positive,"[[""Use of Teaching Materials"", ""negative""], [""Communication"", ""positive""], [""Student Interaction"", ""positive""]]",synthetic
215,Dr. Adeyemi,Special Computing,CSC410,3,"Every lecture explanation is logical and clear. and Class interaction was typical with occasional question sessions., on the other hand, Refuses to upload lecture notes or reference documents.",neutral,"[[""Teaching Clarity"", ""positive""], [""Student Interaction"", ""neutral""], [""Use of Teaching Materials"", ""negative""]]",synthetic
216,Dr. (Mrs) Adeleke,Data Structures and Algorithms,CSC201,5,Fosters classroom interaction where everyone feels safe to speak.,positive,"[[""Student Interaction"", ""positive""]]",synthetic
217,Dr. Okafor,Machine Learning & Neural Nets,CSC408,3,Questions are entertained towards the final ten minutes of class. Standard slide presentations were projected during lecture.,neutral,"[[""Student Interaction"", ""neutral""], [""Use of Teaching Materials"", ""neutral""]]",synthetic
218,Dr. Faith,Cloud Computing Architectures,CSC406,2,Consultation is available within standard university hours.,neutral,"[[""Availability"", ""neutral""]]",synthetic
219,Prof. Balogun,Data Science & Big Data,CSC412,3,Recommended textbooks are available in the university library. Consultation is available within standard university hours. The course follows the institutional standard syllabus.,neutral,"[[""Use of Teaching Materials"", ""neutral""], [""Availability"", ""neutral""], [""Course Organisation"", ""neutral""]]",synthetic
220,Dr. Chukwu,Data Science & Big Data,CSC412,3,"Uses outdated, blurry, and handwritten materials from a decade ago., on the other hand, Delivers structured and comprehensible lectures every time.",neutral,"[[""Use of Teaching Materials"", ""negative""], [""Teaching Clarity"", ""positive""]]",synthetic
221,Dr. Okafor,Data Science & Big Data,CSC412,5,"Provides comprehensive slides, reference materials, and handouts.",positive,"[[""Use of Teaching Materials"", ""positive""]]",synthetic
222,Prof. Martins,Special Computing,CSC410,2,"Ignores emails regarding coursework clarifications.; moreover, Difficult to follow what the lecturer is trying to convey., though Module sequence followed the assigned curriculum.",negative,"[[""Communication"", ""negative""], [""Teaching Clarity"", ""negative""], [""Course Organisation"", ""neutral""]]",synthetic
223,Dr. Adeyemi,Cloud Computing Architectures,CSC406,4,"Responds promptly to student emails with helpful guidance.; moreover, Delivers structured and comprehensible lectures every time.",positive,"[[""Communication"", ""positive""], [""Teaching Clarity"", ""positive""]]",synthetic
224,Dr. Okafor,Database Design & Management,CSC302,4,"Curated readings and textbook recommendations are extremely helpful.. Furthermore, Never misses a lecture and values students' scheduled time.",positive,"[[""Use of Teaching Materials"", ""positive""], [""Lecturer Punctuality"", ""positive""]]",synthetic
225,Dr. Pomele,Data Science & Big Data,CSC412,4,"The timetable and course pace are managed impeccably.. Also, Makes abstract ideas very easy to understand., but Provides detailed rubrics and constructive feedback on scripts.",positive,"[[""Course Organisation"", ""positive""], [""Teaching Clarity"", ""positive""], [""Assessment and Grading"", ""positive""]]",synthetic
226,Dr. Pomele,Special Computing,CSC410,4,"Very approachable and willing to assist students after hours.; moreover, Brilliant teaching clarity; makes challenging algorithms look simple.",positive,"[[""Availability"", ""positive""], [""Teaching Clarity"", ""positive""]]",synthetic
227,Dr. Okafor,Data Science & Big Data,CSC412,2,Disorganized scheduling; classes were shifted erratically.,negative,"[[""Course Organisation"", ""negative""]]",synthetic
228,Dr. Pomele,Special Computing,CSC410,2,Course topics were addressed according to the departmental calendar. Communication was limited to official notice boards and portals.,neutral,"[[""Course Organisation"", ""neutral""], [""Communication"", ""neutral""]]",synthetic
229,Prof. Martins,Cloud Computing Architectures,CSC406,4,"Very approachable and willing to assist students after hours.. Also, Never misses a lecture and values students' scheduled time.",positive,"[[""Availability"", ""positive""], [""Lecturer Punctuality"", ""positive""]]",synthetic
230,Prof. Balogun,Data Science & Big Data,CSC412,2,Very poor punctuality; classes start whenever he feels like it. and Ignores emails regarding coursework clarifications.,negative,"[[""Lecturer Punctuality"", ""negative""], [""Communication"", ""negative""]]",synthetic
231,Dr. Okafor,Machine Learning & Neural Nets,CSC408,5,"Keeps students well informed about assignment changes and events.. Furthermore, Listens attentively to student viewpoints and questions., though Readily accessible and makes time to mentor struggling learners.",positive,"[[""Communication"", ""positive""], [""Student Interaction"", ""positive""], [""Availability"", ""positive""]]",synthetic
232,Dr. (Mrs) Adeleke,Introduction to Computer Science,CSC101,4,"Listens attentively to student viewpoints and questions.. Also, Continuous assessments directly test what was taught in class.",positive,"[[""Student Interaction"", ""positive""], [""Assessment and Grading"", ""positive""]]",synthetic
233,Dr. Chukwu,Machine Learning & Neural Nets,CSC408,2,Attendance was generally consistent with occasional slight delays. Available primarily during designated departmental consultation hours.,neutral,"[[""Lecturer Punctuality"", ""neutral""], [""Availability"", ""neutral""]]",synthetic
234,Dr. (Mrs) Adeleke,Introduction to Computer Science,CSC101,1,"Course outline was never provided and topics were disjointed.. Additionally, Class is a dull one-way monologue with zero student interaction., yet Arrives thirty to forty minutes behind schedule repeatedly.",negative,"[[""Course Organisation"", ""negative""], [""Student Interaction"", ""negative""], [""Lecturer Punctuality"", ""negative""]]",synthetic
235,Dr. (Mrs) Adeleke,Data Structures and Algorithms,CSC201,4,"Creates an engaging, dynamic, and interactive learning environment.; moreover, Readily accessible and makes time to mentor struggling learners.",positive,"[[""Student Interaction"", ""positive""], [""Availability"", ""positive""]]",synthetic
236,Dr. Faith,Data Science & Big Data,CSC412,1,"Fails to respond to student emails and academic inquiries.. Additionally, Total lack of course organization throughout the entire semester.",negative,"[[""Communication"", ""negative""], [""Course Organisation"", ""negative""]]",synthetic
237,Dr. Adeyemi,Operating Systems Principles,CSC304,5,Readily accessible and makes time to mentor struggling learners.,positive,"[[""Availability"", ""positive""]]",synthetic
238,Prof. Balogun,Data Structures and Algorithms,CSC201,3,Marks were computed according to normal university regulations. Standard slide presentations were projected during lecture.,neutral,"[[""Assessment and Grading"", ""neutral""], [""Use of Teaching Materials"", ""neutral""]]",synthetic
239,Dr. Adeyemi,Operating Systems Principles,CSC304,4,Provides detailed rubrics and constructive feedback on scripts.,positive,"[[""Assessment and Grading"", ""positive""]]",synthetic
240,Dr. (Mrs) Adeleke,Introduction to Computer Science,CSC101,1,The syllabus pace was rushed heavily in the final weeks. and Frequently cancels lectures without giving prior notice.,negative,"[[""Course Organisation"", ""negative""], [""Lecturer Punctuality"", ""negative""]]",synthetic
241,Prof. Balogun,Special Computing,CSC410,4,"Continuous assessments directly test what was taught in class.; moreover, Keeps students well informed about assignment changes and events.",positive,"[[""Assessment and Grading"", ""positive""], [""Communication"", ""positive""]]",synthetic
242,Dr. Faith,Data Structures and Algorithms,CSC201,2,Grading rubrics are completely absent and marks appear random. and Module sequence followed the assigned curriculum. although Ignores emails regarding coursework clarifications.,negative,"[[""Assessment and Grading"", ""negative""], [""Course Organisation"", ""neutral""], [""Communication"", ""negative""]]",synthetic
243,Dr. Pomele,Introduction to Computer Science,CSC101,1,"Lacks structure; we jumped from chapter five back to chapter two.. Additionally, Very approachable and willing to assist students after hours., on the other hand, Difficult to follow what the lecturer is trying to convey.",negative,"[[""Course Organisation"", ""negative""], [""Availability"", ""positive""], [""Teaching Clarity"", ""negative""]]",synthetic
244,Dr. Chukwu,Operating Systems Principles,CSC304,4,Communication was limited to official notice boards and portals. Exam difficulty reflected the average level of past papers.,neutral,"[[""Communication"", ""neutral""], [""Assessment and Grading"", ""neutral""]]",synthetic
245,Prof. Martins,Data Science & Big Data,CSC412,4,"Exemplary punctuality and regular attendance all semester.. Additionally, Returns test scores quickly with helpful correction notes.",positive,"[[""Lecturer Punctuality"", ""positive""], [""Assessment and Grading"", ""positive""]]",synthetic
246,Dr. Chukwu,Cloud Computing Architectures,CSC406,2,"Uses outdated, blurry, and handwritten materials from a decade ago.. Also, Ignores emails regarding coursework clarifications.",negative,"[[""Use of Teaching Materials"", ""negative""], [""Communication"", ""negative""]]",synthetic
247,Prof. Balogun,Cloud Computing Architectures,CSC406,2,Explanations are moderate and aligned with the course guide. Questions are entertained towards the final ten minutes of class. Two tests and one exam were administered as scheduled.,neutral,"[[""Teaching Clarity"", ""neutral""], [""Student Interaction"", ""neutral""], [""Assessment and Grading"", ""neutral""]]",synthetic
248,Dr. Chukwu,Data Structures and Algorithms,CSC201,3,Lectures are predominantly instructional with some Q&A. Communication was limited to official notice boards and portals.,neutral,"[[""Student Interaction"", ""neutral""], [""Communication"", ""neutral""]]",synthetic
249,Dr. Faith,Special Computing,CSC410,1,"Never available during posted office hours; doors always locked.. Additionally, Lacks structure; we jumped from chapter five back to chapter two.",negative,"[[""Availability"", ""negative""], [""Course Organisation"", ""negative""]]",synthetic
250,Dr. Pomele,Data Science & Big Data,CSC412,1,"Ignores emails regarding coursework clarifications. and Unavailable to provide guidance on term papers and projects., yet Coverage of the syllabus was delivered as outlined.",negative,"[[""Communication"", ""negative""], [""Availability"", ""negative""], [""Teaching Clarity"", ""neutral""]]",synthetic
251,Dr. Adeyemi,Database Design & Management,CSC302,4,Course topics were addressed according to the departmental calendar. Interaction level was standard for a large lecture hall.,neutral,"[[""Course Organisation"", ""neutral""], [""Student Interaction"", ""neutral""]]",synthetic
252,Prof. Martins,Operating Systems Principles,CSC304,5,"Always punctual and starts every class right on time.. Also, Fosters classroom interaction where everyone feels safe to speak.",positive,"[[""Lecturer Punctuality"", ""positive""], [""Student Interaction"", ""positive""]]",synthetic
253,Dr. Pomele,Database Design & Management,CSC302,3,"Virtually impossible to locate outside scheduled lecture hours., though Encourages active classroom participation and welcoming debates.",neutral,"[[""Availability"", ""negative""], [""Student Interaction"", ""positive""]]",synthetic
254,Prof. Martins,Cloud Computing Architectures,CSC406,2,Standard course notices were shared periodically.,neutral,"[[""Communication"", ""neutral""]]",synthetic
255,Dr. Pomele,Cloud Computing Architectures,CSC406,4,"Encourages active classroom participation and welcoming debates.. Also, Exemplary punctuality and regular attendance all semester.",positive,"[[""Student Interaction"", ""positive""], [""Lecturer Punctuality"", ""positive""]]",synthetic
256,Prof. Balogun,Data Structures and Algorithms,CSC201,4,The syllabus pacing was fairly typical of university modules. Class announcements were relayed through the class representative.,neutral,"[[""Course Organisation"", ""neutral""], [""Communication"", ""neutral""]]",synthetic
257,Dr. Faith,Operating Systems Principles,CSC304,4,"Exemplary punctuality and regular attendance all semester. and Curated readings and textbook recommendations are extremely helpful., but Continuous assessment scripts were never returned all semester.",positive,"[[""Lecturer Punctuality"", ""positive""], [""Use of Teaching Materials"", ""positive""], [""Assessment and Grading"", ""negative""]]",synthetic
258,Dr. Okafor,Data Structures and Algorithms,CSC201,2,"Grading is arbitrary, inconsistent, and unfairly penalized.",negative,"[[""Assessment and Grading"", ""negative""]]",synthetic
259,Prof. Martins,Introduction to Computer Science,CSC101,4,"Welcoming to students seeking help with difficult course projects.. Furthermore, Maintains a clear course outline from week one to final exams., but Grading criteria are explicit and applied equitably to all students.",positive,"[[""Availability"", ""positive""], [""Course Organisation"", ""positive""], [""Assessment and Grading"", ""positive""]]",synthetic
260,Dr. Faith,Machine Learning & Neural Nets,CSC408,5,"The lecture schedule and weekly milestones are well planned.; moreover, Responds promptly to student emails with helpful guidance.",positive,"[[""Course Organisation"", ""positive""], [""Communication"", ""positive""]]",synthetic
261,Dr. Okafor,Data Structures and Algorithms,CSC201,3,Standard course notices were shared periodically.,neutral,"[[""Communication"", ""neutral""]]",synthetic
262,Dr. Adeyemi,Data Structures and Algorithms,CSC201,1,The course is poorly organized with no clear syllabus.,negative,"[[""Course Organisation"", ""negative""]]",synthetic
263,Prof. Balogun,Database Design & Management,CSC302,2,"Vague feedback on assignments; nobody knows why they lost marks.. Furthermore, Attendance was generally consistent with occasional slight delays. although Total lack of course organization throughout the entire semester.",negative,"[[""Assessment and Grading"", ""negative""], [""Lecturer Punctuality"", ""neutral""], [""Course Organisation"", ""negative""]]",synthetic
264,Dr. (Mrs) Adeleke,Operating Systems Principles,CSC304,1,"Lacks structure; we jumped from chapter five back to chapter two.. Furthermore, Lacks pedagogical clarity; students leave the hall confused., however, Refuses to upload lecture notes or reference documents.",negative,"[[""Course Organisation"", ""negative""], [""Teaching Clarity"", ""negative""], [""Use of Teaching Materials"", ""negative""]]",synthetic
265,Dr. Faith,Data Science & Big Data,CSC412,3,Available primarily during designated departmental consultation hours. Interaction level was standard for a large lecture hall.,neutral,"[[""Availability"", ""neutral""], [""Student Interaction"", ""neutral""]]",synthetic
266,Dr. Chukwu,Introduction to Computer Science,CSC101,2,The explanations are standard and neither exciting nor unclear. Lectures are predominantly instructional with some Q&A.,neutral,"[[""Teaching Clarity"", ""neutral""], [""Student Interaction"", ""neutral""]]",synthetic
267,Dr. Faith,Data Science & Big Data,CSC412,3,The course follows the institutional standard syllabus. Consultation is available within standard university hours.,neutral,"[[""Course Organisation"", ""neutral""], [""Availability"", ""neutral""]]",synthetic
268,Dr. Chukwu,Cloud Computing Architectures,CSC406,1,"Hostile classroom environment where students fear participating.. Also, Grading is arbitrary, inconsistent, and unfairly penalized., however, Available primarily during designated departmental consultation hours.",negative,"[[""Student Interaction"", ""negative""], [""Assessment and Grading"", ""negative""], [""Availability"", ""neutral""]]",synthetic
269,Dr. Chukwu,Special Computing,CSC410,2,"Intimidates students and ridicules genuine questions in class.; moreover, Very poor punctuality; classes start whenever he feels like it.",negative,"[[""Student Interaction"", ""negative""], [""Lecturer Punctuality"", ""negative""]]",synthetic
270,Dr. Adeyemi,Machine Learning & Neural Nets,CSC408,4,"Exemplary punctuality and regular attendance all semester.. Also, Encourages active classroom participation and welcoming debates.",positive,"[[""Lecturer Punctuality"", ""positive""], [""Student Interaction"", ""positive""]]",synthetic
271,Dr. Okafor,Introduction to Computer Science,CSC101,4,Fosters classroom interaction where everyone feels safe to speak.,positive,"[[""Student Interaction"", ""positive""]]",synthetic
272,Prof. Martins,Machine Learning & Neural Nets,CSC408,2,Test questions covered material that was never taught in class.,negative,"[[""Assessment and Grading"", ""negative""]]",synthetic
273,Dr. Pomele,Database Design & Management,CSC302,1,Continuous assessment scripts were never returned all semester.,negative,"[[""Assessment and Grading"", ""negative""]]",synthetic
274,Prof. Balogun,Special Computing,CSC410,5,"Readily accessible and makes time to mentor struggling learners. and Teaching materials are rich, up-to-date, and beautifully designed., yet Delivers structured and comprehensible lectures every time.",positive,"[[""Availability"", ""positive""], [""Use of Teaching Materials"", ""positive""], [""Teaching Clarity"", ""positive""]]",synthetic
275,Prof. Martins,Database Design & Management,CSC302,2,"The course is poorly organized with no clear syllabus., but Available primarily during designated departmental consultation hours.",negative,"[[""Course Organisation"", ""negative""], [""Availability"", ""neutral""]]",synthetic
276,Dr. (Mrs) Adeleke,Special Computing,CSC410,3,Assessments adhered to standard departmental grading scales. Module sequence followed the assigned curriculum.,neutral,"[[""Assessment and Grading"", ""neutral""], [""Course Organisation"", ""neutral""]]",synthetic
277,Dr. Faith,Database Design & Management,CSC302,4,Email responses take two to three business days on average. Assessments adhered to standard departmental grading scales.,neutral,"[[""Communication"", ""neutral""], [""Assessment and Grading"", ""neutral""]]",synthetic
278,Prof. Martins,Special Computing,CSC410,2,Lectures follow the textbook explanations adequately.,neutral,"[[""Teaching Clarity"", ""neutral""]]",synthetic
279,Dr. Pomele,Machine Learning & Neural Nets,CSC408,5,"Shares lecture notes well ahead of time on the student portal.; moreover, Uses practical analogies that simplify technical concepts.",positive,"[[""Use of Teaching Materials"", ""positive""], [""Teaching Clarity"", ""positive""]]",synthetic
280,Prof. Balogun,Data Structures and Algorithms,CSC201,1,"Zero supplementary learning materials provided throughout the course.. Furthermore, Class is a dull one-way monologue with zero student interaction.",negative,"[[""Use of Teaching Materials"", ""negative""], [""Student Interaction"", ""negative""]]",synthetic
281,Dr. Okafor,Operating Systems Principles,CSC304,1,Fails to respond to student emails and academic inquiries.,negative,"[[""Communication"", ""negative""]]",synthetic
282,Dr. Chukwu,Special Computing,CSC410,1,"Never available during posted office hours; doors always locked.. Also, Explanations are confusing and lack structure., but Course outline was never provided and topics were disjointed.",negative,"[[""Availability"", ""negative""], [""Teaching Clarity"", ""negative""], [""Course Organisation"", ""negative""]]",synthetic
283,Dr. Chukwu,Introduction to Computer Science,CSC101,4,Class announcements were relayed through the class representative. Lecturer arrives roughly on time for most scheduled classes.,neutral,"[[""Communication"", ""neutral""], [""Lecturer Punctuality"", ""neutral""]]",synthetic
284,Dr. Chukwu,Cloud Computing Architectures,CSC406,2,Complicates straightforward concepts unnecessarily.,negative,"[[""Teaching Clarity"", ""negative""]]",synthetic
285,Dr. Pomele,Machine Learning & Neural Nets,CSC408,5,"Listens attentively to student viewpoints and questions.; moreover, Communicates announcements clearly, proactively, and timely., but Uses modern multimedia, projectors, and code examples effectively.",positive,"[[""Student Interaction"", ""positive""], [""Communication"", ""positive""], [""Use of Teaching Materials"", ""positive""]]",synthetic
286,Prof. Martins,Data Science & Big Data,CSC412,5,"Keeps students well informed about assignment changes and events.. Additionally, Consistently arrives early and utilizes the full lecture period.",positive,"[[""Communication"", ""positive""], [""Lecturer Punctuality"", ""positive""]]",synthetic
287,Dr. Pomele,Data Structures and Algorithms,CSC201,5,"The timetable and course pace are managed impeccably. and Provides comprehensive slides, reference materials, and handouts. although Announcements are confusing, contradictory, and last-minute.",positive,"[[""Course Organisation"", ""positive""], [""Use of Teaching Materials"", ""positive""], [""Communication"", ""negative""]]",synthetic
288,Dr. Chukwu,Database Design & Management,CSC302,2,Office hours are kept when requested in advance. Assessments adhered to standard departmental grading scales.,neutral,"[[""Availability"", ""neutral""], [""Assessment and Grading"", ""neutral""]]",synthetic
289,Dr. Faith,Data Structures and Algorithms,CSC201,3,Course topics were addressed according to the departmental calendar.,neutral,"[[""Course Organisation"", ""neutral""]]",synthetic
290,Dr. Okafor,Special Computing,CSC410,3,Lectures started within reasonable university grace periods. The course follows the institutional standard syllabus. Interaction level was standard for a large lecture hall.,neutral,"[[""Lecturer Punctuality"", ""neutral""], [""Course Organisation"", ""neutral""], [""Student Interaction"", ""neutral""]]",synthetic
291,Dr. Adeyemi,Special Computing,CSC410,3,Standard slide presentations were projected during lecture.,neutral,"[[""Use of Teaching Materials"", ""neutral""]]",synthetic
292,Dr. Okafor,Data Science & Big Data,CSC412,2,"Uses dense jargon without breaking down fundamentals.. Also, The syllabus pace was rushed heavily in the final weeks., however, Never available during posted office hours; doors always locked.",negative,"[[""Teaching Clarity"", ""negative""], [""Course Organisation"", ""negative""], [""Availability"", ""negative""]]",synthetic
293,Dr. Pomele,Machine Learning & Neural Nets,CSC408,3,"Exams were unreasonably difficult and far beyond the syllabus., yet The explanations are articulate and straightforward to follow.",neutral,"[[""Assessment and Grading"", ""negative""], [""Teaching Clarity"", ""positive""]]",synthetic
294,Dr. Okafor,Data Structures and Algorithms,CSC201,5,"Treats every student with dignity, patience, and respect.",positive,"[[""Student Interaction"", ""positive""]]",synthetic
295,Dr. Chukwu,Special Computing,CSC410,1,"Poor communication; students were uninformed about test venues.. Furthermore, Very poor punctuality; classes start whenever he feels like it., but Dismissive and impatient when students approach for assistance.",negative,"[[""Communication"", ""negative""], [""Lecturer Punctuality"", ""negative""], [""Availability"", ""negative""]]",synthetic
296,Dr. Okafor,Introduction to Computer Science,CSC101,1,"Students cannot reach the lecturer for urgent academic inquiries.; moreover, Complicates straightforward concepts unnecessarily. although Lectures started within reasonable university grace periods.",negative,"[[""Availability"", ""negative""], [""Teaching Clarity"", ""negative""], [""Lecturer Punctuality"", ""neutral""]]",synthetic
297,Dr. Chukwu,Introduction to Computer Science,CSC101,4,"Provides detailed rubrics and constructive feedback on scripts.. Also, The timetable and course pace are managed impeccably.",positive,"[[""Assessment and Grading"", ""positive""], [""Course Organisation"", ""positive""]]",synthetic
298,Prof. Martins,Database Design & Management,CSC302,3,Session timing was generally maintained. Interaction level was standard for a large lecture hall.,neutral,"[[""Lecturer Punctuality"", ""neutral""], [""Student Interaction"", ""neutral""]]",synthetic
299,Dr. Okafor,Data Structures and Algorithms,CSC201,2,Habitually late to lectures and wastes valuable class time.,negative,"[[""Lecturer Punctuality"", ""negative""]]",synthetic
300,Prof. Balogun,Special Computing,CSC410,5,"Consistently arrives early and utilizes the full lecture period. and Creates an engaging, dynamic, and interactive learning environment., on the other hand, Course topics were addressed according to the departmental calendar.",positive,"[[""Lecturer Punctuality"", ""positive""], [""Student Interaction"", ""positive""], [""Course Organisation"", ""neutral""]]",synthetic
301,Prof. Balogun,Data Science & Big Data,CSC412,4,"Creates an engaging, dynamic, and interactive learning environment.. Additionally, Very approachable and willing to assist students after hours.",positive,"[[""Student Interaction"", ""positive""], [""Availability"", ""positive""]]",synthetic
302,Prof. Martins,Database Design & Management,CSC302,2,"Announcements are confusing, contradictory, and last-minute.. Also, Total lack of course organization throughout the entire semester.",negative,"[[""Communication"", ""negative""], [""Course Organisation"", ""negative""]]",synthetic
303,Dr. Okafor,Cloud Computing Architectures,CSC406,4,"Fosters classroom interaction where everyone feels safe to speak.. Furthermore, Curated readings and textbook recommendations are extremely helpful., though Meeting the lecturer requires scheduling an appointment.",positive,"[[""Student Interaction"", ""positive""], [""Use of Teaching Materials"", ""positive""], [""Availability"", ""neutral""]]",synthetic
304,Prof. Balogun,Introduction to Computer Science,CSC101,3,Exam difficulty reflected the average level of past papers. Standard course notices were shared periodically. Lectures follow the textbook explanations adequately.,neutral,"[[""Assessment and Grading"", ""neutral""], [""Communication"", ""neutral""], [""Teaching Clarity"", ""neutral""]]",synthetic
305,Dr. Faith,Introduction to Computer Science,CSC101,3,"Fails to respond to student emails and academic inquiries., yet Grading criteria are explicit and applied equitably to all students.",neutral,"[[""Communication"", ""negative""], [""Assessment and Grading"", ""positive""]]",synthetic
306,Dr. Chukwu,Cloud Computing Architectures,CSC406,2,"Intimidates students and ridicules genuine questions in class.. Furthermore, Exams were unreasonably difficult and far beyond the syllabus.",negative,"[[""Student Interaction"", ""negative""], [""Assessment and Grading"", ""negative""]]",synthetic
307,Dr. Adeyemi,Data Structures and Algorithms,CSC201,4,"Breaks down difficult topics into digestible steps.. Also, Marks were computed according to normal university regulations., on the other hand, Standard slide presentations were projected during lecture.",positive,"[[""Teaching Clarity"", ""positive""], [""Assessment and Grading"", ""neutral""], [""Use of Teaching Materials"", ""neutral""]]",synthetic
308,Dr. Chukwu,Special Computing,CSC410,5,"Grading is fair, objective, and transparently communicated.; moreover, Very approachable and willing to assist students after hours., though Punctual arrival to 8 AM lectures without exception.",positive,"[[""Assessment and Grading"", ""positive""], [""Availability"", ""positive""], [""Lecturer Punctuality"", ""positive""]]",synthetic
309,Dr. Faith,Machine Learning & Neural Nets,CSC408,2,Hostile classroom environment where students fear participating.,negative,"[[""Student Interaction"", ""negative""]]",synthetic
310,Prof. Balogun,Special Computing,CSC410,4,The timetable and course pace are managed impeccably.,positive,"[[""Course Organisation"", ""positive""]]",synthetic
311,Dr. Adeyemi,Introduction to Computer Science,CSC101,2,"Grading is arbitrary, inconsistent, and unfairly penalized.",negative,"[[""Assessment and Grading"", ""negative""]]",synthetic
312,Dr. Pomele,Data Science & Big Data,CSC412,4,"Curated readings and textbook recommendations are extremely helpful.. Furthermore, Exemplary punctuality and regular attendance all semester., yet Keeps students well informed about assignment changes and events.",positive,"[[""Use of Teaching Materials"", ""positive""], [""Lecturer Punctuality"", ""positive""], [""Communication"", ""positive""]]",synthetic
313,Dr. (Mrs) Adeleke,Machine Learning & Neural Nets,CSC408,5,Always punctual and starts every class right on time. although Class interaction was typical with occasional question sessions.,positive,"[[""Lecturer Punctuality"", ""positive""], [""Student Interaction"", ""neutral""]]",synthetic
314,Dr. Faith,Operating Systems Principles,CSC304,2,"Completely unengaging; ignores students raising hands.; moreover, Teaching materials are riddled with typos, errors, and missing pages.",negative,"[[""Student Interaction"", ""negative""], [""Use of Teaching Materials"", ""negative""]]",synthetic
315,Dr. Pomele,Data Structures and Algorithms,CSC201,2,Fails to explain core principles clearly.,negative,"[[""Teaching Clarity"", ""negative""]]",synthetic
316,Dr. (Mrs) Adeleke,Data Science & Big Data,CSC412,3,Two tests and one exam were administered as scheduled.,neutral,"[[""Assessment and Grading"", ""neutral""]]",synthetic
317,Dr. Chukwu,Special Computing,CSC410,5,"Treats every student with dignity, patience, and respect.",positive,"[[""Student Interaction"", ""positive""]]",synthetic
318,Dr. Adeyemi,Database Design & Management,CSC302,2,Discourages questions and dismisses student contributions rudely.,negative,"[[""Student Interaction"", ""negative""]]",synthetic
319,Dr. Chukwu,Special Computing,CSC410,4,Returns test scores quickly with helpful correction notes.,positive,"[[""Assessment and Grading"", ""positive""]]",synthetic
320,Dr. Adeyemi,Data Science & Big Data,CSC412,4,"Professional and courteous communication across all channels.. Furthermore, Never misses a lecture and values students' scheduled time., on the other hand, Grading rubrics are completely absent and marks appear random.",positive,"[[""Communication"", ""positive""], [""Lecturer Punctuality"", ""positive""], [""Assessment and Grading"", ""negative""]]",synthetic
321,Dr. Chukwu,Special Computing,CSC410,4,"Professional and courteous communication across all channels.. Also, Shares lecture notes well ahead of time on the student portal., yet Disorganized scheduling; classes were shifted erratically.",positive,"[[""Communication"", ""positive""], [""Use of Teaching Materials"", ""positive""], [""Course Organisation"", ""negative""]]",synthetic
322,Prof. Martins,Introduction to Computer Science,CSC101,4,Course materials were shared according to standard faculty policy. Lectures are predominantly instructional with some Q&A.,neutral,"[[""Use of Teaching Materials"", ""neutral""], [""Student Interaction"", ""neutral""]]",synthetic
323,Dr. Faith,Data Science & Big Data,CSC412,2,"Completely unengaging; ignores students raising hands.; moreover, Fails to respond to student emails and academic inquiries.",negative,"[[""Student Interaction"", ""negative""], [""Communication"", ""negative""]]",synthetic
324,Dr. Pomele,Data Science & Big Data,CSC412,2,"Completely unengaging; ignores students raising hands.. Furthermore, The course is poorly organized with no clear syllabus.",negative,"[[""Student Interaction"", ""negative""], [""Course Organisation"", ""negative""]]",synthetic
325,Dr. Okafor,Introduction to Computer Science,CSC101,5,Shares lecture notes well ahead of time on the student portal.,positive,"[[""Use of Teaching Materials"", ""positive""]]",synthetic
326,Prof. Balogun,Machine Learning & Neural Nets,CSC408,1,"Class is a dull one-way monologue with zero student interaction.; moreover, Communication channel is disorganized and unreliable., on the other hand, Explanations are vague and leave too many unanswered gaps.",negative,"[[""Student Interaction"", ""negative""], [""Communication"", ""negative""], [""Teaching Clarity"", ""negative""]]",synthetic
327,Prof. Martins,Database Design & Management,CSC302,5,"Always available during office hours for student consultation.. Furthermore, Responds promptly to student emails with helpful guidance. although Treats every student with dignity, patience, and respect.",positive,"[[""Availability"", ""positive""], [""Communication"", ""positive""], [""Student Interaction"", ""positive""]]",synthetic
328,Dr. Pomele,Introduction to Computer Science,CSC101,1,"Explanations are confusing and lack structure.. Furthermore, Class is a dull one-way monologue with zero student interaction.",negative,"[[""Teaching Clarity"", ""negative""], [""Student Interaction"", ""negative""]]",synthetic
329,Dr. Pomele,Introduction to Computer Science,CSC101,2,Consultation is available within standard university hours. Standard course notices were shared periodically.,neutral,"[[""Availability"", ""neutral""], [""Communication"", ""neutral""]]",synthetic
330,Dr. (Mrs) Adeleke,Database Design & Management,CSC302,1,"Zero supplementary learning materials provided throughout the course. and Grading is arbitrary, inconsistent, and unfairly penalized.",negative,"[[""Use of Teaching Materials"", ""negative""], [""Assessment and Grading"", ""negative""]]",synthetic
331,Dr. Pomele,Machine Learning & Neural Nets,CSC408,5,"Shares lecture notes well ahead of time on the student portal.. Also, Uses practical analogies that simplify technical concepts.",positive,"[[""Use of Teaching Materials"", ""positive""], [""Teaching Clarity"", ""positive""]]",synthetic
332,Prof. Martins,Introduction to Computer Science,CSC101,3,Session timing was generally maintained. Coverage of the syllabus was delivered as outlined.,neutral,"[[""Lecturer Punctuality"", ""neutral""], [""Teaching Clarity"", ""neutral""]]",synthetic
333,Dr. (Mrs) Adeleke,Special Computing,CSC410,4,"Always available during office hours for student consultation.. Furthermore, Punctual arrival to 8 AM lectures without exception. although Creates an engaging, dynamic, and interactive learning environment.",positive,"[[""Availability"", ""positive""], [""Lecturer Punctuality"", ""positive""], [""Student Interaction"", ""positive""]]",synthetic
334,Dr. Pomele,Database Design & Management,CSC302,1,"Vague feedback on assignments; nobody knows why they lost marks.. Also, Zero supplementary learning materials provided throughout the course. although Complicates straightforward concepts unnecessarily.",negative,"[[""Assessment and Grading"", ""negative""], [""Use of Teaching Materials"", ""negative""], [""Teaching Clarity"", ""negative""]]",synthetic
335,Prof. Balogun,Introduction to Computer Science,CSC101,1,Dismissive and impatient when students approach for assistance.,negative,"[[""Availability"", ""negative""]]",synthetic
336,Dr. Pomele,Machine Learning & Neural Nets,CSC408,4,The timetable and course pace are managed impeccably. and Punctual arrival to 8 AM lectures without exception.,positive,"[[""Course Organisation"", ""positive""], [""Lecturer Punctuality"", ""positive""]]",synthetic
337,Dr. Adeyemi,Introduction to Computer Science,CSC101,5,"Treats every student with dignity, patience, and respect.. Additionally, Consultation is available within standard university hours., however, Returns test scores quickly with helpful correction notes.",positive,"[[""Student Interaction"", ""positive""], [""Availability"", ""neutral""], [""Assessment and Grading"", ""positive""]]",synthetic
338,Dr. Adeyemi,Cloud Computing Architectures,CSC406,2,"Grading is arbitrary, inconsistent, and unfairly penalized.. Furthermore, Uses outdated, blurry, and handwritten materials from a decade ago.",negative,"[[""Assessment and Grading"", ""negative""], [""Use of Teaching Materials"", ""negative""]]",synthetic
339,Dr. Adeyemi,Data Structures and Algorithms,CSC201,2,Hostile classroom environment where students fear participating.,negative,"[[""Student Interaction"", ""negative""]]",synthetic
340,Dr. Chukwu,Data Structures and Algorithms,CSC201,1,Habitually late to lectures and wastes valuable class time.,negative,"[[""Lecturer Punctuality"", ""negative""]]",synthetic
341,Dr. Okafor,Introduction to Computer Science,CSC101,1,"Frequently cancels lectures without giving prior notice.. Additionally, The course is poorly organized with no clear syllabus.",negative,"[[""Lecturer Punctuality"", ""negative""], [""Course Organisation"", ""negative""]]",synthetic
342,Dr. Adeyemi,Cloud Computing Architectures,CSC406,1,"Students cannot reach the lecturer for urgent academic inquiries.. Also, Grading rubrics are completely absent and marks appear random., yet Arrives thirty to forty minutes behind schedule repeatedly.",negative,"[[""Availability"", ""negative""], [""Assessment and Grading"", ""negative""], [""Lecturer Punctuality"", ""negative""]]",synthetic
343,Prof. Martins,Introduction to Computer Science,CSC101,4,"Treats every student with dignity, patience, and respect.. Also, Lecture delivery is acceptable for introductory topics. although Course is exceptionally organized and follows the syllabus perfectly.",positive,"[[""Student Interaction"", ""positive""], [""Teaching Clarity"", ""neutral""], [""Course Organisation"", ""positive""]]",synthetic
344,Dr. Pomele,Operating Systems Principles,CSC304,2,"Explanations are confusing and lack structure.; moreover, Meeting the lecturer requires scheduling an appointment., though Does not share lecture slides or study materials with the class.",negative,"[[""Teaching Clarity"", ""negative""], [""Availability"", ""neutral""], [""Use of Teaching Materials"", ""negative""]]",synthetic
345,Dr. Faith,Cloud Computing Architectures,CSC406,2,"Rushes through difficult slides without proper explanation.; moreover, Continuous assessment scripts were never returned all semester.",negative,"[[""Teaching Clarity"", ""negative""], [""Assessment and Grading"", ""negative""]]",synthetic
346,Dr. Adeyemi,Operating Systems Principles,CSC304,5,"Course is exceptionally organized and follows the syllabus perfectly.. Furthermore, Returns test scores quickly with helpful correction notes.",positive,"[[""Course Organisation"", ""positive""], [""Assessment and Grading"", ""positive""]]",synthetic
347,Prof. Balogun,Introduction to Computer Science,CSC101,5,"Office doors are always open for academic guidance.. Additionally, The timetable and course pace are managed impeccably.",positive,"[[""Availability"", ""positive""], [""Course Organisation"", ""positive""]]",synthetic
348,Dr. Okafor,Introduction to Computer Science,CSC101,3,Module sequence followed the assigned curriculum.,neutral,"[[""Course Organisation"", ""neutral""]]",synthetic
349,Dr. Adeyemi,Data Science & Big Data,CSC412,2,"The syllabus pace was rushed heavily in the final weeks.. Also, Continuous assessment scripts were never returned all semester.",negative,"[[""Course Organisation"", ""negative""], [""Assessment and Grading"", ""negative""]]",synthetic
350,Dr. Adeyemi,Special Computing,CSC410,5,"Delivers structured and comprehensible lectures every time.. Furthermore, Encourages active classroom participation and welcoming debates. although Assessments adhered to standard departmental grading scales.",positive,"[[""Teaching Clarity"", ""positive""], [""Student Interaction"", ""positive""], [""Assessment and Grading"", ""neutral""]]",synthetic
351,Prof. Balogun,Database Design & Management,CSC302,4,"Welcoming to students seeking help with difficult course projects.. Additionally, Ignores emails regarding coursework clarifications. although Uses practical analogies that simplify technical concepts.",positive,"[[""Availability"", ""positive""], [""Communication"", ""negative""], [""Teaching Clarity"", ""positive""]]",synthetic
352,Prof. Martins,Operating Systems Principles,CSC304,3,The explanations are standard and neither exciting nor unclear.,neutral,"[[""Teaching Clarity"", ""neutral""]]",synthetic
353,Dr. (Mrs) Adeleke,Operating Systems Principles,CSC304,4,"Shares lecture notes well ahead of time on the student portal.. Additionally, The timetable and course pace are managed impeccably., yet Very approachable and willing to assist students after hours.",positive,"[[""Use of Teaching Materials"", ""positive""], [""Course Organisation"", ""positive""], [""Availability"", ""positive""]]",synthetic
354,Dr. (Mrs) Adeleke,Operating Systems Principles,CSC304,2,Virtually impossible to locate outside scheduled lecture hours.,negative,"[[""Availability"", ""negative""]]",synthetic
355,Dr. Adeyemi,Database Design & Management,CSC302,5,Never misses a lecture and values students' scheduled time. although Standard slide presentations were projected during lecture.,positive,"[[""Lecturer Punctuality"", ""positive""], [""Use of Teaching Materials"", ""neutral""]]",synthetic
356,Dr. (Mrs) Adeleke,Data Structures and Algorithms,CSC201,5,"Maintains a clear course outline from week one to final exams.. Additionally, Encourages active classroom participation and welcoming debates., yet Punctual arrival to 8 AM lectures without exception.",positive,"[[""Course Organisation"", ""positive""], [""Student Interaction"", ""positive""], [""Lecturer Punctuality"", ""positive""]]",synthetic
357,Dr. (Mrs) Adeleke,Data Science & Big Data,CSC412,3,Lecture slides cover only basic bullet points. Coverage of the syllabus was delivered as outlined.,neutral,"[[""Use of Teaching Materials"", ""neutral""], [""Teaching Clarity"", ""neutral""]]",synthetic
358,Dr. Okafor,Data Structures and Algorithms,CSC201,4,Fosters classroom interaction where everyone feels safe to speak.,positive,"[[""Student Interaction"", ""positive""]]",synthetic
359,Dr. Pomele,Data Science & Big Data,CSC412,2,"Frequently cancels lectures without giving prior notice.. Also, Fails to respond to student emails and academic inquiries., on the other hand, Hostile classroom environment where students fear participating.",negative,"[[""Lecturer Punctuality"", ""negative""], [""Communication"", ""negative""], [""Student Interaction"", ""negative""]]",synthetic
360,Dr. (Mrs) Adeleke,Database Design & Management,CSC302,5,Exemplary punctuality and regular attendance all semester.,positive,"[[""Lecturer Punctuality"", ""positive""]]",synthetic
361,Dr. Adeyemi,Database Design & Management,CSC302,2,Vague feedback on assignments; nobody knows why they lost marks.,negative,"[[""Assessment and Grading"", ""negative""]]",synthetic
362,Dr. Pomele,Data Science & Big Data,CSC412,2,Session timing was generally maintained. The explanations are standard and neither exciting nor unclear.,neutral,"[[""Lecturer Punctuality"", ""neutral""], [""Teaching Clarity"", ""neutral""]]",synthetic
363,Prof. Balogun,Introduction to Computer Science,CSC101,4,Fosters classroom interaction where everyone feels safe to speak.,positive,"[[""Student Interaction"", ""positive""]]",synthetic
364,Dr. (Mrs) Adeleke,Data Structures and Algorithms,CSC201,3,"Grading criteria are explicit and applied equitably to all students., yet Very poor punctuality; classes start whenever he feels like it.",neutral,"[[""Assessment and Grading"", ""positive""], [""Lecturer Punctuality"", ""negative""]]",synthetic
365,Prof. Martins,Cloud Computing Architectures,CSC406,4,"Returns test scores quickly with helpful correction notes.; moreover, Delivers structured and comprehensible lectures every time.",positive,"[[""Assessment and Grading"", ""positive""], [""Teaching Clarity"", ""positive""]]",synthetic
366,Dr. Faith,Operating Systems Principles,CSC304,3,"Announcements are confusing, contradictory, and last-minute., on the other hand, Grading criteria are explicit and applied equitably to all students.",neutral,"[[""Communication"", ""negative""], [""Assessment and Grading"", ""positive""]]",synthetic
367,Dr. Faith,Database Design & Management,CSC302,2,Never available during posted office hours; doors always locked.,negative,"[[""Availability"", ""negative""]]",synthetic
368,Dr. Adeyemi,Database Design & Management,CSC302,3,Lecture slides cover only basic bullet points. Consultation is available within standard university hours. Lectures are predominantly instructional with some Q&A.,neutral,"[[""Use of Teaching Materials"", ""neutral""], [""Availability"", ""neutral""], [""Student Interaction"", ""neutral""]]",synthetic
369,Dr. Okafor,Data Science & Big Data,CSC412,5,"Uses practical analogies that simplify technical concepts.. Also, Responds promptly to student emails with helpful guidance.",positive,"[[""Teaching Clarity"", ""positive""], [""Communication"", ""positive""]]",synthetic
370,Dr. Okafor,Cloud Computing Architectures,CSC406,2,Virtually impossible to locate outside scheduled lecture hours. and The syllabus pace was rushed heavily in the final weeks.,negative,"[[""Availability"", ""negative""], [""Course Organisation"", ""negative""]]",synthetic
371,Dr. Faith,Operating Systems Principles,CSC304,1,"Unavailable to provide guidance on term papers and projects.; moreover, Poor communication; students were uninformed about test venues.",negative,"[[""Availability"", ""negative""], [""Communication"", ""negative""]]",synthetic
372,Dr. Pomele,Special Computing,CSC410,4,Course materials were shared according to standard faculty policy.,neutral,"[[""Use of Teaching Materials"", ""neutral""]]",synthetic
373,Dr. Faith,Introduction to Computer Science,CSC101,4,"Continuous assessments directly test what was taught in class.. Additionally, Communicates announcements clearly, proactively, and timely.",positive,"[[""Assessment and Grading"", ""positive""], [""Communication"", ""positive""]]",synthetic
374,Dr. Pomele,Operating Systems Principles,CSC304,3,"Continuous assessment scripts were never returned all semester., however, The timetable and course pace are managed impeccably.",neutral,"[[""Assessment and Grading"", ""negative""], [""Course Organisation"", ""positive""]]",synthetic
375,Prof. Martins,Special Computing,CSC410,2,"Difficult to follow what the lecturer is trying to convey.. Also, Completely unengaging; ignores students raising hands., on the other hand, Fails to respond to student emails and academic inquiries.",negative,"[[""Teaching Clarity"", ""negative""], [""Student Interaction"", ""negative""], [""Communication"", ""negative""]]",synthetic
376,Dr. Adeyemi,Cloud Computing Architectures,CSC406,2,"Grading is arbitrary, inconsistent, and unfairly penalized.. Also, Arrives thirty to forty minutes behind schedule repeatedly., though Dismissive and impatient when students approach for assistance.",negative,"[[""Assessment and Grading"", ""negative""], [""Lecturer Punctuality"", ""negative""], [""Availability"", ""negative""]]",synthetic
377,Dr. Okafor,Data Structures and Algorithms,CSC201,2,Communication channel is disorganized and unreliable.,negative,"[[""Communication"", ""negative""]]",synthetic
378,Prof. Balogun,Special Computing,CSC410,4,"The timetable and course pace are managed impeccably.. Also, Punctual arrival to 8 AM lectures without exception.",positive,"[[""Course Organisation"", ""positive""], [""Lecturer Punctuality"", ""positive""]]",synthetic
379,Dr. Okafor,Data Structures and Algorithms,CSC201,2,"Habitually late to lectures and wastes valuable class time., however, Assessments adhered to standard departmental grading scales.",negative,"[[""Lecturer Punctuality"", ""negative""], [""Assessment and Grading"", ""neutral""]]",synthetic
380,Dr. Adeyemi,Operating Systems Principles,CSC304,2,Intimidates students and ridicules genuine questions in class.,negative,"[[""Student Interaction"", ""negative""]]",synthetic
381,Dr. (Mrs) Adeleke,Special Computing,CSC410,5,Makes abstract ideas very easy to understand. and Curated readings and textbook recommendations are extremely helpful.,positive,"[[""Teaching Clarity"", ""positive""], [""Use of Teaching Materials"", ""positive""]]",synthetic
382,Dr. Chukwu,Machine Learning & Neural Nets,CSC408,4,Listens attentively to student viewpoints and questions. and Punctual arrival to 8 AM lectures without exception.,positive,"[[""Student Interaction"", ""positive""], [""Lecturer Punctuality"", ""positive""]]",synthetic
383,Dr. Adeyemi,Special Computing,CSC410,2,"Disorganized scheduling; classes were shifted erratically.. Additionally, Continuous assessment scripts were never returned all semester.",negative,"[[""Course Organisation"", ""negative""], [""Assessment and Grading"", ""negative""]]",synthetic
384,Dr. Okafor,Operating Systems Principles,CSC304,1,"Very poor punctuality; classes start whenever he feels like it.. Furthermore, Total lack of course organization throughout the entire semester.",negative,"[[""Lecturer Punctuality"", ""negative""], [""Course Organisation"", ""negative""]]",synthetic
385,Dr. Okafor,Database Design & Management,CSC302,4,"Returns test scores quickly with helpful correction notes.; moreover, Brilliant teaching clarity; makes challenging algorithms look simple.",positive,"[[""Assessment and Grading"", ""positive""], [""Teaching Clarity"", ""positive""]]",synthetic
386,Dr. Faith,Machine Learning & Neural Nets,CSC408,5,"Clear verbal and written communication throughout the semester., on the other hand, Course topics were addressed according to the departmental calendar.",positive,"[[""Communication"", ""positive""], [""Course Organisation"", ""neutral""]]",synthetic
387,Dr. Adeyemi,Introduction to Computer Science,CSC101,2,Lecture delivery is acceptable for introductory topics.,neutral,"[[""Teaching Clarity"", ""neutral""]]",synthetic
388,Dr. Pomele,Data Science & Big Data,CSC412,5,"Readily accessible and makes time to mentor struggling learners.. Also, Delivers structured and comprehensible lectures every time.",positive,"[[""Availability"", ""positive""], [""Teaching Clarity"", ""positive""]]",synthetic
389,Dr. Adeyemi,Introduction to Computer Science,CSC101,5,"Course structure is cohesive and modules transition smoothly.; moreover, Shares lecture notes well ahead of time on the student portal.",positive,"[[""Course Organisation"", ""positive""], [""Use of Teaching Materials"", ""positive""]]",synthetic
390,Prof. Balogun,Database Design & Management,CSC302,5,"Continuous assessments directly test what was taught in class.. Furthermore, Clarifies every question thoroughly until we grasp the topic. although Shares lecture notes well ahead of time on the student portal.",positive,"[[""Assessment and Grading"", ""positive""], [""Teaching Clarity"", ""positive""], [""Use of Teaching Materials"", ""positive""]]",synthetic
391,Dr. (Mrs) Adeleke,Data Structures and Algorithms,CSC201,2,"Never available during posted office hours; doors always locked.. Also, Habitually late to lectures and wastes valuable class time.",negative,"[[""Availability"", ""negative""], [""Lecturer Punctuality"", ""negative""]]",synthetic
392,Dr. Pomele,Introduction to Computer Science,CSC101,4,"Course is exceptionally organized and follows the syllabus perfectly.; moreover, Communicates announcements clearly, proactively, and timely.",positive,"[[""Course Organisation"", ""positive""], [""Communication"", ""positive""]]",synthetic
393,Dr. Okafor,Introduction to Computer Science,CSC101,2,"Refuses to upload lecture notes or reference documents.. Also, Communication channel is disorganized and unreliable.",negative,"[[""Use of Teaching Materials"", ""negative""], [""Communication"", ""negative""]]",synthetic
394,Dr. Adeyemi,Data Structures and Algorithms,CSC201,5,"Makes abstract ideas very easy to understand.. Additionally, Responds promptly to student emails with helpful guidance.",positive,"[[""Teaching Clarity"", ""positive""], [""Communication"", ""positive""]]",synthetic
395,Prof. Martins,Cloud Computing Architectures,CSC406,3,"Teaching materials are rich, up-to-date, and beautifully designed., however, Continuous assessment scripts were never returned all semester.",neutral,"[[""Use of Teaching Materials"", ""positive""], [""Assessment and Grading"", ""negative""]]",synthetic
396,Dr. Faith,Special Computing,CSC410,1,"Ignores emails regarding coursework clarifications.. Also, Habitually late to lectures and wastes valuable class time.",negative,"[[""Communication"", ""negative""], [""Lecturer Punctuality"", ""negative""]]",synthetic
397,Dr. Pomele,Machine Learning & Neural Nets,CSC408,1,"Continuous assessment scripts were never returned all semester.; moreover, Habitually late to lectures and wastes valuable class time.",negative,"[[""Assessment and Grading"", ""negative""], [""Lecturer Punctuality"", ""negative""]]",synthetic
398,Dr. Faith,Operating Systems Principles,CSC304,4,Standard course notices were shared periodically. Lectures are predominantly instructional with some Q&A.,neutral,"[[""Communication"", ""neutral""], [""Student Interaction"", ""neutral""]]",synthetic
399,Prof. Martins,Special Computing,CSC410,1,"Frequently cancels lectures without giving prior notice., though The explanations are standard and neither exciting nor unclear.",negative,"[[""Lecturer Punctuality"", ""negative""], [""Teaching Clarity"", ""neutral""]]",synthetic
400,Dr. Chukwu,Introduction to Computer Science,CSC101,2,"Course outline was never provided and topics were disjointed.; moreover, Missed multiple lecture sessions without making up the hours., on the other hand, Communication was limited to official notice boards and portals.",negative,"[[""Course Organisation"", ""negative""], [""Lecturer Punctuality"", ""negative""], [""Communication"", ""neutral""]]",synthetic
401,Dr. Okafor,Cloud Computing Architectures,CSC406,5,Continuous assessments directly test what was taught in class. and Clarifies every question thoroughly until we grasp the topic. although Outstanding planning; topics progress logically and systematically.,positive,"[[""Assessment and Grading"", ""positive""], [""Teaching Clarity"", ""positive""], [""Course Organisation"", ""positive""]]",synthetic
402,Dr. Faith,Data Science & Big Data,CSC412,2,"Uses outdated, blurry, and handwritten materials from a decade ago.. Furthermore, Completely unengaging; ignores students raising hands.",negative,"[[""Use of Teaching Materials"", ""negative""], [""Student Interaction"", ""negative""]]",synthetic
403,Prof. Martins,Machine Learning & Neural Nets,CSC408,3,"Fails to respond to student emails and academic inquiries., but Consistently arrives early and utilizes the full lecture period.",neutral,"[[""Communication"", ""negative""], [""Lecturer Punctuality"", ""positive""]]",synthetic
404,Dr. Faith,Special Computing,CSC410,4,"Encourages active classroom participation and welcoming debates., but Standard slide presentations were projected during lecture.",positive,"[[""Student Interaction"", ""positive""], [""Use of Teaching Materials"", ""neutral""]]",synthetic
405,Dr. Okafor,Cloud Computing Architectures,CSC406,4,"Encourages active classroom participation and welcoming debates.. Also, Office doors are always open for academic guidance., on the other hand, Missed multiple lecture sessions without making up the hours.",positive,"[[""Student Interaction"", ""positive""], [""Availability"", ""positive""], [""Lecturer Punctuality"", ""negative""]]",synthetic
406,Prof. Martins,Operating Systems Principles,CSC304,5,"Punctual arrival to 8 AM lectures without exception.. Also, Listens attentively to student viewpoints and questions.",positive,"[[""Lecturer Punctuality"", ""positive""], [""Student Interaction"", ""positive""]]",synthetic
407,Dr. Okafor,Special Computing,CSC410,3,"The timetable and course pace are managed impeccably., though Unavailable to provide guidance on term papers and projects.",neutral,"[[""Course Organisation"", ""positive""], [""Availability"", ""negative""]]",synthetic
408,Prof. Martins,Data Science & Big Data,CSC412,4,Meeting the lecturer requires scheduling an appointment. Exam difficulty reflected the average level of past papers.,neutral,"[[""Availability"", ""neutral""], [""Assessment and Grading"", ""neutral""]]",synthetic
409,Dr. Chukwu,Machine Learning & Neural Nets,CSC408,2,"Discourages questions and dismisses student contributions rudely.; moreover, Unavailable to provide guidance on term papers and projects., though Refuses to upload lecture notes or reference documents.",negative,"[[""Student Interaction"", ""negative""], [""Availability"", ""negative""], [""Use of Teaching Materials"", ""negative""]]",synthetic
410,Dr. Adeyemi,Cloud Computing Architectures,CSC406,3,"Uses outdated, blurry, and handwritten materials from a decade ago., on the other hand, Creates an engaging, dynamic, and interactive learning environment.",neutral,"[[""Use of Teaching Materials"", ""negative""], [""Student Interaction"", ""positive""]]",synthetic
411,Prof. Martins,Special Computing,CSC410,4,"Makes abstract ideas very easy to understand.. Additionally, Fosters classroom interaction where everyone feels safe to speak.",positive,"[[""Teaching Clarity"", ""positive""], [""Student Interaction"", ""positive""]]",synthetic
412,Dr. Pomele,Data Science & Big Data,CSC412,2,Total lack of course organization throughout the entire semester.,negative,"[[""Course Organisation"", ""negative""]]",synthetic
413,Dr. Pomele,Operating Systems Principles,CSC304,3,Explanations are moderate and aligned with the course guide. Lectures are predominantly instructional with some Q&A.,neutral,"[[""Teaching Clarity"", ""neutral""], [""Student Interaction"", ""neutral""]]",synthetic
414,Dr. Pomele,Introduction to Computer Science,CSC101,1,Habitually late to lectures and wastes valuable class time.,negative,"[[""Lecturer Punctuality"", ""negative""]]",synthetic
415,Dr. Okafor,Introduction to Computer Science,CSC101,5,"Course structure is cohesive and modules transition smoothly. and Continuous assessments directly test what was taught in class., on the other hand, Always punctual and starts every class right on time.",positive,"[[""Course Organisation"", ""positive""], [""Assessment and Grading"", ""positive""], [""Lecturer Punctuality"", ""positive""]]",synthetic
416,Prof. Balogun,Database Design & Management,CSC302,3,Meeting the lecturer requires scheduling an appointment. Module sequence followed the assigned curriculum. Standard slide presentations were projected during lecture.,neutral,"[[""Availability"", ""neutral""], [""Course Organisation"", ""neutral""], [""Use of Teaching Materials"", ""neutral""]]",synthetic
417,Dr. Chukwu,Cloud Computing Architectures,CSC406,5,"Course is exceptionally organized and follows the syllabus perfectly.; moreover, Welcoming to students seeking help with difficult course projects.",positive,"[[""Course Organisation"", ""positive""], [""Availability"", ""positive""]]",synthetic
418,Dr. Chukwu,Data Structures and Algorithms,CSC201,4,Never misses a lecture and values students' scheduled time. and Fosters classroom interaction where everyone feels safe to speak.,positive,"[[""Lecturer Punctuality"", ""positive""], [""Student Interaction"", ""positive""]]",synthetic
419,Dr. Pomele,Data Science & Big Data,CSC412,1,Arrives thirty to forty minutes behind schedule repeatedly.,negative,"[[""Lecturer Punctuality"", ""negative""]]",synthetic
420,Prof. Balogun,Operating Systems Principles,CSC304,3,The explanations are standard and neither exciting nor unclear. Email responses take two to three business days on average.,neutral,"[[""Teaching Clarity"", ""neutral""], [""Communication"", ""neutral""]]",synthetic
421,Prof. Balogun,Operating Systems Principles,CSC304,2,Continuous assessment scripts were never returned all semester.,negative,"[[""Assessment and Grading"", ""negative""]]",synthetic
422,Prof. Martins,Machine Learning & Neural Nets,CSC408,4,"Consistently arrives early and utilizes the full lecture period.. Furthermore, Uses modern multimedia, projectors, and code examples effectively., but Email responses take two to three business days on average.",positive,"[[""Lecturer Punctuality"", ""positive""], [""Use of Teaching Materials"", ""positive""], [""Communication"", ""neutral""]]",synthetic
423,Dr. (Mrs) Adeleke,Data Science & Big Data,CSC412,2,"Lacks pedagogical clarity; students leave the hall confused.. Also, Completely unengaging; ignores students raising hands.",negative,"[[""Teaching Clarity"", ""negative""], [""Student Interaction"", ""negative""]]",synthetic
424,Dr. Pomele,Cloud Computing Architectures,CSC406,1,Grading rubrics are completely absent and marks appear random. and Fails to explain core principles clearly.,negative,"[[""Assessment and Grading"", ""negative""], [""Teaching Clarity"", ""negative""]]",synthetic
425,Prof. Martins,Operating Systems Principles,CSC304,2,"Disorganized scheduling; classes were shifted erratically.. Furthermore, Fails to respond to student emails and academic inquiries.",negative,"[[""Course Organisation"", ""negative""], [""Communication"", ""negative""]]",synthetic
426,Prof. Balogun,Data Science & Big Data,CSC412,1,"Never available during posted office hours; doors always locked.. Also, Lacks structure; we jumped from chapter five back to chapter two.",negative,"[[""Availability"", ""negative""], [""Course Organisation"", ""negative""]]",synthetic
427,Dr. (Mrs) Adeleke,Cloud Computing Architectures,CSC406,2,"Discourages questions and dismisses student contributions rudely.. Additionally, Poor communication; students were uninformed about test venues.",negative,"[[""Student Interaction"", ""negative""], [""Communication"", ""negative""]]",synthetic
428,Dr. Faith,Cloud Computing Architectures,CSC406,2,"Unavailable to provide guidance on term papers and projects.. Additionally, Lectures are predominantly instructional with some Q&A., yet Course outline was never provided and topics were disjointed.",negative,"[[""Availability"", ""negative""], [""Student Interaction"", ""neutral""], [""Course Organisation"", ""negative""]]",synthetic
429,Dr. (Mrs) Adeleke,Database Design & Management,CSC302,3,Makes abstract ideas very easy to understand. although Missed multiple lecture sessions without making up the hours.,neutral,"[[""Teaching Clarity"", ""positive""], [""Lecturer Punctuality"", ""negative""]]",synthetic
430,Dr. (Mrs) Adeleke,Data Science & Big Data,CSC412,4,"Readily accessible and makes time to mentor struggling learners.. Also, Provides detailed rubrics and constructive feedback on scripts.",positive,"[[""Availability"", ""positive""], [""Assessment and Grading"", ""positive""]]",synthetic
431,Dr. Adeyemi,Operating Systems Principles,CSC304,3,"Very poor punctuality; classes start whenever he feels like it., though Welcoming to students seeking help with difficult course projects.",neutral,"[[""Lecturer Punctuality"", ""negative""], [""Availability"", ""positive""]]",synthetic
432,Dr. (Mrs) Adeleke,Data Structures and Algorithms,CSC201,1,"Class is a dull one-way monologue with zero student interaction.; moreover, Dismissive and impatient when students approach for assistance., yet Exams were unreasonably difficult and far beyond the syllabus.",negative,"[[""Student Interaction"", ""negative""], [""Availability"", ""negative""], [""Assessment and Grading"", ""negative""]]",synthetic
433,Prof. Martins,Data Science & Big Data,CSC412,2,"Poor communication; students were uninformed about test venues.. Also, Grading rubrics are completely absent and marks appear random.",negative,"[[""Communication"", ""negative""], [""Assessment and Grading"", ""negative""]]",synthetic
434,Dr. (Mrs) Adeleke,Database Design & Management,CSC302,3,"Grading criteria are explicit and applied equitably to all students., however, Intimidates students and ridicules genuine questions in class.",neutral,"[[""Assessment and Grading"", ""positive""], [""Student Interaction"", ""negative""]]",synthetic
435,Dr. Chukwu,Cloud Computing Architectures,CSC406,4,Module sequence followed the assigned curriculum.,neutral,"[[""Course Organisation"", ""neutral""]]",synthetic
436,Dr. Okafor,Special Computing,CSC410,2,"The course is poorly organized with no clear syllabus.. Also, Uses dense jargon without breaking down fundamentals., yet Test questions covered material that was never taught in class.",negative,"[[""Course Organisation"", ""negative""], [""Teaching Clarity"", ""negative""], [""Assessment and Grading"", ""negative""]]",synthetic
437,Prof. Martins,Cloud Computing Architectures,CSC406,2,Email responses take two to three business days on average.,neutral,"[[""Communication"", ""neutral""]]",synthetic
438,Dr. Pomele,Data Structures and Algorithms,CSC201,1,"Exams were unreasonably difficult and far beyond the syllabus.. Additionally, Communication channel is disorganized and unreliable.",negative,"[[""Assessment and Grading"", ""negative""], [""Communication"", ""negative""]]",synthetic
439,Dr. (Mrs) Adeleke,Database Design & Management,CSC302,4,Course structure is cohesive and modules transition smoothly. and Exemplary punctuality and regular attendance all semester.,positive,"[[""Course Organisation"", ""positive""], [""Lecturer Punctuality"", ""positive""]]",synthetic
440,Prof. Balogun,Cloud Computing Architectures,CSC406,3,Explanations are moderate and aligned with the course guide. Email responses take two to three business days on average.,neutral,"[[""Teaching Clarity"", ""neutral""], [""Communication"", ""neutral""]]",synthetic
441,Dr. Pomele,Operating Systems Principles,CSC304,5,"Clarifies every question thoroughly until we grasp the topic.. Additionally, Office doors are always open for academic guidance.",positive,"[[""Teaching Clarity"", ""positive""], [""Availability"", ""positive""]]",synthetic
442,Dr. Chukwu,Cloud Computing Architectures,CSC406,1,"Arrives thirty to forty minutes behind schedule repeatedly.. Also, Exams were unreasonably difficult and far beyond the syllabus. although Difficult to follow what the lecturer is trying to convey.",negative,"[[""Lecturer Punctuality"", ""negative""], [""Assessment and Grading"", ""negative""], [""Teaching Clarity"", ""negative""]]",synthetic
443,Dr. Faith,Operating Systems Principles,CSC304,4,"Exams were well-balanced and marked with complete fairness.. Furthermore, Maintains a clear course outline from week one to final exams., though Teaching materials are rich, up-to-date, and beautifully designed.",positive,"[[""Assessment and Grading"", ""positive""], [""Course Organisation"", ""positive""], [""Use of Teaching Materials"", ""positive""]]",synthetic
444,Dr. Okafor,Cloud Computing Architectures,CSC406,5,"Makes abstract ideas very easy to understand. and The timetable and course pace are managed impeccably., yet Recommended textbooks are available in the university library.",positive,"[[""Teaching Clarity"", ""positive""], [""Course Organisation"", ""positive""], [""Use of Teaching Materials"", ""neutral""]]",synthetic
445,Dr. Chukwu,Database Design & Management,CSC302,1,Does not share lecture slides or study materials with the class. and Test questions covered material that was never taught in class.,negative,"[[""Use of Teaching Materials"", ""negative""], [""Assessment and Grading"", ""negative""]]",synthetic
446,Dr. Adeyemi,Operating Systems Principles,CSC304,3,Exam difficulty reflected the average level of past papers. Module sequence followed the assigned curriculum.,neutral,"[[""Assessment and Grading"", ""neutral""], [""Course Organisation"", ""neutral""]]",synthetic
447,Dr. Faith,Data Science & Big Data,CSC412,2,"Does not share lecture slides or study materials with the class., yet Course topics were addressed according to the departmental calendar.",negative,"[[""Use of Teaching Materials"", ""negative""], [""Course Organisation"", ""neutral""]]",synthetic
448,Prof. Balogun,Machine Learning & Neural Nets,CSC408,1,Fails to explain core principles clearly.,negative,"[[""Teaching Clarity"", ""negative""]]",synthetic
449,Dr. (Mrs) Adeleke,Machine Learning & Neural Nets,CSC408,3,Attendance was generally consistent with occasional slight delays. Assessments adhered to standard departmental grading scales.,neutral,"[[""Lecturer Punctuality"", ""neutral""], [""Assessment and Grading"", ""neutral""]]",synthetic
450,Prof. Balogun,Operating Systems Principles,CSC304,2,Unavailable to provide guidance on term papers and projects.,negative,"[[""Availability"", ""negative""]]",synthetic
451,Dr. Okafor,Special Computing,CSC410,2,"Refuses to upload lecture notes or reference documents.. Furthermore, Announcements are confusing, contradictory, and last-minute.",negative,"[[""Use of Teaching Materials"", ""negative""], [""Communication"", ""negative""]]",synthetic
452,Prof. Balogun,Data Science & Big Data,CSC412,1,"Fails to explain core principles clearly.; moreover, Uses outdated, blurry, and handwritten materials from a decade ago. although Continuous assessment scripts were never returned all semester.",negative,"[[""Teaching Clarity"", ""negative""], [""Use of Teaching Materials"", ""negative""], [""Assessment and Grading"", ""negative""]]",synthetic
453,Dr. Faith,Data Structures and Algorithms,CSC201,5,"Treats every student with dignity, patience, and respect.",positive,"[[""Student Interaction"", ""positive""]]",synthetic
454,Dr. (Mrs) Adeleke,Special Computing,CSC410,1,"Never available during posted office hours; doors always locked.. Also, Zero supplementary learning materials provided throughout the course.",negative,"[[""Availability"", ""negative""], [""Use of Teaching Materials"", ""negative""]]",synthetic
455,Dr. Pomele,Data Structures and Algorithms,CSC201,5,"Provides detailed rubrics and constructive feedback on scripts.; moreover, Brilliant teaching clarity; makes challenging algorithms look simple., yet Always available during office hours for student consultation.",positive,"[[""Assessment and Grading"", ""positive""], [""Teaching Clarity"", ""positive""], [""Availability"", ""positive""]]",synthetic
456,Prof. Balogun,Special Computing,CSC410,5,"Punctual arrival to 8 AM lectures without exception.; moreover, Continuous assessments directly test what was taught in class., however, Professional and courteous communication across all channels.",positive,"[[""Lecturer Punctuality"", ""positive""], [""Assessment and Grading"", ""positive""], [""Communication"", ""positive""]]",synthetic
457,Dr. Chukwu,Database Design & Management,CSC302,2,"The course is poorly organized with no clear syllabus., but The explanations are standard and neither exciting nor unclear.",negative,"[[""Course Organisation"", ""negative""], [""Teaching Clarity"", ""neutral""]]",synthetic
458,Dr. (Mrs) Adeleke,Data Science & Big Data,CSC412,2,Uses dense jargon without breaking down fundamentals.,negative,"[[""Teaching Clarity"", ""negative""]]",synthetic
459,Dr. Okafor,Machine Learning & Neural Nets,CSC408,3,Course topics were addressed according to the departmental calendar. Explanations are moderate and aligned with the course guide.,neutral,"[[""Course Organisation"", ""neutral""], [""Teaching Clarity"", ""neutral""]]",synthetic
460,Dr. Okafor,Data Structures and Algorithms,CSC201,4,"Encourages active classroom participation and welcoming debates.; moreover, Shares lecture notes well ahead of time on the student portal.",positive,"[[""Student Interaction"", ""positive""], [""Use of Teaching Materials"", ""positive""]]",synthetic
461,Dr. Pomele,Data Science & Big Data,CSC412,3,Lecturer arrives roughly on time for most scheduled classes.,neutral,"[[""Lecturer Punctuality"", ""neutral""]]",synthetic
462,Dr. Chukwu,Introduction to Computer Science,CSC101,2,Arrives thirty to forty minutes behind schedule repeatedly.,negative,"[[""Lecturer Punctuality"", ""negative""]]",synthetic
463,Prof. Balogun,Data Science & Big Data,CSC412,5,"Treats every student with dignity, patience, and respect.. Also, Brilliant teaching clarity; makes challenging algorithms look simple.",positive,"[[""Student Interaction"", ""positive""], [""Teaching Clarity"", ""positive""]]",synthetic
464,Prof. Balogun,Data Structures and Algorithms,CSC201,4,"Professional and courteous communication across all channels.; moreover, Creates an engaging, dynamic, and interactive learning environment., however, Returns test scores quickly with helpful correction notes.",positive,"[[""Communication"", ""positive""], [""Student Interaction"", ""positive""], [""Assessment and Grading"", ""positive""]]",synthetic
465,Prof. Balogun,Machine Learning & Neural Nets,CSC408,2,"Refuses to upload lecture notes or reference documents.. Also, Very poor punctuality; classes start whenever he feels like it., however, Explains complex concepts with clarity and precision.",negative,"[[""Use of Teaching Materials"", ""negative""], [""Lecturer Punctuality"", ""negative""], [""Teaching Clarity"", ""positive""]]",synthetic
466,Dr. Okafor,Database Design & Management,CSC302,2,"Students cannot reach the lecturer for urgent academic inquiries.. Also, Lecture slides cover only basic bullet points., though Class is a dull one-way monologue with zero student interaction.",negative,"[[""Availability"", ""negative""], [""Use of Teaching Materials"", ""neutral""], [""Student Interaction"", ""negative""]]",synthetic
467,Dr. Pomele,Introduction to Computer Science,CSC101,1,"Course outline was never provided and topics were disjointed.. Additionally, Dismissive and impatient when students approach for assistance. although Arrives thirty to forty minutes behind schedule repeatedly.",negative,"[[""Course Organisation"", ""negative""], [""Availability"", ""negative""], [""Lecturer Punctuality"", ""negative""]]",synthetic
468,Dr. Okafor,Machine Learning & Neural Nets,CSC408,1,"Discourages questions and dismisses student contributions rudely.. Additionally, Uses dense jargon without breaking down fundamentals.",negative,"[[""Student Interaction"", ""negative""], [""Teaching Clarity"", ""negative""]]",synthetic
469,Dr. Okafor,Introduction to Computer Science,CSC101,5,"Encourages active classroom participation and welcoming debates.. Also, Makes abstract ideas very easy to understand.",positive,"[[""Student Interaction"", ""positive""], [""Teaching Clarity"", ""positive""]]",synthetic
470,Dr. Okafor,Cloud Computing Architectures,CSC406,1,"Completely unengaging; ignores students raising hands.. Additionally, Arrives thirty to forty minutes behind schedule repeatedly.",negative,"[[""Student Interaction"", ""negative""], [""Lecturer Punctuality"", ""negative""]]",synthetic
471,Prof. Martins,Operating Systems Principles,CSC304,1,Total lack of course organization throughout the entire semester.,negative,"[[""Course Organisation"", ""negative""]]",synthetic
472,Dr. Pomele,Operating Systems Principles,CSC304,2,Class is a dull one-way monologue with zero student interaction.,negative,"[[""Student Interaction"", ""negative""]]",synthetic
473,Dr. Faith,Data Structures and Algorithms,CSC201,1,"Very poor punctuality; classes start whenever he feels like it., yet Consultation is available within standard university hours.",negative,"[[""Lecturer Punctuality"", ""negative""], [""Availability"", ""neutral""]]",synthetic
474,Dr. Adeyemi,Data Science & Big Data,CSC412,5,"Creates an engaging, dynamic, and interactive learning environment. and Grading criteria are explicit and applied equitably to all students.",positive,"[[""Student Interaction"", ""positive""], [""Assessment and Grading"", ""positive""]]",synthetic
475,Prof. Balogun,Cloud Computing Architectures,CSC406,5,"Provides comprehensive slides, reference materials, and handouts.. Furthermore, Very approachable and willing to assist students after hours.",positive,"[[""Use of Teaching Materials"", ""positive""], [""Availability"", ""positive""]]",synthetic
476,Dr. Adeyemi,Cloud Computing Architectures,CSC406,5,Makes abstract ideas very easy to understand.,positive,"[[""Teaching Clarity"", ""positive""]]",synthetic
477,Prof. Balogun,Special Computing,CSC410,2,"The course is poorly organized with no clear syllabus.; moreover, Vague feedback on assignments; nobody knows why they lost marks.",negative,"[[""Course Organisation"", ""negative""], [""Assessment and Grading"", ""negative""]]",synthetic
478,Dr. Pomele,Introduction to Computer Science,CSC101,1,"Grading is arbitrary, inconsistent, and unfairly penalized. and Communication channel is disorganized and unreliable.",negative,"[[""Assessment and Grading"", ""negative""], [""Communication"", ""negative""]]",synthetic
479,Dr. Okafor,Cloud Computing Architectures,CSC406,3,"Virtually impossible to locate outside scheduled lecture hours., but Delivers structured and comprehensible lectures every time.",neutral,"[[""Availability"", ""negative""], [""Teaching Clarity"", ""positive""]]",synthetic
480,Dr. Pomele,Special Computing,CSC410,2,"Intimidates students and ridicules genuine questions in class. and The syllabus pace was rushed heavily in the final weeks., however, Very poor punctuality; classes start whenever he feels like it.",negative,"[[""Student Interaction"", ""negative""], [""Course Organisation"", ""negative""], [""Lecturer Punctuality"", ""negative""]]",synthetic
481,Dr. Okafor,Data Structures and Algorithms,CSC201,5,Office doors are always open for academic guidance.,positive,"[[""Availability"", ""positive""]]",synthetic
482,Prof. Balogun,Special Computing,CSC410,4,"Clear verbal and written communication throughout the semester.. Also, Provides comprehensive slides, reference materials, and handouts.",positive,"[[""Communication"", ""positive""], [""Use of Teaching Materials"", ""positive""]]",synthetic
483,Dr. Pomele,Special Computing,CSC410,3,Communication was limited to official notice boards and portals.,neutral,"[[""Communication"", ""neutral""]]",synthetic
484,Dr. Faith,Operating Systems Principles,CSC304,4,Exam difficulty reflected the average level of past papers. Session timing was generally maintained.,neutral,"[[""Assessment and Grading"", ""neutral""], [""Lecturer Punctuality"", ""neutral""]]",synthetic
485,Dr. Faith,Cloud Computing Architectures,CSC406,5,"Punctual arrival to 8 AM lectures without exception.. Furthermore, Listens attentively to student viewpoints and questions.",positive,"[[""Lecturer Punctuality"", ""positive""], [""Student Interaction"", ""positive""]]",synthetic
486,Dr. Adeyemi,Database Design & Management,CSC302,4,"The lecture schedule and weekly milestones are well planned.. Additionally, Shares lecture notes well ahead of time on the student portal.",positive,"[[""Course Organisation"", ""positive""], [""Use of Teaching Materials"", ""positive""]]",synthetic
487,Dr. (Mrs) Adeleke,Machine Learning & Neural Nets,CSC408,2,"Virtually impossible to locate outside scheduled lecture hours., on the other hand, The syllabus pacing was fairly typical of university modules.",negative,"[[""Availability"", ""negative""], [""Course Organisation"", ""neutral""]]",synthetic
488,Dr. Faith,Introduction to Computer Science,CSC101,3,"Ignores emails regarding coursework clarifications., however, Delivers structured and comprehensible lectures every time.",neutral,"[[""Communication"", ""negative""], [""Teaching Clarity"", ""positive""]]",synthetic
489,Dr. (Mrs) Adeleke,Operating Systems Principles,CSC304,4,"Exams were well-balanced and marked with complete fairness.. Also, Course is exceptionally organized and follows the syllabus perfectly.",positive,"[[""Assessment and Grading"", ""positive""], [""Course Organisation"", ""positive""]]",synthetic
490,Dr. Faith,Introduction to Computer Science,CSC101,3,Module sequence followed the assigned curriculum. Course materials were shared according to standard faculty policy. Session timing was generally maintained.,neutral,"[[""Course Organisation"", ""neutral""], [""Use of Teaching Materials"", ""neutral""], [""Lecturer Punctuality"", ""neutral""]]",synthetic
491,Dr. Chukwu,Operating Systems Principles,CSC304,4,"Fosters classroom interaction where everyone feels safe to speak. and Clear verbal and written communication throughout the semester., on the other hand, Grading criteria are explicit and applied equitably to all students.",positive,"[[""Student Interaction"", ""positive""], [""Communication"", ""positive""], [""Assessment and Grading"", ""positive""]]",synthetic
492,Dr. (Mrs) Adeleke,Data Structures and Algorithms,CSC201,2,"Explanations are confusing and lack structure.. Furthermore, Lacks structure; we jumped from chapter five back to chapter two., though Virtually impossible to locate outside scheduled lecture hours.",negative,"[[""Teaching Clarity"", ""negative""], [""Course Organisation"", ""negative""], [""Availability"", ""negative""]]",synthetic
493,Dr. Pomele,Operating Systems Principles,CSC304,1,"Students cannot reach the lecturer for urgent academic inquiries.. Additionally, Very poor punctuality; classes start whenever he feels like it., but The syllabus pace was rushed heavily in the final weeks.",negative,"[[""Availability"", ""negative""], [""Lecturer Punctuality"", ""negative""], [""Course Organisation"", ""negative""]]",synthetic
494,Prof. Martins,Cloud Computing Architectures,CSC406,4,"Professional and courteous communication across all channels.. Additionally, Consistently arrives early and utilizes the full lecture period.",positive,"[[""Communication"", ""positive""], [""Lecturer Punctuality"", ""positive""]]",synthetic
495,Prof. Balogun,Machine Learning & Neural Nets,CSC408,3,"Grading is arbitrary, inconsistent, and unfairly penalized., but Keeps students well informed about assignment changes and events.",neutral,"[[""Assessment and Grading"", ""negative""], [""Communication"", ""positive""]]",synthetic
496,Prof. Martins,Operating Systems Principles,CSC304,2,"Discourages questions and dismisses student contributions rudely.. Furthermore, Complicates straightforward concepts unnecessarily.",negative,"[[""Student Interaction"", ""negative""], [""Teaching Clarity"", ""negative""]]",synthetic
497,Dr. Okafor,Cloud Computing Architectures,CSC406,2,"Unavailable to provide guidance on term papers and projects. and Announcements are confusing, contradictory, and last-minute.",negative,"[[""Availability"", ""negative""], [""Communication"", ""negative""]]",synthetic
498,Dr. Okafor,Introduction to Computer Science,CSC101,2,"Unavailable to provide guidance on term papers and projects.; moreover, Explanations are confusing and lack structure.",negative,"[[""Availability"", ""negative""], [""Teaching Clarity"", ""negative""]]",synthetic
499,Dr. Faith,Introduction to Computer Science,CSC101,5,"Provides comprehensive slides, reference materials, and handouts.. Furthermore, Always punctual and starts every class right on time.",positive,"[[""Use of Teaching Materials"", ""positive""], [""Lecturer Punctuality"", ""positive""]]",synthetic
500,Dr. Okafor,Introduction to Computer Science,CSC101,2,Explanations are confusing and lack structure.,negative,"[[""Teaching Clarity"", ""negative""]]",synthetic
501,Dr. Pomele,Special Computing,CSC410,3,"The lecture schedule and weekly milestones are well planned., however, Fails to explain core principles clearly.",neutral,"[[""Course Organisation"", ""positive""], [""Teaching Clarity"", ""negative""]]",synthetic
502,Prof. Balogun,Data Structures and Algorithms,CSC201,5,"Course structure is cohesive and modules transition smoothly.. Also, Listens attentively to student viewpoints and questions., yet Grading is fair, objective, and transparently communicated.",positive,"[[""Course Organisation"", ""positive""], [""Student Interaction"", ""positive""], [""Assessment and Grading"", ""positive""]]",synthetic
503,Dr. Pomele,Data Science & Big Data,CSC412,4,"Treats every student with dignity, patience, and respect.; moreover, Always available during office hours for student consultation.",positive,"[[""Student Interaction"", ""positive""], [""Availability"", ""positive""]]",synthetic
504,Dr. Pomele,Data Structures and Algorithms,CSC201,2,"Communication channel is disorganized and unreliable.; moreover, Test questions covered material that was never taught in class.",negative,"[[""Communication"", ""negative""], [""Assessment and Grading"", ""negative""]]",synthetic
505,Dr. (Mrs) Adeleke,Data Structures and Algorithms,CSC201,2,Lecturer arrives roughly on time for most scheduled classes. Class announcements were relayed through the class representative. Assessments adhered to standard departmental grading scales.,neutral,"[[""Lecturer Punctuality"", ""neutral""], [""Communication"", ""neutral""], [""Assessment and Grading"", ""neutral""]]",synthetic
506,Dr. Faith,Data Science & Big Data,CSC412,5,"Fosters classroom interaction where everyone feels safe to speak.. Also, Consistently arrives early and utilizes the full lecture period., but Coverage of the syllabus was delivered as outlined.",positive,"[[""Student Interaction"", ""positive""], [""Lecturer Punctuality"", ""positive""], [""Teaching Clarity"", ""neutral""]]",synthetic
507,Prof. Balogun,Machine Learning & Neural Nets,CSC408,4,"The timetable and course pace are managed impeccably.. Also, Communicates announcements clearly, proactively, and timely., though Continuous assessments directly test what was taught in class.",positive,"[[""Course Organisation"", ""positive""], [""Communication"", ""positive""], [""Assessment and Grading"", ""positive""]]",synthetic
508,Dr. Okafor,Data Structures and Algorithms,CSC201,1,"Zero supplementary learning materials provided throughout the course.. Additionally, The syllabus pace was rushed heavily in the final weeks.",negative,"[[""Use of Teaching Materials"", ""negative""], [""Course Organisation"", ""negative""]]",synthetic
509,Prof. Balogun,Machine Learning & Neural Nets,CSC408,2,Lacks pedagogical clarity; students leave the hall confused. and Disorganized scheduling; classes were shifted erratically.,negative,"[[""Teaching Clarity"", ""negative""], [""Course Organisation"", ""negative""]]",synthetic
510,Dr. Okafor,Machine Learning & Neural Nets,CSC408,1,"Class is a dull one-way monologue with zero student interaction.. Furthermore, Ignores emails regarding coursework clarifications.",negative,"[[""Student Interaction"", ""negative""], [""Communication"", ""negative""]]",synthetic
511,Prof. Balogun,Machine Learning & Neural Nets,CSC408,5,"Very approachable and willing to assist students after hours.. Furthermore, Exemplary punctuality and regular attendance all semester.",positive,"[[""Availability"", ""positive""], [""Lecturer Punctuality"", ""positive""]]",synthetic
512,Dr. Adeyemi,Cloud Computing Architectures,CSC406,5,"Breaks down difficult topics into digestible steps.. Additionally, Encourages active classroom participation and welcoming debates.",positive,"[[""Teaching Clarity"", ""positive""], [""Student Interaction"", ""positive""]]",synthetic
513,Prof. Balogun,Introduction to Computer Science,CSC101,4,"Always available during office hours for student consultation.. Furthermore, Fosters classroom interaction where everyone feels safe to speak. although Continuous assessments directly test what was taught in class.",positive,"[[""Availability"", ""positive""], [""Student Interaction"", ""positive""], [""Assessment and Grading"", ""positive""]]",synthetic
514,Dr. Chukwu,Data Structures and Algorithms,CSC201,4,"Course is exceptionally organized and follows the syllabus perfectly.. Also, Breaks down difficult topics into digestible steps.",positive,"[[""Course Organisation"", ""positive""], [""Teaching Clarity"", ""positive""]]",synthetic
515,Dr. Adeyemi,Special Computing,CSC410,2,"Dismissive and impatient when students approach for assistance.. Also, Speaks too fast and jumps between topics erratically.",negative,"[[""Availability"", ""negative""], [""Teaching Clarity"", ""negative""]]",synthetic
516,Dr. Pomele,Introduction to Computer Science,CSC101,1,"Fails to respond to student emails and academic inquiries.. Also, Class is a dull one-way monologue with zero student interaction.",negative,"[[""Communication"", ""negative""], [""Student Interaction"", ""negative""]]",synthetic
517,Dr. Adeyemi,Special Computing,CSC410,2,Poor communication; students were uninformed about test venues.,negative,"[[""Communication"", ""negative""]]",synthetic
518,Dr. Faith,Machine Learning & Neural Nets,CSC408,2,Dismissive and impatient when students approach for assistance.,negative,"[[""Availability"", ""negative""]]",synthetic
519,Prof. Martins,Special Computing,CSC410,4,Explains complex concepts with clarity and precision.,positive,"[[""Teaching Clarity"", ""positive""]]",synthetic
520,Dr. Chukwu,Operating Systems Principles,CSC304,1,Refuses to upload lecture notes or reference documents.,negative,"[[""Use of Teaching Materials"", ""negative""]]",synthetic
521,Dr. Adeyemi,Introduction to Computer Science,CSC101,5,"Teaching materials are rich, up-to-date, and beautifully designed.. Furthermore, Unavailable to provide guidance on term papers and projects., on the other hand, The lecture schedule and weekly milestones are well planned.",positive,"[[""Use of Teaching Materials"", ""positive""], [""Availability"", ""negative""], [""Course Organisation"", ""positive""]]",synthetic
522,Dr. Chukwu,Database Design & Management,CSC302,2,Poor communication; students were uninformed about test venues.,negative,"[[""Communication"", ""negative""]]",synthetic
523,Dr. Okafor,Data Structures and Algorithms,CSC201,5,Course structure is cohesive and modules transition smoothly.,positive,"[[""Course Organisation"", ""positive""]]",synthetic
524,Prof. Balogun,Machine Learning & Neural Nets,CSC408,4,"Grading criteria are explicit and applied equitably to all students.; moreover, Welcoming to students seeking help with difficult course projects.",positive,"[[""Assessment and Grading"", ""positive""], [""Availability"", ""positive""]]",synthetic
525,Dr. (Mrs) Adeleke,Machine Learning & Neural Nets,CSC408,3,"Completely unengaging; ignores students raising hands., but Course structure is cohesive and modules transition smoothly.",neutral,"[[""Student Interaction"", ""negative""], [""Course Organisation"", ""positive""]]",synthetic
526,Dr. Faith,Database Design & Management,CSC302,2,"Discourages questions and dismisses student contributions rudely. and Uses outdated, blurry, and handwritten materials from a decade ago., on the other hand, Session timing was generally maintained.",negative,"[[""Student Interaction"", ""negative""], [""Use of Teaching Materials"", ""negative""], [""Lecturer Punctuality"", ""neutral""]]",synthetic
527,Dr. Adeyemi,Database Design & Management,CSC302,4,"Grading is fair, objective, and transparently communicated.. Also, Curated readings and textbook recommendations are extremely helpful., yet Never misses a lecture and values students' scheduled time.",positive,"[[""Assessment and Grading"", ""positive""], [""Use of Teaching Materials"", ""positive""], [""Lecturer Punctuality"", ""positive""]]",synthetic
528,Dr. Faith,Data Science & Big Data,CSC412,1,"Explanations are vague and leave too many unanswered gaps.. Furthermore, Hostile classroom environment where students fear participating., however, The syllabus pace was rushed heavily in the final weeks.",negative,"[[""Teaching Clarity"", ""negative""], [""Student Interaction"", ""negative""], [""Course Organisation"", ""negative""]]",synthetic
529,Dr. Pomele,Machine Learning & Neural Nets,CSC408,3,Class interaction was typical with occasional question sessions. Standard course notices were shared periodically. Two tests and one exam were administered as scheduled.,neutral,"[[""Student Interaction"", ""neutral""], [""Communication"", ""neutral""], [""Assessment and Grading"", ""neutral""]]",synthetic
530,Prof. Balogun,Special Computing,CSC410,5,"Lacks pedagogical clarity; students leave the hall confused.. Additionally, Provides comprehensive slides, reference materials, and handouts., yet Keeps students well informed about assignment changes and events.",positive,"[[""Teaching Clarity"", ""negative""], [""Use of Teaching Materials"", ""positive""], [""Communication"", ""positive""]]",synthetic
531,Dr. Faith,Operating Systems Principles,CSC304,5,"Teaching materials are rich, up-to-date, and beautifully designed.. Additionally, Maintains a clear course outline from week one to final exams.",positive,"[[""Use of Teaching Materials"", ""positive""], [""Course Organisation"", ""positive""]]",synthetic
532,Prof. Martins,Machine Learning & Neural Nets,CSC408,2,Course outline was never provided and topics were disjointed.,negative,"[[""Course Organisation"", ""negative""]]",synthetic
533,Prof. Martins,Operating Systems Principles,CSC304,4,Lectures are predominantly instructional with some Q&A.,neutral,"[[""Student Interaction"", ""neutral""]]",synthetic
534,Dr. (Mrs) Adeleke,Cloud Computing Architectures,CSC406,4,"Uses modern multimedia, projectors, and code examples effectively.; moreover, Always punctual and starts every class right on time.",positive,"[[""Use of Teaching Materials"", ""positive""], [""Lecturer Punctuality"", ""positive""]]",synthetic
535,Dr. Pomele,Introduction to Computer Science,CSC101,3,Standard course notices were shared periodically. Coverage of the syllabus was delivered as outlined.,neutral,"[[""Communication"", ""neutral""], [""Teaching Clarity"", ""neutral""]]",synthetic
536,Dr. Adeyemi,Data Structures and Algorithms,CSC201,1,Virtually impossible to locate outside scheduled lecture hours.,negative,"[[""Availability"", ""negative""]]",synthetic
537,Dr. (Mrs) Adeleke,Introduction to Computer Science,CSC101,1,"Lacks structure; we jumped from chapter five back to chapter two.. Also, Fails to respond to student emails and academic inquiries.",negative,"[[""Course Organisation"", ""negative""], [""Communication"", ""negative""]]",synthetic
538,Dr. (Mrs) Adeleke,Data Structures and Algorithms,CSC201,2,"Teaching materials are riddled with typos, errors, and missing pages.. Also, Dismissive and impatient when students approach for assistance.",negative,"[[""Use of Teaching Materials"", ""negative""], [""Availability"", ""negative""]]",synthetic
539,Dr. Pomele,Special Computing,CSC410,1,Students cannot reach the lecturer for urgent academic inquiries. although Coverage of the syllabus was delivered as outlined.,negative,"[[""Availability"", ""negative""], [""Teaching Clarity"", ""neutral""]]",synthetic
540,Dr. (Mrs) Adeleke,Machine Learning & Neural Nets,CSC408,3,The syllabus pacing was fairly typical of university modules.,neutral,"[[""Course Organisation"", ""neutral""]]",synthetic
541,Dr. Pomele,Cloud Computing Architectures,CSC406,2,"Students cannot reach the lecturer for urgent academic inquiries., though Explanations are moderate and aligned with the course guide.",negative,"[[""Availability"", ""negative""], [""Teaching Clarity"", ""neutral""]]",synthetic
542,Dr. Faith,Machine Learning & Neural Nets,CSC408,2,The explanations are standard and neither exciting nor unclear. Two tests and one exam were administered as scheduled.,neutral,"[[""Teaching Clarity"", ""neutral""], [""Assessment and Grading"", ""neutral""]]",synthetic
543,Dr. Chukwu,Operating Systems Principles,CSC304,2,"Uses outdated, blurry, and handwritten materials from a decade ago.",negative,"[[""Use of Teaching Materials"", ""negative""]]",synthetic
544,Dr. Okafor,Database Design & Management,CSC302,5,"Course structure is cohesive and modules transition smoothly.; moreover, The explanations are articulate and straightforward to follow.",positive,"[[""Course Organisation"", ""positive""], [""Teaching Clarity"", ""positive""]]",synthetic
545,Dr. Chukwu,Operating Systems Principles,CSC304,2,Assessments adhered to standard departmental grading scales. Consultation is available within standard university hours.,neutral,"[[""Assessment and Grading"", ""neutral""], [""Availability"", ""neutral""]]",synthetic
546,Prof. Balogun,Operating Systems Principles,CSC304,2,"Uses dense jargon without breaking down fundamentals. and Refuses to upload lecture notes or reference documents., though Dismissive and impatient when students approach for assistance.",negative,"[[""Teaching Clarity"", ""negative""], [""Use of Teaching Materials"", ""negative""], [""Availability"", ""negative""]]",synthetic
547,Dr. Faith,Data Structures and Algorithms,CSC201,4,Consistently arrives early and utilizes the full lecture period. and Always available during office hours for student consultation.,positive,"[[""Lecturer Punctuality"", ""positive""], [""Availability"", ""positive""]]",synthetic
548,Dr. Chukwu,Special Computing,CSC410,2,Disorganized scheduling; classes were shifted erratically.,negative,"[[""Course Organisation"", ""negative""]]",synthetic
549,Dr. Pomele,Machine Learning & Neural Nets,CSC408,2,Explanations are confusing and lack structure.,negative,"[[""Teaching Clarity"", ""negative""]]",synthetic
550,Dr. Adeyemi,Data Science & Big Data,CSC412,5,Grading criteria are explicit and applied equitably to all students.,positive,"[[""Assessment and Grading"", ""positive""]]",synthetic
551,Prof. Martins,Data Science & Big Data,CSC412,2,Lecture slides cover only basic bullet points. Email responses take two to three business days on average.,neutral,"[[""Use of Teaching Materials"", ""neutral""], [""Communication"", ""neutral""]]",synthetic
552,Dr. Pomele,Database Design & Management,CSC302,4,Course is exceptionally organized and follows the syllabus perfectly.,positive,"[[""Course Organisation"", ""positive""]]",synthetic
553,Prof. Balogun,Operating Systems Principles,CSC304,5,"Always available during office hours for student consultation.. Additionally, Treats every student with dignity, patience, and respect., but Continuous assessments directly test what was taught in class.",positive,"[[""Availability"", ""positive""], [""Student Interaction"", ""positive""], [""Assessment and Grading"", ""positive""]]",synthetic
554,Dr. Faith,Operating Systems Principles,CSC304,1,"The course is poorly organized with no clear syllabus., yet Lectures started within reasonable university grace periods.",negative,"[[""Course Organisation"", ""negative""], [""Lecturer Punctuality"", ""neutral""]]",synthetic
555,Prof. Martins,Data Structures and Algorithms,CSC201,3,"Difficult to follow what the lecturer is trying to convey., on the other hand, Teaching materials are rich, up-to-date, and beautifully designed.",neutral,"[[""Teaching Clarity"", ""negative""], [""Use of Teaching Materials"", ""positive""]]",synthetic
556,Dr. (Mrs) Adeleke,Special Computing,CSC410,2,"Intimidates students and ridicules genuine questions in class.. Additionally, Does not share lecture slides or study materials with the class.",negative,"[[""Student Interaction"", ""negative""], [""Use of Teaching Materials"", ""negative""]]",synthetic
557,Prof. Balogun,Data Science & Big Data,CSC412,4,Always available during office hours for student consultation. and Exemplary punctuality and regular attendance all semester.,positive,"[[""Availability"", ""positive""], [""Lecturer Punctuality"", ""positive""]]",synthetic
558,Dr. Faith,Machine Learning & Neural Nets,CSC408,3,The explanations are standard and neither exciting nor unclear.,neutral,"[[""Teaching Clarity"", ""neutral""]]",synthetic
559,Dr. Adeyemi,Operating Systems Principles,CSC304,5,Professional and courteous communication across all channels. and Consistently arrives early and utilizes the full lecture period.,positive,"[[""Communication"", ""positive""], [""Lecturer Punctuality"", ""positive""]]",synthetic
560,Dr. Faith,Special Computing,CSC410,1,Disorganized scheduling; classes were shifted erratically. and Hostile classroom environment where students fear participating.,negative,"[[""Course Organisation"", ""negative""], [""Student Interaction"", ""negative""]]",synthetic
561,Dr. Okafor,Database Design & Management,CSC302,5,"Brilliant teaching clarity; makes challenging algorithms look simple.. Furthermore, Punctual arrival to 8 AM lectures without exception.",positive,"[[""Teaching Clarity"", ""positive""], [""Lecturer Punctuality"", ""positive""]]",synthetic
562,Dr. Okafor,Data Science & Big Data,CSC412,4,"Curated readings and textbook recommendations are extremely helpful., however, Class announcements were relayed through the class representative.",positive,"[[""Use of Teaching Materials"", ""positive""], [""Communication"", ""neutral""]]",synthetic
563,Dr. Adeyemi,Machine Learning & Neural Nets,CSC408,2,"Grading is arbitrary, inconsistent, and unfairly penalized., however, Class interaction was typical with occasional question sessions.",negative,"[[""Assessment and Grading"", ""negative""], [""Student Interaction"", ""neutral""]]",synthetic
564,Dr. Chukwu,Database Design & Management,CSC302,4,Two tests and one exam were administered as scheduled. Standard slide presentations were projected during lecture.,neutral,"[[""Assessment and Grading"", ""neutral""], [""Use of Teaching Materials"", ""neutral""]]",synthetic
565,Prof. Balogun,Cloud Computing Architectures,CSC406,5,Office doors are always open for academic guidance.,positive,"[[""Availability"", ""positive""]]",synthetic
566,Prof. Martins,Database Design & Management,CSC302,4,"Clarifies every question thoroughly until we grasp the topic.. Additionally, Course is exceptionally organized and follows the syllabus perfectly.",positive,"[[""Teaching Clarity"", ""positive""], [""Course Organisation"", ""positive""]]",synthetic
567,Dr. Okafor,Special Computing,CSC410,1,Lacks structure; we jumped from chapter five back to chapter two.,negative,"[[""Course Organisation"", ""negative""]]",synthetic
568,Dr. (Mrs) Adeleke,Operating Systems Principles,CSC304,1,"Very poor punctuality; classes start whenever he feels like it.. Furthermore, Course outline was never provided and topics were disjointed.",negative,"[[""Lecturer Punctuality"", ""negative""], [""Course Organisation"", ""negative""]]",synthetic
569,Dr. (Mrs) Adeleke,Cloud Computing Architectures,CSC406,2,The syllabus pacing was fairly typical of university modules. Email responses take two to three business days on average.,neutral,"[[""Course Organisation"", ""neutral""], [""Communication"", ""neutral""]]",synthetic
570,Dr. Faith,Special Computing,CSC410,2,Lacks structure; we jumped from chapter five back to chapter two.,negative,"[[""Course Organisation"", ""negative""]]",synthetic
571,Dr. Faith,Data Structures and Algorithms,CSC201,1,Missed multiple lecture sessions without making up the hours. and Complicates straightforward concepts unnecessarily.,negative,"[[""Lecturer Punctuality"", ""negative""], [""Teaching Clarity"", ""negative""]]",synthetic
572,Dr. Pomele,Database Design & Management,CSC302,4,Office doors are always open for academic guidance.,positive,"[[""Availability"", ""positive""]]",synthetic
573,Dr. Okafor,Data Science & Big Data,CSC412,1,"Grading is arbitrary, inconsistent, and unfairly penalized.. Additionally, Module sequence followed the assigned curriculum., however, Lacks pedagogical clarity; students leave the hall confused.",negative,"[[""Assessment and Grading"", ""negative""], [""Course Organisation"", ""neutral""], [""Teaching Clarity"", ""negative""]]",synthetic
574,Dr. Adeyemi,Introduction to Computer Science,CSC101,2,"Course outline was never provided and topics were disjointed. and Uses outdated, blurry, and handwritten materials from a decade ago.",negative,"[[""Course Organisation"", ""negative""], [""Use of Teaching Materials"", ""negative""]]",synthetic
575,Dr. Okafor,Data Structures and Algorithms,CSC201,1,"Grading rubrics are completely absent and marks appear random.. Also, The syllabus pace was rushed heavily in the final weeks., however, Dismissive and impatient when students approach for assistance.",negative,"[[""Assessment and Grading"", ""negative""], [""Course Organisation"", ""negative""], [""Availability"", ""negative""]]",synthetic
576,Dr. Okafor,Cloud Computing Architectures,CSC406,5,"The explanations are articulate and straightforward to follow.. Also, Continuous assessments directly test what was taught in class.",positive,"[[""Teaching Clarity"", ""positive""], [""Assessment and Grading"", ""positive""]]",synthetic
577,Prof. Martins,Machine Learning & Neural Nets,CSC408,3,Assessments adhered to standard departmental grading scales. Meeting the lecturer requires scheduling an appointment. Lectures are predominantly instructional with some Q&A.,neutral,"[[""Assessment and Grading"", ""neutral""], [""Availability"", ""neutral""], [""Student Interaction"", ""neutral""]]",synthetic
578,Dr. (Mrs) Adeleke,Data Structures and Algorithms,CSC201,2,Questions are entertained towards the final ten minutes of class. Email responses take two to three business days on average.,neutral,"[[""Student Interaction"", ""neutral""], [""Communication"", ""neutral""]]",synthetic
579,Prof. Martins,Introduction to Computer Science,CSC101,4,"The explanations are articulate and straightforward to follow. and Punctual arrival to 8 AM lectures without exception., yet Teaching materials are riddled with typos, errors, and missing pages.",positive,"[[""Teaching Clarity"", ""positive""], [""Lecturer Punctuality"", ""positive""], [""Use of Teaching Materials"", ""negative""]]",synthetic
580,Dr. Adeyemi,Introduction to Computer Science,CSC101,3,Speaks too fast and jumps between topics erratically. although Responds promptly to student emails with helpful guidance.,neutral,"[[""Teaching Clarity"", ""negative""], [""Communication"", ""positive""]]",synthetic
581,Dr. Okafor,Data Science & Big Data,CSC412,2,"Students cannot reach the lecturer for urgent academic inquiries.. Additionally, The course is poorly organized with no clear syllabus.",negative,"[[""Availability"", ""negative""], [""Course Organisation"", ""negative""]]",synthetic
582,Dr. Chukwu,Cloud Computing Architectures,CSC406,1,Fails to respond to student emails and academic inquiries.,negative,"[[""Communication"", ""negative""]]",synthetic
583,Prof. Balogun,Operating Systems Principles,CSC304,1,Students cannot reach the lecturer for urgent academic inquiries. and Arrives thirty to forty minutes behind schedule repeatedly.,negative,"[[""Availability"", ""negative""], [""Lecturer Punctuality"", ""negative""]]",synthetic
584,Prof. Balogun,Special Computing,CSC410,2,"The course is poorly organized with no clear syllabus. and Arrives thirty to forty minutes behind schedule repeatedly., on the other hand, Vague feedback on assignments; nobody knows why they lost marks.",negative,"[[""Course Organisation"", ""negative""], [""Lecturer Punctuality"", ""negative""], [""Assessment and Grading"", ""negative""]]",synthetic
585,Prof. Balogun,Cloud Computing Architectures,CSC406,2,Total lack of course organization throughout the entire semester.,negative,"[[""Course Organisation"", ""negative""]]",synthetic
586,Prof. Balogun,Introduction to Computer Science,CSC101,3,"Dismissive and impatient when students approach for assistance., yet Shares lecture notes well ahead of time on the student portal.",neutral,"[[""Availability"", ""negative""], [""Use of Teaching Materials"", ""positive""]]",synthetic
587,Dr. Adeyemi,Data Structures and Algorithms,CSC201,3,"Virtually impossible to locate outside scheduled lecture hours., but Always punctual and starts every class right on time.",neutral,"[[""Availability"", ""negative""], [""Lecturer Punctuality"", ""positive""]]",synthetic
588,Prof. Martins,Operating Systems Principles,CSC304,5,"Course is exceptionally organized and follows the syllabus perfectly.. Furthermore, The explanations are articulate and straightforward to follow.",positive,"[[""Course Organisation"", ""positive""], [""Teaching Clarity"", ""positive""]]",synthetic
589,Dr. Pomele,Special Computing,CSC410,5,"Exams were well-balanced and marked with complete fairness.. Also, Always punctual and starts every class right on time.",positive,"[[""Assessment and Grading"", ""positive""], [""Lecturer Punctuality"", ""positive""]]",synthetic
590,Dr. Okafor,Data Science & Big Data,CSC412,2,"Missed multiple lecture sessions without making up the hours.; moreover, Discourages questions and dismisses student contributions rudely., yet Students cannot reach the lecturer for urgent academic inquiries.",negative,"[[""Lecturer Punctuality"", ""negative""], [""Student Interaction"", ""negative""], [""Availability"", ""negative""]]",synthetic
591,Prof. Martins,Machine Learning & Neural Nets,CSC408,5,"Welcoming to students seeking help with difficult course projects.. Furthermore, Course is exceptionally organized and follows the syllabus perfectly., on the other hand, Grading rubrics are completely absent and marks appear random.",positive,"[[""Availability"", ""positive""], [""Course Organisation"", ""positive""], [""Assessment and Grading"", ""negative""]]",synthetic
592,Prof. Martins,Machine Learning & Neural Nets,CSC408,4,"Provides detailed rubrics and constructive feedback on scripts.. Furthermore, Course structure is cohesive and modules transition smoothly., on the other hand, Treats every student with dignity, patience, and respect.",positive,"[[""Assessment and Grading"", ""positive""], [""Course Organisation"", ""positive""], [""Student Interaction"", ""positive""]]",synthetic
593,Prof. Balogun,Database Design & Management,CSC302,1,"Uses outdated, blurry, and handwritten materials from a decade ago.",negative,"[[""Use of Teaching Materials"", ""negative""]]",synthetic
594,Dr. Okafor,Data Science & Big Data,CSC412,5,"Teaching materials are rich, up-to-date, and beautifully designed. and Treats every student with dignity, patience, and respect.",positive,"[[""Use of Teaching Materials"", ""positive""], [""Student Interaction"", ""positive""]]",synthetic
595,Dr. (Mrs) Adeleke,Machine Learning & Neural Nets,CSC408,1,"Grading rubrics are completely absent and marks appear random.. Furthermore, Intimidates students and ridicules genuine questions in class. although Virtually impossible to locate outside scheduled lecture hours.",negative,"[[""Assessment and Grading"", ""negative""], [""Student Interaction"", ""negative""], [""Availability"", ""negative""]]",synthetic
596,Dr. Okafor,Machine Learning & Neural Nets,CSC408,5,"Exemplary punctuality and regular attendance all semester., though Recommended textbooks are available in the university library.",positive,"[[""Lecturer Punctuality"", ""positive""], [""Use of Teaching Materials"", ""neutral""]]",synthetic
597,Dr. Adeyemi,Special Computing,CSC410,2,"Does not share lecture slides or study materials with the class.. Furthermore, Ignores emails regarding coursework clarifications.",negative,"[[""Use of Teaching Materials"", ""negative""], [""Communication"", ""negative""]]",synthetic
598,Dr. Okafor,Database Design & Management,CSC302,1,"Ignores emails regarding coursework clarifications.. Also, Frequently cancels lectures without giving prior notice., yet Maintains a clear course outline from week one to final exams.",negative,"[[""Communication"", ""negative""], [""Lecturer Punctuality"", ""negative""], [""Course Organisation"", ""positive""]]",synthetic
599,Dr. (Mrs) Adeleke,Introduction to Computer Science,CSC101,2,"Class is a dull one-way monologue with zero student interaction.. Additionally, Teaching materials are riddled with typos, errors, and missing pages.",negative,"[[""Student Interaction"", ""negative""], [""Use of Teaching Materials"", ""negative""]]",synthetic
600,Prof. Martins,Data Science & Big Data,CSC412,3,Course materials were shared according to standard faculty policy.,neutral,"[[""Use of Teaching Materials"", ""neutral""]]",synthetic
601,Dr. Adeyemi,Operating Systems Principles,CSC304,4,Readily accessible and makes time to mentor struggling learners.,positive,"[[""Availability"", ""positive""]]",synthetic
602,Dr. Faith,Cloud Computing Architectures,CSC406,4,Listens attentively to student viewpoints and questions.,positive,"[[""Student Interaction"", ""positive""]]",synthetic
603,Dr. Pomele,Machine Learning & Neural Nets,CSC408,3,"Provides comprehensive slides, reference materials, and handouts. although Total lack of course organization throughout the entire semester.",neutral,"[[""Use of Teaching Materials"", ""positive""], [""Course Organisation"", ""negative""]]",synthetic
604,Dr. Adeyemi,Data Structures and Algorithms,CSC201,3,"Very approachable and willing to assist students after hours., but Missed multiple lecture sessions without making up the hours.",neutral,"[[""Availability"", ""positive""], [""Lecturer Punctuality"", ""negative""]]",synthetic
605,Dr. (Mrs) Adeleke,Database Design & Management,CSC302,1,Virtually impossible to locate outside scheduled lecture hours. and Communication channel is disorganized and unreliable.,negative,"[[""Availability"", ""negative""], [""Communication"", ""negative""]]",synthetic
606,Dr. Okafor,Cloud Computing Architectures,CSC406,3,Recommended textbooks are available in the university library.,neutral,"[[""Use of Teaching Materials"", ""neutral""]]",synthetic
607,Dr. Okafor,Cloud Computing Architectures,CSC406,3,Interaction level was standard for a large lecture hall. Class announcements were relayed through the class representative.,neutral,"[[""Student Interaction"", ""neutral""], [""Communication"", ""neutral""]]",synthetic
608,Dr. Adeyemi,Machine Learning & Neural Nets,CSC408,5,"Continuous assessments directly test what was taught in class.. Also, Creates an engaging, dynamic, and interactive learning environment.",positive,"[[""Assessment and Grading"", ""positive""], [""Student Interaction"", ""positive""]]",synthetic
609,Dr. Adeyemi,Database Design & Management,CSC302,4,"Responds promptly to student emails with helpful guidance.. Additionally, Creates an engaging, dynamic, and interactive learning environment.",positive,"[[""Communication"", ""positive""], [""Student Interaction"", ""positive""]]",synthetic
610,Prof. Martins,Database Design & Management,CSC302,1,Test questions covered material that was never taught in class.,negative,"[[""Assessment and Grading"", ""negative""]]",synthetic
611,Dr. (Mrs) Adeleke,Operating Systems Principles,CSC304,3,Module sequence followed the assigned curriculum. Interaction level was standard for a large lecture hall. Course materials were shared according to standard faculty policy.,neutral,"[[""Course Organisation"", ""neutral""], [""Student Interaction"", ""neutral""], [""Use of Teaching Materials"", ""neutral""]]",synthetic
612,Dr. (Mrs) Adeleke,Cloud Computing Architectures,CSC406,4,"Communicates announcements clearly, proactively, and timely.. Furthermore, Course topics were addressed according to the departmental calendar., but Uses modern multimedia, projectors, and code examples effectively.",positive,"[[""Communication"", ""positive""], [""Course Organisation"", ""neutral""], [""Use of Teaching Materials"", ""positive""]]",synthetic
613,Dr. Adeyemi,Data Science & Big Data,CSC412,2,Does not share lecture slides or study materials with the class.,negative,"[[""Use of Teaching Materials"", ""negative""]]",synthetic
614,Dr. Okafor,Data Science & Big Data,CSC412,3,Lectures follow the textbook explanations adequately. Lecturer arrives roughly on time for most scheduled classes. Course materials were shared according to standard faculty policy.,neutral,"[[""Teaching Clarity"", ""neutral""], [""Lecturer Punctuality"", ""neutral""], [""Use of Teaching Materials"", ""neutral""]]",synthetic
615,Dr. Adeyemi,Data Science & Big Data,CSC412,5,"Exemplary punctuality and regular attendance all semester.. Also, Consultation is available within standard university hours., however, Maintains a clear course outline from week one to final exams.",positive,"[[""Lecturer Punctuality"", ""positive""], [""Availability"", ""neutral""], [""Course Organisation"", ""positive""]]",synthetic
616,Dr. Adeyemi,Data Science & Big Data,CSC412,2,"Difficult to follow what the lecturer is trying to convey.. Additionally, Available primarily during designated departmental consultation hours., though Lacks structure; we jumped from chapter five back to chapter two.",negative,"[[""Teaching Clarity"", ""negative""], [""Availability"", ""neutral""], [""Course Organisation"", ""negative""]]",synthetic
617,Dr. Adeyemi,Data Structures and Algorithms,CSC201,3,Standard course notices were shared periodically.,neutral,"[[""Communication"", ""neutral""]]",synthetic
618,Dr. Chukwu,Introduction to Computer Science,CSC101,5,"Communicates announcements clearly, proactively, and timely.",positive,"[[""Communication"", ""positive""]]",synthetic
619,Prof. Balogun,Data Structures and Algorithms,CSC201,5,"Breaks down difficult topics into digestible steps.; moreover, Teaching materials are rich, up-to-date, and beautifully designed.",positive,"[[""Teaching Clarity"", ""positive""], [""Use of Teaching Materials"", ""positive""]]",synthetic
620,Dr. Faith,Data Structures and Algorithms,CSC201,2,"Virtually impossible to locate outside scheduled lecture hours.. Also, Hostile classroom environment where students fear participating.",negative,"[[""Availability"", ""negative""], [""Student Interaction"", ""negative""]]",synthetic
621,Dr. (Mrs) Adeleke,Special Computing,CSC410,3,Intimidates students and ridicules genuine questions in class. although Never misses a lecture and values students' scheduled time.,neutral,"[[""Student Interaction"", ""negative""], [""Lecturer Punctuality"", ""positive""]]",synthetic
622,Prof. Martins,Data Science & Big Data,CSC412,4,Punctual arrival to 8 AM lectures without exception.,positive,"[[""Lecturer Punctuality"", ""positive""]]",synthetic
623,Dr. Faith,Data Science & Big Data,CSC412,2,"Zero supplementary learning materials provided throughout the course.. Additionally, Vague feedback on assignments; nobody knows why they lost marks. although Poor communication; students were uninformed about test venues.",negative,"[[""Use of Teaching Materials"", ""negative""], [""Assessment and Grading"", ""negative""], [""Communication"", ""negative""]]",synthetic
624,Dr. Pomele,Data Structures and Algorithms,CSC201,4,Shares lecture notes well ahead of time on the student portal.,positive,"[[""Use of Teaching Materials"", ""positive""]]",synthetic
625,Dr. Faith,Data Structures and Algorithms,CSC201,5,"Grading is fair, objective, and transparently communicated. and The explanations are articulate and straightforward to follow.",positive,"[[""Assessment and Grading"", ""positive""], [""Teaching Clarity"", ""positive""]]",synthetic
626,Prof. Balogun,Operating Systems Principles,CSC304,2,Total lack of course organization throughout the entire semester.,negative,"[[""Course Organisation"", ""negative""]]",synthetic
627,Dr. Faith,Data Structures and Algorithms,CSC201,1,"Zero supplementary learning materials provided throughout the course.; moreover, Very poor punctuality; classes start whenever he feels like it.",negative,"[[""Use of Teaching Materials"", ""negative""], [""Lecturer Punctuality"", ""negative""]]",synthetic
628,Dr. Chukwu,Special Computing,CSC410,5,"Course structure is cohesive and modules transition smoothly.. Additionally, Always punctual and starts every class right on time., yet Class is a dull one-way monologue with zero student interaction.",positive,"[[""Course Organisation"", ""positive""], [""Lecturer Punctuality"", ""positive""], [""Student Interaction"", ""negative""]]",synthetic
629,Dr. Chukwu,Machine Learning & Neural Nets,CSC408,2,"Total lack of course organization throughout the entire semester.; moreover, Students cannot reach the lecturer for urgent academic inquiries.",negative,"[[""Course Organisation"", ""negative""], [""Availability"", ""negative""]]",synthetic
630,Prof. Martins,Data Structures and Algorithms,CSC201,1,"Hostile classroom environment where students fear participating.. Also, Continuous assessment scripts were never returned all semester.",negative,"[[""Student Interaction"", ""negative""], [""Assessment and Grading"", ""negative""]]",synthetic
631,Dr. Okafor,Special Computing,CSC410,4,"Grading criteria are explicit and applied equitably to all students.. Additionally, Creates an engaging, dynamic, and interactive learning environment.",positive,"[[""Assessment and Grading"", ""positive""], [""Student Interaction"", ""positive""]]",synthetic
632,Prof. Balogun,Operating Systems Principles,CSC304,3,"Class is a dull one-way monologue with zero student interaction. and Returns test scores quickly with helpful correction notes., though Coverage of the syllabus was delivered as outlined.",neutral,"[[""Student Interaction"", ""negative""], [""Assessment and Grading"", ""positive""], [""Teaching Clarity"", ""neutral""]]",synthetic
633,Dr. Okafor,Cloud Computing Architectures,CSC406,1,"Uses dense jargon without breaking down fundamentals.. Also, Missed multiple lecture sessions without making up the hours.",negative,"[[""Teaching Clarity"", ""negative""], [""Lecturer Punctuality"", ""negative""]]",synthetic
634,Dr. Okafor,Data Structures and Algorithms,CSC201,5,"Encourages active classroom participation and welcoming debates.. Also, Always available during office hours for student consultation., yet Consistently arrives early and utilizes the full lecture period.",positive,"[[""Student Interaction"", ""positive""], [""Availability"", ""positive""], [""Lecturer Punctuality"", ""positive""]]",synthetic
635,Dr. Pomele,Cloud Computing Architectures,CSC406,1,"Intimidates students and ridicules genuine questions in class.. Furthermore, Lacks structure; we jumped from chapter five back to chapter two.",negative,"[[""Student Interaction"", ""negative""], [""Course Organisation"", ""negative""]]",synthetic
636,Dr. Okafor,Machine Learning & Neural Nets,CSC408,5,Encourages active classroom participation and welcoming debates. and Curated readings and textbook recommendations are extremely helpful.,positive,"[[""Student Interaction"", ""positive""], [""Use of Teaching Materials"", ""positive""]]",synthetic
637,Dr. Adeyemi,Machine Learning & Neural Nets,CSC408,5,"Provides comprehensive slides, reference materials, and handouts.; moreover, Exemplary punctuality and regular attendance all semester.",positive,"[[""Use of Teaching Materials"", ""positive""], [""Lecturer Punctuality"", ""positive""]]",synthetic
638,Prof. Balogun,Operating Systems Principles,CSC304,4,Fosters classroom interaction where everyone feels safe to speak.,positive,"[[""Student Interaction"", ""positive""]]",synthetic
639,Dr. Okafor,Cloud Computing Architectures,CSC406,2,"Vague feedback on assignments; nobody knows why they lost marks.. Also, Unavailable to provide guidance on term papers and projects.",negative,"[[""Assessment and Grading"", ""negative""], [""Availability"", ""negative""]]",synthetic
640,Dr. Faith,Special Computing,CSC410,5,"Grading criteria are explicit and applied equitably to all students.. Additionally, Course structure is cohesive and modules transition smoothly.",positive,"[[""Assessment and Grading"", ""positive""], [""Course Organisation"", ""positive""]]",synthetic
641,Dr. Faith,Data Science & Big Data,CSC412,1,"Dismissive and impatient when students approach for assistance.. Furthermore, Class is a dull one-way monologue with zero student interaction., however, Grading is arbitrary, inconsistent, and unfairly penalized.",negative,"[[""Availability"", ""negative""], [""Student Interaction"", ""negative""], [""Assessment and Grading"", ""negative""]]",synthetic
642,Dr. Pomele,Introduction to Computer Science,CSC101,3,"Intimidates students and ridicules genuine questions in class., but Consistently arrives early and utilizes the full lecture period.",neutral,"[[""Student Interaction"", ""negative""], [""Lecturer Punctuality"", ""positive""]]",synthetic
643,Dr. Pomele,Machine Learning & Neural Nets,CSC408,3,Marks were computed according to normal university regulations. Class announcements were relayed through the class representative.,neutral,"[[""Assessment and Grading"", ""neutral""], [""Communication"", ""neutral""]]",synthetic
644,Prof. Balogun,Data Science & Big Data,CSC412,3,The course follows the institutional standard syllabus. Session timing was generally maintained.,neutral,"[[""Course Organisation"", ""neutral""], [""Lecturer Punctuality"", ""neutral""]]",synthetic
645,Dr. Adeyemi,Introduction to Computer Science,CSC101,2,"Lacks structure; we jumped from chapter five back to chapter two.. Also, Students cannot reach the lecturer for urgent academic inquiries.",negative,"[[""Course Organisation"", ""negative""], [""Availability"", ""negative""]]",synthetic
646,Dr. Faith,Data Science & Big Data,CSC412,2,Standard course notices were shared periodically. Two tests and one exam were administered as scheduled.,neutral,"[[""Communication"", ""neutral""], [""Assessment and Grading"", ""neutral""]]",synthetic
647,Prof. Martins,Introduction to Computer Science,CSC101,2,Session timing was generally maintained.,neutral,"[[""Lecturer Punctuality"", ""neutral""]]",synthetic
648,Dr. Okafor,Machine Learning & Neural Nets,CSC408,2,Email responses take two to three business days on average. Lecture slides cover only basic bullet points.,neutral,"[[""Communication"", ""neutral""], [""Use of Teaching Materials"", ""neutral""]]",synthetic
649,Dr. Pomele,Introduction to Computer Science,CSC101,2,"Continuous assessment scripts were never returned all semester.. Also, Standard slide presentations were projected during lecture., on the other hand, Arrives thirty to forty minutes behind schedule repeatedly.",negative,"[[""Assessment and Grading"", ""negative""], [""Use of Teaching Materials"", ""neutral""], [""Lecturer Punctuality"", ""negative""]]",synthetic
650,Prof. Balogun,Machine Learning & Neural Nets,CSC408,3,Module sequence followed the assigned curriculum. Available primarily during designated departmental consultation hours. Lecture slides cover only basic bullet points.,neutral,"[[""Course Organisation"", ""neutral""], [""Availability"", ""neutral""], [""Use of Teaching Materials"", ""neutral""]]",synthetic
651,Dr. Adeyemi,Machine Learning & Neural Nets,CSC408,2,Attendance was generally consistent with occasional slight delays. Marks were computed according to normal university regulations. The syllabus pacing was fairly typical of university modules.,neutral,"[[""Lecturer Punctuality"", ""neutral""], [""Assessment and Grading"", ""neutral""], [""Course Organisation"", ""neutral""]]",synthetic
652,Dr. Pomele,Special Computing,CSC410,5,"Shares lecture notes well ahead of time on the student portal.; moreover, Always punctual and starts every class right on time., but Keeps students well informed about assignment changes and events.",positive,"[[""Use of Teaching Materials"", ""positive""], [""Lecturer Punctuality"", ""positive""], [""Communication"", ""positive""]]",synthetic
653,Prof. Balogun,Operating Systems Principles,CSC304,4,"Makes abstract ideas very easy to understand. and Treats every student with dignity, patience, and respect.",positive,"[[""Teaching Clarity"", ""positive""], [""Student Interaction"", ""positive""]]",synthetic
654,Dr. Pomele,Introduction to Computer Science,CSC101,4,"Outstanding planning; topics progress logically and systematically.; moreover, Makes abstract ideas very easy to understand.",positive,"[[""Course Organisation"", ""positive""], [""Teaching Clarity"", ""positive""]]",synthetic
655,Dr. (Mrs) Adeleke,Database Design & Management,CSC302,4,"Returns test scores quickly with helpful correction notes.. Furthermore, Shares lecture notes well ahead of time on the student portal.",positive,"[[""Assessment and Grading"", ""positive""], [""Use of Teaching Materials"", ""positive""]]",synthetic
656,Prof. Balogun,Operating Systems Principles,CSC304,3,Questions are entertained towards the final ten minutes of class.,neutral,"[[""Student Interaction"", ""neutral""]]",synthetic
657,Dr. Faith,Special Computing,CSC410,1,"Uses outdated, blurry, and handwritten materials from a decade ago.. Also, Outstanding planning; topics progress logically and systematically., however, Grading is arbitrary, inconsistent, and unfairly penalized.",negative,"[[""Use of Teaching Materials"", ""negative""], [""Course Organisation"", ""positive""], [""Assessment and Grading"", ""negative""]]",synthetic
658,Dr. Chukwu,Special Computing,CSC410,2,"Uses outdated, blurry, and handwritten materials from a decade ago.. Also, Class is a dull one-way monologue with zero student interaction. although Poor communication; students were uninformed about test venues.",negative,"[[""Use of Teaching Materials"", ""negative""], [""Student Interaction"", ""negative""], [""Communication"", ""negative""]]",synthetic
659,Prof. Martins,Operating Systems Principles,CSC304,5,"Exemplary punctuality and regular attendance all semester.. Additionally, Very approachable and willing to assist students after hours.",positive,"[[""Lecturer Punctuality"", ""positive""], [""Availability"", ""positive""]]",synthetic
660,Prof. Martins,Operating Systems Principles,CSC304,5,Office doors are always open for academic guidance.,positive,"[[""Availability"", ""positive""]]",synthetic
661,Dr. (Mrs) Adeleke,Database Design & Management,CSC302,4,Shares lecture notes well ahead of time on the student portal.,positive,"[[""Use of Teaching Materials"", ""positive""]]",synthetic
662,Dr. Chukwu,Introduction to Computer Science,CSC101,4,"Always available during office hours for student consultation., though Explanations are moderate and aligned with the course guide.",positive,"[[""Availability"", ""positive""], [""Teaching Clarity"", ""neutral""]]",synthetic
663,Dr. Pomele,Special Computing,CSC410,4,Interaction level was standard for a large lecture hall. Two tests and one exam were administered as scheduled.,neutral,"[[""Student Interaction"", ""neutral""], [""Assessment and Grading"", ""neutral""]]",synthetic
664,Prof. Martins,Special Computing,CSC410,3,Recommended textbooks are available in the university library. Assessments adhered to standard departmental grading scales.,neutral,"[[""Use of Teaching Materials"", ""neutral""], [""Assessment and Grading"", ""neutral""]]",synthetic
665,Prof. Martins,Operating Systems Principles,CSC304,3,Standard course notices were shared periodically. Coverage of the syllabus was delivered as outlined.,neutral,"[[""Communication"", ""neutral""], [""Teaching Clarity"", ""neutral""]]",synthetic
666,Dr. Pomele,Operating Systems Principles,CSC304,2,"Unavailable to provide guidance on term papers and projects.. Furthermore, Refuses to upload lecture notes or reference documents., on the other hand, Grading rubrics are completely absent and marks appear random.",negative,"[[""Availability"", ""negative""], [""Use of Teaching Materials"", ""negative""], [""Assessment and Grading"", ""negative""]]",synthetic
667,Dr. Faith,Special Computing,CSC410,5,Never misses a lecture and values students' scheduled time.,positive,"[[""Lecturer Punctuality"", ""positive""]]",synthetic
668,Dr. (Mrs) Adeleke,Cloud Computing Architectures,CSC406,2,Zero supplementary learning materials provided throughout the course. and Explanations are vague and leave too many unanswered gaps.,negative,"[[""Use of Teaching Materials"", ""negative""], [""Teaching Clarity"", ""negative""]]",synthetic
669,Prof. Balogun,Data Science & Big Data,CSC412,5,Very approachable and willing to assist students after hours.,positive,"[[""Availability"", ""positive""]]",synthetic
670,Dr. Okafor,Introduction to Computer Science,CSC101,3,Two tests and one exam were administered as scheduled. Session timing was generally maintained.,neutral,"[[""Assessment and Grading"", ""neutral""], [""Lecturer Punctuality"", ""neutral""]]",synthetic
671,Dr. Okafor,Database Design & Management,CSC302,4,Course is exceptionally organized and follows the syllabus perfectly. and Consistently arrives early and utilizes the full lecture period.,positive,"[[""Course Organisation"", ""positive""], [""Lecturer Punctuality"", ""positive""]]",synthetic
672,Dr. (Mrs) Adeleke,Data Structures and Algorithms,CSC201,1,"Dismissive and impatient when students approach for assistance.. Additionally, Zero supplementary learning materials provided throughout the course.",negative,"[[""Availability"", ""negative""], [""Use of Teaching Materials"", ""negative""]]",synthetic
673,Dr. Faith,Cloud Computing Architectures,CSC406,1,"Students cannot reach the lecturer for urgent academic inquiries.. Furthermore, Grading rubrics are completely absent and marks appear random., yet Makes abstract ideas very easy to understand.",negative,"[[""Availability"", ""negative""], [""Assessment and Grading"", ""negative""], [""Teaching Clarity"", ""positive""]]",synthetic
674,Dr. Faith,Special Computing,CSC410,4,"Treats every student with dignity, patience, and respect.",positive,"[[""Student Interaction"", ""positive""]]",synthetic
675,Dr. (Mrs) Adeleke,Machine Learning & Neural Nets,CSC408,4,"Always available during office hours for student consultation.. Additionally, Clear verbal and written communication throughout the semester., though Teaching materials are riddled with typos, errors, and missing pages.",positive,"[[""Availability"", ""positive""], [""Communication"", ""positive""], [""Use of Teaching Materials"", ""negative""]]",synthetic
676,Dr. Chukwu,Data Science & Big Data,CSC412,1,"Grading is arbitrary, inconsistent, and unfairly penalized.. Additionally, Missed multiple lecture sessions without making up the hours., on the other hand, Announcements are confusing, contradictory, and last-minute.",negative,"[[""Assessment and Grading"", ""negative""], [""Lecturer Punctuality"", ""negative""], [""Communication"", ""negative""]]",synthetic
677,Dr. (Mrs) Adeleke,Machine Learning & Neural Nets,CSC408,4,"Uses modern multimedia, projectors, and code examples effectively.. Furthermore, Provides detailed rubrics and constructive feedback on scripts.",positive,"[[""Use of Teaching Materials"", ""positive""], [""Assessment and Grading"", ""positive""]]",synthetic
678,Dr. Okafor,Machine Learning & Neural Nets,CSC408,5,"Clarifies every question thoroughly until we grasp the topic.; moreover, Office doors are always open for academic guidance.",positive,"[[""Teaching Clarity"", ""positive""], [""Availability"", ""positive""]]",synthetic
679,Dr. Pomele,Database Design & Management,CSC302,1,"Explanations are vague and leave too many unanswered gaps., but Lecture slides cover only basic bullet points.",negative,"[[""Teaching Clarity"", ""negative""], [""Use of Teaching Materials"", ""neutral""]]",synthetic
680,Dr. Pomele,Operating Systems Principles,CSC304,2,"Zero supplementary learning materials provided throughout the course.. Furthermore, Discourages questions and dismisses student contributions rudely.",negative,"[[""Use of Teaching Materials"", ""negative""], [""Student Interaction"", ""negative""]]",synthetic
681,Dr. Adeyemi,Cloud Computing Architectures,CSC406,1,"Unavailable to provide guidance on term papers and projects.. Additionally, Intimidates students and ridicules genuine questions in class.",negative,"[[""Availability"", ""negative""], [""Student Interaction"", ""negative""]]",synthetic
682,Prof. Martins,Special Computing,CSC410,5,"Curated readings and textbook recommendations are extremely helpful.; moreover, Keeps students well informed about assignment changes and events.",positive,"[[""Use of Teaching Materials"", ""positive""], [""Communication"", ""positive""]]",synthetic
683,Dr. Pomele,Operating Systems Principles,CSC304,4,"Grading is fair, objective, and transparently communicated.",positive,"[[""Assessment and Grading"", ""positive""]]",synthetic
684,Dr. Okafor,Introduction to Computer Science,CSC101,2,Grading rubrics are completely absent and marks appear random.,negative,"[[""Assessment and Grading"", ""negative""]]",synthetic
685,Dr. Pomele,Data Science & Big Data,CSC412,5,"Continuous assessments directly test what was taught in class. and Never misses a lecture and values students' scheduled time., yet Listens attentively to student viewpoints and questions.",positive,"[[""Assessment and Grading"", ""positive""], [""Lecturer Punctuality"", ""positive""], [""Student Interaction"", ""positive""]]",synthetic
686,Dr. Pomele,Introduction to Computer Science,CSC101,4,"Encourages active classroom participation and welcoming debates.. Additionally, Clarifies every question thoroughly until we grasp the topic.",positive,"[[""Student Interaction"", ""positive""], [""Teaching Clarity"", ""positive""]]",synthetic
687,Dr. Okafor,Machine Learning & Neural Nets,CSC408,1,"Zero supplementary learning materials provided throughout the course.. Furthermore, Unavailable to provide guidance on term papers and projects.",negative,"[[""Use of Teaching Materials"", ""negative""], [""Availability"", ""negative""]]",synthetic
688,Dr. Chukwu,Special Computing,CSC410,3,Module sequence followed the assigned curriculum. Marks were computed according to normal university regulations.,neutral,"[[""Course Organisation"", ""neutral""], [""Assessment and Grading"", ""neutral""]]",synthetic
689,Prof. Balogun,Data Structures and Algorithms,CSC201,5,"Treats every student with dignity, patience, and respect.. Furthermore, The explanations are articulate and straightforward to follow.",positive,"[[""Student Interaction"", ""positive""], [""Teaching Clarity"", ""positive""]]",synthetic
690,Dr. (Mrs) Adeleke,Database Design & Management,CSC302,2,Unavailable to provide guidance on term papers and projects.,negative,"[[""Availability"", ""negative""]]",synthetic
691,Dr. (Mrs) Adeleke,Database Design & Management,CSC302,3,"Grading criteria are explicit and applied equitably to all students. and Never available during posted office hours; doors always locked., yet Module sequence followed the assigned curriculum.",neutral,"[[""Assessment and Grading"", ""positive""], [""Availability"", ""negative""], [""Course Organisation"", ""neutral""]]",synthetic
692,Dr. Pomele,Data Structures and Algorithms,CSC201,3,Coverage of the syllabus was delivered as outlined.,neutral,"[[""Teaching Clarity"", ""neutral""]]",synthetic
693,Prof. Martins,Database Design & Management,CSC302,2,Coverage of the syllabus was delivered as outlined.,neutral,"[[""Teaching Clarity"", ""neutral""]]",synthetic
694,Dr. Faith,Data Science & Big Data,CSC412,1,Frequently cancels lectures without giving prior notice.,negative,"[[""Lecturer Punctuality"", ""negative""]]",synthetic
695,Dr. Pomele,Special Computing,CSC410,3,Module sequence followed the assigned curriculum. Standard course notices were shared periodically. Lectures follow the textbook explanations adequately.,neutral,"[[""Course Organisation"", ""neutral""], [""Communication"", ""neutral""], [""Teaching Clarity"", ""neutral""]]",synthetic
696,Dr. Okafor,Data Science & Big Data,CSC412,4,"Continuous assessments directly test what was taught in class.. Also, Responds promptly to student emails with helpful guidance.",positive,"[[""Assessment and Grading"", ""positive""], [""Communication"", ""positive""]]",synthetic
697,Dr. Adeyemi,Data Structures and Algorithms,CSC201,4,Responds promptly to student emails with helpful guidance.,positive,"[[""Communication"", ""positive""]]",synthetic
698,Dr. (Mrs) Adeleke,Introduction to Computer Science,CSC101,5,"Brilliant teaching clarity; makes challenging algorithms look simple.. Also, Disorganized scheduling; classes were shifted erratically. although Never misses a lecture and values students' scheduled time.",positive,"[[""Teaching Clarity"", ""positive""], [""Course Organisation"", ""negative""], [""Lecturer Punctuality"", ""positive""]]",synthetic
699,Dr. Chukwu,Cloud Computing Architectures,CSC406,5,"Exams were well-balanced and marked with complete fairness. and Fosters classroom interaction where everyone feels safe to speak., yet Exemplary punctuality and regular attendance all semester.",positive,"[[""Assessment and Grading"", ""positive""], [""Student Interaction"", ""positive""], [""Lecturer Punctuality"", ""positive""]]",synthetic
700,Dr. Adeyemi,Special Computing,CSC410,4,Responds promptly to student emails with helpful guidance.,positive,"[[""Communication"", ""positive""]]",synthetic
701,Dr. Chukwu,Special Computing,CSC410,4,Exam difficulty reflected the average level of past papers. Meeting the lecturer requires scheduling an appointment. Explanations are moderate and aligned with the course guide.,neutral,"[[""Assessment and Grading"", ""neutral""], [""Availability"", ""neutral""], [""Teaching Clarity"", ""neutral""]]",synthetic
702,Prof. Balogun,Machine Learning & Neural Nets,CSC408,2,Lecture delivery is acceptable for introductory topics. Questions are entertained towards the final ten minutes of class. Marks were computed according to normal university regulations.,neutral,"[[""Teaching Clarity"", ""neutral""], [""Student Interaction"", ""neutral""], [""Assessment and Grading"", ""neutral""]]",synthetic
703,Dr. (Mrs) Adeleke,Introduction to Computer Science,CSC101,3,"Creates an engaging, dynamic, and interactive learning environment. although Teaching materials are riddled with typos, errors, and missing pages.",neutral,"[[""Student Interaction"", ""positive""], [""Use of Teaching Materials"", ""negative""]]",synthetic
704,Dr. Pomele,Cloud Computing Architectures,CSC406,1,Never available during posted office hours; doors always locked.,negative,"[[""Availability"", ""negative""]]",synthetic
705,Dr. Pomele,Special Computing,CSC410,1,Students cannot reach the lecturer for urgent academic inquiries.,negative,"[[""Availability"", ""negative""]]",synthetic
706,Prof. Balogun,Special Computing,CSC410,5,"Communicates announcements clearly, proactively, and timely.. Additionally, Explains complex concepts with clarity and precision.",positive,"[[""Communication"", ""positive""], [""Teaching Clarity"", ""positive""]]",synthetic
707,Dr. Faith,Introduction to Computer Science,CSC101,2,"Students cannot reach the lecturer for urgent academic inquiries.; moreover, Ignores emails regarding coursework clarifications.",negative,"[[""Availability"", ""negative""], [""Communication"", ""negative""]]",synthetic
708,Prof. Balogun,Data Science & Big Data,CSC412,3,"Missed multiple lecture sessions without making up the hours., but Listens attentively to student viewpoints and questions.",neutral,"[[""Lecturer Punctuality"", ""negative""], [""Student Interaction"", ""positive""]]",synthetic
709,Dr. Okafor,Data Science & Big Data,CSC412,4,"Grading is fair, objective, and transparently communicated.. Additionally, Punctual arrival to 8 AM lectures without exception.",positive,"[[""Assessment and Grading"", ""positive""], [""Lecturer Punctuality"", ""positive""]]",synthetic
710,Dr. (Mrs) Adeleke,Machine Learning & Neural Nets,CSC408,3,Lecture slides cover only basic bullet points. Standard course notices were shared periodically.,neutral,"[[""Use of Teaching Materials"", ""neutral""], [""Communication"", ""neutral""]]",synthetic
711,Prof. Martins,Cloud Computing Architectures,CSC406,2,Standard slide presentations were projected during lecture. Course topics were addressed according to the departmental calendar.,neutral,"[[""Use of Teaching Materials"", ""neutral""], [""Course Organisation"", ""neutral""]]",synthetic
712,Dr. Okafor,Data Structures and Algorithms,CSC201,3,"Ignores emails regarding coursework clarifications., but Uses practical analogies that simplify technical concepts.",neutral,"[[""Communication"", ""negative""], [""Teaching Clarity"", ""positive""]]",synthetic
713,Dr. Adeyemi,Cloud Computing Architectures,CSC406,4,"Communicates announcements clearly, proactively, and timely.; moreover, Continuous assessments directly test what was taught in class.",positive,"[[""Communication"", ""positive""], [""Assessment and Grading"", ""positive""]]",synthetic
714,Dr. Pomele,Special Computing,CSC410,1,"Habitually late to lectures and wastes valuable class time.. Additionally, The course is poorly organized with no clear syllabus., on the other hand, Ignores emails regarding coursework clarifications.",negative,"[[""Lecturer Punctuality"", ""negative""], [""Course Organisation"", ""negative""], [""Communication"", ""negative""]]",synthetic
715,Prof. Balogun,Data Structures and Algorithms,CSC201,2,Recommended textbooks are available in the university library. Questions are entertained towards the final ten minutes of class. Standard course notices were shared periodically.,neutral,"[[""Use of Teaching Materials"", ""neutral""], [""Student Interaction"", ""neutral""], [""Communication"", ""neutral""]]",synthetic
716,Prof. Martins,Data Structures and Algorithms,CSC201,1,"Ignores emails regarding coursework clarifications.. Additionally, Uses dense jargon without breaking down fundamentals. although Virtually impossible to locate outside scheduled lecture hours.",negative,"[[""Communication"", ""negative""], [""Teaching Clarity"", ""negative""], [""Availability"", ""negative""]]",synthetic
717,Prof. Martins,Data Science & Big Data,CSC412,1,"Students cannot reach the lecturer for urgent academic inquiries., yet Recommended textbooks are available in the university library.",negative,"[[""Availability"", ""negative""], [""Use of Teaching Materials"", ""neutral""]]",synthetic
718,Prof. Martins,Data Science & Big Data,CSC412,4,"Readily accessible and makes time to mentor struggling learners.; moreover, Fosters classroom interaction where everyone feels safe to speak., but Course structure is cohesive and modules transition smoothly.",positive,"[[""Availability"", ""positive""], [""Student Interaction"", ""positive""], [""Course Organisation"", ""positive""]]",synthetic
719,Prof. Balogun,Special Computing,CSC410,3,Interaction level was standard for a large lecture hall. Explanations are moderate and aligned with the course guide.,neutral,"[[""Student Interaction"", ""neutral""], [""Teaching Clarity"", ""neutral""]]",synthetic
720,Dr. Adeyemi,Data Science & Big Data,CSC412,1,"Grading is fair, objective, and transparently communicated. and Uses outdated, blurry, and handwritten materials from a decade ago. although Course outline was never provided and topics were disjointed.",negative,"[[""Assessment and Grading"", ""positive""], [""Use of Teaching Materials"", ""negative""], [""Course Organisation"", ""negative""]]",synthetic
721,Dr. Chukwu,Machine Learning & Neural Nets,CSC408,5,Provides detailed rubrics and constructive feedback on scripts.,positive,"[[""Assessment and Grading"", ""positive""]]",synthetic
722,Dr. Adeyemi,Operating Systems Principles,CSC304,2,Very poor punctuality; classes start whenever he feels like it.,negative,"[[""Lecturer Punctuality"", ""negative""]]",synthetic
723,Dr. Chukwu,Data Structures and Algorithms,CSC201,1,"Unavailable to provide guidance on term papers and projects.. Also, Explanations are moderate and aligned with the course guide., on the other hand, Grading is arbitrary, inconsistent, and unfairly penalized.",negative,"[[""Availability"", ""negative""], [""Teaching Clarity"", ""neutral""], [""Assessment and Grading"", ""negative""]]",synthetic
724,Prof. Martins,Introduction to Computer Science,CSC101,5,"Fosters classroom interaction where everyone feels safe to speak., on the other hand, Lectures started within reasonable university grace periods.",positive,"[[""Student Interaction"", ""positive""], [""Lecturer Punctuality"", ""neutral""]]",synthetic
725,Dr. Chukwu,Introduction to Computer Science,CSC101,3,Course materials were shared according to standard faculty policy. The explanations are standard and neither exciting nor unclear. Class interaction was typical with occasional question sessions.,neutral,"[[""Use of Teaching Materials"", ""neutral""], [""Teaching Clarity"", ""neutral""], [""Student Interaction"", ""neutral""]]",synthetic
726,Dr. Pomele,Data Structures and Algorithms,CSC201,3,Questions are entertained towards the final ten minutes of class. Exam difficulty reflected the average level of past papers.,neutral,"[[""Student Interaction"", ""neutral""], [""Assessment and Grading"", ""neutral""]]",synthetic
727,Dr. Adeyemi,Cloud Computing Architectures,CSC406,5,"Treats every student with dignity, patience, and respect.. Additionally, Keeps students well informed about assignment changes and events.",positive,"[[""Student Interaction"", ""positive""], [""Communication"", ""positive""]]",synthetic
728,Prof. Balogun,Database Design & Management,CSC302,5,"Shares lecture notes well ahead of time on the student portal.; moreover, Exams were well-balanced and marked with complete fairness.",positive,"[[""Use of Teaching Materials"", ""positive""], [""Assessment and Grading"", ""positive""]]",synthetic
729,Prof. Martins,Special Computing,CSC410,2,"Explanations are confusing and lack structure.; moreover, Unavailable to provide guidance on term papers and projects.",negative,"[[""Teaching Clarity"", ""negative""], [""Availability"", ""negative""]]",synthetic
730,Dr. Adeyemi,Operating Systems Principles,CSC304,2,Module sequence followed the assigned curriculum. Available primarily during designated departmental consultation hours. Coverage of the syllabus was delivered as outlined.,neutral,"[[""Course Organisation"", ""neutral""], [""Availability"", ""neutral""], [""Teaching Clarity"", ""neutral""]]",synthetic
731,Dr. Chukwu,Database Design & Management,CSC302,5,Delivers structured and comprehensible lectures every time.,positive,"[[""Teaching Clarity"", ""positive""]]",synthetic
732,Dr. Okafor,Data Structures and Algorithms,CSC201,2,Lacks pedagogical clarity; students leave the hall confused.,negative,"[[""Teaching Clarity"", ""negative""]]",synthetic
733,Dr. Pomele,Data Science & Big Data,CSC412,4,Lecturer arrives roughly on time for most scheduled classes. The syllabus pacing was fairly typical of university modules. Lecture slides cover only basic bullet points.,neutral,"[[""Lecturer Punctuality"", ""neutral""], [""Course Organisation"", ""neutral""], [""Use of Teaching Materials"", ""neutral""]]",synthetic
734,Dr. Okafor,Introduction to Computer Science,CSC101,4,"Creates an engaging, dynamic, and interactive learning environment.",positive,"[[""Student Interaction"", ""positive""]]",synthetic
735,Dr. Faith,Cloud Computing Architectures,CSC406,3,"Vague feedback on assignments; nobody knows why they lost marks., on the other hand, Every lecture explanation is logical and clear.",neutral,"[[""Assessment and Grading"", ""negative""], [""Teaching Clarity"", ""positive""]]",synthetic
736,Dr. Faith,Machine Learning & Neural Nets,CSC408,2,"Difficult to follow what the lecturer is trying to convey.. Also, Ignores emails regarding coursework clarifications., yet Encourages active classroom participation and welcoming debates.",negative,"[[""Teaching Clarity"", ""negative""], [""Communication"", ""negative""], [""Student Interaction"", ""positive""]]",synthetic
737,Dr. Adeyemi,Machine Learning & Neural Nets,CSC408,5,"Provides comprehensive slides, reference materials, and handouts. and Consistently arrives early and utilizes the full lecture period.",positive,"[[""Use of Teaching Materials"", ""positive""], [""Lecturer Punctuality"", ""positive""]]",synthetic
738,Dr. (Mrs) Adeleke,Operating Systems Principles,CSC304,4,"Fosters classroom interaction where everyone feels safe to speak.. Furthermore, The timetable and course pace are managed impeccably.",positive,"[[""Student Interaction"", ""positive""], [""Course Organisation"", ""positive""]]",synthetic
739,Dr. Faith,Data Science & Big Data,CSC412,4,"Communicates announcements clearly, proactively, and timely.",positive,"[[""Communication"", ""positive""]]",synthetic
740,Dr. Chukwu,Data Structures and Algorithms,CSC201,4,"Professional and courteous communication across all channels.. Furthermore, Intimidates students and ridicules genuine questions in class., but Returns test scores quickly with helpful correction notes.",positive,"[[""Communication"", ""positive""], [""Student Interaction"", ""negative""], [""Assessment and Grading"", ""positive""]]",synthetic
741,Dr. (Mrs) Adeleke,Data Science & Big Data,CSC412,3,Module sequence followed the assigned curriculum. Coverage of the syllabus was delivered as outlined.,neutral,"[[""Course Organisation"", ""neutral""], [""Teaching Clarity"", ""neutral""]]",synthetic
742,Dr. Okafor,Cloud Computing Architectures,CSC406,3,"Teaching materials are riddled with typos, errors, and missing pages. and Lecture delivery is acceptable for introductory topics., on the other hand, Exams were well-balanced and marked with complete fairness.",neutral,"[[""Use of Teaching Materials"", ""negative""], [""Teaching Clarity"", ""neutral""], [""Assessment and Grading"", ""positive""]]",synthetic
743,Dr. Faith,Operating Systems Principles,CSC304,2,"Uses dense jargon without breaking down fundamentals.; moreover, Very poor punctuality; classes start whenever he feels like it., though Lectures are predominantly instructional with some Q&A.",negative,"[[""Teaching Clarity"", ""negative""], [""Lecturer Punctuality"", ""negative""], [""Student Interaction"", ""neutral""]]",synthetic
744,Dr. Adeyemi,Data Science & Big Data,CSC412,2,Course outline was never provided and topics were disjointed.,negative,"[[""Course Organisation"", ""negative""]]",synthetic
745,Prof. Balogun,Machine Learning & Neural Nets,CSC408,3,"Provides comprehensive slides, reference materials, and handouts., yet Lacks structure; we jumped from chapter five back to chapter two.",neutral,"[[""Use of Teaching Materials"", ""positive""], [""Course Organisation"", ""negative""]]",synthetic
746,Dr. Pomele,Database Design & Management,CSC302,2,Exams were unreasonably difficult and far beyond the syllabus. and Disorganized scheduling; classes were shifted erratically.,negative,"[[""Assessment and Grading"", ""negative""], [""Course Organisation"", ""negative""]]",synthetic
747,Dr. Faith,Special Computing,CSC410,5,Every lecture explanation is logical and clear. and Consistently arrives early and utilizes the full lecture period.,positive,"[[""Teaching Clarity"", ""positive""], [""Lecturer Punctuality"", ""positive""]]",synthetic
748,Dr. (Mrs) Adeleke,Introduction to Computer Science,CSC101,1,"Zero supplementary learning materials provided throughout the course.; moreover, Dismissive and impatient when students approach for assistance.",negative,"[[""Use of Teaching Materials"", ""negative""], [""Availability"", ""negative""]]",synthetic
749,Prof. Balogun,Operating Systems Principles,CSC304,2,Standard slide presentations were projected during lecture.,neutral,"[[""Use of Teaching Materials"", ""neutral""]]",synthetic
750,Dr. Okafor,Introduction to Computer Science,CSC101,2,"Arrives thirty to forty minutes behind schedule repeatedly.. Additionally, Refuses to upload lecture notes or reference documents.",negative,"[[""Lecturer Punctuality"", ""negative""], [""Use of Teaching Materials"", ""negative""]]",synthetic
751,Prof. Martins,Operating Systems Principles,CSC304,4,"Explains complex concepts with clarity and precision.; moreover, Continuous assessments directly test what was taught in class., though Uses modern multimedia, projectors, and code examples effectively.",positive,"[[""Teaching Clarity"", ""positive""], [""Assessment and Grading"", ""positive""], [""Use of Teaching Materials"", ""positive""]]",synthetic
752,Dr. Faith,Special Computing,CSC410,5,Provides detailed rubrics and constructive feedback on scripts.,positive,"[[""Assessment and Grading"", ""positive""]]",synthetic
753,Dr. Faith,Database Design & Management,CSC302,4,Uses practical analogies that simplify technical concepts.,positive,"[[""Teaching Clarity"", ""positive""]]",synthetic
754,Prof. Martins,Special Computing,CSC410,3,The syllabus pacing was fairly typical of university modules. Marks were computed according to normal university regulations.,neutral,"[[""Course Organisation"", ""neutral""], [""Assessment and Grading"", ""neutral""]]",synthetic
755,Prof. Balogun,Database Design & Management,CSC302,5,"Treats every student with dignity, patience, and respect.. Furthermore, Responds promptly to student emails with helpful guidance.",positive,"[[""Student Interaction"", ""positive""], [""Communication"", ""positive""]]",synthetic
756,Prof. Balogun,Operating Systems Principles,CSC304,5,"Encourages active classroom participation and welcoming debates.. Furthermore, Clear verbal and written communication throughout the semester.",positive,"[[""Student Interaction"", ""positive""], [""Communication"", ""positive""]]",synthetic
757,Prof. Balogun,Cloud Computing Architectures,CSC406,3,Meeting the lecturer requires scheduling an appointment.,neutral,"[[""Availability"", ""neutral""]]",synthetic
758,Dr. (Mrs) Adeleke,Data Science & Big Data,CSC412,5,"The timetable and course pace are managed impeccably.. Furthermore, Shares lecture notes well ahead of time on the student portal., though Office doors are always open for academic guidance.",positive,"[[""Course Organisation"", ""positive""], [""Use of Teaching Materials"", ""positive""], [""Availability"", ""positive""]]",synthetic
759,Dr. (Mrs) Adeleke,Data Structures and Algorithms,CSC201,3,Class interaction was typical with occasional question sessions. Communication was limited to official notice boards and portals.,neutral,"[[""Student Interaction"", ""neutral""], [""Communication"", ""neutral""]]",synthetic
760,Dr. (Mrs) Adeleke,Introduction to Computer Science,CSC101,1,"Hostile classroom environment where students fear participating.. Furthermore, Disorganized scheduling; classes were shifted erratically., but Grading is arbitrary, inconsistent, and unfairly penalized.",negative,"[[""Student Interaction"", ""negative""], [""Course Organisation"", ""negative""], [""Assessment and Grading"", ""negative""]]",synthetic
761,Prof. Balogun,Data Structures and Algorithms,CSC201,2,Lacks pedagogical clarity; students leave the hall confused.,negative,"[[""Teaching Clarity"", ""negative""]]",synthetic
762,Dr. (Mrs) Adeleke,Data Structures and Algorithms,CSC201,2,"Poor communication; students were uninformed about test venues.. Additionally, Class is a dull one-way monologue with zero student interaction.",negative,"[[""Communication"", ""negative""], [""Student Interaction"", ""negative""]]",synthetic
763,Dr. Adeyemi,Machine Learning & Neural Nets,CSC408,3,The course follows the institutional standard syllabus. Exam difficulty reflected the average level of past papers.,neutral,"[[""Course Organisation"", ""neutral""], [""Assessment and Grading"", ""neutral""]]",synthetic
764,Dr. Adeyemi,Data Science & Big Data,CSC412,2,Lacks pedagogical clarity; students leave the hall confused.,negative,"[[""Teaching Clarity"", ""negative""]]",synthetic
765,Dr. Pomele,Database Design & Management,CSC302,1,"Never available during posted office hours; doors always locked.; moreover, Total lack of course organization throughout the entire semester.",negative,"[[""Availability"", ""negative""], [""Course Organisation"", ""negative""]]",synthetic
766,Dr. Pomele,Special Computing,CSC410,2,Standard course notices were shared periodically. Class interaction was typical with occasional question sessions.,neutral,"[[""Communication"", ""neutral""], [""Student Interaction"", ""neutral""]]",synthetic
767,Dr. Chukwu,Cloud Computing Architectures,CSC406,2,Very poor punctuality; classes start whenever he feels like it.,negative,"[[""Lecturer Punctuality"", ""negative""]]",synthetic
768,Prof. Balogun,Data Structures and Algorithms,CSC201,3,"Ignores emails regarding coursework clarifications.. Also, Fosters classroom interaction where everyone feels safe to speak. although Course topics were addressed according to the departmental calendar.",neutral,"[[""Communication"", ""negative""], [""Student Interaction"", ""positive""], [""Course Organisation"", ""neutral""]]",synthetic
769,Dr. (Mrs) Adeleke,Special Computing,CSC410,4,"Professional and courteous communication across all channels.; moreover, Grading criteria are explicit and applied equitably to all students., but Maintains a clear course outline from week one to final exams.",positive,"[[""Communication"", ""positive""], [""Assessment and Grading"", ""positive""], [""Course Organisation"", ""positive""]]",synthetic
770,Prof. Martins,Cloud Computing Architectures,CSC406,2,"Communication channel is disorganized and unreliable.. Additionally, Unavailable to provide guidance on term papers and projects., but Uses outdated, blurry, and handwritten materials from a decade ago.",negative,"[[""Communication"", ""negative""], [""Availability"", ""negative""], [""Use of Teaching Materials"", ""negative""]]",synthetic
771,Dr. (Mrs) Adeleke,Introduction to Computer Science,CSC101,1,Refuses to upload lecture notes or reference documents.,negative,"[[""Use of Teaching Materials"", ""negative""]]",synthetic
772,Dr. Adeyemi,Cloud Computing Architectures,CSC406,3,Marks were computed according to normal university regulations. Lectures follow the textbook explanations adequately.,neutral,"[[""Assessment and Grading"", ""neutral""], [""Teaching Clarity"", ""neutral""]]",synthetic
773,Dr. Adeyemi,Introduction to Computer Science,CSC101,4,"Fosters classroom interaction where everyone feels safe to speak.. Also, Exam difficulty reflected the average level of past papers., yet The lecture schedule and weekly milestones are well planned.",positive,"[[""Student Interaction"", ""positive""], [""Assessment and Grading"", ""neutral""], [""Course Organisation"", ""positive""]]",synthetic
774,Dr. Adeyemi,Cloud Computing Architectures,CSC406,2,Intimidates students and ridicules genuine questions in class.,negative,"[[""Student Interaction"", ""negative""]]",synthetic
775,Prof. Martins,Introduction to Computer Science,CSC101,2,"Never available during posted office hours; doors always locked.. Additionally, Frequently cancels lectures without giving prior notice., though Communication channel is disorganized and unreliable.",negative,"[[""Availability"", ""negative""], [""Lecturer Punctuality"", ""negative""], [""Communication"", ""negative""]]",synthetic
776,Prof. Martins,Special Computing,CSC410,2,Interaction level was standard for a large lecture hall. Meeting the lecturer requires scheduling an appointment.,neutral,"[[""Student Interaction"", ""neutral""], [""Availability"", ""neutral""]]",synthetic
777,Dr. Okafor,Data Structures and Algorithms,CSC201,3,Meeting the lecturer requires scheduling an appointment. Email responses take two to three business days on average.,neutral,"[[""Availability"", ""neutral""], [""Communication"", ""neutral""]]",synthetic
778,Prof. Martins,Operating Systems Principles,CSC304,1,"Grading rubrics are completely absent and marks appear random.; moreover, Never available during posted office hours; doors always locked.",negative,"[[""Assessment and Grading"", ""negative""], [""Availability"", ""negative""]]",synthetic
779,Dr. Okafor,Operating Systems Principles,CSC304,5,Grading criteria are explicit and applied equitably to all students.,positive,"[[""Assessment and Grading"", ""positive""]]",synthetic
780,Dr. Faith,Data Science & Big Data,CSC412,4,"Creates an engaging, dynamic, and interactive learning environment.. Also, Course materials were shared according to standard faculty policy., however, Very approachable and willing to assist students after hours.",positive,"[[""Student Interaction"", ""positive""], [""Use of Teaching Materials"", ""neutral""], [""Availability"", ""positive""]]",synthetic
781,Dr. Okafor,Data Structures and Algorithms,CSC201,5,"Teaching materials are rich, up-to-date, and beautifully designed.",positive,"[[""Use of Teaching Materials"", ""positive""]]",synthetic
782,Dr. Okafor,Operating Systems Principles,CSC304,1,Course outline was never provided and topics were disjointed.,negative,"[[""Course Organisation"", ""negative""]]",synthetic
783,Dr. (Mrs) Adeleke,Data Structures and Algorithms,CSC201,1,"Total lack of course organization throughout the entire semester.. Additionally, Never available during posted office hours; doors always locked.",negative,"[[""Course Organisation"", ""negative""], [""Availability"", ""negative""]]",synthetic
784,Prof. Martins,Cloud Computing Architectures,CSC406,4,"The timetable and course pace are managed impeccably.. Also, Provides comprehensive slides, reference materials, and handouts., however, Grading is fair, objective, and transparently communicated.",positive,"[[""Course Organisation"", ""positive""], [""Use of Teaching Materials"", ""positive""], [""Assessment and Grading"", ""positive""]]",synthetic
785,Prof. Martins,Database Design & Management,CSC302,3,Lecture delivery is acceptable for introductory topics.,neutral,"[[""Teaching Clarity"", ""neutral""]]",synthetic
786,Dr. Okafor,Data Structures and Algorithms,CSC201,5,"Course is exceptionally organized and follows the syllabus perfectly.. Furthermore, Always punctual and starts every class right on time., though Responds promptly to student emails with helpful guidance.",positive,"[[""Course Organisation"", ""positive""], [""Lecturer Punctuality"", ""positive""], [""Communication"", ""positive""]]",synthetic
787,Dr. Adeyemi,Introduction to Computer Science,CSC101,3,Coverage of the syllabus was delivered as outlined.,neutral,"[[""Teaching Clarity"", ""neutral""]]",synthetic
788,Dr. Faith,Data Science & Big Data,CSC412,4,"The lecture schedule and weekly milestones are well planned.; moreover, Interaction level was standard for a large lecture hall., however, Responds promptly to student emails with helpful guidance.",positive,"[[""Course Organisation"", ""positive""], [""Student Interaction"", ""neutral""], [""Communication"", ""positive""]]",synthetic
789,Dr. Adeyemi,Operating Systems Principles,CSC304,4,The lecture schedule and weekly milestones are well planned.,positive,"[[""Course Organisation"", ""positive""]]",synthetic
790,Prof. Balogun,Operating Systems Principles,CSC304,1,Habitually late to lectures and wastes valuable class time.,negative,"[[""Lecturer Punctuality"", ""negative""]]",synthetic
791,Dr. Okafor,Database Design & Management,CSC302,4,Punctual arrival to 8 AM lectures without exception.,positive,"[[""Lecturer Punctuality"", ""positive""]]",synthetic
792,Prof. Martins,Data Science & Big Data,CSC412,5,"The timetable and course pace are managed impeccably.. Also, Very approachable and willing to assist students after hours.",positive,"[[""Course Organisation"", ""positive""], [""Availability"", ""positive""]]",synthetic
793,Dr. (Mrs) Adeleke,Database Design & Management,CSC302,2,Explanations are vague and leave too many unanswered gaps.,negative,"[[""Teaching Clarity"", ""negative""]]",synthetic
794,Dr. Okafor,Introduction to Computer Science,CSC101,4,The timetable and course pace are managed impeccably.,positive,"[[""Course Organisation"", ""positive""]]",synthetic
795,Dr. Adeyemi,Introduction to Computer Science,CSC101,2,"Announcements are confusing, contradictory, and last-minute.",negative,"[[""Communication"", ""negative""]]",synthetic
796,Dr. Faith,Operating Systems Principles,CSC304,1,"Missed multiple lecture sessions without making up the hours.. Furthermore, Poor communication; students were uninformed about test venues.",negative,"[[""Lecturer Punctuality"", ""negative""], [""Communication"", ""negative""]]",synthetic
797,Dr. Okafor,Database Design & Management,CSC302,3,Class interaction was typical with occasional question sessions. Communication was limited to official notice boards and portals.,neutral,"[[""Student Interaction"", ""neutral""], [""Communication"", ""neutral""]]",synthetic
798,Dr. Faith,Database Design & Management,CSC302,3,The explanations are standard and neither exciting nor unclear.,neutral,"[[""Teaching Clarity"", ""neutral""]]",synthetic
799,Prof. Balogun,Operating Systems Principles,CSC304,4,The explanations are articulate and straightforward to follow.,positive,"[[""Teaching Clarity"", ""positive""]]",synthetic
800,Dr. Okafor,Introduction to Computer Science,CSC101,4,"Continuous assessments directly test what was taught in class.. Furthermore, The lecture schedule and weekly milestones are well planned.",positive,"[[""Assessment and Grading"", ""positive""], [""Course Organisation"", ""positive""]]",synthetic
801,Dr. (Mrs) Adeleke,Operating Systems Principles,CSC304,3,"Very poor punctuality; classes start whenever he feels like it., yet Outstanding planning; topics progress logically and systematically.",neutral,"[[""Lecturer Punctuality"", ""negative""], [""Course Organisation"", ""positive""]]",synthetic
802,Dr. Pomele,Introduction to Computer Science,CSC101,4,"Uses modern multimedia, projectors, and code examples effectively.. Additionally, Clarifies every question thoroughly until we grasp the topic., however, Grading criteria are explicit and applied equitably to all students.",positive,"[[""Use of Teaching Materials"", ""positive""], [""Teaching Clarity"", ""positive""], [""Assessment and Grading"", ""positive""]]",synthetic
803,Dr. Chukwu,Special Computing,CSC410,4,The syllabus pacing was fairly typical of university modules. Questions are entertained towards the final ten minutes of class.,neutral,"[[""Course Organisation"", ""neutral""], [""Student Interaction"", ""neutral""]]",synthetic
804,Dr. Pomele,Cloud Computing Architectures,CSC406,5,"Readily accessible and makes time to mentor struggling learners.. Also, Always punctual and starts every class right on time.",positive,"[[""Availability"", ""positive""], [""Lecturer Punctuality"", ""positive""]]",synthetic
805,Dr. Faith,Data Structures and Algorithms,CSC201,5,Punctual arrival to 8 AM lectures without exception.,positive,"[[""Lecturer Punctuality"", ""positive""]]",synthetic
806,Dr. Chukwu,Data Structures and Algorithms,CSC201,5,"Creates an engaging, dynamic, and interactive learning environment.. Additionally, Clear verbal and written communication throughout the semester., on the other hand, Assessments adhered to standard departmental grading scales.",positive,"[[""Student Interaction"", ""positive""], [""Communication"", ""positive""], [""Assessment and Grading"", ""neutral""]]",synthetic
807,Dr. Chukwu,Introduction to Computer Science,CSC101,1,"Poor communication; students were uninformed about test venues.. Furthermore, Unavailable to provide guidance on term papers and projects., yet Uses outdated, blurry, and handwritten materials from a decade ago.",negative,"[[""Communication"", ""negative""], [""Availability"", ""negative""], [""Use of Teaching Materials"", ""negative""]]",synthetic
808,Dr. Okafor,Database Design & Management,CSC302,1,"Vague feedback on assignments; nobody knows why they lost marks., but Recommended textbooks are available in the university library.",negative,"[[""Assessment and Grading"", ""negative""], [""Use of Teaching Materials"", ""neutral""]]",synthetic
809,Dr. Chukwu,Data Science & Big Data,CSC412,2,Module sequence followed the assigned curriculum. Office hours are kept when requested in advance.,neutral,"[[""Course Organisation"", ""neutral""], [""Availability"", ""neutral""]]",synthetic
810,Dr. Pomele,Machine Learning & Neural Nets,CSC408,5,Listens attentively to student viewpoints and questions. and Always available during office hours for student consultation.,positive,"[[""Student Interaction"", ""positive""], [""Availability"", ""positive""]]",synthetic
811,Dr. Pomele,Cloud Computing Architectures,CSC406,4,"Treats every student with dignity, patience, and respect. and Communicates announcements clearly, proactively, and timely.",positive,"[[""Student Interaction"", ""positive""], [""Communication"", ""positive""]]",synthetic
812,Dr. Chukwu,Operating Systems Principles,CSC304,5,"Treats every student with dignity, patience, and respect.. Additionally, The lecture schedule and weekly milestones are well planned.",positive,"[[""Student Interaction"", ""positive""], [""Course Organisation"", ""positive""]]",synthetic
813,Dr. (Mrs) Adeleke,Data Science & Big Data,CSC412,4,"Consistently arrives early and utilizes the full lecture period.. Also, The lecture schedule and weekly milestones are well planned.",positive,"[[""Lecturer Punctuality"", ""positive""], [""Course Organisation"", ""positive""]]",synthetic
814,Dr. Adeyemi,Data Structures and Algorithms,CSC201,4,"Grading is fair, objective, and transparently communicated.. Additionally, Delivers structured and comprehensible lectures every time. although Lecture slides cover only basic bullet points.",positive,"[[""Assessment and Grading"", ""positive""], [""Teaching Clarity"", ""positive""], [""Use of Teaching Materials"", ""neutral""]]",synthetic
815,Dr. Okafor,Special Computing,CSC410,1,"Explanations are confusing and lack structure., on the other hand, Standard course notices were shared periodically.",negative,"[[""Teaching Clarity"", ""negative""], [""Communication"", ""neutral""]]",synthetic
816,Dr. (Mrs) Adeleke,Data Structures and Algorithms,CSC201,1,"Discourages questions and dismisses student contributions rudely.. Additionally, Test questions covered material that was never taught in class., on the other hand, Teaching materials are riddled with typos, errors, and missing pages.",negative,"[[""Student Interaction"", ""negative""], [""Assessment and Grading"", ""negative""], [""Use of Teaching Materials"", ""negative""]]",synthetic
817,Prof. Balogun,Database Design & Management,CSC302,4,"Makes abstract ideas very easy to understand.. Also, Lectures started within reasonable university grace periods., yet Responds promptly to student emails with helpful guidance.",positive,"[[""Teaching Clarity"", ""positive""], [""Lecturer Punctuality"", ""neutral""], [""Communication"", ""positive""]]",synthetic
818,Dr. Faith,Operating Systems Principles,CSC304,4,Keeps students well informed about assignment changes and events.,positive,"[[""Communication"", ""positive""]]",synthetic
819,Dr. (Mrs) Adeleke,Database Design & Management,CSC302,4,Curated readings and textbook recommendations are extremely helpful.,positive,"[[""Use of Teaching Materials"", ""positive""]]",synthetic
820,Dr. Chukwu,Database Design & Management,CSC302,3,Lecture slides cover only basic bullet points. Email responses take two to three business days on average. Questions are entertained towards the final ten minutes of class.,neutral,"[[""Use of Teaching Materials"", ""neutral""], [""Communication"", ""neutral""], [""Student Interaction"", ""neutral""]]",synthetic
821,Prof. Martins,Special Computing,CSC410,2,Module sequence followed the assigned curriculum. Two tests and one exam were administered as scheduled.,neutral,"[[""Course Organisation"", ""neutral""], [""Assessment and Grading"", ""neutral""]]",synthetic
822,Dr. (Mrs) Adeleke,Data Science & Big Data,CSC412,4,"Always punctual and starts every class right on time., though Course topics were addressed according to the departmental calendar.",positive,"[[""Lecturer Punctuality"", ""positive""], [""Course Organisation"", ""neutral""]]",synthetic
823,Dr. Faith,Machine Learning & Neural Nets,CSC408,5,"Uses modern multimedia, projectors, and code examples effectively. and Professional and courteous communication across all channels.",positive,"[[""Use of Teaching Materials"", ""positive""], [""Communication"", ""positive""]]",synthetic
824,Dr. Adeyemi,Introduction to Computer Science,CSC101,2,"Hostile classroom environment where students fear participating.. Additionally, Communication channel is disorganized and unreliable.",negative,"[[""Student Interaction"", ""negative""], [""Communication"", ""negative""]]",synthetic
825,Dr. Pomele,Introduction to Computer Science,CSC101,5,Maintains a clear course outline from week one to final exams.,positive,"[[""Course Organisation"", ""positive""]]",synthetic
826,Prof. Balogun,Data Science & Big Data,CSC412,3,Class announcements were relayed through the class representative.,neutral,"[[""Communication"", ""neutral""]]",synthetic
827,Dr. Faith,Special Computing,CSC410,2,"Class is a dull one-way monologue with zero student interaction.. Additionally, Exams were unreasonably difficult and far beyond the syllabus., but Does not share lecture slides or study materials with the class.",negative,"[[""Student Interaction"", ""negative""], [""Assessment and Grading"", ""negative""], [""Use of Teaching Materials"", ""negative""]]",synthetic
828,Prof. Martins,Database Design & Management,CSC302,1,"Unavailable to provide guidance on term papers and projects. and Treats every student with dignity, patience, and respect., on the other hand, Total lack of course organization throughout the entire semester.",negative,"[[""Availability"", ""negative""], [""Student Interaction"", ""positive""], [""Course Organisation"", ""negative""]]",synthetic
829,Dr. Adeyemi,Machine Learning & Neural Nets,CSC408,2,Lecture slides cover only basic bullet points. Email responses take two to three business days on average.,neutral,"[[""Use of Teaching Materials"", ""neutral""], [""Communication"", ""neutral""]]",synthetic
830,Prof. Balogun,Special Computing,CSC410,3,Attendance was generally consistent with occasional slight delays.,neutral,"[[""Lecturer Punctuality"", ""neutral""]]",synthetic
831,Dr. (Mrs) Adeleke,Cloud Computing Architectures,CSC406,1,"Never available during posted office hours; doors always locked.. Additionally, Completely unengaging; ignores students raising hands.",negative,"[[""Availability"", ""negative""], [""Student Interaction"", ""negative""]]",synthetic
832,Dr. (Mrs) Adeleke,Operating Systems Principles,CSC304,2,"Discourages questions and dismisses student contributions rudely.. Additionally, Arrives thirty to forty minutes behind schedule repeatedly., but Fails to explain core principles clearly.",negative,"[[""Student Interaction"", ""negative""], [""Lecturer Punctuality"", ""negative""], [""Teaching Clarity"", ""negative""]]",synthetic
833,Dr. Okafor,Database Design & Management,CSC302,5,"Very approachable and willing to assist students after hours.. Furthermore, Never misses a lecture and values students' scheduled time., however, Responds promptly to student emails with helpful guidance.",positive,"[[""Availability"", ""positive""], [""Lecturer Punctuality"", ""positive""], [""Communication"", ""positive""]]",synthetic
834,Prof. Balogun,Special Computing,CSC410,1,"Course outline was never provided and topics were disjointed.. Furthermore, Ignores emails regarding coursework clarifications.",negative,"[[""Course Organisation"", ""negative""], [""Communication"", ""negative""]]",synthetic
835,Prof. Balogun,Data Science & Big Data,CSC412,3,Exam difficulty reflected the average level of past papers. Lecture delivery is acceptable for introductory topics. Lectures are predominantly instructional with some Q&A.,neutral,"[[""Assessment and Grading"", ""neutral""], [""Teaching Clarity"", ""neutral""], [""Student Interaction"", ""neutral""]]",synthetic
836,Dr. Faith,Operating Systems Principles,CSC304,5,Exemplary punctuality and regular attendance all semester.,positive,"[[""Lecturer Punctuality"", ""positive""]]",synthetic
837,Dr. Adeyemi,Operating Systems Principles,CSC304,2,"Discourages questions and dismisses student contributions rudely.; moreover, Assessments adhered to standard departmental grading scales., on the other hand, Class announcements were relayed through the class representative.",negative,"[[""Student Interaction"", ""negative""], [""Assessment and Grading"", ""neutral""], [""Communication"", ""neutral""]]",synthetic
838,Dr. Adeyemi,Machine Learning & Neural Nets,CSC408,3,Marks were computed according to normal university regulations. Lectures started within reasonable university grace periods. Questions are entertained towards the final ten minutes of class.,neutral,"[[""Assessment and Grading"", ""neutral""], [""Lecturer Punctuality"", ""neutral""], [""Student Interaction"", ""neutral""]]",synthetic
839,Dr. Adeyemi,Database Design & Management,CSC302,4,Assessments adhered to standard departmental grading scales. Session timing was generally maintained.,neutral,"[[""Assessment and Grading"", ""neutral""], [""Lecturer Punctuality"", ""neutral""]]",synthetic
840,Dr. Adeyemi,Data Structures and Algorithms,CSC201,2,"Total lack of course organization throughout the entire semester.; moreover, Class is a dull one-way monologue with zero student interaction.",negative,"[[""Course Organisation"", ""negative""], [""Student Interaction"", ""negative""]]",synthetic
841,Dr. (Mrs) Adeleke,Special Computing,CSC410,3,"Total lack of course organization throughout the entire semester.. Also, Explains complex concepts with clarity and precision., on the other hand, Course materials were shared according to standard faculty policy.",neutral,"[[""Course Organisation"", ""negative""], [""Teaching Clarity"", ""positive""], [""Use of Teaching Materials"", ""neutral""]]",synthetic
842,Dr. Chukwu,Cloud Computing Architectures,CSC406,4,"Brilliant teaching clarity; makes challenging algorithms look simple.. Furthermore, Maintains a clear course outline from week one to final exams., on the other hand, Exams were well-balanced and marked with complete fairness.",positive,"[[""Teaching Clarity"", ""positive""], [""Course Organisation"", ""positive""], [""Assessment and Grading"", ""positive""]]",synthetic
843,Prof. Balogun,Database Design & Management,CSC302,5,"Always punctual and starts every class right on time., though Communication was limited to official notice boards and portals.",positive,"[[""Lecturer Punctuality"", ""positive""], [""Communication"", ""neutral""]]",synthetic
844,Dr. Faith,Cloud Computing Architectures,CSC406,3,"Unavailable to provide guidance on term papers and projects., yet Maintains a clear course outline from week one to final exams.",neutral,"[[""Availability"", ""negative""], [""Course Organisation"", ""positive""]]",synthetic
845,Dr. Chukwu,Cloud Computing Architectures,CSC406,2,"Never available during posted office hours; doors always locked.. Also, Fails to respond to student emails and academic inquiries.",negative,"[[""Availability"", ""negative""], [""Communication"", ""negative""]]",synthetic
846,Prof. Martins,Database Design & Management,CSC302,3,Marks were computed according to normal university regulations. Lecture slides cover only basic bullet points.,neutral,"[[""Assessment and Grading"", ""neutral""], [""Use of Teaching Materials"", ""neutral""]]",synthetic
847,Dr. Adeyemi,Introduction to Computer Science,CSC101,1,"The course is poorly organized with no clear syllabus.. Also, Fails to respond to student emails and academic inquiries.",negative,"[[""Course Organisation"", ""negative""], [""Communication"", ""negative""]]",synthetic
848,Prof. Martins,Machine Learning & Neural Nets,CSC408,5,"Consistently arrives early and utilizes the full lecture period.. Furthermore, Grading is fair, objective, and transparently communicated., on the other hand, Breaks down difficult topics into digestible steps.",positive,"[[""Lecturer Punctuality"", ""positive""], [""Assessment and Grading"", ""positive""], [""Teaching Clarity"", ""positive""]]",synthetic
849,Dr. Adeyemi,Data Structures and Algorithms,CSC201,4,"Always available during office hours for student consultation.. Also, Uses modern multimedia, projectors, and code examples effectively.",positive,"[[""Availability"", ""positive""], [""Use of Teaching Materials"", ""positive""]]",synthetic
850,Prof. Balogun,Cloud Computing Architectures,CSC406,5,"Encourages active classroom participation and welcoming debates.. Additionally, Consistently arrives early and utilizes the full lecture period., on the other hand, Very approachable and willing to assist students after hours.",positive,"[[""Student Interaction"", ""positive""], [""Lecturer Punctuality"", ""positive""], [""Availability"", ""positive""]]",synthetic
851,Prof. Balogun,Special Computing,CSC410,3,"Missed multiple lecture sessions without making up the hours., on the other hand, Professional and courteous communication across all channels.",neutral,"[[""Lecturer Punctuality"", ""negative""], [""Communication"", ""positive""]]",synthetic
852,Dr. Pomele,Machine Learning & Neural Nets,CSC408,3,Lectures started within reasonable university grace periods. Marks were computed according to normal university regulations. Email responses take two to three business days on average.,neutral,"[[""Lecturer Punctuality"", ""neutral""], [""Assessment and Grading"", ""neutral""], [""Communication"", ""neutral""]]",synthetic
853,Dr. Adeyemi,Data Science & Big Data,CSC412,1,"The course is poorly organized with no clear syllabus.. Additionally, Zero supplementary learning materials provided throughout the course.",negative,"[[""Course Organisation"", ""negative""], [""Use of Teaching Materials"", ""negative""]]",synthetic
854,Prof. Martins,Operating Systems Principles,CSC304,5,"The lecture schedule and weekly milestones are well planned.. Additionally, Always punctual and starts every class right on time.",positive,"[[""Course Organisation"", ""positive""], [""Lecturer Punctuality"", ""positive""]]",synthetic
855,Dr. Okafor,Introduction to Computer Science,CSC101,3,Two tests and one exam were administered as scheduled. Communication was limited to official notice boards and portals.,neutral,"[[""Assessment and Grading"", ""neutral""], [""Communication"", ""neutral""]]",synthetic
856,Prof. Martins,Database Design & Management,CSC302,2,"Complicates straightforward concepts unnecessarily.. Also, Habitually late to lectures and wastes valuable class time.",negative,"[[""Teaching Clarity"", ""negative""], [""Lecturer Punctuality"", ""negative""]]",synthetic
857,Dr. Pomele,Data Science & Big Data,CSC412,4,"Readily accessible and makes time to mentor struggling learners.; moreover, Provides detailed rubrics and constructive feedback on scripts.",positive,"[[""Availability"", ""positive""], [""Assessment and Grading"", ""positive""]]",synthetic
858,Dr. (Mrs) Adeleke,Data Structures and Algorithms,CSC201,1,Lacks pedagogical clarity; students leave the hall confused.,negative,"[[""Teaching Clarity"", ""negative""]]",synthetic
859,Dr. Adeyemi,Database Design & Management,CSC302,4,"Grading is fair, objective, and transparently communicated.",positive,"[[""Assessment and Grading"", ""positive""]]",synthetic
860,Dr. (Mrs) Adeleke,Operating Systems Principles,CSC304,4,Exams were well-balanced and marked with complete fairness.,positive,"[[""Assessment and Grading"", ""positive""]]",synthetic
861,Dr. Pomele,Cloud Computing Architectures,CSC406,4,"Creates an engaging, dynamic, and interactive learning environment.",positive,"[[""Student Interaction"", ""positive""]]",synthetic
862,Dr. Pomele,Cloud Computing Architectures,CSC406,2,"Teaching materials are riddled with typos, errors, and missing pages.",negative,"[[""Use of Teaching Materials"", ""negative""]]",synthetic
863,Prof. Balogun,Cloud Computing Architectures,CSC406,3,The explanations are standard and neither exciting nor unclear. Assessments adhered to standard departmental grading scales.,neutral,"[[""Teaching Clarity"", ""neutral""], [""Assessment and Grading"", ""neutral""]]",synthetic
864,Dr. Okafor,Machine Learning & Neural Nets,CSC408,2,Intimidates students and ridicules genuine questions in class.,negative,"[[""Student Interaction"", ""negative""]]",synthetic
865,Dr. (Mrs) Adeleke,Introduction to Computer Science,CSC101,2,"Unavailable to provide guidance on term papers and projects.; moreover, Complicates straightforward concepts unnecessarily. although Missed multiple lecture sessions without making up the hours.",negative,"[[""Availability"", ""negative""], [""Teaching Clarity"", ""negative""], [""Lecturer Punctuality"", ""negative""]]",synthetic
866,Dr. Adeyemi,Cloud Computing Architectures,CSC406,4,"Explains complex concepts with clarity and precision.; moreover, The lecture schedule and weekly milestones are well planned. although Hostile classroom environment where students fear participating.",positive,"[[""Teaching Clarity"", ""positive""], [""Course Organisation"", ""positive""], [""Student Interaction"", ""negative""]]",synthetic
867,Dr. (Mrs) Adeleke,Operating Systems Principles,CSC304,2,"Uses outdated, blurry, and handwritten materials from a decade ago.. Furthermore, Fails to explain core principles clearly.",negative,"[[""Use of Teaching Materials"", ""negative""], [""Teaching Clarity"", ""negative""]]",synthetic
868,Dr. Adeyemi,Machine Learning & Neural Nets,CSC408,5,"Always punctual and starts every class right on time.; moreover, Clear verbal and written communication throughout the semester. although Uses modern multimedia, projectors, and code examples effectively.",positive,"[[""Lecturer Punctuality"", ""positive""], [""Communication"", ""positive""], [""Use of Teaching Materials"", ""positive""]]",synthetic
869,Dr. Adeyemi,Introduction to Computer Science,CSC101,5,Every lecture explanation is logical and clear.,positive,"[[""Teaching Clarity"", ""positive""]]",synthetic
870,Dr. Okafor,Operating Systems Principles,CSC304,5,"Course structure is cohesive and modules transition smoothly.. Furthermore, Treats every student with dignity, patience, and respect.",positive,"[[""Course Organisation"", ""positive""], [""Student Interaction"", ""positive""]]",synthetic
871,Dr. (Mrs) Adeleke,Operating Systems Principles,CSC304,1,Discourages questions and dismisses student contributions rudely.,negative,"[[""Student Interaction"", ""negative""]]",synthetic
872,Prof. Balogun,Machine Learning & Neural Nets,CSC408,4,"Keeps students well informed about assignment changes and events. and Uses modern multimedia, projectors, and code examples effectively.",positive,"[[""Communication"", ""positive""], [""Use of Teaching Materials"", ""positive""]]",synthetic
873,Prof. Balogun,Special Computing,CSC410,4,Curated readings and textbook recommendations are extremely helpful.,positive,"[[""Use of Teaching Materials"", ""positive""]]",synthetic
874,Prof. Martins,Operating Systems Principles,CSC304,5,"Provides comprehensive slides, reference materials, and handouts., though Two tests and one exam were administered as scheduled.",positive,"[[""Use of Teaching Materials"", ""positive""], [""Assessment and Grading"", ""neutral""]]",synthetic
875,Prof. Balogun,Database Design & Management,CSC302,4,Office doors are always open for academic guidance.,positive,"[[""Availability"", ""positive""]]",synthetic
876,Prof. Martins,Data Science & Big Data,CSC412,1,"Total lack of course organization throughout the entire semester.. Additionally, Speaks too fast and jumps between topics erratically.",negative,"[[""Course Organisation"", ""negative""], [""Teaching Clarity"", ""negative""]]",synthetic
877,Prof. Balogun,Data Science & Big Data,CSC412,5,"Uses modern multimedia, projectors, and code examples effectively., on the other hand, Lectures are predominantly instructional with some Q&A.",positive,"[[""Use of Teaching Materials"", ""positive""], [""Student Interaction"", ""neutral""]]",synthetic
878,Prof. Balogun,Database Design & Management,CSC302,5,Course structure is cohesive and modules transition smoothly. and Punctual arrival to 8 AM lectures without exception.,positive,"[[""Course Organisation"", ""positive""], [""Lecturer Punctuality"", ""positive""]]",synthetic
879,Prof. Martins,Machine Learning & Neural Nets,CSC408,2,The explanations are standard and neither exciting nor unclear. Lectures are predominantly instructional with some Q&A.,neutral,"[[""Teaching Clarity"", ""neutral""], [""Student Interaction"", ""neutral""]]",synthetic
880,Prof. Martins,Data Science & Big Data,CSC412,1,"Hostile classroom environment where students fear participating.. Furthermore, Never available during posted office hours; doors always locked.",negative,"[[""Student Interaction"", ""negative""], [""Availability"", ""negative""]]",synthetic
881,Dr. Faith,Cloud Computing Architectures,CSC406,1,"Fails to explain core principles clearly.. Also, Completely unengaging; ignores students raising hands.",negative,"[[""Teaching Clarity"", ""negative""], [""Student Interaction"", ""negative""]]",synthetic
882,Dr. Pomele,Introduction to Computer Science,CSC101,5,"Outstanding planning; topics progress logically and systematically., though Recommended textbooks are available in the university library.",positive,"[[""Course Organisation"", ""positive""], [""Use of Teaching Materials"", ""neutral""]]",synthetic
883,Dr. Okafor,Machine Learning & Neural Nets,CSC408,3,"Always punctual and starts every class right on time., though Completely unengaging; ignores students raising hands.",neutral,"[[""Lecturer Punctuality"", ""positive""], [""Student Interaction"", ""negative""]]",synthetic
884,Dr. Adeyemi,Database Design & Management,CSC302,5,"Readily accessible and makes time to mentor struggling learners.. Also, Communicates announcements clearly, proactively, and timely., however, Course is exceptionally organized and follows the syllabus perfectly.",positive,"[[""Availability"", ""positive""], [""Communication"", ""positive""], [""Course Organisation"", ""positive""]]",synthetic
885,Dr. Pomele,Cloud Computing Architectures,CSC406,1,"Total lack of course organization throughout the entire semester.. Furthermore, Communication channel is disorganized and unreliable., though Hostile classroom environment where students fear participating.",negative,"[[""Course Organisation"", ""negative""], [""Communication"", ""negative""], [""Student Interaction"", ""negative""]]",synthetic
886,Dr. Chukwu,Introduction to Computer Science,CSC101,1,Missed multiple lecture sessions without making up the hours.,negative,"[[""Lecturer Punctuality"", ""negative""]]",synthetic
887,Dr. (Mrs) Adeleke,Cloud Computing Architectures,CSC406,2,Test questions covered material that was never taught in class.,negative,"[[""Assessment and Grading"", ""negative""]]",synthetic
888,Prof. Martins,Data Structures and Algorithms,CSC201,5,"Makes abstract ideas very easy to understand.; moreover, Grading criteria are explicit and applied equitably to all students.",positive,"[[""Teaching Clarity"", ""positive""], [""Assessment and Grading"", ""positive""]]",synthetic
889,Prof. Martins,Data Science & Big Data,CSC412,1,Missed multiple lecture sessions without making up the hours.,negative,"[[""Lecturer Punctuality"", ""negative""]]",synthetic
890,Dr. Okafor,Cloud Computing Architectures,CSC406,5,"Encourages active classroom participation and welcoming debates.. Furthermore, Always punctual and starts every class right on time.",positive,"[[""Student Interaction"", ""positive""], [""Lecturer Punctuality"", ""positive""]]",synthetic
891,Dr. Pomele,Data Science & Big Data,CSC412,1,Explanations are confusing and lack structure.,negative,"[[""Teaching Clarity"", ""negative""]]",synthetic
892,Dr. Adeyemi,Database Design & Management,CSC302,2,"Teaching materials are riddled with typos, errors, and missing pages.",negative,"[[""Use of Teaching Materials"", ""negative""]]",synthetic
893,Prof. Balogun,Machine Learning & Neural Nets,CSC408,1,Frequently cancels lectures without giving prior notice. and Rushes through difficult slides without proper explanation.,negative,"[[""Lecturer Punctuality"", ""negative""], [""Teaching Clarity"", ""negative""]]",synthetic
894,Dr. Pomele,Data Science & Big Data,CSC412,4,"Treats every student with dignity, patience, and respect.",positive,"[[""Student Interaction"", ""positive""]]",synthetic
895,Dr. Chukwu,Introduction to Computer Science,CSC101,5,"Professional and courteous communication across all channels.. Additionally, Provides comprehensive slides, reference materials, and handouts.",positive,"[[""Communication"", ""positive""], [""Use of Teaching Materials"", ""positive""]]",synthetic
896,Dr. Faith,Data Science & Big Data,CSC412,5,Readily accessible and makes time to mentor struggling learners.,positive,"[[""Availability"", ""positive""]]",synthetic
897,Prof. Balogun,Data Science & Big Data,CSC412,5,"Course structure is cohesive and modules transition smoothly.. Also, Makes abstract ideas very easy to understand., on the other hand, Very approachable and willing to assist students after hours.",positive,"[[""Course Organisation"", ""positive""], [""Teaching Clarity"", ""positive""], [""Availability"", ""positive""]]",synthetic
898,Dr. Adeyemi,Database Design & Management,CSC302,5,"Shares lecture notes well ahead of time on the student portal. and Communicates announcements clearly, proactively, and timely.",positive,"[[""Use of Teaching Materials"", ""positive""], [""Communication"", ""positive""]]",synthetic
899,Prof. Balogun,Cloud Computing Architectures,CSC406,1,"Teaching materials are riddled with typos, errors, and missing pages.",negative,"[[""Use of Teaching Materials"", ""negative""]]",synthetic
900,Dr. Chukwu,Data Science & Big Data,CSC412,4,"Very approachable and willing to assist students after hours.. Additionally, Disorganized scheduling; classes were shifted erratically. although Clarifies every question thoroughly until we grasp the topic.",positive,"[[""Availability"", ""positive""], [""Course Organisation"", ""negative""], [""Teaching Clarity"", ""positive""]]",synthetic
901,Prof. Martins,Database Design & Management,CSC302,2,"Very poor punctuality; classes start whenever he feels like it.. Additionally, Zero supplementary learning materials provided throughout the course., but Class is a dull one-way monologue with zero student interaction.",negative,"[[""Lecturer Punctuality"", ""negative""], [""Use of Teaching Materials"", ""negative""], [""Student Interaction"", ""negative""]]",synthetic
902,Dr. Adeyemi,Introduction to Computer Science,CSC101,5,Explains complex concepts with clarity and precision.,positive,"[[""Teaching Clarity"", ""positive""]]",synthetic
903,Prof. Martins,Data Structures and Algorithms,CSC201,3,The explanations are standard and neither exciting nor unclear. Exam difficulty reflected the average level of past papers. Lectures are predominantly instructional with some Q&A.,neutral,"[[""Teaching Clarity"", ""neutral""], [""Assessment and Grading"", ""neutral""], [""Student Interaction"", ""neutral""]]",synthetic
904,Dr. Faith,Operating Systems Principles,CSC304,4,Consistently arrives early and utilizes the full lecture period.,positive,"[[""Lecturer Punctuality"", ""positive""]]",synthetic
905,Dr. Chukwu,Cloud Computing Architectures,CSC406,5,"Encourages active classroom participation and welcoming debates.. Additionally, Grading is fair, objective, and transparently communicated.",positive,"[[""Student Interaction"", ""positive""], [""Assessment and Grading"", ""positive""]]",synthetic
906,Prof. Martins,Special Computing,CSC410,5,"Outstanding planning; topics progress logically and systematically.. Furthermore, Teaching materials are rich, up-to-date, and beautifully designed.",positive,"[[""Course Organisation"", ""positive""], [""Use of Teaching Materials"", ""positive""]]",synthetic
907,Prof. Martins,Data Structures and Algorithms,CSC201,4,"Welcoming to students seeking help with difficult course projects.. Also, Always punctual and starts every class right on time.",positive,"[[""Availability"", ""positive""], [""Lecturer Punctuality"", ""positive""]]",synthetic
908,Dr. Okafor,Cloud Computing Architectures,CSC406,1,"Explanations are confusing and lack structure.; moreover, Unavailable to provide guidance on term papers and projects. although The syllabus pace was rushed heavily in the final weeks.",negative,"[[""Teaching Clarity"", ""negative""], [""Availability"", ""negative""], [""Course Organisation"", ""negative""]]",synthetic
909,Dr. Faith,Machine Learning & Neural Nets,CSC408,3,Marks were computed according to normal university regulations. Recommended textbooks are available in the university library.,neutral,"[[""Assessment and Grading"", ""neutral""], [""Use of Teaching Materials"", ""neutral""]]",synthetic
910,Dr. Okafor,Operating Systems Principles,CSC304,2,Assessments adhered to standard departmental grading scales.,neutral,"[[""Assessment and Grading"", ""neutral""]]",synthetic
911,Prof. Balogun,Data Structures and Algorithms,CSC201,5,"Encourages active classroom participation and welcoming debates.. Furthermore, Teaching materials are rich, up-to-date, and beautifully designed.",positive,"[[""Student Interaction"", ""positive""], [""Use of Teaching Materials"", ""positive""]]",synthetic
912,Dr. Adeyemi,Data Science & Big Data,CSC412,5,Keeps students well informed about assignment changes and events.,positive,"[[""Communication"", ""positive""]]",synthetic
913,Dr. Adeyemi,Data Science & Big Data,CSC412,2,Difficult to follow what the lecturer is trying to convey.,negative,"[[""Teaching Clarity"", ""negative""]]",synthetic
914,Dr. Okafor,Introduction to Computer Science,CSC101,4,The course follows the institutional standard syllabus.,neutral,"[[""Course Organisation"", ""neutral""]]",synthetic
915,Dr. Okafor,Data Structures and Algorithms,CSC201,3,The course follows the institutional standard syllabus.,neutral,"[[""Course Organisation"", ""neutral""]]",synthetic
916,Dr. Chukwu,Machine Learning & Neural Nets,CSC408,4,"Keeps students well informed about assignment changes and events.. Also, Encourages active classroom participation and welcoming debates.",positive,"[[""Communication"", ""positive""], [""Student Interaction"", ""positive""]]",synthetic
917,Prof. Martins,Data Science & Big Data,CSC412,1,Intimidates students and ridicules genuine questions in class.,negative,"[[""Student Interaction"", ""negative""]]",synthetic
918,Prof. Martins,Cloud Computing Architectures,CSC406,5,The timetable and course pace are managed impeccably. although Communication was limited to official notice boards and portals.,positive,"[[""Course Organisation"", ""positive""], [""Communication"", ""neutral""]]",synthetic
919,Dr. (Mrs) Adeleke,Database Design & Management,CSC302,3,"Ignores emails regarding coursework clarifications.; moreover, Continuous assessments directly test what was taught in class. although Questions are entertained towards the final ten minutes of class.",neutral,"[[""Communication"", ""negative""], [""Assessment and Grading"", ""positive""], [""Student Interaction"", ""neutral""]]",synthetic
920,Dr. Adeyemi,Data Structures and Algorithms,CSC201,1,"Grading is arbitrary, inconsistent, and unfairly penalized.. Furthermore, Hostile classroom environment where students fear participating., but Refuses to upload lecture notes or reference documents.",negative,"[[""Assessment and Grading"", ""negative""], [""Student Interaction"", ""negative""], [""Use of Teaching Materials"", ""negative""]]",synthetic
921,Prof. Balogun,Database Design & Management,CSC302,1,Grading rubrics are completely absent and marks appear random.,negative,"[[""Assessment and Grading"", ""negative""]]",synthetic
922,Dr. Pomele,Data Structures and Algorithms,CSC201,3,Lecture slides cover only basic bullet points. Class announcements were relayed through the class representative. The syllabus pacing was fairly typical of university modules.,neutral,"[[""Use of Teaching Materials"", ""neutral""], [""Communication"", ""neutral""], [""Course Organisation"", ""neutral""]]",synthetic
923,Dr. Chukwu,Operating Systems Principles,CSC304,1,"Exams were unreasonably difficult and far beyond the syllabus.. Additionally, Frequently cancels lectures without giving prior notice., though Curated readings and textbook recommendations are extremely helpful.",negative,"[[""Assessment and Grading"", ""negative""], [""Lecturer Punctuality"", ""negative""], [""Use of Teaching Materials"", ""positive""]]",synthetic
924,Dr. Faith,Special Computing,CSC410,3,Coverage of the syllabus was delivered as outlined. Module sequence followed the assigned curriculum.,neutral,"[[""Teaching Clarity"", ""neutral""], [""Course Organisation"", ""neutral""]]",synthetic
925,Dr. Adeyemi,Operating Systems Principles,CSC304,2,Refuses to upload lecture notes or reference documents.,negative,"[[""Use of Teaching Materials"", ""negative""]]",synthetic
926,Dr. (Mrs) Adeleke,Data Structures and Algorithms,CSC201,2,Grading rubrics are completely absent and marks appear random.,negative,"[[""Assessment and Grading"", ""negative""]]",synthetic
927,Dr. Chukwu,Introduction to Computer Science,CSC101,2,Standard course notices were shared periodically. Two tests and one exam were administered as scheduled.,neutral,"[[""Communication"", ""neutral""], [""Assessment and Grading"", ""neutral""]]",synthetic
928,Dr. Pomele,Data Science & Big Data,CSC412,4,"Continuous assessments directly test what was taught in class.; moreover, Always punctual and starts every class right on time.",positive,"[[""Assessment and Grading"", ""positive""], [""Lecturer Punctuality"", ""positive""]]",synthetic
929,Prof. Balogun,Special Computing,CSC410,5,"Provides comprehensive slides, reference materials, and handouts.. Furthermore, The timetable and course pace are managed impeccably., but Uses practical analogies that simplify technical concepts.",positive,"[[""Use of Teaching Materials"", ""positive""], [""Course Organisation"", ""positive""], [""Teaching Clarity"", ""positive""]]",synthetic
930,Dr. Pomele,Data Science & Big Data,CSC412,1,"Unavailable to provide guidance on term papers and projects.. Furthermore, Discourages questions and dismisses student contributions rudely.",negative,"[[""Availability"", ""negative""], [""Student Interaction"", ""negative""]]",synthetic
931,Dr. Chukwu,Data Science & Big Data,CSC412,4,"Office doors are always open for academic guidance.. Furthermore, Outstanding planning; topics progress logically and systematically.",positive,"[[""Availability"", ""positive""], [""Course Organisation"", ""positive""]]",synthetic
932,Dr. Chukwu,Database Design & Management,CSC302,4,"Very poor punctuality; classes start whenever he feels like it.. Additionally, Explains complex concepts with clarity and precision., though Responds promptly to student emails with helpful guidance.",positive,"[[""Lecturer Punctuality"", ""negative""], [""Teaching Clarity"", ""positive""], [""Communication"", ""positive""]]",synthetic
933,Dr. Pomele,Operating Systems Principles,CSC304,4,The explanations are standard and neither exciting nor unclear. Session timing was generally maintained.,neutral,"[[""Teaching Clarity"", ""neutral""], [""Lecturer Punctuality"", ""neutral""]]",synthetic
934,Dr. Okafor,Data Science & Big Data,CSC412,2,Very poor punctuality; classes start whenever he feels like it.,negative,"[[""Lecturer Punctuality"", ""negative""]]",synthetic
935,Dr. Faith,Operating Systems Principles,CSC304,1,Habitually late to lectures and wastes valuable class time. and Poor communication; students were uninformed about test venues.,negative,"[[""Lecturer Punctuality"", ""negative""], [""Communication"", ""negative""]]",synthetic
936,Dr. Adeyemi,Machine Learning & Neural Nets,CSC408,5,"Shares lecture notes well ahead of time on the student portal.; moreover, Never misses a lecture and values students' scheduled time.",positive,"[[""Use of Teaching Materials"", ""positive""], [""Lecturer Punctuality"", ""positive""]]",synthetic
937,Prof. Martins,Data Science & Big Data,CSC412,2,"Announcements are confusing, contradictory, and last-minute.. Also, The syllabus pace was rushed heavily in the final weeks.",negative,"[[""Communication"", ""negative""], [""Course Organisation"", ""negative""]]",synthetic
938,Dr. Adeyemi,Machine Learning & Neural Nets,CSC408,5,"Course structure is cohesive and modules transition smoothly.. Also, Explanations are moderate and aligned with the course guide., yet Communicates announcements clearly, proactively, and timely.",positive,"[[""Course Organisation"", ""positive""], [""Teaching Clarity"", ""neutral""], [""Communication"", ""positive""]]",synthetic
939,Dr. (Mrs) Adeleke,Introduction to Computer Science,CSC101,2,The course follows the institutional standard syllabus. Course materials were shared according to standard faculty policy.,neutral,"[[""Course Organisation"", ""neutral""], [""Use of Teaching Materials"", ""neutral""]]",synthetic
940,Dr. Chukwu,Operating Systems Principles,CSC304,1,Communication channel is disorganized and unreliable.,negative,"[[""Communication"", ""negative""]]",synthetic
941,Dr. Pomele,Machine Learning & Neural Nets,CSC408,5,"Listens attentively to student viewpoints and questions., though Communication was limited to official notice boards and portals.",positive,"[[""Student Interaction"", ""positive""], [""Communication"", ""neutral""]]",synthetic
942,Prof. Martins,Database Design & Management,CSC302,4,Questions are entertained towards the final ten minutes of class. Module sequence followed the assigned curriculum. Available primarily during designated departmental consultation hours.,neutral,"[[""Student Interaction"", ""neutral""], [""Course Organisation"", ""neutral""], [""Availability"", ""neutral""]]",synthetic
943,Prof. Martins,Operating Systems Principles,CSC304,5,"Creates an engaging, dynamic, and interactive learning environment.; moreover, Professional and courteous communication across all channels., yet The course follows the institutional standard syllabus.",positive,"[[""Student Interaction"", ""positive""], [""Communication"", ""positive""], [""Course Organisation"", ""neutral""]]",synthetic
944,Prof. Balogun,Cloud Computing Architectures,CSC406,5,Course is exceptionally organized and follows the syllabus perfectly.,positive,"[[""Course Organisation"", ""positive""]]",synthetic
945,Dr. Adeyemi,Special Computing,CSC410,2,"Explanations are vague and leave too many unanswered gaps.. Furthermore, Poor communication; students were uninformed about test venues.",negative,"[[""Teaching Clarity"", ""negative""], [""Communication"", ""negative""]]",synthetic
946,Dr. Pomele,Introduction to Computer Science,CSC101,1,Missed multiple lecture sessions without making up the hours.,negative,"[[""Lecturer Punctuality"", ""negative""]]",synthetic
947,Dr. Pomele,Special Computing,CSC410,1,Vague feedback on assignments; nobody knows why they lost marks.,negative,"[[""Assessment and Grading"", ""negative""]]",synthetic
948,Dr. (Mrs) Adeleke,Data Science & Big Data,CSC412,4,"The lecture schedule and weekly milestones are well planned.. Additionally, Lacks pedagogical clarity; students leave the hall confused., but Uses modern multimedia, projectors, and code examples effectively.",positive,"[[""Course Organisation"", ""positive""], [""Teaching Clarity"", ""negative""], [""Use of Teaching Materials"", ""positive""]]",synthetic
949,Dr. Chukwu,Special Computing,CSC410,4,Course structure is cohesive and modules transition smoothly.,positive,"[[""Course Organisation"", ""positive""]]",synthetic
950,Dr. (Mrs) Adeleke,Database Design & Management,CSC302,3,Assessments adhered to standard departmental grading scales. Standard slide presentations were projected during lecture. Coverage of the syllabus was delivered as outlined.,neutral,"[[""Assessment and Grading"", ""neutral""], [""Use of Teaching Materials"", ""neutral""], [""Teaching Clarity"", ""neutral""]]",synthetic
951,Dr. Okafor,Data Structures and Algorithms,CSC201,4,Office hours are kept when requested in advance.,neutral,"[[""Availability"", ""neutral""]]",synthetic
952,Dr. Okafor,Special Computing,CSC410,3,Assessments adhered to standard departmental grading scales. Course topics were addressed according to the departmental calendar.,neutral,"[[""Assessment and Grading"", ""neutral""], [""Course Organisation"", ""neutral""]]",synthetic
953,Prof. Martins,Database Design & Management,CSC302,5,Exams were well-balanced and marked with complete fairness.,positive,"[[""Assessment and Grading"", ""positive""]]",synthetic
954,Prof. Balogun,Data Science & Big Data,CSC412,1,"Unavailable to provide guidance on term papers and projects.. Furthermore, Missed multiple lecture sessions without making up the hours.",negative,"[[""Availability"", ""negative""], [""Lecturer Punctuality"", ""negative""]]",synthetic
955,Dr. Faith,Cloud Computing Architectures,CSC406,4,"Readily accessible and makes time to mentor struggling learners.. Additionally, Consistently arrives early and utilizes the full lecture period.",positive,"[[""Availability"", ""positive""], [""Lecturer Punctuality"", ""positive""]]",synthetic
956,Dr. Chukwu,Data Structures and Algorithms,CSC201,5,"Always available during office hours for student consultation.. Furthermore, Listens attentively to student viewpoints and questions.",positive,"[[""Availability"", ""positive""], [""Student Interaction"", ""positive""]]",synthetic
957,Dr. Adeyemi,Database Design & Management,CSC302,4,"Clarifies every question thoroughly until we grasp the topic.. Also, Readily accessible and makes time to mentor struggling learners.",positive,"[[""Teaching Clarity"", ""positive""], [""Availability"", ""positive""]]",synthetic
958,Dr. Adeyemi,Special Computing,CSC410,1,"Announcements are confusing, contradictory, and last-minute.",negative,"[[""Communication"", ""negative""]]",synthetic
959,Dr. Adeyemi,Introduction to Computer Science,CSC101,4,Keeps students well informed about assignment changes and events.,positive,"[[""Communication"", ""positive""]]",synthetic
960,Prof. Balogun,Special Computing,CSC410,2,Poor communication; students were uninformed about test venues. and Lacks structure; we jumped from chapter five back to chapter two.,negative,"[[""Communication"", ""negative""], [""Course Organisation"", ""negative""]]",synthetic
961,Dr. Faith,Machine Learning & Neural Nets,CSC408,4,"Outstanding planning; topics progress logically and systematically.; moreover, Always available during office hours for student consultation.",positive,"[[""Course Organisation"", ""positive""], [""Availability"", ""positive""]]",synthetic
962,Prof. Balogun,Operating Systems Principles,CSC304,2,Session timing was generally maintained. The course follows the institutional standard syllabus. Coverage of the syllabus was delivered as outlined.,neutral,"[[""Lecturer Punctuality"", ""neutral""], [""Course Organisation"", ""neutral""], [""Teaching Clarity"", ""neutral""]]",synthetic
963,Dr. Adeyemi,Data Science & Big Data,CSC412,5,"Clear verbal and written communication throughout the semester., yet Available primarily during designated departmental consultation hours.",positive,"[[""Communication"", ""positive""], [""Availability"", ""neutral""]]",synthetic
964,Dr. Chukwu,Cloud Computing Architectures,CSC406,4,Explains complex concepts with clarity and precision.,positive,"[[""Teaching Clarity"", ""positive""]]",synthetic
965,Dr. Adeyemi,Data Structures and Algorithms,CSC201,4,"Creates an engaging, dynamic, and interactive learning environment.; moreover, Clear verbal and written communication throughout the semester., but Exams were well-balanced and marked with complete fairness.",positive,"[[""Student Interaction"", ""positive""], [""Communication"", ""positive""], [""Assessment and Grading"", ""positive""]]",synthetic
966,Dr. (Mrs) Adeleke,Machine Learning & Neural Nets,CSC408,5,"Outstanding planning; topics progress logically and systematically., but Class interaction was typical with occasional question sessions.",positive,"[[""Course Organisation"", ""positive""], [""Student Interaction"", ""neutral""]]",synthetic
967,Prof. Balogun,Data Science & Big Data,CSC412,4,"Creates an engaging, dynamic, and interactive learning environment.. Also, Outstanding planning; topics progress logically and systematically., but Provides comprehensive slides, reference materials, and handouts.",positive,"[[""Student Interaction"", ""positive""], [""Course Organisation"", ""positive""], [""Use of Teaching Materials"", ""positive""]]",synthetic
968,Dr. Pomele,Special Computing,CSC410,1,Ignores emails regarding coursework clarifications.,negative,"[[""Communication"", ""negative""]]",synthetic
969,Prof. Martins,Cloud Computing Architectures,CSC406,4,"The lecture schedule and weekly milestones are well planned.. Additionally, Teaching materials are rich, up-to-date, and beautifully designed.",positive,"[[""Course Organisation"", ""positive""], [""Use of Teaching Materials"", ""positive""]]",synthetic
970,Dr. (Mrs) Adeleke,Introduction to Computer Science,CSC101,3,Unavailable to provide guidance on term papers and projects. although Provides detailed rubrics and constructive feedback on scripts.,neutral,"[[""Availability"", ""negative""], [""Assessment and Grading"", ""positive""]]",synthetic
971,Prof. Balogun,Data Science & Big Data,CSC412,1,"Arrives thirty to forty minutes behind schedule repeatedly.. Additionally, Fails to respond to student emails and academic inquiries.",negative,"[[""Lecturer Punctuality"", ""negative""], [""Communication"", ""negative""]]",synthetic
972,Dr. Okafor,Introduction to Computer Science,CSC101,4,"Teaching materials are rich, up-to-date, and beautifully designed., though Interaction level was standard for a large lecture hall.",positive,"[[""Use of Teaching Materials"", ""positive""], [""Student Interaction"", ""neutral""]]",synthetic
973,Dr. Adeyemi,Cloud Computing Architectures,CSC406,3,Attendance was generally consistent with occasional slight delays. Marks were computed according to normal university regulations. Recommended textbooks are available in the university library.,neutral,"[[""Lecturer Punctuality"", ""neutral""], [""Assessment and Grading"", ""neutral""], [""Use of Teaching Materials"", ""neutral""]]",synthetic
974,Dr. Chukwu,Machine Learning & Neural Nets,CSC408,3,Available primarily during designated departmental consultation hours.,neutral,"[[""Availability"", ""neutral""]]",synthetic
975,Dr. Adeyemi,Data Structures and Algorithms,CSC201,3,Attendance was generally consistent with occasional slight delays. Coverage of the syllabus was delivered as outlined.,neutral,"[[""Lecturer Punctuality"", ""neutral""], [""Teaching Clarity"", ""neutral""]]",synthetic
976,Dr. (Mrs) Adeleke,Data Structures and Algorithms,CSC201,3,"Course structure is cohesive and modules transition smoothly., yet Students cannot reach the lecturer for urgent academic inquiries.",neutral,"[[""Course Organisation"", ""positive""], [""Availability"", ""negative""]]",synthetic
977,Dr. Okafor,Database Design & Management,CSC302,5,"Professional and courteous communication across all channels.. Furthermore, Clarifies every question thoroughly until we grasp the topic.",positive,"[[""Communication"", ""positive""], [""Teaching Clarity"", ""positive""]]",synthetic
978,Dr. Chukwu,Introduction to Computer Science,CSC101,2,Unavailable to provide guidance on term papers and projects.,negative,"[[""Availability"", ""negative""]]",synthetic
979,Dr. Okafor,Data Science & Big Data,CSC412,4,"Course is exceptionally organized and follows the syllabus perfectly. and Uses modern multimedia, projectors, and code examples effectively.",positive,"[[""Course Organisation"", ""positive""], [""Use of Teaching Materials"", ""positive""]]",synthetic
980,Dr. Faith,Machine Learning & Neural Nets,CSC408,5,"Creates an engaging, dynamic, and interactive learning environment.. Also, Consistently arrives early and utilizes the full lecture period. although Shares lecture notes well ahead of time on the student portal.",positive,"[[""Student Interaction"", ""positive""], [""Lecturer Punctuality"", ""positive""], [""Use of Teaching Materials"", ""positive""]]",synthetic
981,Dr. Adeyemi,Special Computing,CSC410,2,"Uses outdated, blurry, and handwritten materials from a decade ago.",negative,"[[""Use of Teaching Materials"", ""negative""]]",synthetic
982,Dr. Adeyemi,Database Design & Management,CSC302,3,Communication was limited to official notice boards and portals.,neutral,"[[""Communication"", ""neutral""]]",synthetic
983,Dr. Chukwu,Data Structures and Algorithms,CSC201,4,Two tests and one exam were administered as scheduled. Standard slide presentations were projected during lecture.,neutral,"[[""Assessment and Grading"", ""neutral""], [""Use of Teaching Materials"", ""neutral""]]",synthetic
984,Dr. (Mrs) Adeleke,Database Design & Management,CSC302,5,"Provides comprehensive slides, reference materials, and handouts., however, Interaction level was standard for a large lecture hall.",positive,"[[""Use of Teaching Materials"", ""positive""], [""Student Interaction"", ""neutral""]]",synthetic
985,Dr. Adeyemi,Cloud Computing Architectures,CSC406,1,Poor communication; students were uninformed about test venues.,negative,"[[""Communication"", ""negative""]]",synthetic
986,Dr. Pomele,Data Structures and Algorithms,CSC201,4,"Delivers structured and comprehensible lectures every time.. Additionally, Fosters classroom interaction where everyone feels safe to speak.",positive,"[[""Teaching Clarity"", ""positive""], [""Student Interaction"", ""positive""]]",synthetic
987,Dr. Okafor,Machine Learning & Neural Nets,CSC408,3,Questions are entertained towards the final ten minutes of class.,neutral,"[[""Student Interaction"", ""neutral""]]",synthetic
988,Dr. Okafor,Data Structures and Algorithms,CSC201,5,Encourages active classroom participation and welcoming debates.,positive,"[[""Student Interaction"", ""positive""]]",synthetic
989,Dr. Adeyemi,Operating Systems Principles,CSC304,4,"Shares lecture notes well ahead of time on the student portal.. Also, Office doors are always open for academic guidance., however, Maintains a clear course outline from week one to final exams.",positive,"[[""Use of Teaching Materials"", ""positive""], [""Availability"", ""positive""], [""Course Organisation"", ""positive""]]",synthetic
990,Dr. Adeyemi,Database Design & Management,CSC302,3,Course materials were shared according to standard faculty policy. Consultation is available within standard university hours.,neutral,"[[""Use of Teaching Materials"", ""neutral""], [""Availability"", ""neutral""]]",synthetic
991,Dr. (Mrs) Adeleke,Special Computing,CSC410,4,"Provides detailed rubrics and constructive feedback on scripts. and Consistently arrives early and utilizes the full lecture period., though Keeps students well informed about assignment changes and events.",positive,"[[""Assessment and Grading"", ""positive""], [""Lecturer Punctuality"", ""positive""], [""Communication"", ""positive""]]",synthetic
992,Dr. Okafor,Data Structures and Algorithms,CSC201,4,Maintains a clear course outline from week one to final exams.,positive,"[[""Course Organisation"", ""positive""]]",synthetic
993,Prof. Balogun,Operating Systems Principles,CSC304,5,"Delivers structured and comprehensible lectures every time.; moreover, Curated readings and textbook recommendations are extremely helpful.",positive,"[[""Teaching Clarity"", ""positive""], [""Use of Teaching Materials"", ""positive""]]",synthetic
994,Dr. Pomele,Data Science & Big Data,CSC412,1,Habitually late to lectures and wastes valuable class time.,negative,"[[""Lecturer Punctuality"", ""negative""]]",synthetic
995,Dr. Okafor,Introduction to Computer Science,CSC101,2,Standard course notices were shared periodically. Module sequence followed the assigned curriculum.,neutral,"[[""Communication"", ""neutral""], [""Course Organisation"", ""neutral""]]",synthetic
996,Dr. Pomele,Data Science & Big Data,CSC412,2,"Dismissive and impatient when students approach for assistance.. Also, Course outline was never provided and topics were disjointed., however, Uses outdated, blurry, and handwritten materials from a decade ago.",negative,"[[""Availability"", ""negative""], [""Course Organisation"", ""negative""], [""Use of Teaching Materials"", ""negative""]]",synthetic
997,Dr. Pomele,Introduction to Computer Science,CSC101,2,Meeting the lecturer requires scheduling an appointment. Recommended textbooks are available in the university library.,neutral,"[[""Availability"", ""neutral""], [""Use of Teaching Materials"", ""neutral""]]",synthetic
998,Dr. Adeyemi,Operating Systems Principles,CSC304,1,Zero supplementary learning materials provided throughout the course.,negative,"[[""Use of Teaching Materials"", ""negative""]]",synthetic
999,Prof. Balogun,Data Structures and Algorithms,CSC201,3,"Completely unengaging; ignores students raising hands., however, Always punctual and starts every class right on time.",neutral,"[[""Student Interaction"", ""negative""], [""Lecturer Punctuality"", ""positive""]]",synthetic
1000,Dr. Faith,Machine Learning & Neural Nets,CSC408,2,"Communication channel is disorganized and unreliable.. Additionally, The course is poorly organized with no clear syllabus.",negative,"[[""Communication"", ""negative""], [""Course Organisation"", ""negative""]]",synthetic
1001,Dr. Okafor,Operating Systems Principles,CSC304,4,"Provides comprehensive slides, reference materials, and handouts.. Also, Encourages active classroom participation and welcoming debates.",positive,"[[""Use of Teaching Materials"", ""positive""], [""Student Interaction"", ""positive""]]",synthetic
1002,Dr. (Mrs) Adeleke,Machine Learning & Neural Nets,CSC408,2,"Fails to explain core principles clearly.. Furthermore, Does not share lecture slides or study materials with the class.",negative,"[[""Teaching Clarity"", ""negative""], [""Use of Teaching Materials"", ""negative""]]",synthetic
1003,Prof. Martins,Data Structures and Algorithms,CSC201,4,Provides detailed rubrics and constructive feedback on scripts.,positive,"[[""Assessment and Grading"", ""positive""]]",synthetic
1004,Dr. Faith,Data Structures and Algorithms,CSC201,4,Breaks down difficult topics into digestible steps.,positive,"[[""Teaching Clarity"", ""positive""]]",synthetic
1005,Dr. Faith,Introduction to Computer Science,CSC101,2,Explanations are moderate and aligned with the course guide.,neutral,"[[""Teaching Clarity"", ""neutral""]]",synthetic
1006,Dr. Adeyemi,Special Computing,CSC410,4,Course materials were shared according to standard faculty policy. Module sequence followed the assigned curriculum.,neutral,"[[""Use of Teaching Materials"", ""neutral""], [""Course Organisation"", ""neutral""]]",synthetic
1007,Dr. Chukwu,Data Science & Big Data,CSC412,5,Every lecture explanation is logical and clear.,positive,"[[""Teaching Clarity"", ""positive""]]",synthetic
1008,Dr. (Mrs) Adeleke,Introduction to Computer Science,CSC101,4,"Readily accessible and makes time to mentor struggling learners.. Additionally, Keeps students well informed about assignment changes and events.",positive,"[[""Availability"", ""positive""], [""Communication"", ""positive""]]",synthetic
1009,Dr. (Mrs) Adeleke,Data Science & Big Data,CSC412,3,"Listens attentively to student viewpoints and questions., on the other hand, The course is poorly organized with no clear syllabus.",neutral,"[[""Student Interaction"", ""positive""], [""Course Organisation"", ""negative""]]",synthetic
1010,Dr. Okafor,Machine Learning & Neural Nets,CSC408,2,Course materials were shared according to standard faculty policy. The explanations are standard and neither exciting nor unclear.,neutral,"[[""Use of Teaching Materials"", ""neutral""], [""Teaching Clarity"", ""neutral""]]",synthetic
1011,Dr. Pomele,Data Structures and Algorithms,CSC201,5,Returns test scores quickly with helpful correction notes.,positive,"[[""Assessment and Grading"", ""positive""]]",synthetic
1012,Dr. Chukwu,Database Design & Management,CSC302,5,"Grading criteria are explicit and applied equitably to all students.. Additionally, Keeps students well informed about assignment changes and events.",positive,"[[""Assessment and Grading"", ""positive""], [""Communication"", ""positive""]]",synthetic
1013,Dr. Pomele,Machine Learning & Neural Nets,CSC408,2,"The syllabus pace was rushed heavily in the final weeks.; moreover, Class is a dull one-way monologue with zero student interaction., though Communication channel is disorganized and unreliable.",negative,"[[""Course Organisation"", ""negative""], [""Student Interaction"", ""negative""], [""Communication"", ""negative""]]",synthetic
1014,Prof. Balogun,Database Design & Management,CSC302,4,"Treats every student with dignity, patience, and respect. although Explanations are moderate and aligned with the course guide.",positive,"[[""Student Interaction"", ""positive""], [""Teaching Clarity"", ""neutral""]]",synthetic
1015,Dr. Faith,Database Design & Management,CSC302,1,"Missed multiple lecture sessions without making up the hours.; moreover, Uses dense jargon without breaking down fundamentals., though The course is poorly organized with no clear syllabus.",negative,"[[""Lecturer Punctuality"", ""negative""], [""Teaching Clarity"", ""negative""], [""Course Organisation"", ""negative""]]",synthetic
1016,Dr. Adeyemi,Special Computing,CSC410,2,Fails to respond to student emails and academic inquiries. and Dismissive and impatient when students approach for assistance.,negative,"[[""Communication"", ""negative""], [""Availability"", ""negative""]]",synthetic
1017,Prof. Martins,Operating Systems Principles,CSC304,1,"Frequently cancels lectures without giving prior notice. and Module sequence followed the assigned curriculum., on the other hand, Test questions covered material that was never taught in class.",negative,"[[""Lecturer Punctuality"", ""negative""], [""Course Organisation"", ""neutral""], [""Assessment and Grading"", ""negative""]]",synthetic
1018,Dr. Faith,Data Science & Big Data,CSC412,2,Exam difficulty reflected the average level of past papers.,neutral,"[[""Assessment and Grading"", ""neutral""]]",synthetic
1019,Prof. Balogun,Data Science & Big Data,CSC412,4,"Uses modern multimedia, projectors, and code examples effectively.",positive,"[[""Use of Teaching Materials"", ""positive""]]",synthetic
1020,Prof. Balogun,Database Design & Management,CSC302,4,"Exams were well-balanced and marked with complete fairness.; moreover, Encourages active classroom participation and welcoming debates.",positive,"[[""Assessment and Grading"", ""positive""], [""Student Interaction"", ""positive""]]",synthetic
1021,Dr. Pomele,Cloud Computing Architectures,CSC406,5,Curated readings and textbook recommendations are extremely helpful.,positive,"[[""Use of Teaching Materials"", ""positive""]]",synthetic
1022,Dr. Faith,Special Computing,CSC410,4,"Welcoming to students seeking help with difficult course projects.. Additionally, Interaction level was standard for a large lecture hall., on the other hand, Exam difficulty reflected the average level of past papers.",positive,"[[""Availability"", ""positive""], [""Student Interaction"", ""neutral""], [""Assessment and Grading"", ""neutral""]]",synthetic
1023,Dr. (Mrs) Adeleke,Data Science & Big Data,CSC412,5,"Office doors are always open for academic guidance.. Furthermore, Keeps students well informed about assignment changes and events., however, Explains complex concepts with clarity and precision.",positive,"[[""Availability"", ""positive""], [""Communication"", ""positive""], [""Teaching Clarity"", ""positive""]]",synthetic
1024,Dr. Faith,Special Computing,CSC410,4,Explanations are moderate and aligned with the course guide. Assessments adhered to standard departmental grading scales.,neutral,"[[""Teaching Clarity"", ""neutral""], [""Assessment and Grading"", ""neutral""]]",synthetic
1025,Prof. Martins,Data Structures and Algorithms,CSC201,3,"Brilliant teaching clarity; makes challenging algorithms look simple., yet Teaching materials are riddled with typos, errors, and missing pages.",neutral,"[[""Teaching Clarity"", ""positive""], [""Use of Teaching Materials"", ""negative""]]",synthetic
1026,Dr. Faith,Machine Learning & Neural Nets,CSC408,4,Every lecture explanation is logical and clear.,positive,"[[""Teaching Clarity"", ""positive""]]",synthetic
1027,Dr. (Mrs) Adeleke,Special Computing,CSC410,2,Hostile classroom environment where students fear participating.,negative,"[[""Student Interaction"", ""negative""]]",synthetic
1028,Dr. Adeyemi,Cloud Computing Architectures,CSC406,4,"Professional and courteous communication across all channels.. Furthermore, Continuous assessments directly test what was taught in class.",positive,"[[""Communication"", ""positive""], [""Assessment and Grading"", ""positive""]]",synthetic
1029,Dr. Faith,Special Computing,CSC410,5,Every lecture explanation is logical and clear. and Encourages active classroom participation and welcoming debates.,positive,"[[""Teaching Clarity"", ""positive""], [""Student Interaction"", ""positive""]]",synthetic
1030,Prof. Martins,Data Structures and Algorithms,CSC201,2,"Announcements are confusing, contradictory, and last-minute.; moreover, Test questions covered material that was never taught in class.",negative,"[[""Communication"", ""negative""], [""Assessment and Grading"", ""negative""]]",synthetic
1031,Dr. Adeyemi,Data Structures and Algorithms,CSC201,3,Course topics were addressed according to the departmental calendar. Marks were computed according to normal university regulations.,neutral,"[[""Course Organisation"", ""neutral""], [""Assessment and Grading"", ""neutral""]]",synthetic
1032,Dr. (Mrs) Adeleke,Introduction to Computer Science,CSC101,1,"Announcements are confusing, contradictory, and last-minute.. Also, Discourages questions and dismisses student contributions rudely.",negative,"[[""Communication"", ""negative""], [""Student Interaction"", ""negative""]]",synthetic
1033,Prof. Balogun,Special Computing,CSC410,5,"Uses modern multimedia, projectors, and code examples effectively.. Also, Returns test scores quickly with helpful correction notes. although Lectures follow the textbook explanations adequately.",positive,"[[""Use of Teaching Materials"", ""positive""], [""Assessment and Grading"", ""positive""], [""Teaching Clarity"", ""neutral""]]",synthetic
1034,Dr. Faith,Special Computing,CSC410,4,"Provides comprehensive slides, reference materials, and handouts.. Also, Clarifies every question thoroughly until we grasp the topic.",positive,"[[""Use of Teaching Materials"", ""positive""], [""Teaching Clarity"", ""positive""]]",synthetic
1035,Dr. Pomele,Special Computing,CSC410,3,Lectures are predominantly instructional with some Q&A. Session timing was generally maintained. Lectures follow the textbook explanations adequately.,neutral,"[[""Student Interaction"", ""neutral""], [""Lecturer Punctuality"", ""neutral""], [""Teaching Clarity"", ""neutral""]]",synthetic
1036,Dr. Chukwu,Introduction to Computer Science,CSC101,1,Discourages questions and dismisses student contributions rudely.,negative,"[[""Student Interaction"", ""negative""]]",synthetic
1037,Dr. Okafor,Database Design & Management,CSC302,4,Communication was limited to official notice boards and portals. Class interaction was typical with occasional question sessions. Exam difficulty reflected the average level of past papers.,neutral,"[[""Communication"", ""neutral""], [""Student Interaction"", ""neutral""], [""Assessment and Grading"", ""neutral""]]",synthetic
1038,Dr. Chukwu,Operating Systems Principles,CSC304,1,"Difficult to follow what the lecturer is trying to convey.; moreover, Completely unengaging; ignores students raising hands., on the other hand, Zero supplementary learning materials provided throughout the course.",negative,"[[""Teaching Clarity"", ""negative""], [""Student Interaction"", ""negative""], [""Use of Teaching Materials"", ""negative""]]",synthetic
1039,Dr. Chukwu,Cloud Computing Architectures,CSC406,3,Lectures started within reasonable university grace periods. The syllabus pacing was fairly typical of university modules.,neutral,"[[""Lecturer Punctuality"", ""neutral""], [""Course Organisation"", ""neutral""]]",synthetic
1040,Dr. Pomele,Introduction to Computer Science,CSC101,1,"Discourages questions and dismisses student contributions rudely.; moreover, Difficult to follow what the lecturer is trying to convey.",negative,"[[""Student Interaction"", ""negative""], [""Teaching Clarity"", ""negative""]]",synthetic
1041,Dr. Pomele,Data Science & Big Data,CSC412,4,"Responds promptly to student emails with helpful guidance.. Additionally, Encourages active classroom participation and welcoming debates.",positive,"[[""Communication"", ""positive""], [""Student Interaction"", ""positive""]]",synthetic
1042,Dr. Okafor,Data Structures and Algorithms,CSC201,4,"Provides comprehensive slides, reference materials, and handouts.; moreover, Communicates announcements clearly, proactively, and timely., though Readily accessible and makes time to mentor struggling learners.",positive,"[[""Use of Teaching Materials"", ""positive""], [""Communication"", ""positive""], [""Availability"", ""positive""]]",synthetic
1043,Prof. Martins,Data Structures and Algorithms,CSC201,3,Office hours are kept when requested in advance. Two tests and one exam were administered as scheduled.,neutral,"[[""Availability"", ""neutral""], [""Assessment and Grading"", ""neutral""]]",synthetic
1044,Dr. Okafor,Cloud Computing Architectures,CSC406,4,Brilliant teaching clarity; makes challenging algorithms look simple.,positive,"[[""Teaching Clarity"", ""positive""]]",synthetic
1045,Dr. Okafor,Database Design & Management,CSC302,3,Lectures started within reasonable university grace periods. Coverage of the syllabus was delivered as outlined.,neutral,"[[""Lecturer Punctuality"", ""neutral""], [""Teaching Clarity"", ""neutral""]]",synthetic
1046,Dr. Okafor,Database Design & Management,CSC302,5,"Professional and courteous communication across all channels., however, The explanations are standard and neither exciting nor unclear.",positive,"[[""Communication"", ""positive""], [""Teaching Clarity"", ""neutral""]]",synthetic
1047,Dr. Chukwu,Database Design & Management,CSC302,3,Questions are entertained towards the final ten minutes of class.,neutral,"[[""Student Interaction"", ""neutral""]]",synthetic
1048,Prof. Balogun,Database Design & Management,CSC302,4,"Creates an engaging, dynamic, and interactive learning environment.. Also, Responds promptly to student emails with helpful guidance.",positive,"[[""Student Interaction"", ""positive""], [""Communication"", ""positive""]]",synthetic
1049,Prof. Martins,Machine Learning & Neural Nets,CSC408,4,"Delivers structured and comprehensible lectures every time.. Furthermore, Curated readings and textbook recommendations are extremely helpful., yet Welcoming to students seeking help with difficult course projects.",positive,"[[""Teaching Clarity"", ""positive""], [""Use of Teaching Materials"", ""positive""], [""Availability"", ""positive""]]",synthetic
1050,Dr. Chukwu,Cloud Computing Architectures,CSC406,2,"Lacks structure; we jumped from chapter five back to chapter two.; moreover, Uses dense jargon without breaking down fundamentals., but Does not share lecture slides or study materials with the class.",negative,"[[""Course Organisation"", ""negative""], [""Teaching Clarity"", ""negative""], [""Use of Teaching Materials"", ""negative""]]",synthetic
1051,Prof. Balogun,Data Structures and Algorithms,CSC201,3,"Welcoming to students seeking help with difficult course projects., but Total lack of course organization throughout the entire semester.",neutral,"[[""Availability"", ""positive""], [""Course Organisation"", ""negative""]]",synthetic
1052,Dr. (Mrs) Adeleke,Introduction to Computer Science,CSC101,5,"Fosters classroom interaction where everyone feels safe to speak.. Additionally, Provides detailed rubrics and constructive feedback on scripts.",positive,"[[""Student Interaction"", ""positive""], [""Assessment and Grading"", ""positive""]]",synthetic
1053,Dr. Chukwu,Data Structures and Algorithms,CSC201,2,Two tests and one exam were administered as scheduled.,neutral,"[[""Assessment and Grading"", ""neutral""]]",synthetic
1054,Dr. Pomele,Cloud Computing Architectures,CSC406,4,"Professional and courteous communication across all channels.. Furthermore, Continuous assessments directly test what was taught in class., yet Every lecture explanation is logical and clear.",positive,"[[""Communication"", ""positive""], [""Assessment and Grading"", ""positive""], [""Teaching Clarity"", ""positive""]]",synthetic
1055,Dr. Adeyemi,Cloud Computing Architectures,CSC406,4,"Provides comprehensive slides, reference materials, and handouts.. Furthermore, Communicates announcements clearly, proactively, and timely.",positive,"[[""Use of Teaching Materials"", ""positive""], [""Communication"", ""positive""]]",synthetic
1056,Dr. Chukwu,Cloud Computing Architectures,CSC406,1,"Announcements are confusing, contradictory, and last-minute.; moreover, The course is poorly organized with no clear syllabus., on the other hand, Frequently cancels lectures without giving prior notice.",negative,"[[""Communication"", ""negative""], [""Course Organisation"", ""negative""], [""Lecturer Punctuality"", ""negative""]]",synthetic
1057,Dr. Adeyemi,Special Computing,CSC410,3,Standard course notices were shared periodically. Session timing was generally maintained.,neutral,"[[""Communication"", ""neutral""], [""Lecturer Punctuality"", ""neutral""]]",synthetic
1058,Prof. Martins,Data Structures and Algorithms,CSC201,2,The syllabus pacing was fairly typical of university modules. Lecture slides cover only basic bullet points.,neutral,"[[""Course Organisation"", ""neutral""], [""Use of Teaching Materials"", ""neutral""]]",synthetic
1059,Dr. (Mrs) Adeleke,Database Design & Management,CSC302,3,Available primarily during designated departmental consultation hours.,neutral,"[[""Availability"", ""neutral""]]",synthetic
1060,Dr. (Mrs) Adeleke,Machine Learning & Neural Nets,CSC408,5,"Creates an engaging, dynamic, and interactive learning environment. and Continuous assessments directly test what was taught in class.",positive,"[[""Student Interaction"", ""positive""], [""Assessment and Grading"", ""positive""]]",synthetic
1061,Dr. Pomele,Operating Systems Principles,CSC304,3,"Responds promptly to student emails with helpful guidance., yet Explanations are vague and leave too many unanswered gaps.",neutral,"[[""Communication"", ""positive""], [""Teaching Clarity"", ""negative""]]",synthetic
1062,Prof. Martins,Introduction to Computer Science,CSC101,2,"Never available during posted office hours; doors always locked. and Uses outdated, blurry, and handwritten materials from a decade ago.",negative,"[[""Availability"", ""negative""], [""Use of Teaching Materials"", ""negative""]]",synthetic
1063,Dr. Okafor,Cloud Computing Architectures,CSC406,1,"Speaks too fast and jumps between topics erratically., however, Consultation is available within standard university hours.",negative,"[[""Teaching Clarity"", ""negative""], [""Availability"", ""neutral""]]",synthetic
1064,Dr. (Mrs) Adeleke,Operating Systems Principles,CSC304,2,Standard slide presentations were projected during lecture. Marks were computed according to normal university regulations.,neutral,"[[""Use of Teaching Materials"", ""neutral""], [""Assessment and Grading"", ""neutral""]]",synthetic
1065,Dr. Pomele,Data Structures and Algorithms,CSC201,3,Assessments adhered to standard departmental grading scales.,neutral,"[[""Assessment and Grading"", ""neutral""]]",synthetic
1066,Dr. Faith,Data Science & Big Data,CSC412,1,"Poor communication; students were uninformed about test venues.; moreover, Total lack of course organization throughout the entire semester.",negative,"[[""Communication"", ""negative""], [""Course Organisation"", ""negative""]]",synthetic
1067,Dr. Okafor,Database Design & Management,CSC302,3,Class announcements were relayed through the class representative. The course follows the institutional standard syllabus.,neutral,"[[""Communication"", ""neutral""], [""Course Organisation"", ""neutral""]]",synthetic
1068,Dr. Chukwu,Cloud Computing Architectures,CSC406,4,"Consistently arrives early and utilizes the full lecture period.. Furthermore, Responds promptly to student emails with helpful guidance., however, Maintains a clear course outline from week one to final exams.",positive,"[[""Lecturer Punctuality"", ""positive""], [""Communication"", ""positive""], [""Course Organisation"", ""positive""]]",synthetic
1069,Dr. Okafor,Introduction to Computer Science,CSC101,3,"Uses outdated, blurry, and handwritten materials from a decade ago., yet Readily accessible and makes time to mentor struggling learners.",neutral,"[[""Use of Teaching Materials"", ""negative""], [""Availability"", ""positive""]]",synthetic
1070,Prof. Balogun,Introduction to Computer Science,CSC101,2,Exam difficulty reflected the average level of past papers. Lecture slides cover only basic bullet points.,neutral,"[[""Assessment and Grading"", ""neutral""], [""Use of Teaching Materials"", ""neutral""]]",synthetic
1071,Prof. Balogun,Operating Systems Principles,CSC304,5,"Welcoming to students seeking help with difficult course projects.. Also, The explanations are articulate and straightforward to follow.",positive,"[[""Availability"", ""positive""], [""Teaching Clarity"", ""positive""]]",synthetic
1072,Dr. Adeyemi,Operating Systems Principles,CSC304,2,Poor communication; students were uninformed about test venues.,negative,"[[""Communication"", ""negative""]]",synthetic
1073,Dr. (Mrs) Adeleke,Cloud Computing Architectures,CSC406,1,"Does not share lecture slides or study materials with the class.; moreover, Students cannot reach the lecturer for urgent academic inquiries., though Always punctual and starts every class right on time.",negative,"[[""Use of Teaching Materials"", ""negative""], [""Availability"", ""negative""], [""Lecturer Punctuality"", ""positive""]]",synthetic
1074,Dr. Chukwu,Database Design & Management,CSC302,4,"Provides comprehensive slides, reference materials, and handouts.. Also, Consistently arrives early and utilizes the full lecture period.",positive,"[[""Use of Teaching Materials"", ""positive""], [""Lecturer Punctuality"", ""positive""]]",synthetic
1075,Dr. (Mrs) Adeleke,Machine Learning & Neural Nets,CSC408,3,"Grading criteria are explicit and applied equitably to all students., on the other hand, Never available during posted office hours; doors always locked.",neutral,"[[""Assessment and Grading"", ""positive""], [""Availability"", ""negative""]]",synthetic
1076,Dr. Okafor,Special Computing,CSC410,5,"Maintains a clear course outline from week one to final exams.. Also, Fosters classroom interaction where everyone feels safe to speak., on the other hand, Communication was limited to official notice boards and portals.",positive,"[[""Course Organisation"", ""positive""], [""Student Interaction"", ""positive""], [""Communication"", ""neutral""]]",synthetic
1077,Dr. Chukwu,Cloud Computing Architectures,CSC406,4,Lectures started within reasonable university grace periods. Marks were computed according to normal university regulations. Course topics were addressed according to the departmental calendar.,neutral,"[[""Lecturer Punctuality"", ""neutral""], [""Assessment and Grading"", ""neutral""], [""Course Organisation"", ""neutral""]]",synthetic
1078,Dr. Okafor,Introduction to Computer Science,CSC101,1,Fails to explain core principles clearly.,negative,"[[""Teaching Clarity"", ""negative""]]",synthetic
1079,Dr. (Mrs) Adeleke,Operating Systems Principles,CSC304,5,Very approachable and willing to assist students after hours.,positive,"[[""Availability"", ""positive""]]",synthetic
1080,Dr. Pomele,Special Computing,CSC410,4,"Creates an engaging, dynamic, and interactive learning environment. and Communicates announcements clearly, proactively, and timely.",positive,"[[""Student Interaction"", ""positive""], [""Communication"", ""positive""]]",synthetic
1081,Dr. Okafor,Special Computing,CSC410,3,"Grading rubrics are completely absent and marks appear random., yet Delivers structured and comprehensible lectures every time.",neutral,"[[""Assessment and Grading"", ""negative""], [""Teaching Clarity"", ""positive""]]",synthetic
1082,Dr. Pomele,Special Computing,CSC410,4,"Punctual arrival to 8 AM lectures without exception.. Additionally, Uses practical analogies that simplify technical concepts.",positive,"[[""Lecturer Punctuality"", ""positive""], [""Teaching Clarity"", ""positive""]]",synthetic
1083,Dr. Chukwu,Introduction to Computer Science,CSC101,3,Recommended textbooks are available in the university library. Marks were computed according to normal university regulations.,neutral,"[[""Use of Teaching Materials"", ""neutral""], [""Assessment and Grading"", ""neutral""]]",synthetic
1084,Dr. Chukwu,Data Structures and Algorithms,CSC201,1,"The course is poorly organized with no clear syllabus.; moreover, Arrives thirty to forty minutes behind schedule repeatedly., but Teaching materials are riddled with typos, errors, and missing pages.",negative,"[[""Course Organisation"", ""negative""], [""Lecturer Punctuality"", ""negative""], [""Use of Teaching Materials"", ""negative""]]",synthetic
1085,Prof. Martins,Database Design & Management,CSC302,4,"Course structure is cohesive and modules transition smoothly.; moreover, Breaks down difficult topics into digestible steps., however, Students cannot reach the lecturer for urgent academic inquiries.",positive,"[[""Course Organisation"", ""positive""], [""Teaching Clarity"", ""positive""], [""Availability"", ""negative""]]",synthetic
1086,Dr. Pomele,Data Structures and Algorithms,CSC201,4,"Keeps students well informed about assignment changes and events.. Additionally, Fosters classroom interaction where everyone feels safe to speak.",positive,"[[""Communication"", ""positive""], [""Student Interaction"", ""positive""]]",synthetic
1087,Dr. Faith,Machine Learning & Neural Nets,CSC408,4,"Uses modern multimedia, projectors, and code examples effectively. and Office doors are always open for academic guidance., yet Always punctual and starts every class right on time.",positive,"[[""Use of Teaching Materials"", ""positive""], [""Availability"", ""positive""], [""Lecturer Punctuality"", ""positive""]]",synthetic
1088,Prof. Martins,Operating Systems Principles,CSC304,4,"Continuous assessments directly test what was taught in class.. Furthermore, Always available during office hours for student consultation. although Ignores emails regarding coursework clarifications.",positive,"[[""Assessment and Grading"", ""positive""], [""Availability"", ""positive""], [""Communication"", ""negative""]]",synthetic
1089,Dr. Chukwu,Cloud Computing Architectures,CSC406,1,"Dismissive and impatient when students approach for assistance.; moreover, Difficult to follow what the lecturer is trying to convey.",negative,"[[""Availability"", ""negative""], [""Teaching Clarity"", ""negative""]]",synthetic
1090,Prof. Martins,Database Design & Management,CSC302,4,Lectures started within reasonable university grace periods.,neutral,"[[""Lecturer Punctuality"", ""neutral""]]",synthetic
1091,Dr. (Mrs) Adeleke,Machine Learning & Neural Nets,CSC408,3,"Announcements are confusing, contradictory, and last-minute., though Provides comprehensive slides, reference materials, and handouts.",neutral,"[[""Communication"", ""negative""], [""Use of Teaching Materials"", ""positive""]]",synthetic
1092,Prof. Martins,Operating Systems Principles,CSC304,3,The course follows the institutional standard syllabus.,neutral,"[[""Course Organisation"", ""neutral""]]",synthetic
1093,Dr. Faith,Introduction to Computer Science,CSC101,5,Curated readings and textbook recommendations are extremely helpful. and Continuous assessments directly test what was taught in class.,positive,"[[""Use of Teaching Materials"", ""positive""], [""Assessment and Grading"", ""positive""]]",synthetic
1094,Prof. Balogun,Introduction to Computer Science,CSC101,4,"Never misses a lecture and values students' scheduled time.. Also, Provides detailed rubrics and constructive feedback on scripts.",positive,"[[""Lecturer Punctuality"", ""positive""], [""Assessment and Grading"", ""positive""]]",synthetic
1095,Dr. Faith,Machine Learning & Neural Nets,CSC408,5,Continuous assessments directly test what was taught in class.,positive,"[[""Assessment and Grading"", ""positive""]]",synthetic
1096,Dr. Pomele,Cloud Computing Architectures,CSC406,1,"Vague feedback on assignments; nobody knows why they lost marks.; moreover, Discourages questions and dismisses student contributions rudely.",negative,"[[""Assessment and Grading"", ""negative""], [""Student Interaction"", ""negative""]]",synthetic
1097,Dr. Faith,Data Structures and Algorithms,CSC201,4,Lecturer arrives roughly on time for most scheduled classes.,neutral,"[[""Lecturer Punctuality"", ""neutral""]]",synthetic
1098,Prof. Martins,Cloud Computing Architectures,CSC406,5,Explains complex concepts with clarity and precision.,positive,"[[""Teaching Clarity"", ""positive""]]",synthetic
1099,Dr. Chukwu,Data Structures and Algorithms,CSC201,3,"Fails to respond to student emails and academic inquiries., yet Exams were well-balanced and marked with complete fairness.",neutral,"[[""Communication"", ""negative""], [""Assessment and Grading"", ""positive""]]",synthetic
1100,Prof. Balogun,Data Structures and Algorithms,CSC201,5,"Clear verbal and written communication throughout the semester.. Also, Very approachable and willing to assist students after hours.",positive,"[[""Communication"", ""positive""], [""Availability"", ""positive""]]",synthetic
1101,Dr. (Mrs) Adeleke,Operating Systems Principles,CSC304,5,Office doors are always open for academic guidance. and Responds promptly to student emails with helpful guidance.,positive,"[[""Availability"", ""positive""], [""Communication"", ""positive""]]",synthetic
1102,Prof. Balogun,Data Structures and Algorithms,CSC201,2,Arrives thirty to forty minutes behind schedule repeatedly. and Never available during posted office hours; doors always locked.,negative,"[[""Lecturer Punctuality"", ""negative""], [""Availability"", ""negative""]]",synthetic
1103,Prof. Balogun,Data Structures and Algorithms,CSC201,4,"Breaks down difficult topics into digestible steps.; moreover, Welcoming to students seeking help with difficult course projects.",positive,"[[""Teaching Clarity"", ""positive""], [""Availability"", ""positive""]]",synthetic
1104,Dr. Okafor,Machine Learning & Neural Nets,CSC408,4,"Shares lecture notes well ahead of time on the student portal.; moreover, Always punctual and starts every class right on time.",positive,"[[""Use of Teaching Materials"", ""positive""], [""Lecturer Punctuality"", ""positive""]]",synthetic
1105,Dr. (Mrs) Adeleke,Data Structures and Algorithms,CSC201,3,Standard slide presentations were projected during lecture. Class announcements were relayed through the class representative.,neutral,"[[""Use of Teaching Materials"", ""neutral""], [""Communication"", ""neutral""]]",synthetic
1106,Prof. Martins,Special Computing,CSC410,3,Assessments adhered to standard departmental grading scales. Lectures are predominantly instructional with some Q&A.,neutral,"[[""Assessment and Grading"", ""neutral""], [""Student Interaction"", ""neutral""]]",synthetic
1107,Dr. (Mrs) Adeleke,Special Computing,CSC410,4,"Brilliant teaching clarity; makes challenging algorithms look simple.; moreover, Continuous assessments directly test what was taught in class.",positive,"[[""Teaching Clarity"", ""positive""], [""Assessment and Grading"", ""positive""]]",synthetic
1108,Prof. Balogun,Database Design & Management,CSC302,3,Assessments adhered to standard departmental grading scales. Meeting the lecturer requires scheduling an appointment. Standard course notices were shared periodically.,neutral,"[[""Assessment and Grading"", ""neutral""], [""Availability"", ""neutral""], [""Communication"", ""neutral""]]",synthetic
1109,Dr. Faith,Data Science & Big Data,CSC412,5,"Exams were well-balanced and marked with complete fairness.. Also, Standard course notices were shared periodically., on the other hand, Course materials were shared according to standard faculty policy.",positive,"[[""Assessment and Grading"", ""positive""], [""Communication"", ""neutral""], [""Use of Teaching Materials"", ""neutral""]]",synthetic
1110,Prof. Balogun,Data Science & Big Data,CSC412,3,The course follows the institutional standard syllabus. Available primarily during designated departmental consultation hours.,neutral,"[[""Course Organisation"", ""neutral""], [""Availability"", ""neutral""]]",synthetic
1111,Dr. Adeyemi,Cloud Computing Architectures,CSC406,2,Explanations are confusing and lack structure.,negative,"[[""Teaching Clarity"", ""negative""]]",synthetic
1112,Dr. (Mrs) Adeleke,Database Design & Management,CSC302,5,Consistently arrives early and utilizes the full lecture period.,positive,"[[""Lecturer Punctuality"", ""positive""]]",synthetic
1113,Dr. Okafor,Machine Learning & Neural Nets,CSC408,5,"Readily accessible and makes time to mentor struggling learners.. Furthermore, The lecture schedule and weekly milestones are well planned.",positive,"[[""Availability"", ""positive""], [""Course Organisation"", ""positive""]]",synthetic
1114,Prof. Martins,Introduction to Computer Science,CSC101,5,"Office doors are always open for academic guidance.. Additionally, Keeps students well informed about assignment changes and events. although Punctual arrival to 8 AM lectures without exception.",positive,"[[""Availability"", ""positive""], [""Communication"", ""positive""], [""Lecturer Punctuality"", ""positive""]]",synthetic
1115,Dr. Chukwu,Special Computing,CSC410,3,Session timing was generally maintained.,neutral,"[[""Lecturer Punctuality"", ""neutral""]]",synthetic
1116,Dr. Faith,Machine Learning & Neural Nets,CSC408,1,"Never available during posted office hours; doors always locked.. Also, Explanations are vague and leave too many unanswered gaps.",negative,"[[""Availability"", ""negative""], [""Teaching Clarity"", ""negative""]]",synthetic
1117,Prof. Martins,Data Science & Big Data,CSC412,5,Curated readings and textbook recommendations are extremely helpful. and Readily accessible and makes time to mentor struggling learners.,positive,"[[""Use of Teaching Materials"", ""positive""], [""Availability"", ""positive""]]",synthetic
1118,Prof. Balogun,Data Science & Big Data,CSC412,2,"Lacks pedagogical clarity; students leave the hall confused.. Furthermore, The course is poorly organized with no clear syllabus., yet Exemplary punctuality and regular attendance all semester.",negative,"[[""Teaching Clarity"", ""negative""], [""Course Organisation"", ""negative""], [""Lecturer Punctuality"", ""positive""]]",synthetic
1119,Dr. (Mrs) Adeleke,Special Computing,CSC410,2,"Teaching materials are riddled with typos, errors, and missing pages.; moreover, Never available during posted office hours; doors always locked., though Discourages questions and dismisses student contributions rudely.",negative,"[[""Use of Teaching Materials"", ""negative""], [""Availability"", ""negative""], [""Student Interaction"", ""negative""]]",synthetic
1120,Dr. Pomele,Operating Systems Principles,CSC304,1,Very poor punctuality; classes start whenever he feels like it.,negative,"[[""Lecturer Punctuality"", ""negative""]]",synthetic
1121,Dr. Chukwu,Operating Systems Principles,CSC304,5,"Treats every student with dignity, patience, and respect.. Furthermore, Readily accessible and makes time to mentor struggling learners., on the other hand, Brilliant teaching clarity; makes challenging algorithms look simple.",positive,"[[""Student Interaction"", ""positive""], [""Availability"", ""positive""], [""Teaching Clarity"", ""positive""]]",synthetic
1122,Prof. Balogun,Cloud Computing Architectures,CSC406,2,"Complicates straightforward concepts unnecessarily. and Teaching materials are riddled with typos, errors, and missing pages. although Grading rubrics are completely absent and marks appear random.",negative,"[[""Teaching Clarity"", ""negative""], [""Use of Teaching Materials"", ""negative""], [""Assessment and Grading"", ""negative""]]",synthetic
1123,Prof. Martins,Introduction to Computer Science,CSC101,5,"The lecture schedule and weekly milestones are well planned.. Furthermore, Uses modern multimedia, projectors, and code examples effectively.",positive,"[[""Course Organisation"", ""positive""], [""Use of Teaching Materials"", ""positive""]]",synthetic
1124,Dr. (Mrs) Adeleke,Special Computing,CSC410,2,Total lack of course organization throughout the entire semester.,negative,"[[""Course Organisation"", ""negative""]]",synthetic
1125,Dr. (Mrs) Adeleke,Introduction to Computer Science,CSC101,4,"Provides comprehensive slides, reference materials, and handouts.. Furthermore, Keeps students well informed about assignment changes and events.",positive,"[[""Use of Teaching Materials"", ""positive""], [""Communication"", ""positive""]]",synthetic
1126,Dr. Pomele,Database Design & Management,CSC302,1,"Discourages questions and dismisses student contributions rudely.. Also, Students cannot reach the lecturer for urgent academic inquiries., though Attendance was generally consistent with occasional slight delays.",negative,"[[""Student Interaction"", ""negative""], [""Availability"", ""negative""], [""Lecturer Punctuality"", ""neutral""]]",synthetic
1127,Dr. Chukwu,Special Computing,CSC410,5,"Consistently arrives early and utilizes the full lecture period.. Additionally, Course is exceptionally organized and follows the syllabus perfectly., however, Uses modern multimedia, projectors, and code examples effectively.",positive,"[[""Lecturer Punctuality"", ""positive""], [""Course Organisation"", ""positive""], [""Use of Teaching Materials"", ""positive""]]",synthetic
1128,Dr. Chukwu,Machine Learning & Neural Nets,CSC408,3,"Teaching materials are rich, up-to-date, and beautifully designed., but Fails to explain core principles clearly.",neutral,"[[""Use of Teaching Materials"", ""positive""], [""Teaching Clarity"", ""negative""]]",synthetic
1129,Dr. Adeyemi,Data Structures and Algorithms,CSC201,3,The course follows the institutional standard syllabus. Communication was limited to official notice boards and portals.,neutral,"[[""Course Organisation"", ""neutral""], [""Communication"", ""neutral""]]",synthetic
1130,Dr. Chukwu,Cloud Computing Architectures,CSC406,2,"Uses dense jargon without breaking down fundamentals.. Also, Habitually late to lectures and wastes valuable class time.",negative,"[[""Teaching Clarity"", ""negative""], [""Lecturer Punctuality"", ""negative""]]",synthetic
1131,Dr. Adeyemi,Machine Learning & Neural Nets,CSC408,4,"Teaching materials are rich, up-to-date, and beautifully designed.. Also, Readily accessible and makes time to mentor struggling learners.",positive,"[[""Use of Teaching Materials"", ""positive""], [""Availability"", ""positive""]]",synthetic
1132,Dr. Chukwu,Cloud Computing Architectures,CSC406,3,"Class is a dull one-way monologue with zero student interaction., on the other hand, Uses modern multimedia, projectors, and code examples effectively.",neutral,"[[""Student Interaction"", ""negative""], [""Use of Teaching Materials"", ""positive""]]",synthetic
1133,Dr. Chukwu,Data Structures and Algorithms,CSC201,4,Office doors are always open for academic guidance.,positive,"[[""Availability"", ""positive""]]",synthetic
1134,Dr. Okafor,Database Design & Management,CSC302,4,"Keeps students well informed about assignment changes and events.. Also, Grading is fair, objective, and transparently communicated., though Consistently arrives early and utilizes the full lecture period.",positive,"[[""Communication"", ""positive""], [""Assessment and Grading"", ""positive""], [""Lecturer Punctuality"", ""positive""]]",synthetic
1135,Dr. (Mrs) Adeleke,Special Computing,CSC410,5,"Explains complex concepts with clarity and precision.. Furthermore, Office doors are always open for academic guidance.",positive,"[[""Teaching Clarity"", ""positive""], [""Availability"", ""positive""]]",synthetic
1136,Dr. Adeyemi,Data Science & Big Data,CSC412,1,Grading rubrics are completely absent and marks appear random.,negative,"[[""Assessment and Grading"", ""negative""]]",synthetic
1137,Dr. (Mrs) Adeleke,Database Design & Management,CSC302,3,Session timing was generally maintained. Class interaction was typical with occasional question sessions.,neutral,"[[""Lecturer Punctuality"", ""neutral""], [""Student Interaction"", ""neutral""]]",synthetic
1138,Prof. Balogun,Database Design & Management,CSC302,4,The timetable and course pace are managed impeccably.,positive,"[[""Course Organisation"", ""positive""]]",synthetic
1139,Dr. Pomele,Database Design & Management,CSC302,2,Coverage of the syllabus was delivered as outlined. The course follows the institutional standard syllabus.,neutral,"[[""Teaching Clarity"", ""neutral""], [""Course Organisation"", ""neutral""]]",synthetic
1140,Dr. Faith,Data Science & Big Data,CSC412,2,"Never available during posted office hours; doors always locked.. Also, Does not share lecture slides or study materials with the class.",negative,"[[""Availability"", ""negative""], [""Use of Teaching Materials"", ""negative""]]",synthetic
1141,Dr. Chukwu,Introduction to Computer Science,CSC101,1,"Grading is arbitrary, inconsistent, and unfairly penalized.. Also, Uses outdated, blurry, and handwritten materials from a decade ago.",negative,"[[""Assessment and Grading"", ""negative""], [""Use of Teaching Materials"", ""negative""]]",synthetic
1142,Dr. Chukwu,Special Computing,CSC410,1,Discourages questions and dismisses student contributions rudely.,negative,"[[""Student Interaction"", ""negative""]]",synthetic
1143,Prof. Balogun,Data Structures and Algorithms,CSC201,5,Exemplary punctuality and regular attendance all semester.,positive,"[[""Lecturer Punctuality"", ""positive""]]",synthetic
1144,Dr. Pomele,Data Science & Big Data,CSC412,1,"Zero supplementary learning materials provided throughout the course.. Additionally, Unavailable to provide guidance on term papers and projects.",negative,"[[""Use of Teaching Materials"", ""negative""], [""Availability"", ""negative""]]",synthetic
1145,Prof. Balogun,Database Design & Management,CSC302,2,"Teaching materials are riddled with typos, errors, and missing pages., though Module sequence followed the assigned curriculum.",negative,"[[""Use of Teaching Materials"", ""negative""], [""Course Organisation"", ""neutral""]]",synthetic
1146,Dr. Adeyemi,Special Computing,CSC410,4,"Clear verbal and written communication throughout the semester.. Also, Uses practical analogies that simplify technical concepts.",positive,"[[""Communication"", ""positive""], [""Teaching Clarity"", ""positive""]]",synthetic
1147,Dr. Okafor,Data Structures and Algorithms,CSC201,2,Exams were unreasonably difficult and far beyond the syllabus.,negative,"[[""Assessment and Grading"", ""negative""]]",synthetic
1148,Dr. Okafor,Operating Systems Principles,CSC304,2,"Never available during posted office hours; doors always locked.. Additionally, Zero supplementary learning materials provided throughout the course., however, Class announcements were relayed through the class representative.",negative,"[[""Availability"", ""negative""], [""Use of Teaching Materials"", ""negative""], [""Communication"", ""neutral""]]",synthetic
1149,Dr. Pomele,Data Science & Big Data,CSC412,2,Vague feedback on assignments; nobody knows why they lost marks.,negative,"[[""Assessment and Grading"", ""negative""]]",synthetic
1150,Prof. Balogun,Operating Systems Principles,CSC304,4,"Creates an engaging, dynamic, and interactive learning environment.. Additionally, Welcoming to students seeking help with difficult course projects., however, Returns test scores quickly with helpful correction notes.",positive,"[[""Student Interaction"", ""positive""], [""Availability"", ""positive""], [""Assessment and Grading"", ""positive""]]",synthetic
1151,Dr. (Mrs) Adeleke,Data Structures and Algorithms,CSC201,3,Recommended textbooks are available in the university library. Module sequence followed the assigned curriculum.,neutral,"[[""Use of Teaching Materials"", ""neutral""], [""Course Organisation"", ""neutral""]]",synthetic
1152,Prof. Balogun,Special Computing,CSC410,5,"Grading criteria are explicit and applied equitably to all students.; moreover, Professional and courteous communication across all channels., however, Explains complex concepts with clarity and precision.",positive,"[[""Assessment and Grading"", ""positive""], [""Communication"", ""positive""], [""Teaching Clarity"", ""positive""]]",synthetic
1153,Dr. Chukwu,Data Science & Big Data,CSC412,5,"Professional and courteous communication across all channels.; moreover, Welcoming to students seeking help with difficult course projects., however, Lacks structure; we jumped from chapter five back to chapter two.",positive,"[[""Communication"", ""positive""], [""Availability"", ""positive""], [""Course Organisation"", ""negative""]]",synthetic
1154,Prof. Balogun,Data Structures and Algorithms,CSC201,1,Arrives thirty to forty minutes behind schedule repeatedly. and Disorganized scheduling; classes were shifted erratically.,negative,"[[""Lecturer Punctuality"", ""negative""], [""Course Organisation"", ""negative""]]",synthetic
1155,Dr. (Mrs) Adeleke,Introduction to Computer Science,CSC101,1,"Teaching materials are riddled with typos, errors, and missing pages.; moreover, The course is poorly organized with no clear syllabus.",negative,"[[""Use of Teaching Materials"", ""negative""], [""Course Organisation"", ""negative""]]",synthetic
1156,Dr. Faith,Cloud Computing Architectures,CSC406,2,"Total lack of course organization throughout the entire semester.. Additionally, Fails to explain core principles clearly.",negative,"[[""Course Organisation"", ""negative""], [""Teaching Clarity"", ""negative""]]",synthetic
1157,Dr. Chukwu,Data Science & Big Data,CSC412,1,"Lacks structure; we jumped from chapter five back to chapter two.. Also, Ignores emails regarding coursework clarifications., yet Virtually impossible to locate outside scheduled lecture hours.",negative,"[[""Course Organisation"", ""negative""], [""Communication"", ""negative""], [""Availability"", ""negative""]]",synthetic
1158,Dr. Chukwu,Database Design & Management,CSC302,3,"Does not share lecture slides or study materials with the class., but Punctual arrival to 8 AM lectures without exception.",neutral,"[[""Use of Teaching Materials"", ""negative""], [""Lecturer Punctuality"", ""positive""]]",synthetic
1159,Prof. Balogun,Cloud Computing Architectures,CSC406,3,Standard course notices were shared periodically. Course topics were addressed according to the departmental calendar.,neutral,"[[""Communication"", ""neutral""], [""Course Organisation"", ""neutral""]]",synthetic
1160,Prof. Balogun,Data Science & Big Data,CSC412,3,Module sequence followed the assigned curriculum. Attendance was generally consistent with occasional slight delays.,neutral,"[[""Course Organisation"", ""neutral""], [""Lecturer Punctuality"", ""neutral""]]",synthetic
1161,Dr. Pomele,Database Design & Management,CSC302,2,Poor communication; students were uninformed about test venues. and Completely unengaging; ignores students raising hands.,negative,"[[""Communication"", ""negative""], [""Student Interaction"", ""negative""]]",synthetic
1162,Dr. Pomele,Cloud Computing Architectures,CSC406,1,Poor communication; students were uninformed about test venues.,negative,"[[""Communication"", ""negative""]]",synthetic
1163,Dr. Pomele,Cloud Computing Architectures,CSC406,3,"Uses modern multimedia, projectors, and code examples effectively., though Ignores emails regarding coursework clarifications.",neutral,"[[""Use of Teaching Materials"", ""positive""], [""Communication"", ""negative""]]",synthetic
1164,Dr. Okafor,Introduction to Computer Science,CSC101,5,"Welcoming to students seeking help with difficult course projects.. Additionally, The timetable and course pace are managed impeccably., yet Curated readings and textbook recommendations are extremely helpful.",positive,"[[""Availability"", ""positive""], [""Course Organisation"", ""positive""], [""Use of Teaching Materials"", ""positive""]]",synthetic
1165,Prof. Martins,Database Design & Management,CSC302,5,"Professional and courteous communication across all channels.. Additionally, Readily accessible and makes time to mentor struggling learners.",positive,"[[""Communication"", ""positive""], [""Availability"", ""positive""]]",synthetic
1166,Dr. Chukwu,Data Structures and Algorithms,CSC201,5,Maintains a clear course outline from week one to final exams.,positive,"[[""Course Organisation"", ""positive""]]",synthetic
1167,Prof. Martins,Introduction to Computer Science,CSC101,5,"Course structure is cohesive and modules transition smoothly.; moreover, Communicates announcements clearly, proactively, and timely.",positive,"[[""Course Organisation"", ""positive""], [""Communication"", ""positive""]]",synthetic
1168,Prof. Balogun,Introduction to Computer Science,CSC101,4,"Creates an engaging, dynamic, and interactive learning environment.; moreover, Keeps students well informed about assignment changes and events.",positive,"[[""Student Interaction"", ""positive""], [""Communication"", ""positive""]]",synthetic
1169,Dr. (Mrs) Adeleke,Special Computing,CSC410,5,"Consistently arrives early and utilizes the full lecture period.. Furthermore, The timetable and course pace are managed impeccably.",positive,"[[""Lecturer Punctuality"", ""positive""], [""Course Organisation"", ""positive""]]",synthetic
1170,Prof. Martins,Data Structures and Algorithms,CSC201,2,Virtually impossible to locate outside scheduled lecture hours.,negative,"[[""Availability"", ""negative""]]",synthetic
1171,Prof. Martins,Data Science & Big Data,CSC412,5,The explanations are articulate and straightforward to follow. and Outstanding planning; topics progress logically and systematically.,positive,"[[""Teaching Clarity"", ""positive""], [""Course Organisation"", ""positive""]]",synthetic
1172,Dr. Faith,Data Science & Big Data,CSC412,2,"Does not share lecture slides or study materials with the class.; moreover, Speaks too fast and jumps between topics erratically.",negative,"[[""Use of Teaching Materials"", ""negative""], [""Teaching Clarity"", ""negative""]]",synthetic
1173,Dr. Okafor,Machine Learning & Neural Nets,CSC408,3,Course topics were addressed according to the departmental calendar. Standard course notices were shared periodically.,neutral,"[[""Course Organisation"", ""neutral""], [""Communication"", ""neutral""]]",synthetic
1174,Dr. Chukwu,Machine Learning & Neural Nets,CSC408,5,"Curated readings and textbook recommendations are extremely helpful.. Also, Keeps students well informed about assignment changes and events.",positive,"[[""Use of Teaching Materials"", ""positive""], [""Communication"", ""positive""]]",synthetic
1175,Prof. Balogun,Introduction to Computer Science,CSC101,2,"Never available during posted office hours; doors always locked.; moreover, Poor communication; students were uninformed about test venues.",negative,"[[""Availability"", ""negative""], [""Communication"", ""negative""]]",synthetic
1176,Prof. Martins,Data Structures and Algorithms,CSC201,2,Intimidates students and ridicules genuine questions in class.,negative,"[[""Student Interaction"", ""negative""]]",synthetic
1177,Prof. Martins,Database Design & Management,CSC302,1,Course outline was never provided and topics were disjointed.,negative,"[[""Course Organisation"", ""negative""]]",synthetic
1178,Prof. Balogun,Machine Learning & Neural Nets,CSC408,3,"Curated readings and textbook recommendations are extremely helpful.. Furthermore, Coverage of the syllabus was delivered as outlined., on the other hand, Announcements are confusing, contradictory, and last-minute.",neutral,"[[""Use of Teaching Materials"", ""positive""], [""Teaching Clarity"", ""neutral""], [""Communication"", ""negative""]]",synthetic
1179,Prof. Balogun,Cloud Computing Architectures,CSC406,1,"Refuses to upload lecture notes or reference documents.. Also, Professional and courteous communication across all channels., however, Dismissive and impatient when students approach for assistance.",negative,"[[""Use of Teaching Materials"", ""negative""], [""Communication"", ""positive""], [""Availability"", ""negative""]]",synthetic
1180,Prof. Balogun,Database Design & Management,CSC302,1,"Ignores emails regarding coursework clarifications. and Habitually late to lectures and wastes valuable class time., yet Grading rubrics are completely absent and marks appear random.",negative,"[[""Communication"", ""negative""], [""Lecturer Punctuality"", ""negative""], [""Assessment and Grading"", ""negative""]]",synthetic
1181,Dr. (Mrs) Adeleke,Cloud Computing Architectures,CSC406,5,"Uses practical analogies that simplify technical concepts.. Also, Creates an engaging, dynamic, and interactive learning environment., on the other hand, Ignores emails regarding coursework clarifications.",positive,"[[""Teaching Clarity"", ""positive""], [""Student Interaction"", ""positive""], [""Communication"", ""negative""]]",synthetic
1182,Dr. (Mrs) Adeleke,Introduction to Computer Science,CSC101,4,"The timetable and course pace are managed impeccably.. Additionally, The explanations are articulate and straightforward to follow. although Provides comprehensive slides, reference materials, and handouts.",positive,"[[""Course Organisation"", ""positive""], [""Teaching Clarity"", ""positive""], [""Use of Teaching Materials"", ""positive""]]",synthetic
1183,Dr. Pomele,Introduction to Computer Science,CSC101,5,"Creates an engaging, dynamic, and interactive learning environment. and Delivers structured and comprehensible lectures every time., yet Shares lecture notes well ahead of time on the student portal.",positive,"[[""Student Interaction"", ""positive""], [""Teaching Clarity"", ""positive""], [""Use of Teaching Materials"", ""positive""]]",synthetic
1184,Prof. Balogun,Data Science & Big Data,CSC412,2,Interaction level was standard for a large lecture hall. Recommended textbooks are available in the university library. The course follows the institutional standard syllabus.,neutral,"[[""Student Interaction"", ""neutral""], [""Use of Teaching Materials"", ""neutral""], [""Course Organisation"", ""neutral""]]",synthetic
1185,Prof. Balogun,Introduction to Computer Science,CSC101,1,"Dismissive and impatient when students approach for assistance. and Uses outdated, blurry, and handwritten materials from a decade ago.",negative,"[[""Availability"", ""negative""], [""Use of Teaching Materials"", ""negative""]]",synthetic
1186,Dr. (Mrs) Adeleke,Database Design & Management,CSC302,5,"Consistently arrives early and utilizes the full lecture period.. Furthermore, Maintains a clear course outline from week one to final exams.",positive,"[[""Lecturer Punctuality"", ""positive""], [""Course Organisation"", ""positive""]]",synthetic
1187,Dr. Okafor,Machine Learning & Neural Nets,CSC408,1,Hostile classroom environment where students fear participating.,negative,"[[""Student Interaction"", ""negative""]]",synthetic
1188,Prof. Balogun,Special Computing,CSC410,4,Interaction level was standard for a large lecture hall.,neutral,"[[""Student Interaction"", ""neutral""]]",synthetic
1189,Dr. Pomele,Data Structures and Algorithms,CSC201,5,"Course is exceptionally organized and follows the syllabus perfectly.; moreover, Communicates announcements clearly, proactively, and timely.",positive,"[[""Course Organisation"", ""positive""], [""Communication"", ""positive""]]",synthetic
1190,Dr. (Mrs) Adeleke,Data Science & Big Data,CSC412,5,"Never misses a lecture and values students' scheduled time.. Additionally, Listens attentively to student viewpoints and questions.",positive,"[[""Lecturer Punctuality"", ""positive""], [""Student Interaction"", ""positive""]]",synthetic
1191,Dr. Adeyemi,Database Design & Management,CSC302,1,Ignores emails regarding coursework clarifications.,negative,"[[""Communication"", ""negative""]]",synthetic
1192,Dr. Pomele,Operating Systems Principles,CSC304,5,"Treats every student with dignity, patience, and respect.",positive,"[[""Student Interaction"", ""positive""]]",synthetic
1193,Prof. Martins,Operating Systems Principles,CSC304,1,"Frequently cancels lectures without giving prior notice.; moreover, Never available during posted office hours; doors always locked.",negative,"[[""Lecturer Punctuality"", ""negative""], [""Availability"", ""negative""]]",synthetic
1194,Dr. Faith,Cloud Computing Architectures,CSC406,5,"Punctual arrival to 8 AM lectures without exception.. Also, Grading is fair, objective, and transparently communicated., but Outstanding planning; topics progress logically and systematically.",positive,"[[""Lecturer Punctuality"", ""positive""], [""Assessment and Grading"", ""positive""], [""Course Organisation"", ""positive""]]",synthetic
1195,Dr. Faith,Database Design & Management,CSC302,5,"Exemplary punctuality and regular attendance all semester., but Exam difficulty reflected the average level of past papers.",positive,"[[""Lecturer Punctuality"", ""positive""], [""Assessment and Grading"", ""neutral""]]",synthetic
1196,Dr. Adeyemi,Data Structures and Algorithms,CSC201,2,Questions are entertained towards the final ten minutes of class. Explanations are moderate and aligned with the course guide. Lecturer arrives roughly on time for most scheduled classes.,neutral,"[[""Student Interaction"", ""neutral""], [""Teaching Clarity"", ""neutral""], [""Lecturer Punctuality"", ""neutral""]]",synthetic
1197,Dr. Chukwu,Data Structures and Algorithms,CSC201,1,Intimidates students and ridicules genuine questions in class.,negative,"[[""Student Interaction"", ""negative""]]",synthetic
1198,Dr. Adeyemi,Cloud Computing Architectures,CSC406,5,Never misses a lecture and values students' scheduled time.,positive,"[[""Lecturer Punctuality"", ""positive""]]",synthetic
1199,Dr. Chukwu,Database Design & Management,CSC302,2,Disorganized scheduling; classes were shifted erratically.,negative,"[[""Course Organisation"", ""negative""]]",synthetic
1200,Dr. Adeyemi,Machine Learning & Neural Nets,CSC408,3,Explanations are moderate and aligned with the course guide. Standard slide presentations were projected during lecture. Lectures started within reasonable university grace periods.,neutral,"[[""Teaching Clarity"", ""neutral""], [""Use of Teaching Materials"", ""neutral""], [""Lecturer Punctuality"", ""neutral""]]",synthetic
1201,Dr. Adeyemi,Machine Learning & Neural Nets,CSC408,2,Available primarily during designated departmental consultation hours. Module sequence followed the assigned curriculum.,neutral,"[[""Availability"", ""neutral""], [""Course Organisation"", ""neutral""]]",synthetic
1202,Dr. Pomele,Special Computing,CSC410,5,"Responds promptly to student emails with helpful guidance., on the other hand, The explanations are standard and neither exciting nor unclear.",positive,"[[""Communication"", ""positive""], [""Teaching Clarity"", ""neutral""]]",synthetic
1203,Dr. (Mrs) Adeleke,Cloud Computing Architectures,CSC406,3,Coverage of the syllabus was delivered as outlined. Consultation is available within standard university hours. Module sequence followed the assigned curriculum.,neutral,"[[""Teaching Clarity"", ""neutral""], [""Availability"", ""neutral""], [""Course Organisation"", ""neutral""]]",synthetic
1204,Prof. Martins,Operating Systems Principles,CSC304,2,Vague feedback on assignments; nobody knows why they lost marks.,negative,"[[""Assessment and Grading"", ""negative""]]",synthetic
1205,Dr. Adeyemi,Database Design & Management,CSC302,4,"Delivers structured and comprehensible lectures every time. and Exemplary punctuality and regular attendance all semester., though Course is exceptionally organized and follows the syllabus perfectly.",positive,"[[""Teaching Clarity"", ""positive""], [""Lecturer Punctuality"", ""positive""], [""Course Organisation"", ""positive""]]",synthetic
1206,Dr. Okafor,Data Structures and Algorithms,CSC201,5,"Exams were well-balanced and marked with complete fairness.. Furthermore, Punctual arrival to 8 AM lectures without exception.",positive,"[[""Assessment and Grading"", ""positive""], [""Lecturer Punctuality"", ""positive""]]",synthetic
1207,Dr. Okafor,Data Science & Big Data,CSC412,3,"Always punctual and starts every class right on time., yet Explanations are vague and leave too many unanswered gaps.",neutral,"[[""Lecturer Punctuality"", ""positive""], [""Teaching Clarity"", ""negative""]]",synthetic
1208,Prof. Martins,Data Structures and Algorithms,CSC201,2,"Difficult to follow what the lecturer is trying to convey.. Additionally, Returns test scores quickly with helpful correction notes., yet Habitually late to lectures and wastes valuable class time.",negative,"[[""Teaching Clarity"", ""negative""], [""Assessment and Grading"", ""positive""], [""Lecturer Punctuality"", ""negative""]]",synthetic
1209,Dr. Faith,Cloud Computing Architectures,CSC406,3,"Vague feedback on assignments; nobody knows why they lost marks., on the other hand, Maintains a clear course outline from week one to final exams.",neutral,"[[""Assessment and Grading"", ""negative""], [""Course Organisation"", ""positive""]]",synthetic
1210,Dr. Faith,Data Science & Big Data,CSC412,1,Continuous assessment scripts were never returned all semester.,negative,"[[""Assessment and Grading"", ""negative""]]",synthetic
1211,Dr. Pomele,Data Structures and Algorithms,CSC201,5,"Continuous assessments directly test what was taught in class. and Provides comprehensive slides, reference materials, and handouts., however, Never misses a lecture and values students' scheduled time.",positive,"[[""Assessment and Grading"", ""positive""], [""Use of Teaching Materials"", ""positive""], [""Lecturer Punctuality"", ""positive""]]",synthetic
1212,Prof. Martins,Special Computing,CSC410,5,"Always punctual and starts every class right on time.. Also, Course structure is cohesive and modules transition smoothly.",positive,"[[""Lecturer Punctuality"", ""positive""], [""Course Organisation"", ""positive""]]",synthetic
1213,Dr. (Mrs) Adeleke,Operating Systems Principles,CSC304,1,"Does not share lecture slides or study materials with the class.. Furthermore, Students cannot reach the lecturer for urgent academic inquiries., though Continuous assessment scripts were never returned all semester.",negative,"[[""Use of Teaching Materials"", ""negative""], [""Availability"", ""negative""], [""Assessment and Grading"", ""negative""]]",synthetic
1214,Dr. (Mrs) Adeleke,Data Structures and Algorithms,CSC201,2,Fails to respond to student emails and academic inquiries. and Hostile classroom environment where students fear participating.,negative,"[[""Communication"", ""negative""], [""Student Interaction"", ""negative""]]",synthetic
1215,Dr. Faith,Data Science & Big Data,CSC412,2,"Course outline was never provided and topics were disjointed. and Difficult to follow what the lecturer is trying to convey., on the other hand, Students cannot reach the lecturer for urgent academic inquiries.",negative,"[[""Course Organisation"", ""negative""], [""Teaching Clarity"", ""negative""], [""Availability"", ""negative""]]",synthetic
1216,Dr. Faith,Operating Systems Principles,CSC304,1,Arrives thirty to forty minutes behind schedule repeatedly.,negative,"[[""Lecturer Punctuality"", ""negative""]]",synthetic
1217,Dr. Okafor,Cloud Computing Architectures,CSC406,2,"Communication channel is disorganized and unreliable.; moreover, Available primarily during designated departmental consultation hours., however, Total lack of course organization throughout the entire semester.",negative,"[[""Communication"", ""negative""], [""Availability"", ""neutral""], [""Course Organisation"", ""negative""]]",synthetic
1218,Dr. Faith,Operating Systems Principles,CSC304,5,"Fosters classroom interaction where everyone feels safe to speak.. Additionally, Exams were well-balanced and marked with complete fairness.",positive,"[[""Student Interaction"", ""positive""], [""Assessment and Grading"", ""positive""]]",synthetic
1219,Dr. Pomele,Cloud Computing Architectures,CSC406,2,Dismissive and impatient when students approach for assistance.,negative,"[[""Availability"", ""negative""]]",synthetic
1220,Dr. Okafor,Data Science & Big Data,CSC412,2,Two tests and one exam were administered as scheduled. Module sequence followed the assigned curriculum. Attendance was generally consistent with occasional slight delays.,neutral,"[[""Assessment and Grading"", ""neutral""], [""Course Organisation"", ""neutral""], [""Lecturer Punctuality"", ""neutral""]]",synthetic
1221,Dr. Faith,Operating Systems Principles,CSC304,5,Keeps students well informed about assignment changes and events.,positive,"[[""Communication"", ""positive""]]",synthetic
1222,Dr. Adeyemi,Operating Systems Principles,CSC304,1,Vague feedback on assignments; nobody knows why they lost marks. and Disorganized scheduling; classes were shifted erratically.,negative,"[[""Assessment and Grading"", ""negative""], [""Course Organisation"", ""negative""]]",synthetic
1223,Dr. Adeyemi,Machine Learning & Neural Nets,CSC408,1,"Does not share lecture slides or study materials with the class.. Also, Lacks structure; we jumped from chapter five back to chapter two., though Fails to respond to student emails and academic inquiries.",negative,"[[""Use of Teaching Materials"", ""negative""], [""Course Organisation"", ""negative""], [""Communication"", ""negative""]]",synthetic
1224,Dr. Pomele,Operating Systems Principles,CSC304,2,"Uses outdated, blurry, and handwritten materials from a decade ago.",negative,"[[""Use of Teaching Materials"", ""negative""]]",synthetic
1225,Dr. Faith,Machine Learning & Neural Nets,CSC408,2,"Lacks structure; we jumped from chapter five back to chapter two.. Additionally, Announcements are confusing, contradictory, and last-minute.",negative,"[[""Course Organisation"", ""negative""], [""Communication"", ""negative""]]",synthetic
1226,Dr. Okafor,Operating Systems Principles,CSC304,2,"Dismissive and impatient when students approach for assistance.. Also, Completely unengaging; ignores students raising hands.",negative,"[[""Availability"", ""negative""], [""Student Interaction"", ""negative""]]",synthetic
1227,Prof. Balogun,Machine Learning & Neural Nets,CSC408,2,The syllabus pace was rushed heavily in the final weeks.,negative,"[[""Course Organisation"", ""negative""]]",synthetic
1228,Dr. Faith,Data Structures and Algorithms,CSC201,4,Meeting the lecturer requires scheduling an appointment. Lecture delivery is acceptable for introductory topics.,neutral,"[[""Availability"", ""neutral""], [""Teaching Clarity"", ""neutral""]]",synthetic
1229,Dr. Chukwu,Operating Systems Principles,CSC304,1,Total lack of course organization throughout the entire semester.,negative,"[[""Course Organisation"", ""negative""]]",synthetic
1230,Dr. Adeyemi,Data Science & Big Data,CSC412,2,"Very poor punctuality; classes start whenever he feels like it.. Also, Grading rubrics are completely absent and marks appear random. although Virtually impossible to locate outside scheduled lecture hours.",negative,"[[""Lecturer Punctuality"", ""negative""], [""Assessment and Grading"", ""negative""], [""Availability"", ""negative""]]",synthetic
1231,Dr. Okafor,Data Structures and Algorithms,CSC201,4,"Treats every student with dignity, patience, and respect. and Fails to respond to student emails and academic inquiries. although Clarifies every question thoroughly until we grasp the topic.",positive,"[[""Student Interaction"", ""positive""], [""Communication"", ""negative""], [""Teaching Clarity"", ""positive""]]",synthetic
1232,Prof. Balogun,Machine Learning & Neural Nets,CSC408,5,"Communicates announcements clearly, proactively, and timely.. Furthermore, Grading criteria are explicit and applied equitably to all students., however, Maintains a clear course outline from week one to final exams.",positive,"[[""Communication"", ""positive""], [""Assessment and Grading"", ""positive""], [""Course Organisation"", ""positive""]]",synthetic
1233,Prof. Balogun,Operating Systems Principles,CSC304,3,Exam difficulty reflected the average level of past papers. Interaction level was standard for a large lecture hall. Attendance was generally consistent with occasional slight delays.,neutral,"[[""Assessment and Grading"", ""neutral""], [""Student Interaction"", ""neutral""], [""Lecturer Punctuality"", ""neutral""]]",synthetic
1234,Dr. Adeyemi,Machine Learning & Neural Nets,CSC408,5,"Course structure is cohesive and modules transition smoothly.. Also, Professional and courteous communication across all channels., yet Frequently cancels lectures without giving prior notice.",positive,"[[""Course Organisation"", ""positive""], [""Communication"", ""positive""], [""Lecturer Punctuality"", ""negative""]]",synthetic
1235,Prof. Martins,Cloud Computing Architectures,CSC406,2,"Lacks structure; we jumped from chapter five back to chapter two.. Also, Zero supplementary learning materials provided throughout the course.",negative,"[[""Course Organisation"", ""negative""], [""Use of Teaching Materials"", ""negative""]]",synthetic
1236,Dr. Adeyemi,Operating Systems Principles,CSC304,2,Total lack of course organization throughout the entire semester.,negative,"[[""Course Organisation"", ""negative""]]",synthetic
1237,Prof. Martins,Machine Learning & Neural Nets,CSC408,3,"Professional and courteous communication across all channels., on the other hand, Very poor punctuality; classes start whenever he feels like it.",neutral,"[[""Communication"", ""positive""], [""Lecturer Punctuality"", ""negative""]]",synthetic
1238,Prof. Balogun,Data Science & Big Data,CSC412,4,"Uses modern multimedia, projectors, and code examples effectively.. Furthermore, Creates an engaging, dynamic, and interactive learning environment., however, The explanations are standard and neither exciting nor unclear.",positive,"[[""Use of Teaching Materials"", ""positive""], [""Student Interaction"", ""positive""], [""Teaching Clarity"", ""neutral""]]",synthetic
1239,Prof. Martins,Introduction to Computer Science,CSC101,2,Session timing was generally maintained.,neutral,"[[""Lecturer Punctuality"", ""neutral""]]",synthetic
1240,Dr. Faith,Operating Systems Principles,CSC304,2,"Hostile classroom environment where students fear participating.. Also, Poor communication; students were uninformed about test venues.",negative,"[[""Student Interaction"", ""negative""], [""Communication"", ""negative""]]",synthetic
1241,Prof. Balogun,Database Design & Management,CSC302,4,"Consistently arrives early and utilizes the full lecture period.; moreover, Grading criteria are explicit and applied equitably to all students. although Available primarily during designated departmental consultation hours.",positive,"[[""Lecturer Punctuality"", ""positive""], [""Assessment and Grading"", ""positive""], [""Availability"", ""neutral""]]",synthetic
1242,Dr. Adeyemi,Database Design & Management,CSC302,2,"Very poor punctuality; classes start whenever he feels like it. and Announcements are confusing, contradictory, and last-minute., yet Exams were unreasonably difficult and far beyond the syllabus.",negative,"[[""Lecturer Punctuality"", ""negative""], [""Communication"", ""negative""], [""Assessment and Grading"", ""negative""]]",synthetic
1243,Dr. Chukwu,Data Structures and Algorithms,CSC201,4,Exams were well-balanced and marked with complete fairness.,positive,"[[""Assessment and Grading"", ""positive""]]",synthetic
1244,Dr. (Mrs) Adeleke,Database Design & Management,CSC302,4,"Grading criteria are explicit and applied equitably to all students.; moreover, Uses practical analogies that simplify technical concepts., yet Communicates announcements clearly, proactively, and timely.",positive,"[[""Assessment and Grading"", ""positive""], [""Teaching Clarity"", ""positive""], [""Communication"", ""positive""]]",synthetic
1245,Dr. Chukwu,Cloud Computing Architectures,CSC406,5,Shares lecture notes well ahead of time on the student portal.,positive,"[[""Use of Teaching Materials"", ""positive""]]",synthetic
1246,Dr. Chukwu,Introduction to Computer Science,CSC101,3,Class announcements were relayed through the class representative.,neutral,"[[""Communication"", ""neutral""]]",synthetic
1247,Dr. Adeyemi,Data Science & Big Data,CSC412,4,"Treats every student with dignity, patience, and respect., but Communication was limited to official notice boards and portals.",positive,"[[""Student Interaction"", ""positive""], [""Communication"", ""neutral""]]",synthetic
1248,Prof. Balogun,Data Science & Big Data,CSC412,2,Hostile classroom environment where students fear participating.,negative,"[[""Student Interaction"", ""negative""]]",synthetic
1249,Dr. (Mrs) Adeleke,Operating Systems Principles,CSC304,5,Keeps students well informed about assignment changes and events.,positive,"[[""Communication"", ""positive""]]",synthetic
1250,Dr. Chukwu,Cloud Computing Architectures,CSC406,4,"Uses modern multimedia, projectors, and code examples effectively.; moreover, Coverage of the syllabus was delivered as outlined., though Course is exceptionally organized and follows the syllabus perfectly.",positive,"[[""Use of Teaching Materials"", ""positive""], [""Teaching Clarity"", ""neutral""], [""Course Organisation"", ""positive""]]",synthetic
1251,Dr. Okafor,Special Computing,CSC410,3,"Outstanding planning; topics progress logically and systematically., though Teaching materials are riddled with typos, errors, and missing pages.",neutral,"[[""Course Organisation"", ""positive""], [""Use of Teaching Materials"", ""negative""]]",synthetic
1252,Prof. Balogun,Special Computing,CSC410,2,"Test questions covered material that was never taught in class.; moreover, Disorganized scheduling; classes were shifted erratically., however, Email responses take two to three business days on average.",negative,"[[""Assessment and Grading"", ""negative""], [""Course Organisation"", ""negative""], [""Communication"", ""neutral""]]",synthetic
1253,Prof. Martins,Cloud Computing Architectures,CSC406,5,"Curated readings and textbook recommendations are extremely helpful.. Also, Breaks down difficult topics into digestible steps., but Welcoming to students seeking help with difficult course projects.",positive,"[[""Use of Teaching Materials"", ""positive""], [""Teaching Clarity"", ""positive""], [""Availability"", ""positive""]]",synthetic
1254,Prof. Martins,Cloud Computing Architectures,CSC406,4,"Curated readings and textbook recommendations are extremely helpful.. Additionally, Course structure is cohesive and modules transition smoothly., yet Readily accessible and makes time to mentor struggling learners.",positive,"[[""Use of Teaching Materials"", ""positive""], [""Course Organisation"", ""positive""], [""Availability"", ""positive""]]",synthetic
1255,Prof. Balogun,Data Science & Big Data,CSC412,5,Exams were well-balanced and marked with complete fairness.,positive,"[[""Assessment and Grading"", ""positive""]]",synthetic
1256,Dr. Okafor,Operating Systems Principles,CSC304,3,Standard slide presentations were projected during lecture. Class interaction was typical with occasional question sessions.,neutral,"[[""Use of Teaching Materials"", ""neutral""], [""Student Interaction"", ""neutral""]]",synthetic
1257,Dr. Faith,Operating Systems Principles,CSC304,2,"Continuous assessment scripts were never returned all semester.. Additionally, Missed multiple lecture sessions without making up the hours.",negative,"[[""Assessment and Grading"", ""negative""], [""Lecturer Punctuality"", ""negative""]]",synthetic
1258,Dr. Adeyemi,Operating Systems Principles,CSC304,5,"Teaching materials are rich, up-to-date, and beautifully designed.. Additionally, Uses practical analogies that simplify technical concepts.",positive,"[[""Use of Teaching Materials"", ""positive""], [""Teaching Clarity"", ""positive""]]",synthetic
1259,Dr. Okafor,Special Computing,CSC410,5,Outstanding planning; topics progress logically and systematically.,positive,"[[""Course Organisation"", ""positive""]]",synthetic
1260,Dr. Okafor,Database Design & Management,CSC302,5,"Delivers structured and comprehensible lectures every time.. Additionally, Grading is fair, objective, and transparently communicated.",positive,"[[""Teaching Clarity"", ""positive""], [""Assessment and Grading"", ""positive""]]",synthetic
1261,Dr. Okafor,Database Design & Management,CSC302,2,The syllabus pacing was fairly typical of university modules. Lecturer arrives roughly on time for most scheduled classes. Recommended textbooks are available in the university library.,neutral,"[[""Course Organisation"", ""neutral""], [""Lecturer Punctuality"", ""neutral""], [""Use of Teaching Materials"", ""neutral""]]",synthetic
1262,Dr. Okafor,Introduction to Computer Science,CSC101,5,Encourages active classroom participation and welcoming debates.,positive,"[[""Student Interaction"", ""positive""]]",synthetic
1263,Dr. Faith,Special Computing,CSC410,2,Communication was limited to official notice boards and portals. The syllabus pacing was fairly typical of university modules.,neutral,"[[""Communication"", ""neutral""], [""Course Organisation"", ""neutral""]]",synthetic
1264,Prof. Martins,Special Computing,CSC410,2,Frequently cancels lectures without giving prior notice.,negative,"[[""Lecturer Punctuality"", ""negative""]]",synthetic
1265,Dr. Faith,Machine Learning & Neural Nets,CSC408,4,"Office doors are always open for academic guidance.. Also, Consistently arrives early and utilizes the full lecture period., on the other hand, Professional and courteous communication across all channels.",positive,"[[""Availability"", ""positive""], [""Lecturer Punctuality"", ""positive""], [""Communication"", ""positive""]]",synthetic
1266,Dr. Okafor,Operating Systems Principles,CSC304,2,"Uses outdated, blurry, and handwritten materials from a decade ago., however, The course follows the institutional standard syllabus.",negative,"[[""Use of Teaching Materials"", ""negative""], [""Course Organisation"", ""neutral""]]",synthetic
1267,Prof. Martins,Data Science & Big Data,CSC412,5,"Grading criteria are explicit and applied equitably to all students.. Also, Professional and courteous communication across all channels.",positive,"[[""Assessment and Grading"", ""positive""], [""Communication"", ""positive""]]",synthetic
1268,Dr. Pomele,Machine Learning & Neural Nets,CSC408,4,The lecture schedule and weekly milestones are well planned.,positive,"[[""Course Organisation"", ""positive""]]",synthetic
1269,Dr. Faith,Data Structures and Algorithms,CSC201,1,Rushes through difficult slides without proper explanation.,negative,"[[""Teaching Clarity"", ""negative""]]",synthetic
1270,Dr. Okafor,Introduction to Computer Science,CSC101,2,Two tests and one exam were administered as scheduled. Explanations are moderate and aligned with the course guide. Email responses take two to three business days on average.,neutral,"[[""Assessment and Grading"", ""neutral""], [""Teaching Clarity"", ""neutral""], [""Communication"", ""neutral""]]",synthetic
1271,Dr. (Mrs) Adeleke,Cloud Computing Architectures,CSC406,3,The explanations are standard and neither exciting nor unclear. Communication was limited to official notice boards and portals.,neutral,"[[""Teaching Clarity"", ""neutral""], [""Communication"", ""neutral""]]",synthetic
1272,Dr. Okafor,Special Computing,CSC410,3,Email responses take two to three business days on average. Lectures are predominantly instructional with some Q&A. Two tests and one exam were administered as scheduled.,neutral,"[[""Communication"", ""neutral""], [""Student Interaction"", ""neutral""], [""Assessment and Grading"", ""neutral""]]",synthetic
1273,Dr. Chukwu,Operating Systems Principles,CSC304,2,Never available during posted office hours; doors always locked.,negative,"[[""Availability"", ""negative""]]",synthetic
1274,Prof. Balogun,Introduction to Computer Science,CSC101,4,Standard slide presentations were projected during lecture. The explanations are standard and neither exciting nor unclear.,neutral,"[[""Use of Teaching Materials"", ""neutral""], [""Teaching Clarity"", ""neutral""]]",synthetic
1275,Prof. Martins,Machine Learning & Neural Nets,CSC408,4,"Communicates announcements clearly, proactively, and timely.",positive,"[[""Communication"", ""positive""]]",synthetic
1276,Prof. Martins,Special Computing,CSC410,4,"Communicates announcements clearly, proactively, and timely.. Additionally, Grading is fair, objective, and transparently communicated.",positive,"[[""Communication"", ""positive""], [""Assessment and Grading"", ""positive""]]",synthetic
1277,Dr. Chukwu,Special Computing,CSC410,2,"The course is poorly organized with no clear syllabus.. Additionally, Intimidates students and ridicules genuine questions in class., though Curated readings and textbook recommendations are extremely helpful.",negative,"[[""Course Organisation"", ""negative""], [""Student Interaction"", ""negative""], [""Use of Teaching Materials"", ""positive""]]",synthetic
1278,Dr. Faith,Data Structures and Algorithms,CSC201,3,Meeting the lecturer requires scheduling an appointment. Marks were computed according to normal university regulations.,neutral,"[[""Availability"", ""neutral""], [""Assessment and Grading"", ""neutral""]]",synthetic
1279,Prof. Balogun,Data Structures and Algorithms,CSC201,2,Never available during posted office hours; doors always locked.,negative,"[[""Availability"", ""negative""]]",synthetic
1280,Prof. Martins,Machine Learning & Neural Nets,CSC408,2,The explanations are standard and neither exciting nor unclear. Lecturer arrives roughly on time for most scheduled classes.,neutral,"[[""Teaching Clarity"", ""neutral""], [""Lecturer Punctuality"", ""neutral""]]",synthetic
1281,Dr. Faith,Operating Systems Principles,CSC304,4,"Exams were well-balanced and marked with complete fairness.. Additionally, Listens attentively to student viewpoints and questions., yet Professional and courteous communication across all channels.",positive,"[[""Assessment and Grading"", ""positive""], [""Student Interaction"", ""positive""], [""Communication"", ""positive""]]",synthetic
1282,Prof. Balogun,Database Design & Management,CSC302,1,Class is a dull one-way monologue with zero student interaction. although Course topics were addressed according to the departmental calendar.,negative,"[[""Student Interaction"", ""negative""], [""Course Organisation"", ""neutral""]]",synthetic
1283,Dr. Chukwu,Data Structures and Algorithms,CSC201,3,"Office doors are always open for academic guidance., on the other hand, Disorganized scheduling; classes were shifted erratically.",neutral,"[[""Availability"", ""positive""], [""Course Organisation"", ""negative""]]",synthetic
1284,Dr. Okafor,Operating Systems Principles,CSC304,2,"Announcements are confusing, contradictory, and last-minute.",negative,"[[""Communication"", ""negative""]]",synthetic
1285,Prof. Martins,Operating Systems Principles,CSC304,5,"Makes abstract ideas very easy to understand.. Additionally, Clear verbal and written communication throughout the semester., on the other hand, The timetable and course pace are managed impeccably.",positive,"[[""Teaching Clarity"", ""positive""], [""Communication"", ""positive""], [""Course Organisation"", ""positive""]]",synthetic
1286,Dr. Chukwu,Cloud Computing Architectures,CSC406,1,"Missed multiple lecture sessions without making up the hours.; moreover, Completely unengaging; ignores students raising hands.",negative,"[[""Lecturer Punctuality"", ""negative""], [""Student Interaction"", ""negative""]]",synthetic
1287,Dr. Adeyemi,Data Science & Big Data,CSC412,3,Lectures follow the textbook explanations adequately.,neutral,"[[""Teaching Clarity"", ""neutral""]]",synthetic
1288,Prof. Balogun,Data Science & Big Data,CSC412,4,"Responds promptly to student emails with helpful guidance.; moreover, Course is exceptionally organized and follows the syllabus perfectly., yet Shares lecture notes well ahead of time on the student portal.",positive,"[[""Communication"", ""positive""], [""Course Organisation"", ""positive""], [""Use of Teaching Materials"", ""positive""]]",synthetic
1289,Prof. Martins,Database Design & Management,CSC302,2,"Course outline was never provided and topics were disjointed., however, Lectures are predominantly instructional with some Q&A.",negative,"[[""Course Organisation"", ""negative""], [""Student Interaction"", ""neutral""]]",synthetic
1290,Dr. Faith,Machine Learning & Neural Nets,CSC408,1,"Test questions covered material that was never taught in class. and Missed multiple lecture sessions without making up the hours., on the other hand, Complicates straightforward concepts unnecessarily.",negative,"[[""Assessment and Grading"", ""negative""], [""Lecturer Punctuality"", ""negative""], [""Teaching Clarity"", ""negative""]]",synthetic
1291,Prof. Martins,Data Structures and Algorithms,CSC201,3,Lecture delivery is acceptable for introductory topics. Lectures started within reasonable university grace periods.,neutral,"[[""Teaching Clarity"", ""neutral""], [""Lecturer Punctuality"", ""neutral""]]",synthetic
1292,Prof. Balogun,Data Science & Big Data,CSC412,2,Vague feedback on assignments; nobody knows why they lost marks.,negative,"[[""Assessment and Grading"", ""negative""]]",synthetic
1293,Dr. Adeyemi,Cloud Computing Architectures,CSC406,5,"Always punctual and starts every class right on time.. Also, Professional and courteous communication across all channels., though Test questions covered material that was never taught in class.",positive,"[[""Lecturer Punctuality"", ""positive""], [""Communication"", ""positive""], [""Assessment and Grading"", ""negative""]]",synthetic
1294,Dr. Okafor,Machine Learning & Neural Nets,CSC408,1,"Vague feedback on assignments; nobody knows why they lost marks.. Additionally, Explanations are vague and leave too many unanswered gaps.",negative,"[[""Assessment and Grading"", ""negative""], [""Teaching Clarity"", ""negative""]]",synthetic
1295,Dr. Pomele,Special Computing,CSC410,4,"Curated readings and textbook recommendations are extremely helpful., though Class announcements were relayed through the class representative.",positive,"[[""Use of Teaching Materials"", ""positive""], [""Communication"", ""neutral""]]",synthetic
1296,Dr. (Mrs) Adeleke,Introduction to Computer Science,CSC101,2,"Uses dense jargon without breaking down fundamentals.. Additionally, Communication channel is disorganized and unreliable.",negative,"[[""Teaching Clarity"", ""negative""], [""Communication"", ""negative""]]",synthetic
1297,Prof. Martins,Database Design & Management,CSC302,1,"Dismissive and impatient when students approach for assistance.; moreover, Provides comprehensive slides, reference materials, and handouts., but Disorganized scheduling; classes were shifted erratically.",negative,"[[""Availability"", ""negative""], [""Use of Teaching Materials"", ""positive""], [""Course Organisation"", ""negative""]]",synthetic
1298,Dr. Adeyemi,Cloud Computing Architectures,CSC406,5,Continuous assessments directly test what was taught in class.,positive,"[[""Assessment and Grading"", ""positive""]]",synthetic
1299,Dr. Adeyemi,Data Science & Big Data,CSC412,1,Lacks pedagogical clarity; students leave the hall confused.,negative,"[[""Teaching Clarity"", ""negative""]]",synthetic
1300,Dr. (Mrs) Adeleke,Cloud Computing Architectures,CSC406,1,Communication channel is disorganized and unreliable. although Questions are entertained towards the final ten minutes of class.,negative,"[[""Communication"", ""negative""], [""Student Interaction"", ""neutral""]]",synthetic
1301,Dr. Adeyemi,Cloud Computing Architectures,CSC406,1,"Total lack of course organization throughout the entire semester., yet Lectures follow the textbook explanations adequately.",negative,"[[""Course Organisation"", ""negative""], [""Teaching Clarity"", ""neutral""]]",synthetic
1302,Dr. (Mrs) Adeleke,Introduction to Computer Science,CSC101,4,"Shares lecture notes well ahead of time on the student portal.. Additionally, Readily accessible and makes time to mentor struggling learners., however, Communicates announcements clearly, proactively, and timely.",positive,"[[""Use of Teaching Materials"", ""positive""], [""Availability"", ""positive""], [""Communication"", ""positive""]]",synthetic
1303,Prof. Martins,Data Science & Big Data,CSC412,2,"Never available during posted office hours; doors always locked.. Furthermore, Total lack of course organization throughout the entire semester., though Uses outdated, blurry, and handwritten materials from a decade ago.",negative,"[[""Availability"", ""negative""], [""Course Organisation"", ""negative""], [""Use of Teaching Materials"", ""negative""]]",synthetic
1304,Dr. Chukwu,Cloud Computing Architectures,CSC406,3,Welcoming to students seeking help with difficult course projects. although Refuses to upload lecture notes or reference documents.,neutral,"[[""Availability"", ""positive""], [""Use of Teaching Materials"", ""negative""]]",synthetic
1305,Dr. Okafor,Introduction to Computer Science,CSC101,3,Virtually impossible to locate outside scheduled lecture hours. although Provides detailed rubrics and constructive feedback on scripts.,neutral,"[[""Availability"", ""negative""], [""Assessment and Grading"", ""positive""]]",synthetic
1306,Dr. Chukwu,Special Computing,CSC410,5,"Provides comprehensive slides, reference materials, and handouts.",positive,"[[""Use of Teaching Materials"", ""positive""]]",synthetic
1307,Dr. Adeyemi,Database Design & Management,CSC302,5,"Professional and courteous communication across all channels.. Additionally, Exemplary punctuality and regular attendance all semester.",positive,"[[""Communication"", ""positive""], [""Lecturer Punctuality"", ""positive""]]",synthetic
1308,Dr. Faith,Introduction to Computer Science,CSC101,4,"The explanations are articulate and straightforward to follow.. Additionally, Keeps students well informed about assignment changes and events.",positive,"[[""Teaching Clarity"", ""positive""], [""Communication"", ""positive""]]",synthetic
1309,Dr. (Mrs) Adeleke,Data Structures and Algorithms,CSC201,5,Encourages active classroom participation and welcoming debates.,positive,"[[""Student Interaction"", ""positive""]]",synthetic
1310,Dr. Chukwu,Database Design & Management,CSC302,4,"Grading criteria are explicit and applied equitably to all students.. Furthermore, Consistently arrives early and utilizes the full lecture period., but Uses modern multimedia, projectors, and code examples effectively.",positive,"[[""Assessment and Grading"", ""positive""], [""Lecturer Punctuality"", ""positive""], [""Use of Teaching Materials"", ""positive""]]",synthetic
1311,Dr. (Mrs) Adeleke,Operating Systems Principles,CSC304,4,Professional and courteous communication across all channels.,positive,"[[""Communication"", ""positive""]]",synthetic
1312,Dr. Pomele,Cloud Computing Architectures,CSC406,1,"Unavailable to provide guidance on term papers and projects.. Also, Course outline was never provided and topics were disjointed., but Intimidates students and ridicules genuine questions in class.",negative,"[[""Availability"", ""negative""], [""Course Organisation"", ""negative""], [""Student Interaction"", ""negative""]]",synthetic
1313,Dr. (Mrs) Adeleke,Database Design & Management,CSC302,1,"Grading rubrics are completely absent and marks appear random.. Additionally, The syllabus pace was rushed heavily in the final weeks.",negative,"[[""Assessment and Grading"", ""negative""], [""Course Organisation"", ""negative""]]",synthetic
1314,Prof. Martins,Machine Learning & Neural Nets,CSC408,1,"Students cannot reach the lecturer for urgent academic inquiries., though Email responses take two to three business days on average.",negative,"[[""Availability"", ""negative""], [""Communication"", ""neutral""]]",synthetic
1315,Prof. Balogun,Cloud Computing Architectures,CSC406,5,"Shares lecture notes well ahead of time on the student portal.. Also, Every lecture explanation is logical and clear.",positive,"[[""Use of Teaching Materials"", ""positive""], [""Teaching Clarity"", ""positive""]]",synthetic
1316,Dr. (Mrs) Adeleke,Database Design & Management,CSC302,2,"Announcements are confusing, contradictory, and last-minute.; moreover, Students cannot reach the lecturer for urgent academic inquiries., on the other hand, Test questions covered material that was never taught in class.",negative,"[[""Communication"", ""negative""], [""Availability"", ""negative""], [""Assessment and Grading"", ""negative""]]",synthetic
1317,Dr. (Mrs) Adeleke,Introduction to Computer Science,CSC101,1,"Rushes through difficult slides without proper explanation.; moreover, Test questions covered material that was never taught in class.",negative,"[[""Teaching Clarity"", ""negative""], [""Assessment and Grading"", ""negative""]]",synthetic
1318,Dr. (Mrs) Adeleke,Data Science & Big Data,CSC412,1,"Never available during posted office hours; doors always locked.. Furthermore, Difficult to follow what the lecturer is trying to convey.",negative,"[[""Availability"", ""negative""], [""Teaching Clarity"", ""negative""]]",synthetic
1319,Dr. (Mrs) Adeleke,Special Computing,CSC410,5,The explanations are articulate and straightforward to follow.,positive,"[[""Teaching Clarity"", ""positive""]]",synthetic
1320,Prof. Balogun,Machine Learning & Neural Nets,CSC408,4,Communication was limited to official notice boards and portals. Office hours are kept when requested in advance.,neutral,"[[""Communication"", ""neutral""], [""Availability"", ""neutral""]]",synthetic
1321,Dr. Pomele,Data Science & Big Data,CSC412,3,Frequently cancels lectures without giving prior notice. although Office doors are always open for academic guidance.,neutral,"[[""Lecturer Punctuality"", ""negative""], [""Availability"", ""positive""]]",synthetic
1322,Dr. Pomele,Special Computing,CSC410,5,"Grading criteria are explicit and applied equitably to all students. and Teaching materials are rich, up-to-date, and beautifully designed.",positive,"[[""Assessment and Grading"", ""positive""], [""Use of Teaching Materials"", ""positive""]]",synthetic
1323,Prof. Martins,Data Structures and Algorithms,CSC201,4,"Listens attentively to student viewpoints and questions.. Also, Always available during office hours for student consultation.",positive,"[[""Student Interaction"", ""positive""], [""Availability"", ""positive""]]",synthetic
1324,Dr. Faith,Machine Learning & Neural Nets,CSC408,4,"Uses modern multimedia, projectors, and code examples effectively. and Grading is fair, objective, and transparently communicated.",positive,"[[""Use of Teaching Materials"", ""positive""], [""Assessment and Grading"", ""positive""]]",synthetic
1325,Dr. (Mrs) Adeleke,Database Design & Management,CSC302,3,"Communication channel is disorganized and unreliable., yet Creates an engaging, dynamic, and interactive learning environment.",neutral,"[[""Communication"", ""negative""], [""Student Interaction"", ""positive""]]",synthetic
1326,Prof. Balogun,Cloud Computing Architectures,CSC406,4,"Explains complex concepts with clarity and precision.. Furthermore, Communicates announcements clearly, proactively, and timely.",positive,"[[""Teaching Clarity"", ""positive""], [""Communication"", ""positive""]]",synthetic
1327,Dr. Adeyemi,Data Science & Big Data,CSC412,2,Total lack of course organization throughout the entire semester.,negative,"[[""Course Organisation"", ""negative""]]",synthetic
1328,Prof. Balogun,Data Science & Big Data,CSC412,4,"Communicates announcements clearly, proactively, and timely.. Furthermore, Brilliant teaching clarity; makes challenging algorithms look simple., on the other hand, Missed multiple lecture sessions without making up the hours.",positive,"[[""Communication"", ""positive""], [""Teaching Clarity"", ""positive""], [""Lecturer Punctuality"", ""negative""]]",synthetic
1329,Dr. (Mrs) Adeleke,Introduction to Computer Science,CSC101,4,Always available during office hours for student consultation.,positive,"[[""Availability"", ""positive""]]",synthetic
1330,Dr. Faith,Special Computing,CSC410,1,"Complicates straightforward concepts unnecessarily.; moreover, Course outline was never provided and topics were disjointed.",negative,"[[""Teaching Clarity"", ""negative""], [""Course Organisation"", ""negative""]]",synthetic
1331,Dr. Chukwu,Database Design & Management,CSC302,3,"Hostile classroom environment where students fear participating.. Furthermore, Brilliant teaching clarity; makes challenging algorithms look simple., however, Available primarily during designated departmental consultation hours.",neutral,"[[""Student Interaction"", ""negative""], [""Teaching Clarity"", ""positive""], [""Availability"", ""neutral""]]",synthetic
1332,Dr. Okafor,Data Structures and Algorithms,CSC201,3,Course topics were addressed according to the departmental calendar. Meeting the lecturer requires scheduling an appointment.,neutral,"[[""Course Organisation"", ""neutral""], [""Availability"", ""neutral""]]",synthetic
1333,Dr. Okafor,Cloud Computing Architectures,CSC406,4,"Office doors are always open for academic guidance.. Also, Exam difficulty reflected the average level of past papers., yet Shares lecture notes well ahead of time on the student portal.",positive,"[[""Availability"", ""positive""], [""Assessment and Grading"", ""neutral""], [""Use of Teaching Materials"", ""positive""]]",synthetic
1334,Dr. (Mrs) Adeleke,Machine Learning & Neural Nets,CSC408,4,Encourages active classroom participation and welcoming debates.,positive,"[[""Student Interaction"", ""positive""]]",synthetic
1335,Dr. Adeyemi,Operating Systems Principles,CSC304,1,"Frequently cancels lectures without giving prior notice.. Furthermore, Total lack of course organization throughout the entire semester.",negative,"[[""Lecturer Punctuality"", ""negative""], [""Course Organisation"", ""negative""]]",synthetic
1336,Dr. (Mrs) Adeleke,Database Design & Management,CSC302,2,Frequently cancels lectures without giving prior notice.,negative,"[[""Lecturer Punctuality"", ""negative""]]",synthetic
1337,Dr. Pomele,Special Computing,CSC410,2,Two tests and one exam were administered as scheduled.,neutral,"[[""Assessment and Grading"", ""neutral""]]",synthetic
1338,Prof. Balogun,Operating Systems Principles,CSC304,2,"Hostile classroom environment where students fear participating.. Also, Students cannot reach the lecturer for urgent academic inquiries.",negative,"[[""Student Interaction"", ""negative""], [""Availability"", ""negative""]]",synthetic
1339,Dr. Adeyemi,Data Science & Big Data,CSC412,2,Coverage of the syllabus was delivered as outlined. Available primarily during designated departmental consultation hours. Course materials were shared according to standard faculty policy.,neutral,"[[""Teaching Clarity"", ""neutral""], [""Availability"", ""neutral""], [""Use of Teaching Materials"", ""neutral""]]",synthetic
1340,Prof. Martins,Operating Systems Principles,CSC304,4,Responds promptly to student emails with helpful guidance.,positive,"[[""Communication"", ""positive""]]",synthetic
1341,Dr. Adeyemi,Database Design & Management,CSC302,2,"Rushes through difficult slides without proper explanation.. Additionally, Continuous assessment scripts were never returned all semester.",negative,"[[""Teaching Clarity"", ""negative""], [""Assessment and Grading"", ""negative""]]",synthetic
1342,Dr. Okafor,Data Science & Big Data,CSC412,4,"Uses modern multimedia, projectors, and code examples effectively.. Also, Outstanding planning; topics progress logically and systematically., but Uses practical analogies that simplify technical concepts.",positive,"[[""Use of Teaching Materials"", ""positive""], [""Course Organisation"", ""positive""], [""Teaching Clarity"", ""positive""]]",synthetic
1343,Prof. Martins,Data Science & Big Data,CSC412,1,Intimidates students and ridicules genuine questions in class.,negative,"[[""Student Interaction"", ""negative""]]",synthetic
1344,Dr. Chukwu,Data Structures and Algorithms,CSC201,1,"Intimidates students and ridicules genuine questions in class.. Furthermore, Disorganized scheduling; classes were shifted erratically., though Explanations are vague and leave too many unanswered gaps.",negative,"[[""Student Interaction"", ""negative""], [""Course Organisation"", ""negative""], [""Teaching Clarity"", ""negative""]]",synthetic
1345,Dr. Faith,Machine Learning & Neural Nets,CSC408,4,Standard slide presentations were projected during lecture.,neutral,"[[""Use of Teaching Materials"", ""neutral""]]",synthetic
1346,Dr. (Mrs) Adeleke,Operating Systems Principles,CSC304,5,"Delivers structured and comprehensible lectures every time.. Also, Exams were well-balanced and marked with complete fairness. although Creates an engaging, dynamic, and interactive learning environment.",positive,"[[""Teaching Clarity"", ""positive""], [""Assessment and Grading"", ""positive""], [""Student Interaction"", ""positive""]]",synthetic
1347,Prof. Balogun,Database Design & Management,CSC302,2,"Discourages questions and dismisses student contributions rudely.. Additionally, Test questions covered material that was never taught in class.",negative,"[[""Student Interaction"", ""negative""], [""Assessment and Grading"", ""negative""]]",synthetic
1348,Dr. Chukwu,Database Design & Management,CSC302,3,Consultation is available within standard university hours.,neutral,"[[""Availability"", ""neutral""]]",synthetic
1349,Dr. (Mrs) Adeleke,Data Structures and Algorithms,CSC201,2,"Vague feedback on assignments; nobody knows why they lost marks.; moreover, Brilliant teaching clarity; makes challenging algorithms look simple., however, Uses outdated, blurry, and handwritten materials from a decade ago.",negative,"[[""Assessment and Grading"", ""negative""], [""Teaching Clarity"", ""positive""], [""Use of Teaching Materials"", ""negative""]]",synthetic
1350,Dr. Adeyemi,Operating Systems Principles,CSC304,5,"Course is exceptionally organized and follows the syllabus perfectly.. Furthermore, Welcoming to students seeking help with difficult course projects. although Treats every student with dignity, patience, and respect.",positive,"[[""Course Organisation"", ""positive""], [""Availability"", ""positive""], [""Student Interaction"", ""positive""]]",synthetic
1351,Dr. Adeyemi,Data Structures and Algorithms,CSC201,4,Standard course notices were shared periodically. Office hours are kept when requested in advance.,neutral,"[[""Communication"", ""neutral""], [""Availability"", ""neutral""]]",synthetic
1352,Dr. Chukwu,Database Design & Management,CSC302,1,"The syllabus pace was rushed heavily in the final weeks., on the other hand, Standard slide presentations were projected during lecture.",negative,"[[""Course Organisation"", ""negative""], [""Use of Teaching Materials"", ""neutral""]]",synthetic
1353,Prof. Martins,Data Structures and Algorithms,CSC201,4,"Very approachable and willing to assist students after hours. and Course is exceptionally organized and follows the syllabus perfectly., but Consistently arrives early and utilizes the full lecture period.",positive,"[[""Availability"", ""positive""], [""Course Organisation"", ""positive""], [""Lecturer Punctuality"", ""positive""]]",synthetic
1354,Dr. Adeyemi,Machine Learning & Neural Nets,CSC408,4,Course structure is cohesive and modules transition smoothly.,positive,"[[""Course Organisation"", ""positive""]]",synthetic
1355,Prof. Balogun,Operating Systems Principles,CSC304,2,"Lacks pedagogical clarity; students leave the hall confused.. Also, Announcements are confusing, contradictory, and last-minute.",negative,"[[""Teaching Clarity"", ""negative""], [""Communication"", ""negative""]]",synthetic
1356,Dr. Okafor,Data Structures and Algorithms,CSC201,4,"Explains complex concepts with clarity and precision.. Additionally, Never misses a lecture and values students' scheduled time.",positive,"[[""Teaching Clarity"", ""positive""], [""Lecturer Punctuality"", ""positive""]]",synthetic
1357,Prof. Balogun,Operating Systems Principles,CSC304,5,"Teaching materials are rich, up-to-date, and beautifully designed. and Breaks down difficult topics into digestible steps., but Punctual arrival to 8 AM lectures without exception.",positive,"[[""Use of Teaching Materials"", ""positive""], [""Teaching Clarity"", ""positive""], [""Lecturer Punctuality"", ""positive""]]",synthetic
1358,Dr. (Mrs) Adeleke,Data Science & Big Data,CSC412,3,Ignores emails regarding coursework clarifications. although Outstanding planning; topics progress logically and systematically.,neutral,"[[""Communication"", ""negative""], [""Course Organisation"", ""positive""]]",synthetic
1359,Dr. Faith,Data Structures and Algorithms,CSC201,2,"Lacks structure; we jumped from chapter five back to chapter two.; moreover, Explanations are confusing and lack structure.",negative,"[[""Course Organisation"", ""negative""], [""Teaching Clarity"", ""negative""]]",synthetic
1360,Prof. Martins,Data Science & Big Data,CSC412,4,Class interaction was typical with occasional question sessions. Course materials were shared according to standard faculty policy.,neutral,"[[""Student Interaction"", ""neutral""], [""Use of Teaching Materials"", ""neutral""]]",synthetic
1361,Dr. (Mrs) Adeleke,Data Science & Big Data,CSC412,4,"Uses modern multimedia, projectors, and code examples effectively.",positive,"[[""Use of Teaching Materials"", ""positive""]]",synthetic
1362,Prof. Balogun,Machine Learning & Neural Nets,CSC408,5,"Exams were well-balanced and marked with complete fairness.. Additionally, Encourages active classroom participation and welcoming debates.",positive,"[[""Assessment and Grading"", ""positive""], [""Student Interaction"", ""positive""]]",synthetic
1363,Dr. Okafor,Operating Systems Principles,CSC304,2,Session timing was generally maintained. Two tests and one exam were administered as scheduled.,neutral,"[[""Lecturer Punctuality"", ""neutral""], [""Assessment and Grading"", ""neutral""]]",synthetic
1364,Dr. Adeyemi,Data Science & Big Data,CSC412,1,Exams were unreasonably difficult and far beyond the syllabus.,negative,"[[""Assessment and Grading"", ""negative""]]",synthetic
1365,Dr. (Mrs) Adeleke,Data Structures and Algorithms,CSC201,2,"Discourages questions and dismisses student contributions rudely.. Additionally, Rushes through difficult slides without proper explanation.",negative,"[[""Student Interaction"", ""negative""], [""Teaching Clarity"", ""negative""]]",synthetic
1366,Dr. Pomele,Special Computing,CSC410,4,"Creates an engaging, dynamic, and interactive learning environment.. Additionally, Delivers structured and comprehensible lectures every time.",positive,"[[""Student Interaction"", ""positive""], [""Teaching Clarity"", ""positive""]]",synthetic
1367,Prof. Martins,Introduction to Computer Science,CSC101,5,Continuous assessments directly test what was taught in class.,positive,"[[""Assessment and Grading"", ""positive""]]",synthetic
1368,Prof. Balogun,Data Structures and Algorithms,CSC201,2,Recommended textbooks are available in the university library. Lecture delivery is acceptable for introductory topics.,neutral,"[[""Use of Teaching Materials"", ""neutral""], [""Teaching Clarity"", ""neutral""]]",synthetic
1369,Dr. Okafor,Data Science & Big Data,CSC412,4,Grading criteria are explicit and applied equitably to all students.,positive,"[[""Assessment and Grading"", ""positive""]]",synthetic
1370,Prof. Balogun,Special Computing,CSC410,4,Uses practical analogies that simplify technical concepts.,positive,"[[""Teaching Clarity"", ""positive""]]",synthetic
1371,Prof. Martins,Machine Learning & Neural Nets,CSC408,3,"Arrives thirty to forty minutes behind schedule repeatedly., yet Listens attentively to student viewpoints and questions.",neutral,"[[""Lecturer Punctuality"", ""negative""], [""Student Interaction"", ""positive""]]",synthetic
1372,Dr. Adeyemi,Introduction to Computer Science,CSC101,5,The lecture schedule and weekly milestones are well planned.,positive,"[[""Course Organisation"", ""positive""]]",synthetic
1373,Dr. (Mrs) Adeleke,Data Science & Big Data,CSC412,5,"The timetable and course pace are managed impeccably.. Furthermore, Welcoming to students seeking help with difficult course projects.",positive,"[[""Course Organisation"", ""positive""], [""Availability"", ""positive""]]",synthetic
1374,Dr. Okafor,Operating Systems Principles,CSC304,2,"Explanations are confusing and lack structure.. Furthermore, Listens attentively to student viewpoints and questions., yet Test questions covered material that was never taught in class.",negative,"[[""Teaching Clarity"", ""negative""], [""Student Interaction"", ""positive""], [""Assessment and Grading"", ""negative""]]",synthetic
1375,Dr. Faith,Cloud Computing Architectures,CSC406,1,Unavailable to provide guidance on term papers and projects. and Missed multiple lecture sessions without making up the hours.,negative,"[[""Availability"", ""negative""], [""Lecturer Punctuality"", ""negative""]]",synthetic
1376,Dr. Okafor,Cloud Computing Architectures,CSC406,1,"Discourages questions and dismisses student contributions rudely.; moreover, Exams were unreasonably difficult and far beyond the syllabus.",negative,"[[""Student Interaction"", ""negative""], [""Assessment and Grading"", ""negative""]]",synthetic
1377,Dr. (Mrs) Adeleke,Machine Learning & Neural Nets,CSC408,3,Questions are entertained towards the final ten minutes of class. Lecture slides cover only basic bullet points.,neutral,"[[""Student Interaction"", ""neutral""], [""Use of Teaching Materials"", ""neutral""]]",synthetic
1378,Dr. (Mrs) Adeleke,Data Science & Big Data,CSC412,5,"Maintains a clear course outline from week one to final exams.. Also, Returns test scores quickly with helpful correction notes., however, Keeps students well informed about assignment changes and events.",positive,"[[""Course Organisation"", ""positive""], [""Assessment and Grading"", ""positive""], [""Communication"", ""positive""]]",synthetic
1379,Dr. Pomele,Database Design & Management,CSC302,1,Ignores emails regarding coursework clarifications.,negative,"[[""Communication"", ""negative""]]",synthetic
1380,Dr. Chukwu,Machine Learning & Neural Nets,CSC408,1,"Arrives thirty to forty minutes behind schedule repeatedly.. Furthermore, Discourages questions and dismisses student contributions rudely.",negative,"[[""Lecturer Punctuality"", ""negative""], [""Student Interaction"", ""negative""]]",synthetic
1381,Dr. Faith,Database Design & Management,CSC302,2,"Continuous assessment scripts were never returned all semester.. Furthermore, Speaks too fast and jumps between topics erratically. although Poor communication; students were uninformed about test venues.",negative,"[[""Assessment and Grading"", ""negative""], [""Teaching Clarity"", ""negative""], [""Communication"", ""negative""]]",synthetic
1382,Dr. Faith,Database Design & Management,CSC302,2,"Dismissive and impatient when students approach for assistance., but Course materials were shared according to standard faculty policy.",negative,"[[""Availability"", ""negative""], [""Use of Teaching Materials"", ""neutral""]]",synthetic
1383,Dr. Okafor,Operating Systems Principles,CSC304,4,Meeting the lecturer requires scheduling an appointment.,neutral,"[[""Availability"", ""neutral""]]",synthetic
1384,Dr. Chukwu,Machine Learning & Neural Nets,CSC408,4,Explanations are moderate and aligned with the course guide.,neutral,"[[""Teaching Clarity"", ""neutral""]]",synthetic
1385,Dr. (Mrs) Adeleke,Data Science & Big Data,CSC412,4,"Communicates announcements clearly, proactively, and timely. and Explains complex concepts with clarity and precision.",positive,"[[""Communication"", ""positive""], [""Teaching Clarity"", ""positive""]]",synthetic
1386,Dr. Adeyemi,Machine Learning & Neural Nets,CSC408,1,"Unavailable to provide guidance on term papers and projects., but The course follows the institutional standard syllabus.",negative,"[[""Availability"", ""negative""], [""Course Organisation"", ""neutral""]]",synthetic
1387,Dr. Pomele,Machine Learning & Neural Nets,CSC408,2,"Very poor punctuality; classes start whenever he feels like it.. Also, Lacks structure; we jumped from chapter five back to chapter two.",negative,"[[""Lecturer Punctuality"", ""negative""], [""Course Organisation"", ""negative""]]",synthetic
1388,Dr. Okafor,Cloud Computing Architectures,CSC406,5,"Professional and courteous communication across all channels., but Questions are entertained towards the final ten minutes of class.",positive,"[[""Communication"", ""positive""], [""Student Interaction"", ""neutral""]]",synthetic
1389,Dr. Adeyemi,Data Structures and Algorithms,CSC201,5,Listens attentively to student viewpoints and questions.,positive,"[[""Student Interaction"", ""positive""]]",synthetic
1390,Dr. Faith,Cloud Computing Architectures,CSC406,2,"Uses dense jargon without breaking down fundamentals.. Additionally, Lacks structure; we jumped from chapter five back to chapter two.",negative,"[[""Teaching Clarity"", ""negative""], [""Course Organisation"", ""negative""]]",synthetic
1391,Dr. Faith,Introduction to Computer Science,CSC101,4,Course structure is cohesive and modules transition smoothly.,positive,"[[""Course Organisation"", ""positive""]]",synthetic
1392,Dr. Chukwu,Cloud Computing Architectures,CSC406,1,"Class is a dull one-way monologue with zero student interaction.. Also, Explanations are vague and leave too many unanswered gaps., though Students cannot reach the lecturer for urgent academic inquiries.",negative,"[[""Student Interaction"", ""negative""], [""Teaching Clarity"", ""negative""], [""Availability"", ""negative""]]",synthetic
1393,Dr. Chukwu,Data Structures and Algorithms,CSC201,1,"Very poor punctuality; classes start whenever he feels like it.. Furthermore, Vague feedback on assignments; nobody knows why they lost marks., however, The syllabus pace was rushed heavily in the final weeks.",negative,"[[""Lecturer Punctuality"", ""negative""], [""Assessment and Grading"", ""negative""], [""Course Organisation"", ""negative""]]",synthetic
1394,Dr. Chukwu,Database Design & Management,CSC302,5,"Office doors are always open for academic guidance.; moreover, The timetable and course pace are managed impeccably.",positive,"[[""Availability"", ""positive""], [""Course Organisation"", ""positive""]]",synthetic
1395,Dr. (Mrs) Adeleke,Data Science & Big Data,CSC412,2,"Lacks pedagogical clarity; students leave the hall confused.. Additionally, Missed multiple lecture sessions without making up the hours.",negative,"[[""Teaching Clarity"", ""negative""], [""Lecturer Punctuality"", ""negative""]]",synthetic
1396,Dr. Adeyemi,Operating Systems Principles,CSC304,5,"Keeps students well informed about assignment changes and events.. Furthermore, The lecture schedule and weekly milestones are well planned.",positive,"[[""Communication"", ""positive""], [""Course Organisation"", ""positive""]]",synthetic
1397,Dr. Chukwu,Special Computing,CSC410,1,"Arrives thirty to forty minutes behind schedule repeatedly., but Coverage of the syllabus was delivered as outlined.",negative,"[[""Lecturer Punctuality"", ""negative""], [""Teaching Clarity"", ""neutral""]]",synthetic
1398,Prof. Martins,Data Structures and Algorithms,CSC201,2,Questions are entertained towards the final ten minutes of class. Two tests and one exam were administered as scheduled.,neutral,"[[""Student Interaction"", ""neutral""], [""Assessment and Grading"", ""neutral""]]",synthetic
1399,Prof. Martins,Machine Learning & Neural Nets,CSC408,4,"Always punctual and starts every class right on time.. Also, Treats every student with dignity, patience, and respect.",positive,"[[""Lecturer Punctuality"", ""positive""], [""Student Interaction"", ""positive""]]",synthetic
1400,Prof. Martins,Operating Systems Principles,CSC304,1,Habitually late to lectures and wastes valuable class time.,negative,"[[""Lecturer Punctuality"", ""negative""]]",synthetic
1401,Dr. Pomele,Data Science & Big Data,CSC412,2,"Exams were unreasonably difficult and far beyond the syllabus. and Never available during posted office hours; doors always locked., though The explanations are standard and neither exciting nor unclear.",negative,"[[""Assessment and Grading"", ""negative""], [""Availability"", ""negative""], [""Teaching Clarity"", ""neutral""]]",synthetic
1402,Dr. Okafor,Machine Learning & Neural Nets,CSC408,5,"Explains complex concepts with clarity and precision.. Furthermore, Consistently arrives early and utilizes the full lecture period.",positive,"[[""Teaching Clarity"", ""positive""], [""Lecturer Punctuality"", ""positive""]]",synthetic
1403,Dr. (Mrs) Adeleke,Machine Learning & Neural Nets,CSC408,2,Vague feedback on assignments; nobody knows why they lost marks.,negative,"[[""Assessment and Grading"", ""negative""]]",synthetic
1404,Dr. Okafor,Cloud Computing Architectures,CSC406,4,"Creates an engaging, dynamic, and interactive learning environment.",positive,"[[""Student Interaction"", ""positive""]]",synthetic
1405,Dr. Chukwu,Data Structures and Algorithms,CSC201,2,"Completely unengaging; ignores students raising hands.; moreover, Students cannot reach the lecturer for urgent academic inquiries.",negative,"[[""Student Interaction"", ""negative""], [""Availability"", ""negative""]]",synthetic
1406,Dr. Chukwu,Machine Learning & Neural Nets,CSC408,5,"Provides comprehensive slides, reference materials, and handouts.",positive,"[[""Use of Teaching Materials"", ""positive""]]",synthetic
1407,Prof. Balogun,Data Science & Big Data,CSC412,5,"Maintains a clear course outline from week one to final exams.. Furthermore, Welcoming to students seeking help with difficult course projects., yet Always punctual and starts every class right on time.",positive,"[[""Course Organisation"", ""positive""], [""Availability"", ""positive""], [""Lecturer Punctuality"", ""positive""]]",synthetic
1408,Prof. Martins,Data Structures and Algorithms,CSC201,4,"Always available during office hours for student consultation.. Also, Never misses a lecture and values students' scheduled time.",positive,"[[""Availability"", ""positive""], [""Lecturer Punctuality"", ""positive""]]",synthetic
1409,Dr. (Mrs) Adeleke,Operating Systems Principles,CSC304,1,"Ignores emails regarding coursework clarifications.. Furthermore, Course outline was never provided and topics were disjointed.",negative,"[[""Communication"", ""negative""], [""Course Organisation"", ""negative""]]",synthetic
1410,Prof. Balogun,Machine Learning & Neural Nets,CSC408,3,Lecture slides cover only basic bullet points.,neutral,"[[""Use of Teaching Materials"", ""neutral""]]",synthetic
1411,Prof. Balogun,Machine Learning & Neural Nets,CSC408,4,"Shares lecture notes well ahead of time on the student portal.; moreover, Lectures follow the textbook explanations adequately., though Consistently arrives early and utilizes the full lecture period.",positive,"[[""Use of Teaching Materials"", ""positive""], [""Teaching Clarity"", ""neutral""], [""Lecturer Punctuality"", ""positive""]]",synthetic
1412,Dr. Faith,Special Computing,CSC410,1,"Poor communication; students were uninformed about test venues.. Also, Explanations are vague and leave too many unanswered gaps.",negative,"[[""Communication"", ""negative""], [""Teaching Clarity"", ""negative""]]",synthetic
1413,Prof. Balogun,Machine Learning & Neural Nets,CSC408,2,Module sequence followed the assigned curriculum.,neutral,"[[""Course Organisation"", ""neutral""]]",synthetic
1414,Dr. Adeyemi,Special Computing,CSC410,5,"Grading criteria are explicit and applied equitably to all students.; moreover, Creates an engaging, dynamic, and interactive learning environment., yet Lecturer arrives roughly on time for most scheduled classes.",positive,"[[""Assessment and Grading"", ""positive""], [""Student Interaction"", ""positive""], [""Lecturer Punctuality"", ""neutral""]]",synthetic
1415,Dr. Faith,Operating Systems Principles,CSC304,5,Very approachable and willing to assist students after hours.,positive,"[[""Availability"", ""positive""]]",synthetic
1416,Dr. Faith,Operating Systems Principles,CSC304,1,Continuous assessment scripts were never returned all semester. and Arrives thirty to forty minutes behind schedule repeatedly.,negative,"[[""Assessment and Grading"", ""negative""], [""Lecturer Punctuality"", ""negative""]]",synthetic
1417,Dr. Okafor,Cloud Computing Architectures,CSC406,4,"Teaching materials are rich, up-to-date, and beautifully designed.. Additionally, Treats every student with dignity, patience, and respect.",positive,"[[""Use of Teaching Materials"", ""positive""], [""Student Interaction"", ""positive""]]",synthetic
1418,Dr. (Mrs) Adeleke,Data Science & Big Data,CSC412,3,Standard course notices were shared periodically. Consultation is available within standard university hours. Course materials were shared according to standard faculty policy.,neutral,"[[""Communication"", ""neutral""], [""Availability"", ""neutral""], [""Use of Teaching Materials"", ""neutral""]]",synthetic
1419,Dr. Pomele,Cloud Computing Architectures,CSC406,1,"Frequently cancels lectures without giving prior notice. and Lacks structure; we jumped from chapter five back to chapter two., on the other hand, Uses dense jargon without breaking down fundamentals.",negative,"[[""Lecturer Punctuality"", ""negative""], [""Course Organisation"", ""negative""], [""Teaching Clarity"", ""negative""]]",synthetic
1420,Dr. Adeyemi,Machine Learning & Neural Nets,CSC408,3,Attendance was generally consistent with occasional slight delays. Lectures are predominantly instructional with some Q&A. Course topics were addressed according to the departmental calendar.,neutral,"[[""Lecturer Punctuality"", ""neutral""], [""Student Interaction"", ""neutral""], [""Course Organisation"", ""neutral""]]",synthetic
1421,Dr. Chukwu,Database Design & Management,CSC302,3,"Encourages active classroom participation and welcoming debates., though Virtually impossible to locate outside scheduled lecture hours.",neutral,"[[""Student Interaction"", ""positive""], [""Availability"", ""negative""]]",synthetic
1422,Dr. Chukwu,Special Computing,CSC410,5,Encourages active classroom participation and welcoming debates. and Maintains a clear course outline from week one to final exams.,positive,"[[""Student Interaction"", ""positive""], [""Course Organisation"", ""positive""]]",synthetic
1423,Dr. (Mrs) Adeleke,Introduction to Computer Science,CSC101,5,"Teaching materials are rich, up-to-date, and beautifully designed.. Furthermore, Exemplary punctuality and regular attendance all semester., on the other hand, Consultation is available within standard university hours.",positive,"[[""Use of Teaching Materials"", ""positive""], [""Lecturer Punctuality"", ""positive""], [""Availability"", ""neutral""]]",synthetic
1424,Dr. Adeyemi,Operating Systems Principles,CSC304,2,The course is poorly organized with no clear syllabus.,negative,"[[""Course Organisation"", ""negative""]]",synthetic
1425,Dr. (Mrs) Adeleke,Operating Systems Principles,CSC304,1,"Grading is arbitrary, inconsistent, and unfairly penalized. and Delivers structured and comprehensible lectures every time., however, Intimidates students and ridicules genuine questions in class.",negative,"[[""Assessment and Grading"", ""negative""], [""Teaching Clarity"", ""positive""], [""Student Interaction"", ""negative""]]",synthetic
1426,Dr. Adeyemi,Database Design & Management,CSC302,3,The course follows the institutional standard syllabus.,neutral,"[[""Course Organisation"", ""neutral""]]",synthetic
1427,Dr. Chukwu,Cloud Computing Architectures,CSC406,2,"Zero supplementary learning materials provided throughout the course.. Furthermore, Rushes through difficult slides without proper explanation., but Continuous assessment scripts were never returned all semester.",negative,"[[""Use of Teaching Materials"", ""negative""], [""Teaching Clarity"", ""negative""], [""Assessment and Grading"", ""negative""]]",synthetic
1428,Prof. Martins,Machine Learning & Neural Nets,CSC408,2,"Total lack of course organization throughout the entire semester.. Also, Missed multiple lecture sessions without making up the hours.",negative,"[[""Course Organisation"", ""negative""], [""Lecturer Punctuality"", ""negative""]]",synthetic
1429,Dr. (Mrs) Adeleke,Data Structures and Algorithms,CSC201,1,"Unavailable to provide guidance on term papers and projects.. Also, Test questions covered material that was never taught in class.",negative,"[[""Availability"", ""negative""], [""Assessment and Grading"", ""negative""]]",synthetic
1430,Dr. Faith,Introduction to Computer Science,CSC101,4,Returns test scores quickly with helpful correction notes. and Makes abstract ideas very easy to understand.,positive,"[[""Assessment and Grading"", ""positive""], [""Teaching Clarity"", ""positive""]]",synthetic
1431,Prof. Martins,Cloud Computing Architectures,CSC406,4,"Welcoming to students seeking help with difficult course projects.. Additionally, Listens attentively to student viewpoints and questions.",positive,"[[""Availability"", ""positive""], [""Student Interaction"", ""positive""]]",synthetic
1432,Dr. Pomele,Data Science & Big Data,CSC412,4,"Consistently arrives early and utilizes the full lecture period.. Additionally, Shares lecture notes well ahead of time on the student portal., however, Email responses take two to three business days on average.",positive,"[[""Lecturer Punctuality"", ""positive""], [""Use of Teaching Materials"", ""positive""], [""Communication"", ""neutral""]]",synthetic
1433,Dr. Chukwu,Data Structures and Algorithms,CSC201,3,Standard course notices were shared periodically. Lectures started within reasonable university grace periods. Course topics were addressed according to the departmental calendar.,neutral,"[[""Communication"", ""neutral""], [""Lecturer Punctuality"", ""neutral""], [""Course Organisation"", ""neutral""]]",synthetic
1434,Dr. Pomele,Cloud Computing Architectures,CSC406,3,"Uses modern multimedia, projectors, and code examples effectively., however, Continuous assessment scripts were never returned all semester.",neutral,"[[""Use of Teaching Materials"", ""positive""], [""Assessment and Grading"", ""negative""]]",synthetic
1435,Dr. Chukwu,Cloud Computing Architectures,CSC406,1,Lacks pedagogical clarity; students leave the hall confused.,negative,"[[""Teaching Clarity"", ""negative""]]",synthetic
1436,Dr. Okafor,Database Design & Management,CSC302,5,Exemplary punctuality and regular attendance all semester.,positive,"[[""Lecturer Punctuality"", ""positive""]]",synthetic
1437,Dr. Faith,Operating Systems Principles,CSC304,4,Lecture delivery is acceptable for introductory topics. Lectures started within reasonable university grace periods.,neutral,"[[""Teaching Clarity"", ""neutral""], [""Lecturer Punctuality"", ""neutral""]]",synthetic
1438,Dr. Okafor,Data Structures and Algorithms,CSC201,2,"Rushes through difficult slides without proper explanation.. Additionally, Missed multiple lecture sessions without making up the hours.",negative,"[[""Teaching Clarity"", ""negative""], [""Lecturer Punctuality"", ""negative""]]",synthetic
1439,Dr. Faith,Database Design & Management,CSC302,2,Office hours are kept when requested in advance. Email responses take two to three business days on average.,neutral,"[[""Availability"", ""neutral""], [""Communication"", ""neutral""]]",synthetic
1440,Dr. Okafor,Machine Learning & Neural Nets,CSC408,2,Explanations are moderate and aligned with the course guide. Course topics were addressed according to the departmental calendar.,neutral,"[[""Teaching Clarity"", ""neutral""], [""Course Organisation"", ""neutral""]]",synthetic
1441,Dr. Chukwu,Special Computing,CSC410,4,The syllabus pacing was fairly typical of university modules.,neutral,"[[""Course Organisation"", ""neutral""]]",synthetic
1442,Dr. Okafor,Operating Systems Principles,CSC304,1,"Virtually impossible to locate outside scheduled lecture hours.. Furthermore, Completely unengaging; ignores students raising hands.",negative,"[[""Availability"", ""negative""], [""Student Interaction"", ""negative""]]",synthetic
1443,Dr. Faith,Data Science & Big Data,CSC412,5,"Fosters classroom interaction where everyone feels safe to speak.. Also, Always available during office hours for student consultation. although Communicates announcements clearly, proactively, and timely.",positive,"[[""Student Interaction"", ""positive""], [""Availability"", ""positive""], [""Communication"", ""positive""]]",synthetic
1444,Dr. Okafor,Data Structures and Algorithms,CSC201,5,Welcoming to students seeking help with difficult course projects.,positive,"[[""Availability"", ""positive""]]",synthetic
1445,Prof. Martins,Operating Systems Principles,CSC304,5,"Exemplary punctuality and regular attendance all semester. and Clear verbal and written communication throughout the semester., but The timetable and course pace are managed impeccably.",positive,"[[""Lecturer Punctuality"", ""positive""], [""Communication"", ""positive""], [""Course Organisation"", ""positive""]]",synthetic
1446,Dr. Okafor,Data Science & Big Data,CSC412,3,The course follows the institutional standard syllabus. Lectures are predominantly instructional with some Q&A. Exam difficulty reflected the average level of past papers.,neutral,"[[""Course Organisation"", ""neutral""], [""Student Interaction"", ""neutral""], [""Assessment and Grading"", ""neutral""]]",synthetic
1447,Dr. Adeyemi,Data Structures and Algorithms,CSC201,5,"Always available during office hours for student consultation.. Furthermore, Listens attentively to student viewpoints and questions.",positive,"[[""Availability"", ""positive""], [""Student Interaction"", ""positive""]]",synthetic
1448,Dr. Adeyemi,Special Computing,CSC410,4,"Grading criteria are explicit and applied equitably to all students. and Course structure is cohesive and modules transition smoothly., though Shares lecture notes well ahead of time on the student portal.",positive,"[[""Assessment and Grading"", ""positive""], [""Course Organisation"", ""positive""], [""Use of Teaching Materials"", ""positive""]]",synthetic
1449,Dr. Adeyemi,Operating Systems Principles,CSC304,4,"Listens attentively to student viewpoints and questions.. Additionally, The timetable and course pace are managed impeccably., on the other hand, Uses modern multimedia, projectors, and code examples effectively.",positive,"[[""Student Interaction"", ""positive""], [""Course Organisation"", ""positive""], [""Use of Teaching Materials"", ""positive""]]",synthetic
1450,Prof. Balogun,Operating Systems Principles,CSC304,3,Consistently arrives early and utilizes the full lecture period. although Explanations are confusing and lack structure.,neutral,"[[""Lecturer Punctuality"", ""positive""], [""Teaching Clarity"", ""negative""]]",synthetic
1451,Prof. Balogun,Database Design & Management,CSC302,3,Lectures follow the textbook explanations adequately. Two tests and one exam were administered as scheduled.,neutral,"[[""Teaching Clarity"", ""neutral""], [""Assessment and Grading"", ""neutral""]]",synthetic
1452,Prof. Martins,Data Science & Big Data,CSC412,1,"Fails to respond to student emails and academic inquiries.. Furthermore, Lacks pedagogical clarity; students leave the hall confused.",negative,"[[""Communication"", ""negative""], [""Teaching Clarity"", ""negative""]]",synthetic
1453,Dr. Pomele,Operating Systems Principles,CSC304,5,Maintains a clear course outline from week one to final exams.,positive,"[[""Course Organisation"", ""positive""]]",synthetic
1454,Dr. Chukwu,Machine Learning & Neural Nets,CSC408,3,Consultation is available within standard university hours. Assessments adhered to standard departmental grading scales. Session timing was generally maintained.,neutral,"[[""Availability"", ""neutral""], [""Assessment and Grading"", ""neutral""], [""Lecturer Punctuality"", ""neutral""]]",synthetic
1455,Dr. Chukwu,Machine Learning & Neural Nets,CSC408,5,Always available during office hours for student consultation.,positive,"[[""Availability"", ""positive""]]",synthetic
1456,Prof. Balogun,Data Science & Big Data,CSC412,1,Dismissive and impatient when students approach for assistance.,negative,"[[""Availability"", ""negative""]]",synthetic
1457,Dr. Faith,Cloud Computing Architectures,CSC406,4,"Maintains a clear course outline from week one to final exams.; moreover, Curated readings and textbook recommendations are extremely helpful.",positive,"[[""Course Organisation"", ""positive""], [""Use of Teaching Materials"", ""positive""]]",synthetic
1458,Dr. Pomele,Machine Learning & Neural Nets,CSC408,1,Intimidates students and ridicules genuine questions in class.,negative,"[[""Student Interaction"", ""negative""]]",synthetic
1459,Dr. Adeyemi,Operating Systems Principles,CSC304,4,"Always available during office hours for student consultation., yet Class announcements were relayed through the class representative.",positive,"[[""Availability"", ""positive""], [""Communication"", ""neutral""]]",synthetic
1460,Prof. Balogun,Data Structures and Algorithms,CSC201,5,Outstanding planning; topics progress logically and systematically. and Continuous assessments directly test what was taught in class.,positive,"[[""Course Organisation"", ""positive""], [""Assessment and Grading"", ""positive""]]",synthetic
1461,Prof. Martins,Cloud Computing Architectures,CSC406,3,Module sequence followed the assigned curriculum. Communication was limited to official notice boards and portals.,neutral,"[[""Course Organisation"", ""neutral""], [""Communication"", ""neutral""]]",synthetic
1462,Dr. Faith,Cloud Computing Architectures,CSC406,4,Lecture delivery is acceptable for introductory topics. Communication was limited to official notice boards and portals. Meeting the lecturer requires scheduling an appointment.,neutral,"[[""Teaching Clarity"", ""neutral""], [""Communication"", ""neutral""], [""Availability"", ""neutral""]]",synthetic
1463,Dr. Okafor,Introduction to Computer Science,CSC101,3,Interaction level was standard for a large lecture hall. The syllabus pacing was fairly typical of university modules.,neutral,"[[""Student Interaction"", ""neutral""], [""Course Organisation"", ""neutral""]]",synthetic
1464,Dr. Chukwu,Operating Systems Principles,CSC304,2,"Virtually impossible to locate outside scheduled lecture hours. and Continuous assessment scripts were never returned all semester., but The syllabus pace was rushed heavily in the final weeks.",negative,"[[""Availability"", ""negative""], [""Assessment and Grading"", ""negative""], [""Course Organisation"", ""negative""]]",synthetic
1465,Dr. Pomele,Introduction to Computer Science,CSC101,1,"Grading is arbitrary, inconsistent, and unfairly penalized.. Furthermore, Class is a dull one-way monologue with zero student interaction.",negative,"[[""Assessment and Grading"", ""negative""], [""Student Interaction"", ""negative""]]",synthetic
1466,Dr. Faith,Introduction to Computer Science,CSC101,4,"The lecture schedule and weekly milestones are well planned.; moreover, Communicates announcements clearly, proactively, and timely.",positive,"[[""Course Organisation"", ""positive""], [""Communication"", ""positive""]]",synthetic
1467,Dr. Adeyemi,Introduction to Computer Science,CSC101,5,"The explanations are articulate and straightforward to follow.. Additionally, Lectures started within reasonable university grace periods. although Teaching materials are rich, up-to-date, and beautifully designed.",positive,"[[""Teaching Clarity"", ""positive""], [""Lecturer Punctuality"", ""neutral""], [""Use of Teaching Materials"", ""positive""]]",synthetic
1468,Dr. Faith,Data Structures and Algorithms,CSC201,5,"Grading criteria are explicit and applied equitably to all students.. Additionally, The timetable and course pace are managed impeccably., but Frequently cancels lectures without giving prior notice.",positive,"[[""Assessment and Grading"", ""positive""], [""Course Organisation"", ""positive""], [""Lecturer Punctuality"", ""negative""]]",synthetic
1469,Dr. Chukwu,Special Computing,CSC410,4,Lectures follow the textbook explanations adequately. Lectures are predominantly instructional with some Q&A.,neutral,"[[""Teaching Clarity"", ""neutral""], [""Student Interaction"", ""neutral""]]",synthetic
1470,Dr. Faith,Machine Learning & Neural Nets,CSC408,4,"Very approachable and willing to assist students after hours.. Additionally, Course is exceptionally organized and follows the syllabus perfectly.",positive,"[[""Availability"", ""positive""], [""Course Organisation"", ""positive""]]",synthetic
1471,Prof. Balogun,Data Structures and Algorithms,CSC201,5,"Exemplary punctuality and regular attendance all semester.. Also, Teaching materials are rich, up-to-date, and beautifully designed.",positive,"[[""Lecturer Punctuality"", ""positive""], [""Use of Teaching Materials"", ""positive""]]",synthetic
1472,Dr. Faith,Data Structures and Algorithms,CSC201,2,"Vague feedback on assignments; nobody knows why they lost marks.; moreover, Speaks too fast and jumps between topics erratically.",negative,"[[""Assessment and Grading"", ""negative""], [""Teaching Clarity"", ""negative""]]",synthetic
1473,Dr. Pomele,Data Science & Big Data,CSC412,4,Readily accessible and makes time to mentor struggling learners. and Professional and courteous communication across all channels.,positive,"[[""Availability"", ""positive""], [""Communication"", ""positive""]]",synthetic
1474,Dr. Faith,Data Science & Big Data,CSC412,2,"Students cannot reach the lecturer for urgent academic inquiries.. Furthermore, Completely unengaging; ignores students raising hands. although Lacks structure; we jumped from chapter five back to chapter two.",negative,"[[""Availability"", ""negative""], [""Student Interaction"", ""negative""], [""Course Organisation"", ""negative""]]",synthetic
1475,Prof. Martins,Special Computing,CSC410,1,"Ignores emails regarding coursework clarifications. and Intimidates students and ridicules genuine questions in class. although Uses outdated, blurry, and handwritten materials from a decade ago.",negative,"[[""Communication"", ""negative""], [""Student Interaction"", ""negative""], [""Use of Teaching Materials"", ""negative""]]",synthetic
1476,Dr. Pomele,Operating Systems Principles,CSC304,5,"Office doors are always open for academic guidance.; moreover, Curated readings and textbook recommendations are extremely helpful.",positive,"[[""Availability"", ""positive""], [""Use of Teaching Materials"", ""positive""]]",synthetic
1477,Dr. Chukwu,Data Science & Big Data,CSC412,5,"Exemplary punctuality and regular attendance all semester.; moreover, The lecture schedule and weekly milestones are well planned.",positive,"[[""Lecturer Punctuality"", ""positive""], [""Course Organisation"", ""positive""]]",synthetic
1478,Dr. Faith,Data Structures and Algorithms,CSC201,4,"Makes abstract ideas very easy to understand., yet Communication was limited to official notice boards and portals.",positive,"[[""Teaching Clarity"", ""positive""], [""Communication"", ""neutral""]]",synthetic
1479,Dr. Adeyemi,Data Science & Big Data,CSC412,4,"Uses modern multimedia, projectors, and code examples effectively., though Class announcements were relayed through the class representative.",positive,"[[""Use of Teaching Materials"", ""positive""], [""Communication"", ""neutral""]]",synthetic
1480,Dr. Adeyemi,Operating Systems Principles,CSC304,4,"Uses modern multimedia, projectors, and code examples effectively.. Furthermore, Course is exceptionally organized and follows the syllabus perfectly., but Brilliant teaching clarity; makes challenging algorithms look simple.",positive,"[[""Use of Teaching Materials"", ""positive""], [""Course Organisation"", ""positive""], [""Teaching Clarity"", ""positive""]]",synthetic
1481,Prof. Martins,Machine Learning & Neural Nets,CSC408,1,Speaks too fast and jumps between topics erratically. and Discourages questions and dismisses student contributions rudely.,negative,"[[""Teaching Clarity"", ""negative""], [""Student Interaction"", ""negative""]]",synthetic
1482,Dr. Pomele,Introduction to Computer Science,CSC101,4,Standard course notices were shared periodically.,neutral,"[[""Communication"", ""neutral""]]",synthetic
1483,Dr. Okafor,Cloud Computing Architectures,CSC406,5,Makes abstract ideas very easy to understand. and Responds promptly to student emails with helpful guidance.,positive,"[[""Teaching Clarity"", ""positive""], [""Communication"", ""positive""]]",synthetic
1484,Dr. Faith,Introduction to Computer Science,CSC101,2,Unavailable to provide guidance on term papers and projects.,negative,"[[""Availability"", ""negative""]]",synthetic
1485,Dr. Okafor,Cloud Computing Architectures,CSC406,4,Exemplary punctuality and regular attendance all semester.,positive,"[[""Lecturer Punctuality"", ""positive""]]",synthetic
1486,Dr. Adeyemi,Cloud Computing Architectures,CSC406,4,"Provides detailed rubrics and constructive feedback on scripts. and Session timing was generally maintained., however, Questions are entertained towards the final ten minutes of class.",positive,"[[""Assessment and Grading"", ""positive""], [""Lecturer Punctuality"", ""neutral""], [""Student Interaction"", ""neutral""]]",synthetic
1487,Dr. Chukwu,Data Science & Big Data,CSC412,5,Returns test scores quickly with helpful correction notes.,positive,"[[""Assessment and Grading"", ""positive""]]",synthetic
1488,Prof. Martins,Data Structures and Algorithms,CSC201,5,"Never misses a lecture and values students' scheduled time.. Furthermore, Shares lecture notes well ahead of time on the student portal., yet Encourages active classroom participation and welcoming debates.",positive,"[[""Lecturer Punctuality"", ""positive""], [""Use of Teaching Materials"", ""positive""], [""Student Interaction"", ""positive""]]",synthetic
1489,Dr. (Mrs) Adeleke,Operating Systems Principles,CSC304,5,"Course is exceptionally organized and follows the syllabus perfectly.. Furthermore, Lectures are predominantly instructional with some Q&A., but Clear verbal and written communication throughout the semester.",positive,"[[""Course Organisation"", ""positive""], [""Student Interaction"", ""neutral""], [""Communication"", ""positive""]]",synthetic
1490,Prof. Martins,Introduction to Computer Science,CSC101,1,Fails to explain core principles clearly.,negative,"[[""Teaching Clarity"", ""negative""]]",synthetic
1491,Dr. Adeyemi,Introduction to Computer Science,CSC101,4,"Outstanding planning; topics progress logically and systematically., yet Assessments adhered to standard departmental grading scales.",positive,"[[""Course Organisation"", ""positive""], [""Assessment and Grading"", ""neutral""]]",synthetic
1492,Prof. Martins,Introduction to Computer Science,CSC101,5,"Consistently arrives early and utilizes the full lecture period. and Communicates announcements clearly, proactively, and timely. although Fosters classroom interaction where everyone feels safe to speak.",positive,"[[""Lecturer Punctuality"", ""positive""], [""Communication"", ""positive""], [""Student Interaction"", ""positive""]]",synthetic
1493,Prof. Martins,Data Structures and Algorithms,CSC201,4,"Communicates announcements clearly, proactively, and timely. and Explains complex concepts with clarity and precision.",positive,"[[""Communication"", ""positive""], [""Teaching Clarity"", ""positive""]]",synthetic
1494,Prof. Martins,Database Design & Management,CSC302,5,"Course is exceptionally organized and follows the syllabus perfectly.; moreover, Brilliant teaching clarity; makes challenging algorithms look simple., but Communicates announcements clearly, proactively, and timely.",positive,"[[""Course Organisation"", ""positive""], [""Teaching Clarity"", ""positive""], [""Communication"", ""positive""]]",synthetic
1495,Prof. Balogun,Database Design & Management,CSC302,3,The syllabus pacing was fairly typical of university modules. Interaction level was standard for a large lecture hall.,neutral,"[[""Course Organisation"", ""neutral""], [""Student Interaction"", ""neutral""]]",synthetic
1496,Dr. Adeyemi,Cloud Computing Architectures,CSC406,1,"Exams were unreasonably difficult and far beyond the syllabus.; moreover, Unavailable to provide guidance on term papers and projects.",negative,"[[""Assessment and Grading"", ""negative""], [""Availability"", ""negative""]]",synthetic
1497,Prof. Martins,Cloud Computing Architectures,CSC406,1,"Dismissive and impatient when students approach for assistance. and Does not share lecture slides or study materials with the class., but Hostile classroom environment where students fear participating.",negative,"[[""Availability"", ""negative""], [""Use of Teaching Materials"", ""negative""], [""Student Interaction"", ""negative""]]",synthetic
1498,Dr. Pomele,Special Computing,CSC410,4,"Creates an engaging, dynamic, and interactive learning environment.. Additionally, Provides detailed rubrics and constructive feedback on scripts., on the other hand, Professional and courteous communication across all channels.",positive,"[[""Student Interaction"", ""positive""], [""Assessment and Grading"", ""positive""], [""Communication"", ""positive""]]",synthetic
1499,Dr. Chukwu,Introduction to Computer Science,CSC101,1,Dismissive and impatient when students approach for assistance.,negative,"[[""Availability"", ""negative""]]",synthetic
1500,Prof. Balogun,Special Computing,CSC410,2,"Vague feedback on assignments; nobody knows why they lost marks., but Lectures are predominantly instructional with some Q&A.",negative,"[[""Assessment and Grading"", ""negative""], [""Student Interaction"", ""neutral""]]",synthetic
1501,Dr. Faith,Introduction to Computer Science,CSC101,5,"Provides comprehensive slides, reference materials, and handouts.. Furthermore, Readily accessible and makes time to mentor struggling learners.",positive,"[[""Use of Teaching Materials"", ""positive""], [""Availability"", ""positive""]]",synthetic
1502,Dr. Okafor,Data Science & Big Data,CSC412,4,Coverage of the syllabus was delivered as outlined. Standard slide presentations were projected during lecture.,neutral,"[[""Teaching Clarity"", ""neutral""], [""Use of Teaching Materials"", ""neutral""]]",synthetic
1503,Dr. Pomele,Special Computing,CSC410,2,"Students cannot reach the lecturer for urgent academic inquiries.. Furthermore, Hostile classroom environment where students fear participating.",negative,"[[""Availability"", ""negative""], [""Student Interaction"", ""negative""]]",synthetic
1504,Dr. Faith,Operating Systems Principles,CSC304,5,"The lecture schedule and weekly milestones are well planned.. Additionally, Consistently arrives early and utilizes the full lecture period.",positive,"[[""Course Organisation"", ""positive""], [""Lecturer Punctuality"", ""positive""]]",synthetic
1505,Dr. Pomele,Cloud Computing Architectures,CSC406,4,"Exams were well-balanced and marked with complete fairness.. Also, Makes abstract ideas very easy to understand.",positive,"[[""Assessment and Grading"", ""positive""], [""Teaching Clarity"", ""positive""]]",synthetic
1506,Dr. Adeyemi,Introduction to Computer Science,CSC101,2,"Virtually impossible to locate outside scheduled lecture hours.. Additionally, Difficult to follow what the lecturer is trying to convey.",negative,"[[""Availability"", ""negative""], [""Teaching Clarity"", ""negative""]]",synthetic
1507,Prof. Balogun,Database Design & Management,CSC302,2,"Lacks pedagogical clarity; students leave the hall confused. and Total lack of course organization throughout the entire semester., yet Lecturer arrives roughly on time for most scheduled classes.",negative,"[[""Teaching Clarity"", ""negative""], [""Course Organisation"", ""negative""], [""Lecturer Punctuality"", ""neutral""]]",synthetic
1508,Dr. Chukwu,Machine Learning & Neural Nets,CSC408,3,Available primarily during designated departmental consultation hours. Recommended textbooks are available in the university library. Class interaction was typical with occasional question sessions.,neutral,"[[""Availability"", ""neutral""], [""Use of Teaching Materials"", ""neutral""], [""Student Interaction"", ""neutral""]]",synthetic
1509,Prof. Martins,Introduction to Computer Science,CSC101,3,Meeting the lecturer requires scheduling an appointment. Assessments adhered to standard departmental grading scales. Email responses take two to three business days on average.,neutral,"[[""Availability"", ""neutral""], [""Assessment and Grading"", ""neutral""], [""Communication"", ""neutral""]]",synthetic
1510,Dr. Okafor,Machine Learning & Neural Nets,CSC408,4,Office hours are kept when requested in advance. The syllabus pacing was fairly typical of university modules. Questions are entertained towards the final ten minutes of class.,neutral,"[[""Availability"", ""neutral""], [""Course Organisation"", ""neutral""], [""Student Interaction"", ""neutral""]]",synthetic
1511,Prof. Balogun,Machine Learning & Neural Nets,CSC408,4,"The lecture schedule and weekly milestones are well planned.. Additionally, Always punctual and starts every class right on time. although Communication channel is disorganized and unreliable.",positive,"[[""Course Organisation"", ""positive""], [""Lecturer Punctuality"", ""positive""], [""Communication"", ""negative""]]",synthetic
1512,Dr. Faith,Special Computing,CSC410,2,Course outline was never provided and topics were disjointed.,negative,"[[""Course Organisation"", ""negative""]]",synthetic
1513,Prof. Martins,Introduction to Computer Science,CSC101,4,Professional and courteous communication across all channels. and The timetable and course pace are managed impeccably.,positive,"[[""Communication"", ""positive""], [""Course Organisation"", ""positive""]]",synthetic
1514,Prof. Balogun,Data Structures and Algorithms,CSC201,3,The course follows the institutional standard syllabus. Lecturer arrives roughly on time for most scheduled classes. Office hours are kept when requested in advance.,neutral,"[[""Course Organisation"", ""neutral""], [""Lecturer Punctuality"", ""neutral""], [""Availability"", ""neutral""]]",synthetic
1515,Dr. Okafor,Special Computing,CSC410,4,Clear verbal and written communication throughout the semester. although Questions are entertained towards the final ten minutes of class.,positive,"[[""Communication"", ""positive""], [""Student Interaction"", ""neutral""]]",synthetic
1516,Dr. (Mrs) Adeleke,Database Design & Management,CSC302,3,"Zero supplementary learning materials provided throughout the course., on the other hand, Grading is fair, objective, and transparently communicated.",neutral,"[[""Use of Teaching Materials"", ""negative""], [""Assessment and Grading"", ""positive""]]",synthetic
1517,Dr. Chukwu,Introduction to Computer Science,CSC101,4,Class announcements were relayed through the class representative. The syllabus pacing was fairly typical of university modules.,neutral,"[[""Communication"", ""neutral""], [""Course Organisation"", ""neutral""]]",synthetic
1518,Dr. Adeyemi,Data Science & Big Data,CSC412,4,"Very approachable and willing to assist students after hours.; moreover, The explanations are articulate and straightforward to follow., however, Provides comprehensive slides, reference materials, and handouts.",positive,"[[""Availability"", ""positive""], [""Teaching Clarity"", ""positive""], [""Use of Teaching Materials"", ""positive""]]",synthetic
1519,Prof. Martins,Introduction to Computer Science,CSC101,1,"Test questions covered material that was never taught in class. and Maintains a clear course outline from week one to final exams., but Unavailable to provide guidance on term papers and projects.",negative,"[[""Assessment and Grading"", ""negative""], [""Course Organisation"", ""positive""], [""Availability"", ""negative""]]",synthetic
1520,Dr. Pomele,Special Computing,CSC410,3,Class interaction was typical with occasional question sessions.,neutral,"[[""Student Interaction"", ""neutral""]]",synthetic
1521,Prof. Balogun,Special Computing,CSC410,1,Intimidates students and ridicules genuine questions in class.,negative,"[[""Student Interaction"", ""negative""]]",synthetic
1522,Prof. Martins,Data Science & Big Data,CSC412,3,Lectures follow the textbook explanations adequately. Recommended textbooks are available in the university library.,neutral,"[[""Teaching Clarity"", ""neutral""], [""Use of Teaching Materials"", ""neutral""]]",synthetic
1523,Dr. Chukwu,Operating Systems Principles,CSC304,5,"The timetable and course pace are managed impeccably. and Creates an engaging, dynamic, and interactive learning environment., however, Every lecture explanation is logical and clear.",positive,"[[""Course Organisation"", ""positive""], [""Student Interaction"", ""positive""], [""Teaching Clarity"", ""positive""]]",synthetic
1524,Prof. Balogun,Machine Learning & Neural Nets,CSC408,2,"Hostile classroom environment where students fear participating.. Additionally, Unavailable to provide guidance on term papers and projects.",negative,"[[""Student Interaction"", ""negative""], [""Availability"", ""negative""]]",synthetic
1525,Dr. Faith,Cloud Computing Architectures,CSC406,4,Available primarily during designated departmental consultation hours. Two tests and one exam were administered as scheduled. Email responses take two to three business days on average.,neutral,"[[""Availability"", ""neutral""], [""Assessment and Grading"", ""neutral""], [""Communication"", ""neutral""]]",synthetic
1526,Dr. (Mrs) Adeleke,Special Computing,CSC410,1,"Communication channel is disorganized and unreliable.. Furthermore, Exams were unreasonably difficult and far beyond the syllabus. although Course topics were addressed according to the departmental calendar.",negative,"[[""Communication"", ""negative""], [""Assessment and Grading"", ""negative""], [""Course Organisation"", ""neutral""]]",synthetic
1527,Dr. Okafor,Data Science & Big Data,CSC412,1,Fails to respond to student emails and academic inquiries.,negative,"[[""Communication"", ""negative""]]",synthetic
1528,Dr. Adeyemi,Database Design & Management,CSC302,2,Meeting the lecturer requires scheduling an appointment. Course materials were shared according to standard faculty policy. Course topics were addressed according to the departmental calendar.,neutral,"[[""Availability"", ""neutral""], [""Use of Teaching Materials"", ""neutral""], [""Course Organisation"", ""neutral""]]",synthetic
1529,Dr. Chukwu,Operating Systems Principles,CSC304,2,"Students cannot reach the lecturer for urgent academic inquiries.; moreover, Hostile classroom environment where students fear participating., though Uses modern multimedia, projectors, and code examples effectively.",negative,"[[""Availability"", ""negative""], [""Student Interaction"", ""negative""], [""Use of Teaching Materials"", ""positive""]]",synthetic
1530,Prof. Martins,Introduction to Computer Science,CSC101,5,"Outstanding planning; topics progress logically and systematically.; moreover, Returns test scores quickly with helpful correction notes.",positive,"[[""Course Organisation"", ""positive""], [""Assessment and Grading"", ""positive""]]",synthetic
1531,Dr. Faith,Cloud Computing Architectures,CSC406,4,Consistently arrives early and utilizes the full lecture period.,positive,"[[""Lecturer Punctuality"", ""positive""]]",synthetic
1532,Dr. Okafor,Operating Systems Principles,CSC304,1,"Uses dense jargon without breaking down fundamentals.. Additionally, Unavailable to provide guidance on term papers and projects.",negative,"[[""Teaching Clarity"", ""negative""], [""Availability"", ""negative""]]",synthetic
1533,Prof. Martins,Data Structures and Algorithms,CSC201,3,Office hours are kept when requested in advance. Recommended textbooks are available in the university library.,neutral,"[[""Availability"", ""neutral""], [""Use of Teaching Materials"", ""neutral""]]",synthetic
1534,Dr. Faith,Database Design & Management,CSC302,2,"Continuous assessment scripts were never returned all semester.. Furthermore, Poor communication; students were uninformed about test venues. although Virtually impossible to locate outside scheduled lecture hours.",negative,"[[""Assessment and Grading"", ""negative""], [""Communication"", ""negative""], [""Availability"", ""negative""]]",synthetic
1535,Dr. Okafor,Database Design & Management,CSC302,1,"Continuous assessment scripts were never returned all semester.. Additionally, Arrives thirty to forty minutes behind schedule repeatedly.",negative,"[[""Assessment and Grading"", ""negative""], [""Lecturer Punctuality"", ""negative""]]",synthetic
1536,Dr. Chukwu,Data Science & Big Data,CSC412,3,"Announcements are confusing, contradictory, and last-minute., but Never misses a lecture and values students' scheduled time.",neutral,"[[""Communication"", ""negative""], [""Lecturer Punctuality"", ""positive""]]",synthetic
1537,Dr. Faith,Cloud Computing Architectures,CSC406,3,Class announcements were relayed through the class representative. Consultation is available within standard university hours. Two tests and one exam were administered as scheduled.,neutral,"[[""Communication"", ""neutral""], [""Availability"", ""neutral""], [""Assessment and Grading"", ""neutral""]]",synthetic
1538,Prof. Martins,Operating Systems Principles,CSC304,3,Consultation is available within standard university hours.,neutral,"[[""Availability"", ""neutral""]]",synthetic
1539,Prof. Martins,Special Computing,CSC410,4,"Punctual arrival to 8 AM lectures without exception.. Additionally, Clarifies every question thoroughly until we grasp the topic.",positive,"[[""Lecturer Punctuality"", ""positive""], [""Teaching Clarity"", ""positive""]]",synthetic
1540,Dr. Adeyemi,Special Computing,CSC410,4,"Treats every student with dignity, patience, and respect. and Welcoming to students seeking help with difficult course projects., but Course is exceptionally organized and follows the syllabus perfectly.",positive,"[[""Student Interaction"", ""positive""], [""Availability"", ""positive""], [""Course Organisation"", ""positive""]]",synthetic
1541,Dr. Pomele,Special Computing,CSC410,3,The syllabus pacing was fairly typical of university modules.,neutral,"[[""Course Organisation"", ""neutral""]]",synthetic
1542,Dr. Chukwu,Data Structures and Algorithms,CSC201,3,Session timing was generally maintained. Questions are entertained towards the final ten minutes of class. Available primarily during designated departmental consultation hours.,neutral,"[[""Lecturer Punctuality"", ""neutral""], [""Student Interaction"", ""neutral""], [""Availability"", ""neutral""]]",synthetic
1543,Dr. Pomele,Introduction to Computer Science,CSC101,2,"Refuses to upload lecture notes or reference documents.. Additionally, Habitually late to lectures and wastes valuable class time.",negative,"[[""Use of Teaching Materials"", ""negative""], [""Lecturer Punctuality"", ""negative""]]",synthetic
1544,Dr. Chukwu,Operating Systems Principles,CSC304,4,"Grading is fair, objective, and transparently communicated.. Additionally, Teaching materials are rich, up-to-date, and beautifully designed.",positive,"[[""Assessment and Grading"", ""positive""], [""Use of Teaching Materials"", ""positive""]]",synthetic
1545,Prof. Martins,Special Computing,CSC410,1,"The course is poorly organized with no clear syllabus.; moreover, Completely unengaging; ignores students raising hands.",negative,"[[""Course Organisation"", ""negative""], [""Student Interaction"", ""negative""]]",synthetic
1546,Dr. Faith,Data Science & Big Data,CSC412,5,"Uses modern multimedia, projectors, and code examples effectively.",positive,"[[""Use of Teaching Materials"", ""positive""]]",synthetic
1547,Prof. Martins,Database Design & Management,CSC302,4,Fosters classroom interaction where everyone feels safe to speak.,positive,"[[""Student Interaction"", ""positive""]]",synthetic
1548,Dr. Okafor,Data Structures and Algorithms,CSC201,2,"Grading is arbitrary, inconsistent, and unfairly penalized.",negative,"[[""Assessment and Grading"", ""negative""]]",synthetic
1549,Dr. Chukwu,Special Computing,CSC410,5,Fosters classroom interaction where everyone feels safe to speak.,positive,"[[""Student Interaction"", ""positive""]]",synthetic
1550,Dr. (Mrs) Adeleke,Cloud Computing Architectures,CSC406,5,"Responds promptly to student emails with helpful guidance.. Also, Punctual arrival to 8 AM lectures without exception.",positive,"[[""Communication"", ""positive""], [""Lecturer Punctuality"", ""positive""]]",synthetic
1551,Dr. Okafor,Machine Learning & Neural Nets,CSC408,3,"Grading is arbitrary, inconsistent, and unfairly penalized., on the other hand, Creates an engaging, dynamic, and interactive learning environment.",neutral,"[[""Assessment and Grading"", ""negative""], [""Student Interaction"", ""positive""]]",synthetic
1552,Dr. Adeyemi,Special Computing,CSC410,4,"Very approachable and willing to assist students after hours.. Additionally, Breaks down difficult topics into digestible steps.",positive,"[[""Availability"", ""positive""], [""Teaching Clarity"", ""positive""]]",synthetic
1553,Prof. Martins,Data Science & Big Data,CSC412,4,"Uses modern multimedia, projectors, and code examples effectively.; moreover, Class announcements were relayed through the class representative., however, Readily accessible and makes time to mentor struggling learners.",positive,"[[""Use of Teaching Materials"", ""positive""], [""Communication"", ""neutral""], [""Availability"", ""positive""]]",synthetic
1554,Dr. Pomele,Introduction to Computer Science,CSC101,2,"Discourages questions and dismisses student contributions rudely.; moreover, The syllabus pace was rushed heavily in the final weeks.",negative,"[[""Student Interaction"", ""negative""], [""Course Organisation"", ""negative""]]",synthetic
1555,Dr. Chukwu,Introduction to Computer Science,CSC101,5,"Always punctual and starts every class right on time.. Additionally, Treats every student with dignity, patience, and respect., but Welcoming to students seeking help with difficult course projects.",positive,"[[""Lecturer Punctuality"", ""positive""], [""Student Interaction"", ""positive""], [""Availability"", ""positive""]]",synthetic
1556,Dr. (Mrs) Adeleke,Introduction to Computer Science,CSC101,2,"Uses dense jargon without breaking down fundamentals.. Additionally, Habitually late to lectures and wastes valuable class time., yet Fails to respond to student emails and academic inquiries.",negative,"[[""Teaching Clarity"", ""negative""], [""Lecturer Punctuality"", ""negative""], [""Communication"", ""negative""]]",synthetic
1557,Prof. Martins,Operating Systems Principles,CSC304,3,"Makes abstract ideas very easy to understand.. Furthermore, Two tests and one exam were administered as scheduled., but Refuses to upload lecture notes or reference documents.",neutral,"[[""Teaching Clarity"", ""positive""], [""Assessment and Grading"", ""neutral""], [""Use of Teaching Materials"", ""negative""]]",synthetic
1558,Prof. Balogun,Operating Systems Principles,CSC304,1,Ignores emails regarding coursework clarifications.,negative,"[[""Communication"", ""negative""]]",synthetic
1559,Dr. Chukwu,Machine Learning & Neural Nets,CSC408,2,"Course outline was never provided and topics were disjointed., on the other hand, Consultation is available within standard university hours.",negative,"[[""Course Organisation"", ""negative""], [""Availability"", ""neutral""]]",synthetic
1560,Dr. Okafor,Data Structures and Algorithms,CSC201,2,Students cannot reach the lecturer for urgent academic inquiries. and Lacks structure; we jumped from chapter five back to chapter two.,negative,"[[""Availability"", ""negative""], [""Course Organisation"", ""negative""]]",synthetic
1561,Dr. Okafor,Cloud Computing Architectures,CSC406,2,"Fails to explain core principles clearly.; moreover, Students cannot reach the lecturer for urgent academic inquiries., though Poor communication; students were uninformed about test venues.",negative,"[[""Teaching Clarity"", ""negative""], [""Availability"", ""negative""], [""Communication"", ""negative""]]",synthetic
1562,Prof. Balogun,Machine Learning & Neural Nets,CSC408,5,"Course structure is cohesive and modules transition smoothly.. Additionally, Clear verbal and written communication throughout the semester., but Explains complex concepts with clarity and precision.",positive,"[[""Course Organisation"", ""positive""], [""Communication"", ""positive""], [""Teaching Clarity"", ""positive""]]",synthetic
1563,Dr. Faith,Cloud Computing Architectures,CSC406,1,"Completely unengaging; ignores students raising hands.. Additionally, Arrives thirty to forty minutes behind schedule repeatedly., but Shares lecture notes well ahead of time on the student portal.",negative,"[[""Student Interaction"", ""negative""], [""Lecturer Punctuality"", ""negative""], [""Use of Teaching Materials"", ""positive""]]",synthetic
1564,Dr. (Mrs) Adeleke,Data Structures and Algorithms,CSC201,2,"Zero supplementary learning materials provided throughout the course.; moreover, Missed multiple lecture sessions without making up the hours.",negative,"[[""Use of Teaching Materials"", ""negative""], [""Lecturer Punctuality"", ""negative""]]",synthetic
1565,Prof. Martins,Cloud Computing Architectures,CSC406,4,Lecturer arrives roughly on time for most scheduled classes. Course materials were shared according to standard faculty policy.,neutral,"[[""Lecturer Punctuality"", ""neutral""], [""Use of Teaching Materials"", ""neutral""]]",synthetic
1566,Dr. Chukwu,Special Computing,CSC410,4,"Exemplary punctuality and regular attendance all semester.. Also, Grading criteria are explicit and applied equitably to all students.",positive,"[[""Lecturer Punctuality"", ""positive""], [""Assessment and Grading"", ""positive""]]",synthetic
1567,Prof. Balogun,Operating Systems Principles,CSC304,1,"Complicates straightforward concepts unnecessarily.. Furthermore, Zero supplementary learning materials provided throughout the course.",negative,"[[""Teaching Clarity"", ""negative""], [""Use of Teaching Materials"", ""negative""]]",synthetic
1568,Dr. Pomele,Database Design & Management,CSC302,3,Class is a dull one-way monologue with zero student interaction. although Consistently arrives early and utilizes the full lecture period.,neutral,"[[""Student Interaction"", ""negative""], [""Lecturer Punctuality"", ""positive""]]",synthetic
1569,Prof. Martins,Introduction to Computer Science,CSC101,4,"Very approachable and willing to assist students after hours.; moreover, Treats every student with dignity, patience, and respect.",positive,"[[""Availability"", ""positive""], [""Student Interaction"", ""positive""]]",synthetic
1570,Dr. Chukwu,Database Design & Management,CSC302,2,Disorganized scheduling; classes were shifted erratically.,negative,"[[""Course Organisation"", ""negative""]]",synthetic
1571,Dr. (Mrs) Adeleke,Database Design & Management,CSC302,5,Clear verbal and written communication throughout the semester.,positive,"[[""Communication"", ""positive""]]",synthetic
1572,Dr. Faith,Operating Systems Principles,CSC304,1,"Frequently cancels lectures without giving prior notice.. Additionally, Marks were computed according to normal university regulations., on the other hand, Virtually impossible to locate outside scheduled lecture hours.",negative,"[[""Lecturer Punctuality"", ""negative""], [""Assessment and Grading"", ""neutral""], [""Availability"", ""negative""]]",synthetic
1573,Prof. Balogun,Operating Systems Principles,CSC304,1,Poor communication; students were uninformed about test venues.,negative,"[[""Communication"", ""negative""]]",synthetic
1574,Dr. Okafor,Introduction to Computer Science,CSC101,3,The course follows the institutional standard syllabus.,neutral,"[[""Course Organisation"", ""neutral""]]",synthetic
1575,Dr. (Mrs) Adeleke,Data Structures and Algorithms,CSC201,2,Frequently cancels lectures without giving prior notice.,negative,"[[""Lecturer Punctuality"", ""negative""]]",synthetic
1576,Dr. Okafor,Machine Learning & Neural Nets,CSC408,4,Keeps students well informed about assignment changes and events.,positive,"[[""Communication"", ""positive""]]",synthetic
1577,Dr. Pomele,Database Design & Management,CSC302,5,"Communicates announcements clearly, proactively, and timely., on the other hand, Interaction level was standard for a large lecture hall.",positive,"[[""Communication"", ""positive""], [""Student Interaction"", ""neutral""]]",synthetic
1578,Dr. (Mrs) Adeleke,Operating Systems Principles,CSC304,1,The syllabus pace was rushed heavily in the final weeks. and Does not share lecture slides or study materials with the class.,negative,"[[""Course Organisation"", ""negative""], [""Use of Teaching Materials"", ""negative""]]",synthetic
1579,Dr. Adeyemi,Cloud Computing Architectures,CSC406,2,Course outline was never provided and topics were disjointed. and Fails to explain core principles clearly.,negative,"[[""Course Organisation"", ""negative""], [""Teaching Clarity"", ""negative""]]",synthetic
1580,Prof. Martins,Special Computing,CSC410,4,"Brilliant teaching clarity; makes challenging algorithms look simple.. Also, Provides detailed rubrics and constructive feedback on scripts., on the other hand, Treats every student with dignity, patience, and respect.",positive,"[[""Teaching Clarity"", ""positive""], [""Assessment and Grading"", ""positive""], [""Student Interaction"", ""positive""]]",synthetic
1581,Dr. Okafor,Operating Systems Principles,CSC304,1,"Discourages questions and dismisses student contributions rudely.. Also, Uses outdated, blurry, and handwritten materials from a decade ago. although Punctual arrival to 8 AM lectures without exception.",negative,"[[""Student Interaction"", ""negative""], [""Use of Teaching Materials"", ""negative""], [""Lecturer Punctuality"", ""positive""]]",synthetic
1582,Dr. Chukwu,Database Design & Management,CSC302,3,Email responses take two to three business days on average. Questions are entertained towards the final ten minutes of class. Recommended textbooks are available in the university library.,neutral,"[[""Communication"", ""neutral""], [""Student Interaction"", ""neutral""], [""Use of Teaching Materials"", ""neutral""]]",synthetic
1583,Dr. Adeyemi,Data Science & Big Data,CSC412,5,"Encourages active classroom participation and welcoming debates.. Furthermore, Grading is fair, objective, and transparently communicated., on the other hand, Lacks pedagogical clarity; students leave the hall confused.",positive,"[[""Student Interaction"", ""positive""], [""Assessment and Grading"", ""positive""], [""Teaching Clarity"", ""negative""]]",synthetic
1584,Dr. Faith,Data Science & Big Data,CSC412,1,Disorganized scheduling; classes were shifted erratically.,negative,"[[""Course Organisation"", ""negative""]]",synthetic
1585,Dr. Okafor,Introduction to Computer Science,CSC101,1,"Teaching materials are riddled with typos, errors, and missing pages. and Complicates straightforward concepts unnecessarily.",negative,"[[""Use of Teaching Materials"", ""negative""], [""Teaching Clarity"", ""negative""]]",synthetic
1586,Dr. Pomele,Machine Learning & Neural Nets,CSC408,2,"Hostile classroom environment where students fear participating.. Also, Session timing was generally maintained. although Unavailable to provide guidance on term papers and projects.",negative,"[[""Student Interaction"", ""negative""], [""Lecturer Punctuality"", ""neutral""], [""Availability"", ""negative""]]",synthetic
1587,Dr. Okafor,Cloud Computing Architectures,CSC406,3,Exam difficulty reflected the average level of past papers.,neutral,"[[""Assessment and Grading"", ""neutral""]]",synthetic
1588,Dr. Faith,Data Science & Big Data,CSC412,3,Assessments adhered to standard departmental grading scales. Communication was limited to official notice boards and portals. Office hours are kept when requested in advance.,neutral,"[[""Assessment and Grading"", ""neutral""], [""Communication"", ""neutral""], [""Availability"", ""neutral""]]",synthetic
1589,Dr. Faith,Cloud Computing Architectures,CSC406,5,"Breaks down difficult topics into digestible steps., on the other hand, Class announcements were relayed through the class representative.",positive,"[[""Teaching Clarity"", ""positive""], [""Communication"", ""neutral""]]",synthetic
1590,Dr. Pomele,Operating Systems Principles,CSC304,1,"Frequently cancels lectures without giving prior notice., yet Standard course notices were shared periodically.",negative,"[[""Lecturer Punctuality"", ""negative""], [""Communication"", ""neutral""]]",synthetic
1591,Prof. Martins,Data Structures and Algorithms,CSC201,4,"Keeps students well informed about assignment changes and events.. Furthermore, Exemplary punctuality and regular attendance all semester., on the other hand, Listens attentively to student viewpoints and questions.",positive,"[[""Communication"", ""positive""], [""Lecturer Punctuality"", ""positive""], [""Student Interaction"", ""positive""]]",synthetic
1592,Prof. Martins,Database Design & Management,CSC302,2,Recommended textbooks are available in the university library. Lecturer arrives roughly on time for most scheduled classes.,neutral,"[[""Use of Teaching Materials"", ""neutral""], [""Lecturer Punctuality"", ""neutral""]]",synthetic
1593,Prof. Martins,Special Computing,CSC410,2,"The course is poorly organized with no clear syllabus.. Furthermore, Announcements are confusing, contradictory, and last-minute.",negative,"[[""Course Organisation"", ""negative""], [""Communication"", ""negative""]]",synthetic
1594,Prof. Martins,Introduction to Computer Science,CSC101,4,"Every lecture explanation is logical and clear.. Additionally, Continuous assessments directly test what was taught in class., though The timetable and course pace are managed impeccably.",positive,"[[""Teaching Clarity"", ""positive""], [""Assessment and Grading"", ""positive""], [""Course Organisation"", ""positive""]]",synthetic
1595,Dr. Faith,Machine Learning & Neural Nets,CSC408,3,Exam difficulty reflected the average level of past papers. The syllabus pacing was fairly typical of university modules.,neutral,"[[""Assessment and Grading"", ""neutral""], [""Course Organisation"", ""neutral""]]",synthetic
1596,Prof. Balogun,Introduction to Computer Science,CSC101,5,"Office doors are always open for academic guidance.. Additionally, Exams were well-balanced and marked with complete fairness.",positive,"[[""Availability"", ""positive""], [""Assessment and Grading"", ""positive""]]",synthetic
1597,Dr. Chukwu,Cloud Computing Architectures,CSC406,4,"Uses practical analogies that simplify technical concepts.; moreover, Office doors are always open for academic guidance.",positive,"[[""Teaching Clarity"", ""positive""], [""Availability"", ""positive""]]",synthetic
1598,Dr. (Mrs) Adeleke,Cloud Computing Architectures,CSC406,5,"Uses modern multimedia, projectors, and code examples effectively. and Makes abstract ideas very easy to understand.",positive,"[[""Use of Teaching Materials"", ""positive""], [""Teaching Clarity"", ""positive""]]",synthetic
1599,Dr. (Mrs) Adeleke,Introduction to Computer Science,CSC101,4,"Shares lecture notes well ahead of time on the student portal.. Also, Communication was limited to official notice boards and portals., yet The explanations are standard and neither exciting nor unclear.",positive,"[[""Use of Teaching Materials"", ""positive""], [""Communication"", ""neutral""], [""Teaching Clarity"", ""neutral""]]",synthetic
1600,Prof. Martins,Introduction to Computer Science,CSC101,4,Brilliant teaching clarity; makes challenging algorithms look simple.,positive,"[[""Teaching Clarity"", ""positive""]]",synthetic
